{
	"credit": "designed by hypixel minecraft server with bdcraft cubik pro 0.90 beta - http://bdcraft.net",
	"textures": {
		"particle": "blocks/blacksoldierhelm",
		"texture": "blocks/blacksoldierhelm"
	},
	"elements": [
		{
			"from": [5, 0, 12],
			"to": [11, 1, 15],
			"faces": {
				"north": {"uv": [3.5, 9, 4, 9.5], "texture": "#texture"},
				"east": {"uv": [4, 9, 3.5, 9.5], "texture": "#texture"},
				"south": {"uv": [3.5, 9.5, 4, 9], "texture": "#texture"},
				"west": {"uv": [3.5, 9, 4, 9.5], "texture": "#texture"},
				"up": {"uv": [3.5, 9, 4, 9.5], "texture": "#texture"},
				"down": {"uv": [3.5, 9.5, 4, 9], "texture": "#texture", "cullface": "down"}
			}
		},
		{
			"from": [3, 1, 8],
			"to": [13, 2, 10],
			"faces": {
				"north": {"uv": [3.5, 9, 4, 9.5], "texture": "#texture"},
				"east": {"uv": [4, 9, 3.5, 9.5], "texture": "#texture"},
				"south": {"uv": [3.5, 9.5, 4, 9], "texture": "#texture"},
				"west": {"uv": [3.5, 9, 4, 9.5], "texture": "#texture"},
				"up": {"uv": [3.5, 9, 4, 9.5], "texture": "#texture"},
				"down": {"uv": [3.5, 9.5, 4, 9], "texture": "#texture"}
			}
		},
		{
			"from": [4, 1, 10],
			"to": [12, 2, 12],
			"faces": {
				"east": {"uv": [4, 9, 3.5, 9.5], "texture": "#texture"},
				"west": {"uv": [3.5, 9, 4, 9.5], "texture": "#texture"},
				"down": {"uv": [3.5, 9.5, 4, 9], "texture": "#texture"}
			}
		},
		{
			"from": [5, 1, 14],
			"to": [11, 2, 15],
			"faces": {
				"east": {"uv": [3, 8, 2.5, 8.5], "texture": "#texture"},
				"south": {"uv": [2.5, 8.5, 3, 8], "texture": "#texture"},
				"west": {"uv": [2.5, 8, 3, 8.5], "texture": "#texture"}
			}
		},
		{
			"from": [3, 3, 9],
			"to": [13, 4, 13],
			"faces": {
				"north": {"uv": [2.5, 8, 3, 8.5], "texture": "#texture"},
				"east": {"uv": [3, 8, 2.5, 8.5], "texture": "#texture"},
				"south": {"uv": [2.5, 8.5, 3, 8], "texture": "#texture"},
				"west": {"uv": [2.5, 8, 3, 8.5], "texture": "#texture"},
				"up": {"uv": [2.5, 8, 3, 8.5], "texture": "#texture"},
				"down": {"uv": [2.5, 8.5, 3, 8], "texture": "#texture"}
			}
		},
		{
			"from": [4, 2, 12],
			"to": [12, 3, 15],
			"faces": {
				"east": {"uv": [3, 8, 2.5, 8.5], "texture": "#texture"},
				"south": {"uv": [2.5, 8.5, 3, 8], "texture": "#texture"},
				"west": {"uv": [2.5, 8, 3, 8.5], "texture": "#texture"},
				"up": {"uv": [2.5, 8, 3, 8.5], "texture": "#texture"},
				"down": {"uv": [2.5, 8.5, 3, 8], "texture": "#texture"}
			}
		},
		{
			"from": [5, 2, 15],
			"to": [6, 3, 16],
			"faces": {
				"south": {"uv": [2.5, 8.5, 3, 8], "texture": "#texture", "cullface": "south"},
				"west": {"uv": [2.5, 8, 3, 8.5], "texture": "#texture"},
				"down": {"uv": [2.5, 8.5, 3, 8], "texture": "#texture"}
			}
		},
		{
			"from": [4, 1, 12],
			"to": [12, 2, 14],
			"faces": {
				"east": {"uv": [3, 8, 2.5, 8.5], "texture": "#texture"},
				"south": {"uv": [2.5, 8.5, 3, 8], "texture": "#texture"},
				"west": {"uv": [2.5, 8, 3, 8.5], "texture": "#texture"},
				"down": {"uv": [2.5, 8.5, 3, 8], "texture": "#texture"}
			}
		},
		{
			"from": [2, 2, 7],
			"to": [14, 3, 9],
			"faces": {
				"east": {"uv": [4, 9, 3.5, 9.5], "texture": "#texture"},
				"west": {"uv": [3.5, 9, 4, 9.5], "texture": "#texture"},
				"up": {"uv": [3.5, 9, 4, 9.5], "texture": "#texture"},
				"down": {"uv": [3.5, 9.5, 4, 9], "texture": "#texture"}
			}
		},
		{
			"from": [1, 2, 4],
			"to": [15, 3, 7],
			"faces": {
				"north": {"uv": [3.5, 9, 4, 9.5], "texture": "#texture"},
				"east": {"uv": [4, 9, 3.5, 9.5], "texture": "#texture"},
				"south": {"uv": [3.5, 9.5, 4, 9], "texture": "#texture"},
				"west": {"uv": [3.5, 9, 4, 9.5], "texture": "#texture"},
				"down": {"uv": [3.5, 9.5, 4, 9], "texture": "#texture"}
			}
		},
		{
			"from": [10, 2, 15],
			"to": [11, 3, 16],
			"faces": {
				"east": {"uv": [3, 8, 2.5, 8.5], "texture": "#texture"},
				"south": {"uv": [2.5, 8.5, 3, 8], "texture": "#texture", "cullface": "south"},
				"down": {"uv": [2.5, 8.5, 3, 8], "texture": "#texture"}
			}
		},
		{
			"from": [6, 0, 15],
			"to": [10, 3, 16],
			"faces": {
				"north": {"uv": [4, 8, 6, 9.5], "texture": "#texture"},
				"east": {"uv": [4, 8, 4.5, 9.5], "texture": "#texture"},
				"south": {"uv": [4, 8, 6, 9.5], "texture": "#texture", "cullface": "south"},
				"west": {"uv": [4, 8, 4.5, 9.5], "texture": "#texture"},
				"down": {"uv": [4, 9, 6, 9.5], "texture": "#texture", "cullface": "down"}
			}
		},
		{
			"from": [4, 3, 13],
			"to": [12, 4, 15],
			"faces": {
				"east": {"uv": [5, 8, 4.5, 8.5], "texture": "#texture"},
				"south": {"uv": [4.5, 8.5, 5, 8], "texture": "#texture"},
				"west": {"uv": [4.5, 8, 5, 8.5], "texture": "#texture"},
				"up": {"uv": [4.5, 8, 5, 8.5], "texture": "#texture"}
			}
		},
		{
			"from": [1, 3, 8],
			"to": [15, 4, 10],
			"faces": {
				"east": {"uv": [3, 8, 2.5, 8.5], "texture": "#texture"},
				"south": {"uv": [2.5, 8.5, 3, 8], "texture": "#texture"},
				"west": {"uv": [2.5, 8, 3, 8.5], "texture": "#texture"},
				"up": {"uv": [2.5, 8, 3, 8.5], "texture": "#texture"},
				"down": {"uv": [2.5, 8.5, 3, 8], "texture": "#texture"}
			}
		},
		{
			"from": [3, 2, 9],
			"to": [13, 3, 12],
			"faces": {
				"east": {"uv": [3, 8, 2.5, 8.5], "texture": "#texture"},
				"south": {"uv": [2.5, 8.5, 3, 8], "texture": "#texture"},
				"west": {"uv": [2.5, 8, 3, 8.5], "texture": "#texture"},
				"down": {"uv": [2.5, 8.5, 3, 8], "texture": "#texture"}
			}
		},
		{
			"from": [0, 3, 4],
			"to": [16, 4, 8],
			"faces": {
				"east": {"uv": [4, 9, 3.5, 9.5], "texture": "#texture", "cullface": "east"},
				"south": {"uv": [3.5, 9.5, 4, 9], "texture": "#texture"},
				"west": {"uv": [3.5, 9, 4, 9.5], "texture": "#texture", "cullface": "west"},
				"up": {"uv": [3.5, 9, 4, 9.5], "texture": "#texture"},
				"down": {"uv": [3.5, 9.5, 4, 9], "texture": "#texture"}
			}
		},
		{
			"from": [2, 3, 10],
			"to": [14, 4, 12],
			"faces": {
				"east": {"uv": [3, 8, 2.5, 8.5], "texture": "#texture"},
				"south": {"uv": [2.5, 8.5, 3, 8], "texture": "#texture"},
				"west": {"uv": [2.5, 8, 3, 8.5], "texture": "#texture"},
				"up": {"uv": [2.5, 8, 3, 8.5], "texture": "#texture"},
				"down": {"uv": [2.5, 8.5, 3, 8], "texture": "#texture"}
			}
		},
		{
			"from": [-1, 3, 0],
			"to": [17, 4, 4],
			"faces": {
				"north": {"uv": [3.5, 9, 4, 9.5], "texture": "#texture", "cullface": "north"},
				"east": {"uv": [4, 9, 3.5, 9.5], "texture": "#texture"},
				"south": {"uv": [3.5, 9.5, 4, 9], "texture": "#texture"},
				"west": {"uv": [3.5, 9, 4, 9.5], "texture": "#texture"},
				"down": {"uv": [3.5, 9.5, 4, 9], "texture": "#texture"}
			}
		},
		{
			"from": [0, 3, -2],
			"to": [16, 4, 0],
			"faces": {
				"north": {"uv": [3.5, 9, 4, 9.5], "texture": "#texture", "cullface": "north"},
				"east": {"uv": [4, 9, 3.5, 9.5], "texture": "#texture", "cullface": "north"},
				"west": {"uv": [3.5, 9, 4, 9.5], "texture": "#texture", "cullface": "north"},
				"up": {"uv": [3.5, 9, 4, 9.5], "texture": "#texture", "cullface": "north"},
				"down": {"uv": [3.5, 9.5, 4, 9], "texture": "#texture", "cullface": "north"}
			}
		},
		{
			"from": [1, 3, -3],
			"to": [15, 4, -2],
			"faces": {
				"north": {"uv": [3.5, 9, 4, 9.5], "texture": "#texture", "cullface": "north"},
				"east": {"uv": [4, 9, 3.5, 9.5], "texture": "#texture", "cullface": "north"},
				"west": {"uv": [3.5, 9, 4, 9.5], "texture": "#texture", "cullface": "north"},
				"down": {"uv": [3.5, 9.5, 4, 9], "texture": "#texture", "cullface": "north"}
			}
		},
		{
			"from": [4, 3, -4],
			"to": [12, 4, -3],
			"faces": {
				"north": {"uv": [3.5, 9, 4, 9.5], "texture": "#texture", "cullface": "north"},
				"east": {"uv": [4, 9, 3.5, 9.5], "texture": "#texture", "cullface": "north"},
				"west": {"uv": [3.5, 9, 4, 9.5], "texture": "#texture", "cullface": "north"},
				"down": {"uv": [3.5, 9.5, 4, 9], "texture": "#texture", "cullface": "north"}
			}
		},
		{
			"from": [-2, 4, 2],
			"to": [18, 5, 4],
			"faces": {
				"north": {"uv": [3.5, 9, 4, 9.5], "texture": "#texture"},
				"east": {"uv": [4, 9, 3.5, 9.5], "texture": "#texture"},
				"south": {"uv": [3.5, 9.5, 4, 9], "texture": "#texture"},
				"west": {"uv": [3.5, 9, 4, 9.5], "texture": "#texture"},
				"down": {"uv": [3.5, 9.5, 4, 9], "texture": "#texture"}
			}
		},
		{
			"from": [-1, 4, -1],
			"to": [17, 5, 6],
			"faces": {
				"north": {"uv": [3.5, 9, 4, 9.5], "texture": "#texture", "cullface": "north"},
				"east": {"uv": [4, 9, 3.5, 9.5], "texture": "#texture", "cullface": "north"},
				"south": {"uv": [3.5, 9.5, 4, 9], "texture": "#texture", "cullface": "north"},
				"west": {"uv": [3.5, 9, 4, 9.5], "texture": "#texture", "cullface": "north"},
				"down": {"uv": [3.5, 9.5, 4, 9], "texture": "#texture", "cullface": "north"}
			}
		},
		{
			"from": [0, 4, 6],
			"to": [16, 5, 7],
			"faces": {
				"east": {"uv": [4, 9, 3.5, 9.5], "texture": "#texture", "cullface": "east"},
				"west": {"uv": [3.5, 9, 4, 9.5], "texture": "#texture", "cullface": "west"}
			}
		},
		{
			"from": [0, 4, -3],
			"to": [16, 5, -1],
			"faces": {
				"north": {"uv": [3.5, 9, 4, 9.5], "texture": "#texture", "cullface": "north"},
				"east": {"uv": [4, 9, 3.5, 9.5], "texture": "#texture", "cullface": "north"},
				"west": {"uv": [3.5, 9, 4, 9.5], "texture": "#texture", "cullface": "north"},
				"up": {"uv": [3.5, 9, 4, 9.5], "texture": "#texture", "cullface": "north"},
				"down": {"uv": [3.5, 9.5, 4, 9], "texture": "#texture", "cullface": "north"}
			}
		},
		{
			"from": [2, 4, -4],
			"to": [14, 5, -3],
			"faces": {
				"north": {"uv": [3.5, 9, 4, 9.5], "texture": "#texture", "cullface": "north"},
				"east": {"uv": [4, 9, 3.5, 9.5], "texture": "#texture", "cullface": "north"},
				"west": {"uv": [3.5, 9, 4, 9.5], "texture": "#texture", "cullface": "north"},
				"down": {"uv": [3.5, 9.5, 4, 9], "texture": "#texture", "cullface": "north"}
			}
		},
		{
			"from": [6, 4, -5],
			"to": [10, 5, -4],
			"faces": {
				"north": {"uv": [3.5, 9, 4, 9.5], "texture": "#texture", "cullface": "north"},
				"east": {"uv": [4, 9, 3.5, 9.5], "texture": "#texture", "cullface": "north"},
				"west": {"uv": [3.5, 9, 4, 9.5], "texture": "#texture", "cullface": "north"},
				"down": {"uv": [3.5, 9.5, 4, 9], "texture": "#texture", "cullface": "north"}
			}
		},
		{
			"from": [5, 3, 15],
			"to": [11, 4, 16],
			"faces": {
				"east": {"uv": [6.5, 7.5, 6, 8], "texture": "#texture"},
				"south": {"uv": [3.5, 7.5, 6.5, 8], "texture": "#texture", "cullface": "south"},
				"west": {"uv": [3.5, 7.5, 4, 8], "texture": "#texture"},
				"up": {"uv": [3.5, 7.5, 6.5, 8], "texture": "#texture"},
				"down": {"uv": [3.5, 7.5, 6.5, 8], "texture": "#texture"}
			}
		},
		{
			"from": [0, 4, 7],
			"to": [16, 5, 9],
			"faces": {
				"east": {"uv": [3, 8, 2.5, 8.5], "texture": "#texture", "cullface": "east"},
				"south": {"uv": [2.5, 8.5, 3, 8], "texture": "#texture"},
				"west": {"uv": [2.5, 8, 3, 8.5], "texture": "#texture", "cullface": "west"},
				"down": {"uv": [2.5, 8.5, 3, 8], "texture": "#texture"}
			}
		},
		{
			"from": [1, 4, 9],
			"to": [15, 5, 11],
			"faces": {
				"east": {"uv": [3, 8, 2.5, 8.5], "texture": "#texture"},
				"south": {"uv": [2.5, 8.5, 3, 8], "texture": "#texture"},
				"west": {"uv": [2.5, 8, 3, 8.5], "texture": "#texture"},
				"up": {"uv": [2.5, 8, 3, 8.5], "texture": "#texture"},
				"down": {"uv": [2.5, 8.5, 3, 8], "texture": "#texture"}
			}
		},
		{
			"from": [2, 4, 11],
			"to": [14, 5, 13],
			"faces": {
				"east": {"uv": [2, 7, 2.5, 7.5], "texture": "#texture"},
				"south": {"uv": [2, 7, 8, 7.5], "texture": "#texture"},
				"west": {"uv": [2, 7, 2.5, 7.5], "texture": "#texture"},
				"up": {"uv": [2, 7, 8, 7.5], "texture": "#texture"},
				"down": {"uv": [2, 7, 8, 7.5], "texture": "#texture"}
			}
		},
		{
			"from": [1, 5, 10],
			"to": [15, 6, 11],
			"faces": {
				"east": {"uv": [1.5, 6.5, 2, 7], "texture": "#texture"},
				"south": {"uv": [1.5, 6.5, 8.5, 7], "texture": "#texture"},
				"west": {"uv": [1.5, 6.5, 2, 7], "texture": "#texture"}
			}
		},
		{
			"from": [0, 5, 7],
			"to": [16, 6, 10],
			"faces": {
				"east": {"uv": [3, 8, 2.5, 8.5], "texture": "#texture", "cullface": "east"},
				"south": {"uv": [2.5, 8.5, 3, 8], "texture": "#texture"},
				"west": {"uv": [2.5, 8, 3, 8.5], "texture": "#texture", "cullface": "west"},
				"up": {"uv": [2.5, 8, 3, 8.5], "texture": "#texture"},
				"down": {"uv": [2.5, 8.5, 3, 8], "texture": "#texture"}
			}
		},
		{
			"from": [-1, 5, 6],
			"to": [17, 6, 7],
			"faces": {
				"east": {"uv": [3, 8, 2.5, 8.5], "texture": "#texture"},
				"south": {"uv": [2.5, 8.5, 3, 8], "texture": "#texture"},
				"west": {"uv": [2.5, 8, 3, 8.5], "texture": "#texture"},
				"down": {"uv": [2.5, 8.5, 3, 8], "texture": "#texture"}
			}
		},
		{
			"from": [-1, 5, -2],
			"to": [17, 6, 6],
			"faces": {
				"north": {"uv": [3.5, 9, 4, 9.5], "texture": "#texture", "cullface": "north"},
				"east": {"uv": [4, 9, 3.5, 9.5], "texture": "#texture", "cullface": "north"},
				"west": {"uv": [3.5, 9, 4, 9.5], "texture": "#texture", "cullface": "north"},
				"up": {"uv": [3.5, 9, 4, 9.5], "texture": "#texture", "cullface": "north"},
				"down": {"uv": [3.5, 9.5, 4, 9], "texture": "#texture", "cullface": "north"}
			}
		},
		{
			"from": [-2, 5, 1],
			"to": [18, 6, 5],
			"faces": {
				"north": {"uv": [3.5, 9, 4, 9.5], "texture": "#texture"},
				"east": {"uv": [4, 9, 3.5, 9.5], "texture": "#texture"},
				"south": {"uv": [3.5, 9.5, 4, 9], "texture": "#texture"},
				"west": {"uv": [3.5, 9, 4, 9.5], "texture": "#texture"},
				"down": {"uv": [3.5, 9.5, 4, 9], "texture": "#texture"}
			}
		},
		{
			"from": [0, 5, -3],
			"to": [16, 6, -2],
			"faces": {
				"north": {"uv": [3.5, 9, 4, 9.5], "texture": "#texture", "cullface": "north"},
				"east": {"uv": [4, 9, 3.5, 9.5], "texture": "#texture", "cullface": "north"},
				"west": {"uv": [3.5, 9, 4, 9.5], "texture": "#texture", "cullface": "north"}
			}
		},
		{
			"from": [3, 5, -5],
			"to": [13, 6, -4],
			"faces": {
				"north": {"uv": [3.5, 9, 4, 9.5], "texture": "#texture", "cullface": "north"},
				"east": {"uv": [4, 9, 3.5, 9.5], "texture": "#texture", "cullface": "north"},
				"west": {"uv": [3.5, 9, 4, 9.5], "texture": "#texture", "cullface": "north"},
				"down": {"uv": [3.5, 9.5, 4, 9], "texture": "#texture", "cullface": "north"}
			}
		},
		{
			"from": [7, 5, -6],
			"to": [9, 6, -5],
			"faces": {
				"north": {"uv": [3.5, 9, 4, 9.5], "texture": "#texture", "cullface": "north"},
				"east": {"uv": [4, 9, 3.5, 9.5], "texture": "#texture", "cullface": "north"},
				"west": {"uv": [3.5, 9, 4, 9.5], "texture": "#texture", "cullface": "north"},
				"down": {"uv": [3.5, 9.5, 4, 9], "texture": "#texture", "cullface": "north"}
			}
		},
		{
			"from": [5, 6, -6],
			"to": [11, 7, -5],
			"faces": {
				"north": {"uv": [3.5, 9, 4, 9.5], "texture": "#texture", "cullface": "north"},
				"east": {"uv": [4, 9, 3.5, 9.5], "texture": "#texture", "cullface": "north"},
				"west": {"uv": [3.5, 9, 4, 9.5], "texture": "#texture", "cullface": "north"},
				"down": {"uv": [3.5, 9.5, 4, 9], "texture": "#texture", "cullface": "north"}
			}
		},
		{
			"from": [1, 5, -4],
			"to": [15, 6, -3],
			"faces": {
				"north": {"uv": [3.5, 9, 4, 9.5], "texture": "#texture", "cullface": "north"},
				"east": {"uv": [4, 9, 3.5, 9.5], "texture": "#texture", "cullface": "north"},
				"west": {"uv": [3.5, 9, 4, 9.5], "texture": "#texture", "cullface": "north"},
				"down": {"uv": [3.5, 9.5, 4, 9], "texture": "#texture", "cullface": "north"}
			}
		},
		{
			"from": [0, 6, 8],
			"to": [16, 7, 10],
			"faces": {
				"east": {"uv": [14.5, 7, 13.5, 7.5], "texture": "#texture", "cullface": "east"},
				"south": {"uv": [1, 6, 9, 6.5], "texture": "#texture"},
				"west": {"uv": [13.5, 7, 14.5, 7.5], "texture": "#texture", "cullface": "west"}
			}
		},
		{
			"from": [-1, 6, 6],
			"to": [17, 7, 8],
			"faces": {
				"east": {"uv": [3, 8, 2.5, 8.5], "texture": "#texture"},
				"south": {"uv": [2.5, 8.5, 3, 8], "texture": "#texture"},
				"west": {"uv": [2.5, 8, 3, 8.5], "texture": "#texture"},
				"up": {"uv": [2.5, 8, 3, 8.5], "texture": "#texture"},
				"down": {"uv": [2.5, 8.5, 3, 8], "texture": "#texture"}
			}
		},
		{
			"from": [-2, 6, 5],
			"to": [18, 9, 6],
			"faces": {
				"north": {"uv": [2.5, 8, 3, 8.5], "texture": "#texture"},
				"east": {"uv": [3, 8, 2.5, 8.5], "texture": "#texture"},
				"south": {"uv": [2.5, 8.5, 3, 8], "texture": "#texture"},
				"west": {"uv": [2.5, 8, 3, 8.5], "texture": "#texture"},
				"down": {"uv": [2.5, 8.5, 3, 8], "texture": "#texture"}
			}
		},
		{
			"from": [-2, 6, 0],
			"to": [18, 7, 5],
			"faces": {
				"north": {"uv": [3.5, 9, 4, 9.5], "texture": "#texture", "cullface": "north"},
				"east": {"uv": [4, 9, 3.5, 9.5], "texture": "#texture"},
				"west": {"uv": [3.5, 9, 4, 9.5], "texture": "#texture"},
				"up": {"uv": [3.5, 9, 4, 9.5], "texture": "#texture"},
				"down": {"uv": [3.5, 9.5, 4, 9], "texture": "#texture"}
			}
		},
		{
			"from": [-1, 6, -3],
			"to": [17, 7, -2],
			"faces": {
				"north": {"uv": [3.5, 8.5, 4, 9], "texture": "#texture", "cullface": "north"},
				"east": {"uv": [4, 8.5, 3.5, 9], "texture": "#texture", "cullface": "north"},
				"west": {"uv": [3.5, 8.5, 4, 9], "texture": "#texture", "cullface": "north"},
				"down": {"uv": [3.5, 9, 4, 8.5], "texture": "#texture", "cullface": "north"}
			}
		},
		{
			"from": [0, 6, -4],
			"to": [16, 7, -3],
			"faces": {
				"north": {"uv": [3.5, 8.5, 4, 9], "texture": "#texture", "cullface": "north"},
				"east": {"uv": [4, 8.5, 3.5, 9], "texture": "#texture", "cullface": "north"},
				"west": {"uv": [3.5, 8.5, 4, 9], "texture": "#texture", "cullface": "north"},
				"down": {"uv": [3.5, 9, 4, 8.5], "texture": "#texture", "cullface": "north"}
			}
		},
		{
			"from": [1, 6, -5],
			"to": [15, 7, -4],
			"faces": {
				"north": {"uv": [2.5, 7.5, 3, 8], "texture": "#texture", "cullface": "north"},
				"east": {"uv": [3, 7.5, 2.5, 8], "texture": "#texture", "cullface": "north"},
				"west": {"uv": [2.5, 7.5, 3, 8], "texture": "#texture", "cullface": "north"},
				"down": {"uv": [2.5, 8, 3, 7.5], "texture": "#texture", "cullface": "north"}
			}
		},
		{
			"from": [3, 7, -6],
			"to": [13, 8, -5],
			"faces": {
				"north": {"uv": [3.5, 9, 4, 9.5], "texture": "#texture", "cullface": "north"},
				"east": {"uv": [4, 9, 3.5, 9.5], "texture": "#texture", "cullface": "north"},
				"west": {"uv": [3.5, 9, 4, 9.5], "texture": "#texture", "cullface": "north"},
				"down": {"uv": [3.5, 9.5, 4, 9], "texture": "#texture", "cullface": "north"}
			}
		},
		{
			"from": [-2, 7, 4],
			"to": [18, 10, 5],
			"faces": {
				"east": {"uv": [3, 8, 2.5, 8.5], "texture": "#texture"},
				"south": {"uv": [2.5, 8.5, 3, 8], "texture": "#texture"},
				"west": {"uv": [2.5, 8, 3, 8.5], "texture": "#texture"}
			}
		},
		{
			"from": [0, 7, 7],
			"to": [16, 8, 8],
			"faces": {
				"east": {"uv": [1, 5.5, 1.5, 6], "texture": "#texture", "cullface": "east"},
				"west": {"uv": [1, 5.5, 1.5, 6], "texture": "#texture", "cullface": "west"}
			}
		},
		{
			"from": [-2, 7, 6],
			"to": [18, 8, 7],
			"faces": {
				"east": {"uv": [3, 8, 2.5, 8.5], "texture": "#texture"},
				"south": {"uv": [2.5, 8.5, 3, 8], "texture": "#texture"},
				"west": {"uv": [2.5, 8, 3, 8.5], "texture": "#texture"},
				"up": {"uv": [2.5, 8, 3, 8.5], "texture": "#texture"},
				"down": {"uv": [2.5, 8.5, 3, 8], "texture": "#texture"}
			}
		},
		{
			"from": [-1, 8, 6],
			"to": [17, 11, 7],
			"faces": {
				"north": {"uv": [0.5, 4, 9.5, 5.5], "texture": "#texture"},
				"east": {"uv": [0.5, 4, 1, 5.5], "texture": "#texture"},
				"south": {"uv": [0.5, 4, 9.5, 5.5], "texture": "#texture"},
				"west": {"uv": [0.5, 4, 1, 5.5], "texture": "#texture"}
			}
		},
		{
			"from": [-2, 9, 5],
			"to": [18, 11, 6],
			"faces": {
				"north": {"uv": [3.5, 9, 4, 9.5], "texture": "#texture"},
				"east": {"uv": [4, 9, 3.5, 9.5], "texture": "#texture"},
				"south": {"uv": [3.5, 9.5, 4, 9], "texture": "#texture"},
				"west": {"uv": [3.5, 9, 4, 9.5], "texture": "#texture"}
			}
		},
		{
			"from": [-2, 7, -1],
			"to": [18, 10, 4],
			"faces": {
				"north": {"uv": [3.5, 9, 4, 9.5], "texture": "#texture", "cullface": "north"},
				"east": {"uv": [4, 9, 3.5, 9.5], "texture": "#texture", "cullface": "north"},
				"west": {"uv": [3.5, 9, 4, 9.5], "texture": "#texture", "cullface": "north"},
				"down": {"uv": [3.5, 9.5, 4, 9], "texture": "#texture", "cullface": "north"}
			}
		},
		{
			"from": [-1, 6, -2],
			"to": [17, 7, 0],
			"faces": {
				"east": {"uv": [4, 8.5, 3.5, 9], "texture": "#texture", "cullface": "north"},
				"west": {"uv": [3.5, 8.5, 4, 9], "texture": "#texture", "cullface": "north"},
				"up": {"uv": [3.5, 8.5, 4, 9], "texture": "#texture", "cullface": "north"}
			}
		},
		{
			"from": [-1, 7, -3],
			"to": [17, 8, -1],
			"faces": {
				"north": {"uv": [3.5, 8.5, 4, 9], "texture": "#texture", "cullface": "north"},
				"east": {"uv": [4, 8.5, 3.5, 9], "texture": "#texture", "cullface": "north"},
				"west": {"uv": [3.5, 8.5, 4, 9], "texture": "#texture", "cullface": "north"},
				"down": {"uv": [3.5, 9, 4, 8.5], "texture": "#texture", "cullface": "north"}
			}
		},
		{
			"from": [0, 7, -4],
			"to": [16, 8, -3],
			"faces": {
				"east": {"uv": [4, 8.5, 3.5, 9], "texture": "#texture", "cullface": "north"},
				"west": {"uv": [3.5, 8.5, 4, 9], "texture": "#texture", "cullface": "north"}
			}
		},
		{
			"from": [0, 7, -5],
			"to": [16, 8, -4],
			"faces": {
				"north": {"uv": [3.5, 8.5, 4, 9], "texture": "#texture", "cullface": "north"},
				"east": {"uv": [4, 8.5, 3.5, 9], "texture": "#texture", "cullface": "north"},
				"west": {"uv": [3.5, 8.5, 4, 9], "texture": "#texture", "cullface": "north"},
				"down": {"uv": [3.5, 9, 4, 8.5], "texture": "#texture", "cullface": "north"}
			}
		},
		{
			"from": [0, 8, -5],
			"to": [16, 9, -4],
			"faces": {
				"north": {"uv": [3.5, 8.5, 4, 9], "texture": "#texture", "cullface": "north"},
				"east": {"uv": [4, 8.5, 3.5, 9], "texture": "#texture", "cullface": "north"},
				"west": {"uv": [3.5, 8.5, 4, 9], "texture": "#texture", "cullface": "north"}
			}
		},
		{
			"from": [2, 8, -6],
			"to": [14, 9, -5],
			"faces": {
				"north": {"uv": [3.5, 9, 4, 9.5], "texture": "#texture", "cullface": "north"},
				"east": {"uv": [4, 9, 3.5, 9.5], "texture": "#texture", "cullface": "north"},
				"west": {"uv": [3.5, 9, 4, 9.5], "texture": "#texture", "cullface": "north"},
				"down": {"uv": [3.5, 9.5, 4, 9], "texture": "#texture", "cullface": "north"}
			}
		},
		{
			"from": [-1, 8, -4],
			"to": [17, 10, -1],
			"faces": {
				"north": {"uv": [5.5, 14, 6, 15], "texture": "#texture", "cullface": "north"},
				"east": {"uv": [7, 14, 5.5, 15], "texture": "#texture", "cullface": "north"},
				"west": {"uv": [5.5, 14, 7, 15], "texture": "#texture", "cullface": "north"},
				"up": {"uv": [3.5, 9, 4, 9.5], "texture": "#texture", "cullface": "north"},
				"down": {"uv": [5.5, 15, 7, 14.5], "rotation": 270, "texture": "#texture", "cullface": "north"}
			}
		},
		{
			"from": [0, 9, -5],
			"to": [16, 11, -3],
			"faces": {
				"north": {"uv": [3.5, 9, 4, 9.5], "texture": "#texture", "cullface": "north"},
				"east": {"uv": [4, 9, 3.5, 9.5], "texture": "#texture", "cullface": "north"},
				"south": {"uv": [3.5, 9.5, 4, 9], "texture": "#texture", "cullface": "north"},
				"west": {"uv": [3.5, 9, 4, 9.5], "texture": "#texture", "cullface": "north"},
				"up": {"uv": [3.5, 9, 4, 9.5], "texture": "#texture", "cullface": "north"},
				"down": {"uv": [3.5, 9.5, 4, 9], "texture": "#texture", "cullface": "north"}
			}
		},
		{
			"from": [1, 9, -6],
			"to": [15, 11, -5],
			"faces": {
				"north": {"uv": [3.5, 9, 4, 9.5], "texture": "#texture", "cullface": "north"},
				"east": {"uv": [4, 9, 3.5, 9.5], "texture": "#texture", "cullface": "north"},
				"west": {"uv": [3.5, 9, 4, 9.5], "texture": "#texture", "cullface": "north"},
				"down": {"uv": [3.5, 9.5, 4, 9], "texture": "#texture", "cullface": "north"}
			}
		},
		{
			"from": [-2, 10, -2],
			"to": [18, 11, 5],
			"faces": {
				"north": {"uv": [3.5, 9, 4, 9.5], "texture": "#texture", "cullface": "north"},
				"east": {"uv": [4, 9, 3.5, 9.5], "texture": "#texture", "cullface": "north"},
				"west": {"uv": [3.5, 9, 4, 9.5], "texture": "#texture", "cullface": "north"},
				"up": {"uv": [3.5, 9, 4, 9.5], "texture": "#texture", "cullface": "north"},
				"down": {"uv": [3.5, 9.5, 4, 9], "texture": "#texture", "cullface": "north"}
			}
		},
		{
			"from": [2, 13, -6],
			"to": [14, 14, -4],
			"faces": {
				"north": {"uv": [2.5, 8, 3, 8.5], "texture": "#texture", "cullface": "north"},
				"east": {"uv": [3, 8, 2.5, 8.5], "texture": "#texture", "cullface": "north"},
				"west": {"uv": [2.5, 8, 3, 8.5], "texture": "#texture", "cullface": "north"},
				"up": {"uv": [2.5, 8, 3, 8.5], "texture": "#texture", "cullface": "north"}
			}
		},
		{
			"from": [1, 11, -6],
			"to": [15, 13, -4],
			"faces": {
				"north": {"uv": [2.5, 8, 3, 8.5], "texture": "#texture", "cullface": "north"},
				"east": {"uv": [3, 8, 2.5, 8.5], "texture": "#texture", "cullface": "north"},
				"west": {"uv": [2.5, 8, 3, 8.5], "texture": "#texture", "cullface": "north"},
				"up": {"uv": [2.5, 8, 3, 8.5], "texture": "#texture", "cullface": "north"},
				"down": {"uv": [2.5, 8.5, 3, 8], "texture": "#texture", "cullface": "north"}
			}
		},
		{
			"from": [-2, 11, -1],
			"to": [18, 14, 7],
			"faces": {
				"north": {"uv": [3.5, 8.5, 4, 9], "texture": "#texture", "cullface": "north"},
				"east": {"uv": [11, 12, 7, 13.5], "texture": "#texture", "cullface": "north"},
				"south": {"uv": [3.5, 9.5, 4, 9], "texture": "#texture", "cullface": "north"},
				"west": {"uv": [7, 12, 11, 13.5], "texture": "#texture", "cullface": "north"},
				"up": {"uv": [7, 12, 11, 12.5], "rotation": 90, "texture": "#texture", "cullface": "north"},
				"down": {"uv": [7, 13.5, 11, 13], "rotation": 270, "texture": "#texture", "cullface": "north"}
			}
		},
		{
			"from": [4, 9, -7],
			"to": [12, 12, -6],
			"faces": {
				"north": {"uv": [3.5, 9, 4, 9.5], "texture": "#texture", "cullface": "north"},
				"east": {"uv": [4, 9, 3.5, 9.5], "texture": "#texture", "cullface": "north"},
				"south": {"uv": [3.5, 9.5, 4, 9], "texture": "#texture", "cullface": "north"},
				"west": {"uv": [3.5, 9, 4, 9.5], "texture": "#texture", "cullface": "north"},
				"up": {"uv": [3.5, 9, 4, 9.5], "texture": "#texture", "cullface": "north"},
				"down": {"uv": [3.5, 9.5, 4, 9], "texture": "#texture", "cullface": "north"}
			}
		},
		{
			"from": [3, 11, -7],
			"to": [13, 13, -6],
			"faces": {
				"north": {"uv": [3.5, 9, 4, 9.5], "texture": "#texture", "cullface": "north"},
				"east": {"uv": [4, 9, 3.5, 9.5], "texture": "#texture", "cullface": "north"},
				"west": {"uv": [3.5, 9, 4, 9.5], "texture": "#texture", "cullface": "north"},
				"up": {"uv": [3.5, 9, 4, 9.5], "texture": "#texture", "cullface": "north"},
				"down": {"uv": [3.5, 9.5, 4, 9], "texture": "#texture", "cullface": "north"}
			}
		},
		{
			"from": [4, 13, -7],
			"to": [6, 14, -6],
			"faces": {
				"north": {"uv": [4.5, 8, 5, 8.5], "texture": "#texture", "cullface": "north"},
				"west": {"uv": [4.5, 8, 5, 8.5], "texture": "#texture", "cullface": "north"},
				"up": {"uv": [4.5, 8, 5, 8.5], "texture": "#texture", "cullface": "north"}
			}
		},
		{
			"from": [3, 14, -6],
			"to": [13, 15, -5],
			"faces": {
				"north": {"uv": [4.5, 8, 5, 8.5], "texture": "#texture", "cullface": "north"},
				"east": {"uv": [5, 8, 4.5, 8.5], "texture": "#texture", "cullface": "north"},
				"west": {"uv": [4.5, 8, 5, 8.5], "texture": "#texture", "cullface": "north"},
				"up": {"uv": [4.5, 8, 5, 8.5], "texture": "#texture", "cullface": "north"}
			}
		},
		{
			"from": [1, 14, -5],
			"to": [15, 15, -4],
			"faces": {
				"north": {"uv": [4.5, 8, 5, 8.5], "texture": "#texture", "cullface": "north"},
				"east": {"uv": [5, 8, 4.5, 8.5], "texture": "#texture", "cullface": "north"},
				"west": {"uv": [4.5, 8, 5, 8.5], "texture": "#texture", "cullface": "north"},
				"up": {"uv": [4.5, 8, 5, 8.5], "texture": "#texture", "cullface": "north"}
			}
		},
		{
			"from": [-2, 14, 0],
			"to": [18, 15, 5],
			"faces": {
				"north": {"uv": [4.5, 8, 5, 8.5], "texture": "#texture", "cullface": "north"},
				"east": {"uv": [5, 8, 4.5, 8.5], "texture": "#texture"},
				"south": {"uv": [4.5, 8.5, 5, 8], "texture": "#texture"},
				"west": {"uv": [4.5, 8, 5, 8.5], "texture": "#texture"},
				"up": {"uv": [4.5, 8, 5, 8.5], "texture": "#texture"}
			}
		},
		{
			"from": [-1, 11, 7],
			"to": [17, 13, 9],
			"faces": {
				"east": {"uv": [3, 8, 2.5, 8.5], "texture": "#texture"},
				"south": {"uv": [2.5, 8.5, 3, 8], "texture": "#texture"},
				"west": {"uv": [2.5, 8, 3, 8.5], "texture": "#texture"},
				"down": {"uv": [2.5, 8.5, 3, 8], "texture": "#texture"}
			}
		},
		{
			"from": [-1, 11, 9],
			"to": [17, 12, 11],
			"faces": {
				"east": {"uv": [3, 8, 2.5, 8.5], "texture": "#texture"},
				"south": {"uv": [2.5, 8.5, 3, 8], "texture": "#texture"},
				"west": {"uv": [2.5, 8, 3, 8.5], "texture": "#texture"},
				"down": {"uv": [2.5, 8.5, 3, 8], "texture": "#texture"}
			}
		},
		{
			"from": [-1, 13, 7],
			"to": [17, 14, 10],
			"faces": {
				"east": {"uv": [12.5, 12, 11, 12.5], "texture": "#texture"},
				"south": {"uv": [4, 8.5, 4.5, 8], "texture": "#texture"},
				"west": {"uv": [11, 12, 12.5, 12.5], "texture": "#texture"},
				"up": {"uv": [11, 12, 12.5, 12.5], "rotation": 90, "texture": "#texture"},
				"down": {"uv": [11, 12, 12.5, 12.5], "rotation": 270, "texture": "#texture"}
			}
		},
		{
			"from": [-1, 12, 9],
			"to": [17, 13, 12],
			"faces": {
				"east": {"uv": [13.5, 12.5, 12, 13], "texture": "#texture"},
				"south": {"uv": [13, 13, 13.5, 12.5], "texture": "#texture"},
				"west": {"uv": [12, 12.5, 13.5, 13], "texture": "#texture"},
				"up": {"uv": [12, 12.5, 13.5, 13], "rotation": 90, "texture": "#texture"},
				"down": {"uv": [12, 12.5, 13.5, 13], "rotation": 270, "texture": "#texture"}
			}
		},
		{
			"from": [0, 11, 11],
			"to": [16, 12, 13],
			"faces": {
				"east": {"uv": [3, 8, 2.5, 8.5], "texture": "#texture", "cullface": "east"},
				"south": {"uv": [2.5, 8.5, 3, 8], "texture": "#texture"},
				"west": {"uv": [2.5, 8, 3, 8.5], "texture": "#texture", "cullface": "west"},
				"up": {"uv": [2.5, 8, 3, 8.5], "texture": "#texture"},
				"down": {"uv": [2.5, 8.5, 3, 8], "texture": "#texture"}
			}
		},
		{
			"from": [0, 14, 7],
			"to": [16, 15, 10],
			"faces": {
				"east": {"uv": [3, 2, 2.5, 2.5], "texture": "#texture", "cullface": "east"},
				"south": {"uv": [2.5, 2.5, 3, 2], "texture": "#texture"},
				"west": {"uv": [2.5, 2, 3, 2.5], "texture": "#texture", "cullface": "west"},
				"up": {"uv": [2.5, 2, 3, 2.5], "texture": "#texture"}
			}
		},
		{
			"from": [0, 13, 10],
			"to": [16, 14, 12],
			"faces": {
				"east": {"uv": [8.5, 2.5, 9, 3], "texture": "#texture", "cullface": "east"},
				"south": {"uv": [1, 2.5, 9, 3], "texture": "#texture"},
				"west": {"uv": [1, 2.5, 1.5, 3], "texture": "#texture", "cullface": "west"},
				"up": {"uv": [1, 2.5, 9, 3], "texture": "#texture"}
			}
		},
		{
			"from": [1, 12, 12],
			"to": [15, 13, 14],
			"faces": {
				"east": {"uv": [3.5, 1.5, 3, 2], "texture": "#texture"},
				"south": {"uv": [3, 2, 3.5, 1.5], "texture": "#texture"},
				"west": {"uv": [3, 1.5, 3.5, 2], "texture": "#texture"},
				"up": {"uv": [3, 1.5, 3.5, 2], "texture": "#texture"},
				"down": {"uv": [3, 2, 3.5, 1.5], "texture": "#texture"}
			}
		},
		{
			"from": [1, 11, 13],
			"to": [15, 12, 15],
			"faces": {
				"east": {"uv": [3, 8, 2.5, 8.5], "texture": "#texture"},
				"south": {"uv": [2.5, 8.5, 3, 8], "texture": "#texture"},
				"west": {"uv": [2.5, 8, 3, 8.5], "texture": "#texture"},
				"up": {"uv": [2.5, 8, 3, 8.5], "texture": "#texture"},
				"down": {"uv": [2.5, 8.5, 3, 8], "texture": "#texture"}
			}
		},
		{
			"from": [1, 14, 10],
			"to": [15, 15, 11],
			"faces": {
				"east": {"uv": [3.5, 2, 3, 2.5], "texture": "#texture"},
				"south": {"uv": [3, 2.5, 3.5, 2], "texture": "#texture"},
				"west": {"uv": [3, 2, 3.5, 2.5], "texture": "#texture"},
				"up": {"uv": [3, 2, 3.5, 2.5], "texture": "#texture"}
			}
		},
		{
			"from": [3, 14, 11],
			"to": [13, 15, 12],
			"faces": {
				"east": {"uv": [3, 2, 2.5, 2.5], "texture": "#texture"},
				"south": {"uv": [2.5, 2.5, 3, 2], "texture": "#texture"},
				"west": {"uv": [2.5, 2, 3, 2.5], "texture": "#texture"},
				"up": {"uv": [2.5, 2, 3, 2.5], "texture": "#texture"}
			}
		},
		{
			"from": [1, 13, 12],
			"to": [15, 14, 13],
			"faces": {
				"east": {"uv": [3.5, 0.5, 3, 1], "texture": "#texture"},
				"south": {"uv": [3, 1, 3.5, 0.5], "texture": "#texture"},
				"west": {"uv": [3, 0.5, 3.5, 1], "texture": "#texture"},
				"up": {"uv": [3, 0.5, 3.5, 1], "texture": "#texture"}
			}
		},
		{
			"from": [4, 13, 13],
			"to": [12, 14, 14],
			"faces": {
				"east": {"uv": [3.5, 0, 3, 0.5], "texture": "#texture"},
				"west": {"uv": [3, 0, 3.5, 0.5], "texture": "#texture"},
				"up": {"uv": [3, 0, 3.5, 0.5], "texture": "#texture"}
			}
		},
		{
			"from": [3, 12, 14],
			"to": [13, 13, 15],
			"faces": {
				"east": {"uv": [2.5, 1.5, 2, 2], "texture": "#texture"},
				"south": {"uv": [2, 2, 2.5, 1.5], "texture": "#texture"},
				"west": {"uv": [2, 1.5, 2.5, 2], "texture": "#texture"},
				"up": {"uv": [2, 1.5, 2.5, 2], "texture": "#texture"}
			}
		},
		{
			"from": [3, 11, 15],
			"to": [13, 12, 16],
			"faces": {
				"east": {"uv": [3, 8, 2.5, 8.5], "texture": "#texture"},
				"south": {"uv": [2.5, 8.5, 3, 8], "texture": "#texture", "cullface": "south"},
				"west": {"uv": [2.5, 8, 3, 8.5], "texture": "#texture"},
				"up": {"uv": [2.5, 8, 3, 8.5], "texture": "#texture"},
				"down": {"uv": [2.5, 8.5, 3, 8], "texture": "#texture"}
			}
		},
		{
			"from": [-1, 14, -2],
			"to": [17, 15, 7],
			"faces": {
				"north": {"uv": [4.5, 8, 5, 8.5], "texture": "#texture", "cullface": "north"},
				"east": {"uv": [5, 8, 4.5, 8.5], "texture": "#texture", "cullface": "north"},
				"south": {"uv": [4.5, 8.5, 5, 8], "texture": "#texture", "cullface": "north"},
				"west": {"uv": [4.5, 8, 5, 8.5], "texture": "#texture", "cullface": "north"},
				"up": {"uv": [4.5, 8, 5, 8.5], "texture": "#texture", "cullface": "north"},
				"down": {"uv": [4.5, 8.5, 5, 8], "texture": "#texture", "cullface": "north"}
			}
		},
		{
			"from": [-1, 10, 7],
			"to": [17, 11, 8],
			"faces": {
				"east": {"uv": [4, 9, 3.5, 9.5], "texture": "#texture"},
				"south": {"uv": [3.5, 9.5, 4, 9], "texture": "#texture"},
				"west": {"uv": [3.5, 9, 4, 9.5], "texture": "#texture"},
				"down": {"uv": [3.5, 9.5, 4, 9], "texture": "#texture"}
			}
		},
		{
			"from": [-2, 15, 0.5],
			"to": [18, 16, 3.5],
			"faces": {
				"north": {"uv": [4.5, 8, 5, 8.5], "texture": "#texture"},
				"east": {"uv": [5, 8, 4.5, 8.5], "texture": "#texture"},
				"south": {"uv": [4.5, 8.5, 5, 8], "texture": "#texture"},
				"west": {"uv": [4.5, 8, 5, 8.5], "texture": "#texture"},
				"up": {"uv": [4.5, 8, 5, 8.5], "texture": "#texture", "cullface": "up"}
			}
		},
		{
			"from": [-1, 15, -1],
			"to": [17, 16, 5],
			"faces": {
				"north": {"uv": [4.5, 8, 5, 8.5], "texture": "#texture", "cullface": "north"},
				"east": {"uv": [5, 8, 4.5, 8.5], "texture": "#texture", "cullface": "north"},
				"south": {"uv": [4.5, 8.5, 5, 8], "texture": "#texture", "cullface": "north"},
				"west": {"uv": [4.5, 8, 5, 8.5], "texture": "#texture", "cullface": "north"},
				"up": {"uv": [4.5, 8, 5, 8.5], "texture": "#texture", "cullface": "north"}
			}
		},
		{
			"from": [2, 15, -5],
			"to": [14, 16, -4],
			"faces": {
				"north": {"uv": [4.5, 8, 5, 8.5], "texture": "#texture", "cullface": "north"},
				"east": {"uv": [5, 8, 4.5, 8.5], "texture": "#texture", "cullface": "north"},
				"west": {"uv": [4.5, 8, 5, 8.5], "texture": "#texture", "cullface": "north"},
				"up": {"uv": [4.5, 8, 5, 8.5], "texture": "#texture", "cullface": "north"}
			}
		},
		{
			"from": [2, 16, -4],
			"to": [14, 17, -3],
			"faces": {
				"north": {"uv": [4.5, 8, 5, 8.5], "texture": "#texture", "cullface": "north"},
				"east": {"uv": [5, 8, 4.5, 8.5], "texture": "#texture", "cullface": "north"},
				"west": {"uv": [4.5, 8, 5, 8.5], "texture": "#texture", "cullface": "north"},
				"up": {"uv": [4.5, 8, 5, 8.5], "texture": "#texture", "cullface": "north"}
			}
		},
		{
			"from": [0, 15, 5],
			"to": [16, 16, 8],
			"faces": {
				"east": {"uv": [3, 1.5, 2.5, 2], "texture": "#texture", "cullface": "east"},
				"south": {"uv": [2.5, 2, 3, 1.5], "texture": "#texture"},
				"west": {"uv": [2.5, 1.5, 3, 2], "texture": "#texture", "cullface": "west"},
				"up": {"uv": [2.5, 1.5, 3, 2], "texture": "#texture", "cullface": "up"},
				"down": {"uv": [2.5, 2, 3, 1.5], "texture": "#texture"}
			}
		},
		{
			"from": [1, 15, 8],
			"to": [15, 16, 10],
			"faces": {
				"east": {"uv": [3.5, 1, 3, 1.5], "texture": "#texture"},
				"south": {"uv": [3, 1.5, 3.5, 1], "texture": "#texture"},
				"west": {"uv": [3, 1, 3.5, 1.5], "texture": "#texture"},
				"up": {"uv": [3, 1, 3.5, 1.5], "texture": "#texture", "cullface": "up"}
			}
		},
		{
			"from": [5, 16, 9],
			"to": [11, 17, 10],
			"faces": {
				"east": {"uv": [3.5, 1, 3, 1.5], "texture": "#texture", "cullface": "up"},
				"south": {"uv": [3, 1.5, 3.5, 1], "texture": "#texture", "cullface": "up"},
				"west": {"uv": [3, 1, 3.5, 1.5], "texture": "#texture", "cullface": "up"},
				"up": {"uv": [3, 1, 3.5, 1.5], "texture": "#texture", "cullface": "up"}
			}
		},
		{
			"from": [3, 16, 8],
			"to": [13, 17, 9],
			"faces": {
				"east": {"uv": [3.5, 1, 3, 1.5], "texture": "#texture", "cullface": "up"},
				"south": {"uv": [3, 1.5, 3.5, 1], "texture": "#texture", "cullface": "up"},
				"west": {"uv": [3, 1, 3.5, 1.5], "texture": "#texture", "cullface": "up"},
				"up": {"uv": [3, 1, 3.5, 1.5], "texture": "#texture", "cullface": "up"}
			}
		},
		{
			"from": [1, 16, 6],
			"to": [15, 17, 8],
			"faces": {
				"east": {"uv": [3.5, 1, 3, 1.5], "texture": "#texture", "cullface": "up"},
				"south": {"uv": [3, 1.5, 3.5, 1], "texture": "#texture", "cullface": "up"},
				"west": {"uv": [3, 1, 3.5, 1.5], "texture": "#texture", "cullface": "up"},
				"up": {"uv": [3, 1, 3.5, 1.5], "texture": "#texture", "cullface": "up"}
			}
		},
		{
			"from": [0, 16, 3],
			"to": [16, 17, 6],
			"faces": {
				"north": {"uv": [2.5, 1.5, 3, 2], "texture": "#texture", "cullface": "up"},
				"east": {"uv": [3, 1.5, 2.5, 2], "texture": "#texture", "cullface": "up"},
				"south": {"uv": [2.5, 2, 3, 1.5], "texture": "#texture", "cullface": "up"},
				"west": {"uv": [2.5, 1.5, 3, 2], "texture": "#texture", "cullface": "up"},
				"up": {"uv": [2.5, 1.5, 3, 2], "texture": "#texture", "cullface": "up"},
				"down": {"uv": [2.5, 2, 3, 1.5], "texture": "#texture", "cullface": "up"}
			}
		},
		{
			"from": [-1, 16, 0],
			"to": [17, 17, 4],
			"faces": {
				"north": {"uv": [2.5, 1.5, 3, 2], "texture": "#texture", "cullface": "up"},
				"east": {"uv": [3, 1.5, 2.5, 2], "texture": "#texture", "cullface": "up"},
				"south": {"uv": [2.5, 2, 3, 1.5], "texture": "#texture", "cullface": "up"},
				"west": {"uv": [2.5, 1.5, 3, 2], "texture": "#texture", "cullface": "up"},
				"up": {"uv": [2.5, 1.5, 3, 2], "texture": "#texture", "cullface": "up"}
			}
		},
		{
			"from": [0, 16, -3],
			"to": [16, 17, 0],
			"faces": {
				"north": {"uv": [2.5, 1.5, 3, 2], "texture": "#texture", "cullface": "north"},
				"east": {"uv": [3, 1.5, 2.5, 2], "texture": "#texture", "cullface": "north"},
				"west": {"uv": [2.5, 1.5, 3, 2], "texture": "#texture", "cullface": "north"},
				"up": {"uv": [2.5, 1.5, 3, 2], "texture": "#texture", "cullface": "north"},
				"down": {"uv": [2.5, 2, 3, 1.5], "texture": "#texture", "cullface": "north"}
			}
		},
		{
			"from": [1, 17, 0],
			"to": [15, 18, 5],
			"faces": {
				"north": {"uv": [3, 0.5, 3.5, 1], "texture": "#texture", "cullface": "up"},
				"east": {"uv": [3.5, 0.5, 3, 1], "texture": "#texture", "cullface": "up"},
				"south": {"uv": [3, 1, 3.5, 0.5], "texture": "#texture", "cullface": "up"},
				"west": {"uv": [3, 0.5, 3.5, 1], "texture": "#texture", "cullface": "up"},
				"up": {"uv": [3, 0.5, 3.5, 1], "texture": "#texture", "cullface": "up"},
				"down": {"uv": [3, 1, 3.5, 0.5], "texture": "#texture", "cullface": "up"}
			}
		},
		{
			"from": [3, 17, 6],
			"to": [13, 18, 7],
			"faces": {
				"east": {"uv": [3.5, 0, 3, 0.5], "texture": "#texture", "cullface": "up"},
				"south": {"uv": [3, 0.5, 3.5, 0], "texture": "#texture", "cullface": "up"},
				"west": {"uv": [3, 0, 3.5, 0.5], "texture": "#texture", "cullface": "up"},
				"up": {"uv": [3, 0, 3.5, 0.5], "texture": "#texture", "cullface": "up"}
			}
		},
		{
			"from": [3, 17, -2],
			"to": [13, 18, 0],
			"faces": {
				"north": {"uv": [3, 0.5, 3.5, 1], "texture": "#texture", "cullface": "north"},
				"east": {"uv": [3.5, 0.5, 3, 1], "texture": "#texture", "cullface": "north"},
				"west": {"uv": [3, 0.5, 3.5, 1], "texture": "#texture", "cullface": "north"},
				"up": {"uv": [3, 0.5, 3.5, 1], "texture": "#texture", "cullface": "north"}
			}
		},
		{
			"from": [5, 17, -3],
			"to": [11, 18, -2],
			"faces": {
				"north": {"uv": [3, 0.5, 3.5, 1], "texture": "#texture", "cullface": "north"},
				"east": {"uv": [3.5, 0.5, 3, 1], "texture": "#texture", "cullface": "north"},
				"west": {"uv": [3, 0.5, 3.5, 1], "texture": "#texture", "cullface": "north"},
				"up": {"uv": [3, 0.5, 3.5, 1], "texture": "#texture", "cullface": "north"}
			}
		},
		{
			"from": [6, 11, 16],
			"to": [10, 12, 17],
			"faces": {
				"east": {"uv": [5, 3.5, 4.5, 4], "texture": "#texture", "cullface": "south"},
				"south": {"uv": [4.5, 4, 5, 3.5], "texture": "#texture", "cullface": "south"},
				"west": {"uv": [4.5, 3.5, 5, 4], "texture": "#texture", "cullface": "south"},
				"up": {"uv": [4.5, 3.5, 5, 4], "texture": "#texture", "cullface": "south"},
				"down": {"uv": [4.5, 4, 5, 3.5], "texture": "#texture", "cullface": "south"}
			}
		},
		{
			"from": [5, 12, 15],
			"to": [11, 13, 16],
			"faces": {
				"east": {"uv": [5, 3.5, 4.5, 4], "texture": "#texture"},
				"south": {"uv": [4.5, 4, 5, 3.5], "texture": "#texture", "cullface": "south"},
				"west": {"uv": [4.5, 3.5, 5, 4], "texture": "#texture"},
				"up": {"uv": [4.5, 3.5, 5, 4], "texture": "#texture"}
			}
		},
		{
			"from": [4, 13, 14],
			"to": [12, 14, 15],
			"faces": {
				"east": {"uv": [3, 2.5, 3.5, 3], "texture": "#texture"},
				"south": {"uv": [3, 2.5, 7, 3], "texture": "#texture"},
				"west": {"uv": [3, 2.5, 3.5, 3], "texture": "#texture"},
				"up": {"uv": [3, 2.5, 7, 3], "texture": "#texture"}
			}
		},
		{
			"from": [7, 14, 12],
			"to": [9, 15, 14],
			"faces": {
				"east": {"uv": [5, 3.5, 4.5, 4], "texture": "#texture"},
				"south": {"uv": [4.5, 4, 5, 3.5], "texture": "#texture"},
				"west": {"uv": [4.5, 3.5, 5, 4], "texture": "#texture"},
				"up": {"uv": [4.5, 3.5, 5, 4], "texture": "#texture"},
				"down": {"uv": [4.5, 4, 5, 3.5], "texture": "#texture"}
			}
		},
		{
			"from": [7, 15, 10],
			"to": [9, 16, 12],
			"faces": {
				"east": {"uv": [3.5, 2.5, 3, 3], "texture": "#texture"},
				"south": {"uv": [3, 3, 3.5, 2.5], "texture": "#texture"},
				"west": {"uv": [3, 2.5, 3.5, 3], "texture": "#texture"},
				"up": {"uv": [3, 2.5, 3.5, 3], "texture": "#texture", "cullface": "up"},
				"down": {"uv": [3, 3, 3.5, 2.5], "texture": "#texture"}
			}
		},
		{
			"from": [7, 16, 10],
			"to": [9, 17, 11],
			"faces": {
				"east": {"uv": [3.5, 2.5, 3, 3], "texture": "#texture", "cullface": "up"},
				"south": {"uv": [3, 3, 3.5, 2.5], "texture": "#texture", "cullface": "up"},
				"west": {"uv": [3, 2.5, 3.5, 3], "texture": "#texture", "cullface": "up"},
				"up": {"uv": [3, 2.5, 3.5, 3], "texture": "#texture", "cullface": "up"}
			}
		},
		{
			"from": [6, 17, 7],
			"to": [10, 18, 10],
			"faces": {
				"east": {"uv": [3.5, 2.5, 3, 3], "texture": "#texture", "cullface": "up"},
				"south": {"uv": [3, 3, 3.5, 2.5], "texture": "#texture", "cullface": "up"},
				"west": {"uv": [3, 2.5, 3.5, 3], "texture": "#texture", "cullface": "up"},
				"up": {"uv": [3, 2.5, 3.5, 3], "texture": "#texture", "cullface": "up"},
				"down": {"uv": [3, 3, 3.5, 2.5], "texture": "#texture", "cullface": "up"}
			}
		},
		{
			"from": [6, 18, -3],
			"to": [10, 19, 7],
			"faces": {
				"north": {"uv": [3, 2.5, 3.5, 3], "texture": "#texture", "cullface": "north"},
				"east": {"uv": [3.5, 2.5, 3, 3], "texture": "#texture", "cullface": "north"},
				"south": {"uv": [3, 3, 3.5, 2.5], "texture": "#texture", "cullface": "north"},
				"west": {"uv": [3, 2.5, 3.5, 3], "texture": "#texture", "cullface": "north"},
				"up": {"uv": [3, 2.5, 3.5, 3], "texture": "#texture", "cullface": "north"},
				"down": {"uv": [3, 3, 3.5, 2.5], "texture": "#texture", "cullface": "north"}
			}
		},
		{
			"from": [6, 17, -4],
			"to": [10, 18, -3],
			"faces": {
				"north": {"uv": [3, 2.5, 3.5, 3], "texture": "#texture", "cullface": "north"},
				"east": {"uv": [3.5, 2.5, 3, 3], "texture": "#texture", "cullface": "north"},
				"west": {"uv": [3, 2.5, 3.5, 3], "texture": "#texture", "cullface": "north"},
				"up": {"uv": [3, 2.5, 3.5, 3], "texture": "#texture", "cullface": "north"}
			}
		},
		{
			"from": [6, 16, -5],
			"to": [10, 17, -4],
			"faces": {
				"north": {"uv": [3, 2.5, 3.5, 3], "texture": "#texture", "cullface": "north"},
				"east": {"uv": [3.5, 2.5, 3, 3], "texture": "#texture", "cullface": "north"},
				"west": {"uv": [3, 2.5, 3.5, 3], "texture": "#texture", "cullface": "north"},
				"up": {"uv": [3, 2.5, 3.5, 3], "texture": "#texture", "cullface": "north"}
			}
		},
		{
			"from": [6, 15, -6],
			"to": [10, 16, -5],
			"faces": {
				"north": {"uv": [3, 2.5, 7, 3], "texture": "#texture", "cullface": "north"},
				"east": {"uv": [3, 2.5, 3.5, 3], "texture": "#texture", "cullface": "north"},
				"west": {"uv": [3, 2.5, 3.5, 3], "texture": "#texture", "cullface": "north"},
				"up": {"uv": [3, 2.5, 7, 3], "rotation": 90, "texture": "#texture", "cullface": "north"}
			}
		},
		{
			"from": [6, 14, -7],
			"to": [10, 15, -6],
			"faces": {
				"north": {"uv": [3, 2.5, 7, 3], "texture": "#texture", "cullface": "north"},
				"east": {"uv": [3, 2.5, 3.5, 3], "texture": "#texture", "cullface": "north"},
				"west": {"uv": [3, 2.5, 3.5, 3], "texture": "#texture", "cullface": "north"},
				"up": {"uv": [3, 2.5, 7, 3], "rotation": 90, "texture": "#texture", "cullface": "north"}
			}
		},
		{
			"from": [6, 13, -7],
			"to": [10, 14, -6],
			"faces": {
				"north": {"uv": [4.5, 3.5, 5, 4], "texture": "#texture", "cullface": "north"}
			}
		},
		{
			"from": [10, 13, -7],
			"to": [12, 14, -6],
			"faces": {
				"north": {"uv": [4.5, 8, 5, 8.5], "texture": "#texture", "cullface": "north"},
				"east": {"uv": [5, 8, 4.5, 8.5], "texture": "#texture", "cullface": "north"},
				"up": {"uv": [4.5, 8, 5, 8.5], "texture": "#texture", "cullface": "north"}
			}
		},
		{
			"from": [0, 7, 8],
			"to": [16, 11, 10],
			"faces": {
				"north": {"uv": [3.5, 5, 4, 5.5], "texture": "#texture"},
				"east": {"uv": [4, 5, 3.5, 5.5], "texture": "#texture", "cullface": "east"},
				"south": {"uv": [3.5, 5.5, 4, 5], "texture": "#texture"},
				"west": {"uv": [3.5, 5, 4, 5.5], "texture": "#texture", "cullface": "west"},
				"up": {"uv": [3.5, 5, 4, 5.5], "texture": "#texture"}
			}
		},
		{
			"from": [0, 8, 7],
			"to": [16, 10, 8],
			"faces": {
				"east": {"uv": [4, 5, 3.5, 5.5], "texture": "#texture", "cullface": "east"},
				"west": {"uv": [3.5, 5, 4, 5.5], "texture": "#texture", "cullface": "west"}
			}
		},
		{
			"from": [1, 6, 10],
			"to": [15, 11, 11],
			"faces": {
				"north": {"uv": [3.5, 5, 4, 5.5], "texture": "#texture"},
				"east": {"uv": [4, 5, 3.5, 5.5], "texture": "#texture"},
				"south": {"uv": [3.5, 5.5, 4, 5], "texture": "#texture"},
				"west": {"uv": [3.5, 5, 4, 5.5], "texture": "#texture"}
			}
		},
		{
			"from": [2, 6, 11],
			"to": [14, 11, 12],
			"faces": {
				"east": {"uv": [7.5, 4, 8, 6.5], "texture": "#texture"},
				"south": {"uv": [2, 4, 8, 6.5], "texture": "#texture"},
				"west": {"uv": [2, 4, 2.5, 6.5], "texture": "#texture"},
				"down": {"uv": [3.5, 5.5, 4, 5], "texture": "#texture"}
			}
		},
		{
			"from": [4, 5, 12],
			"to": [12, 11, 13],
			"faces": {
				"north": {"uv": [3, 4, 7, 7], "texture": "#texture"},
				"east": {"uv": [6.5, 4, 7, 7], "texture": "#texture"},
				"south": {"uv": [3, 4, 7, 7], "texture": "#texture"},
				"west": {"uv": [3, 4, 3.5, 7], "texture": "#texture"}
			}
		},
		{
			"from": [6, 5, 13],
			"to": [10, 11, 14],
			"faces": {
				"east": {"uv": [5.5, 4, 6, 7], "texture": "#texture"},
				"south": {"uv": [4, 4, 6, 7], "texture": "#texture"},
				"west": {"uv": [4, 4, 4.5, 7], "texture": "#texture"}
			}
		},
		{
			"from": [3, 5, 11],
			"to": [13, 6, 12],
			"faces": {
				"east": {"uv": [4, 5, 3.5, 5.5], "texture": "#texture"},
				"south": {"uv": [3.5, 5.5, 4, 5], "texture": "#texture"},
				"west": {"uv": [3.5, 5, 4, 5.5], "texture": "#texture"}
			}
		},
		{
			"from": [6, 4, 13],
			"to": [10, 5, 14],
			"faces": {
				"east": {"uv": [4, 5, 3.5, 5.5], "texture": "#texture"},
				"south": {"uv": [3.5, 5.5, 4, 5], "texture": "#texture"},
				"west": {"uv": [3.5, 5, 4, 5.5], "texture": "#texture"}
			}
		},
		{
			"from": [2, 17, -1],
			"to": [14, 18, 0],
			"faces": {
				"north": {"uv": [3, 0.5, 3.5, 1], "texture": "#texture", "cullface": "north"},
				"east": {"uv": [3.5, 0.5, 3, 1], "texture": "#texture", "cullface": "north"},
				"west": {"uv": [3, 0.5, 3.5, 1], "texture": "#texture", "cullface": "north"},
				"up": {"uv": [3, 0.5, 3.5, 1], "texture": "#texture", "cullface": "north"}
			}
		},
		{
			"from": [2, 2, 9],
			"to": [14, 3, 11],
			"faces": {
				"east": {"uv": [3, 8, 2.5, 8.5], "texture": "#texture"},
				"south": {"uv": [2.5, 8.5, 3, 8], "texture": "#texture"},
				"west": {"uv": [2.5, 8, 3, 8.5], "texture": "#texture"},
				"up": {"uv": [2.5, 8, 3, 8.5], "texture": "#texture"},
				"down": {"uv": [2.5, 8.5, 3, 8], "texture": "#texture"}
			}
		},
		{
			"from": [0, 14, -4],
			"to": [16, 16, -1],
			"faces": {
				"north": {"uv": [4.5, 8, 5, 8.5], "texture": "#texture", "cullface": "north"},
				"east": {"uv": [5, 8, 4.5, 8.5], "texture": "#texture", "cullface": "north"},
				"south": {"uv": [4.5, 8.5, 5, 8], "texture": "#texture", "cullface": "north"},
				"west": {"uv": [4.5, 8, 5, 8.5], "texture": "#texture", "cullface": "north"},
				"up": {"uv": [4.5, 8, 5, 8.5], "texture": "#texture", "cullface": "north"},
				"down": {"uv": [4.5, 8.5, 5, 8], "texture": "#texture", "cullface": "north"}
			}
		},
		{
			"from": [-1, 10, -3],
			"to": [17, 13, -2],
			"faces": {
				"north": {"uv": [3.5, 8.5, 4, 9], "texture": "#texture", "cullface": "north"},
				"east": {"uv": [4, 8.5, 3.5, 9], "texture": "#texture", "cullface": "north"},
				"south": {"uv": [3.5, 9, 4, 8.5], "texture": "#texture", "cullface": "north"},
				"west": {"uv": [3.5, 8.5, 4, 9], "texture": "#texture", "cullface": "north"},
				"up": {"uv": [3.5, 8.5, 4, 9], "texture": "#texture", "cullface": "north"}
			}
		},
		{
			"from": [0, 11, -4],
			"to": [16, 14, -2],
			"faces": {
				"north": {"uv": [3.5, 8.5, 4, 9], "texture": "#texture", "cullface": "north"},
				"east": {"uv": [4, 8.5, 3.5, 9], "texture": "#texture", "cullface": "north"},
				"west": {"uv": [3.5, 8.5, 4, 9], "texture": "#texture", "cullface": "north"},
				"down": {"uv": [3.5, 9, 4, 8.5], "texture": "#texture", "cullface": "north"}
			}
		},
		{
			"from": [2, 17, 5],
			"to": [14, 18, 6],
			"faces": {
				"east": {"uv": [3.5, 0, 3, 0.5], "texture": "#texture", "cullface": "up"},
				"south": {"uv": [3, 0.5, 3.5, 0], "texture": "#texture", "cullface": "up"},
				"west": {"uv": [3, 0, 3.5, 0.5], "texture": "#texture", "cullface": "up"},
				"up": {"uv": [3, 0, 3.5, 0.5], "texture": "#texture", "cullface": "up"}
			}
		},
		{
			"from": [3, 15, 10],
			"to": [13, 16, 11],
			"faces": {
				"east": {"uv": [3.5, 1, 3, 1.5], "texture": "#texture"},
				"south": {"uv": [3, 1.5, 3.5, 1], "texture": "#texture"},
				"west": {"uv": [3, 1, 3.5, 1.5], "texture": "#texture"},
				"up": {"uv": [3, 1, 3.5, 1.5], "texture": "#texture", "cullface": "up"}
			}
		},
		{
			"from": [-2, 8, -2],
			"to": [18, 10, -1],
			"faces": {
				"north": {"uv": [3.5, 9, 4, 9.5], "texture": "#texture", "cullface": "north"},
				"east": {"uv": [4, 9, 3.5, 9.5], "texture": "#texture", "cullface": "north"},
				"west": {"uv": [3.5, 9, 4, 9.5], "texture": "#texture", "cullface": "north"},
				"down": {"uv": [3.5, 9.5, 4, 9], "texture": "#texture", "cullface": "north"}
			}
		},
		{
			"from": [-1, 11, -2],
			"to": [17, 14, -1],
			"faces": {
				"north": {"uv": [3.5, 8.5, 4, 9], "texture": "#texture", "cullface": "north"},
				"east": {"uv": [4, 8.5, 3.5, 9], "texture": "#texture", "cullface": "north"},
				"west": {"uv": [3.5, 8.5, 4, 9], "texture": "#texture", "cullface": "north"}
			}
		},
		{
			"from": [1, 13, -5],
			"to": [15, 14, -4],
			"faces": {
				"north": {"uv": [2.5, 8, 3, 8.5], "texture": "#texture", "cullface": "north"},
				"east": {"uv": [3, 8, 2.5, 8.5], "texture": "#texture", "cullface": "north"},
				"west": {"uv": [2.5, 8, 3, 8.5], "texture": "#texture", "cullface": "north"}
			}
		},
		{
			"from": [6, 9, -8],
			"to": [10, 13, -7],
			"faces": {
				"north": {"uv": [3.5, 9, 4, 9.5], "texture": "#texture", "cullface": "north"},
				"east": {"uv": [4, 9, 3.5, 9.5], "texture": "#texture", "cullface": "north"},
				"south": {"uv": [3.5, 9.5, 4, 9], "texture": "#texture", "cullface": "north"},
				"west": {"uv": [3.5, 9, 4, 9.5], "texture": "#texture", "cullface": "north"},
				"up": {"uv": [3.5, 9, 4, 9.5], "texture": "#texture", "cullface": "north"},
				"down": {"uv": [3.5, 9.5, 4, 9], "texture": "#texture", "cullface": "north"}
			}
		},
		{
			"from": [6, 7, -7],
			"to": [10, 11, -6],
			"faces": {
				"north": {"uv": [3.5, 9, 4, 9.5], "texture": "#texture", "cullface": "north"},
				"east": {"uv": [4, 9, 3.5, 9.5], "texture": "#texture", "cullface": "north"},
				"south": {"uv": [3.5, 9.5, 4, 9], "texture": "#texture", "cullface": "north"},
				"west": {"uv": [3.5, 9, 4, 9.5], "texture": "#texture", "cullface": "north"},
				"down": {"uv": [3.5, 9.5, 4, 9], "texture": "#texture", "cullface": "north"}
			}
		},
		{
			"from": [5, 10, -8],
			"to": [11, 12, -7],
			"faces": {
				"north": {"uv": [3.5, 9, 4, 9.5], "texture": "#texture", "cullface": "north"},
				"east": {"uv": [4, 9, 3.5, 9.5], "texture": "#texture", "cullface": "north"},
				"west": {"uv": [3.5, 9, 4, 9.5], "texture": "#texture", "cullface": "north"},
				"up": {"uv": [3.5, 9, 4, 9.5], "texture": "#texture", "cullface": "north"},
				"down": {"uv": [3.5, 9.5, 4, 9], "texture": "#texture", "cullface": "north"}
			}
		},
		{
			"from": [5, 8, -7],
			"to": [11, 11, -6],
			"faces": {
				"north": {"uv": [3.5, 9, 4, 9.5], "texture": "#texture", "cullface": "north"},
				"east": {"uv": [4, 9, 3.5, 9.5], "texture": "#texture", "cullface": "north"},
				"south": {"uv": [3.5, 9.5, 4, 9], "texture": "#texture", "cullface": "north"},
				"west": {"uv": [3.5, 9, 4, 9.5], "texture": "#texture", "cullface": "north"},
				"down": {"uv": [3.5, 9.5, 4, 9], "texture": "#texture", "cullface": "north"}
			}
		}
	],
	"display": {
		"gui": {
			"translation": [0, -1, 0],
			"scale": [0.6, 0.6, 0.6]
		},
		"head": {
			"rotation": [0, 180, 0],
			"translation": [0, 0, -5.03],
			"scale": [1.1, 1.2, 1.1]
		},
		"fixed": {
			"rotation": [0, 180, 0],
			"translation": [0, 0, -2.65],
			"scale": [0.8, 0.8, 0.8]
		}
	}
}