{
	"credit": "Made with Blockbench",
	"parent": "block/cross",
	"textures": {
		"texture": "blocks/flower_tulip_orange"
	},
	"elements": [
		{
			"from": [21, 0, -5],
			"to": [21.0625, 24, 32],
			"shade": false,
			"rotation": {"angle": -45, "axis": "y", "origin": [21, 0, -5]},
			"faces": {
				"east": {"uv": [0, 0, 16, 16], "texture": "#texture"},
				"west": {"uv": [0, 0, 16, 16], "texture": "#texture"}
			}
		},
		{
			"from": [-5, 0, -5],
			"to": [-4.9375, 24, 32],
			"shade": false,
			"rotation": {"angle": 45, "axis": "y", "origin": [-5, 0, -5]},
			"faces": {
				"east": {"uv": [0, 0, 16, 16], "texture": "#texture"},
				"west": {"uv": [0, 0, 16, 16], "texture": "#texture"}
			}
		}
	],
	"display": {
		"gui": {
			"translation": [0.25, -3.25, 0]
		}
	}
}