{
	"credit": "Made with Blockbench",
	"texture_size": [64, 64],
	"textures": {
		"1": "blocks/planka",
		"2": "blocks/nvg11",
		"3": "blocks/mask",
		"5": "blocks/helmet1",
		"particle": "blocks/helmet"
	},
	"elements": [
		{
			"from": [0.5, 1.2, -1.1],
			"to": [15.5, 3.4, 0.3],
			"faces": {
				"north": {"uv": [0, 7.75, 3.75, 8.3125], "texture": "#5"},
				"east": {"uv": [11.5, 1.5, 11.875, 2.0625], "texture": "#5"},
				"south": {"uv": [3.75, 8, 7.5, 8.5625], "texture": "#5"},
				"west": {"uv": [2, 11.5, 2.375, 12.0625], "texture": "#5"},
				"up": {"uv": [4.75, 9.625, 1, 9.25], "texture": "#5"},
				"down": {"uv": [4.75, 9.75, 1, 10.125], "texture": "#5"}
			}
		},
		{
			"from": [1, 7, 1],
			"to": [15, 8.5, 14.1],
			"faces": {
				"north": {"uv": [10, 4, 13.5, 4.375], "texture": "#5"},
				"east": {"uv": [10, 6, 13.25, 6.375], "texture": "#5"},
				"south": {"uv": [10, 4.5, 13.5, 4.875], "texture": "#5"},
				"west": {"uv": [10, 6.5, 13.25, 6.875], "texture": "#5"},
				"up": {"uv": [9.625, 7.75, 6.125, 4.5], "texture": "#5"},
				"down": {"uv": [3.5, 3.25, 0, 6.5], "texture": "#5"}
			}
		},
		{
			"from": [1.1, 2.7, -2.4],
			"to": [14.9, 8.2, -0.9],
			"rotation": {"angle": 22.5, "axis": "x", "origin": [0, 0, 0]},
			"faces": {
				"north": {"uv": [6.75, 2, 10.25, 3.375], "texture": "#5"},
				"east": {"uv": [10.5, 2.5, 10.875, 3.875], "texture": "#5"},
				"south": {"uv": [3.5, 1.5, 7, 2.875], "texture": "#5"},
				"west": {"uv": [9, 10.5, 9.375, 11.875], "texture": "#5"},
				"up": {"uv": [13.5, 5.375, 10, 5], "texture": "#5"},
				"down": {"uv": [13.5, 5.5, 10, 5.875], "texture": "#5"}
			}
		},
		{
			"from": [1.1, -3.2, 14],
			"to": [14.9, 2, 16.2],
			"rotation": {"angle": -22.5, "axis": "x", "origin": [0, 0, 0]},
			"faces": {
				"north": {"uv": [3.5, 3, 7, 4.375], "texture": "#5"},
				"east": {"uv": [10.25, 8.75, 10.8125, 10.125], "texture": "#5"},
				"south": {"uv": [3.5, 4.5, 7, 5.875], "texture": "#5"},
				"west": {"uv": [10.25, 10.25, 10.8125, 11.625], "texture": "#5"},
				"up": {"uv": [11, 8.5625, 7.5, 8], "texture": "#5"},
				"down": {"uv": [3.5, 8.5, 0, 9.0625], "texture": "#5"}
			}
		},
		{
			"from": [-1.9, 4.4, 0.9],
			"to": [-0.9, 8.2, 14.2],
			"rotation": {"angle": -22.5, "axis": "z", "origin": [0, 0, 0]},
			"faces": {
				"north": {"uv": [4.5, 10.25, 4.75, 11.1875], "texture": "#5"},
				"east": {"uv": [7, 0, 10.3125, 0.9375], "texture": "#5"},
				"south": {"uv": [11, 11, 11.25, 11.9375], "texture": "#5"},
				"west": {"uv": [6.5, 1.5, 9.8125, 2.4375], "texture": "#5"},
				"up": {"uv": [7, 12.5625, 6.75, 9.25], "texture": "#5"},
				"down": {"uv": [10.25, 8.75, 10, 12.0625], "texture": "#5"}
			}
		},
		{
			"from": [15.7, -1.8, 0.9],
			"to": [16.7, 2, 14.2],
			"rotation": {"angle": 22.5, "axis": "z", "origin": [0, 0, 0]},
			"faces": {
				"north": {"uv": [4.5, 11.25, 4.75, 12.1875], "texture": "#5"},
				"east": {"uv": [7, 2, 10.3125, 2.9375], "texture": "#5"},
				"south": {"uv": [11.25, 11, 11.5, 11.9375], "texture": "#5"},
				"west": {"uv": [7, 3, 10.3125, 3.9375], "texture": "#5"},
				"up": {"uv": [1.25, 13.5625, 1, 10.25], "texture": "#5"},
				"down": {"uv": [1.5, 10.25, 1.25, 13.5625], "texture": "#5"}
			}
		},
		{
			"from": [0, -1.7, 11.7],
			"to": [1.5, 4.8, 15.2],
			"faces": {
				"north": {"uv": [7, 10.5, 7.375, 12.125], "texture": "#5"},
				"east": {"uv": [7, 8.75, 7.875, 10.375], "texture": "#5"},
				"south": {"uv": [7.5, 10.5, 7.875, 12.125], "texture": "#5"},
				"west": {"uv": [8, 8.75, 8.875, 10.375], "texture": "#5"},
				"up": {"uv": [10.375, 7.875, 10, 7], "texture": "#5"},
				"down": {"uv": [10.875, 7, 10.5, 7.875], "texture": "#5"}
			}
		},
		{
			"from": [0.1, -9.4, 7.1],
			"to": [1.5, -4.4, 9.7],
			"rotation": {"angle": -45, "axis": "x", "origin": [0, 0, 0]},
			"faces": {
				"north": {"uv": [9.5, 10.5, 9.875, 11.75], "texture": "#5"},
				"east": {"uv": [1.375, 10.75, 2, 12], "texture": "#5"},
				"south": {"uv": [0, 11, 0.375, 12.25], "texture": "#5"},
				"west": {"uv": [2.875, 9.125, 3.5, 10.375], "texture": "#5"},
				"up": {"uv": [11.375, 4.25, 11, 3.625], "texture": "#5"},
				"down": {"uv": [11.375, 0.875, 11, 1.5], "texture": "#5"}
			}
		},
		{
			"from": [16, 1.8, 3],
			"to": [16.1, 3.1, 9.4],
			"rotation": {"angle": 0, "axis": "x", "origin": [16, 0, 0]},
			"faces": {
				"north": {"uv": [11.75, 7, 11.875, 7.375], "texture": "#1"},
				"east": {"uv": [2.25, 10.5, 3.875, 10.875], "texture": "#1"},
				"south": {"uv": [11.75, 7.5, 11.875, 7.875], "texture": "#1"},
				"west": {"uv": [10.5, 3.25, 12.125, 3.625], "texture": "#1"},
				"up": {"uv": [0.125, 13.375, 0, 11.75], "texture": "#1"},
				"down": {"uv": [0.375, 11.75, 0.25, 13.375], "texture": "#1"}
			}
		},
		{
			"from": [16, -9.4, 7.5],
			"to": [16.1, -4.4, 8.8],
			"rotation": {"angle": -45, "axis": "x", "origin": [16, 0, 0]},
			"faces": {
				"north": {"uv": [1, 11.75, 1.125, 13], "texture": "#1"},
				"east": {"uv": [11, 1.25, 11.375, 2.5], "texture": "#1"},
				"south": {"uv": [1.25, 11.75, 1.375, 13], "texture": "#1"},
				"west": {"uv": [2.25, 11, 2.625, 12.25], "texture": "#1"},
				"up": {"uv": [8.875, 12.125, 8.75, 11.75], "texture": "#1"},
				"down": {"uv": [11.875, 10, 11.75, 10.375], "texture": "#1"}
			}
		},
		{
			"from": [16.1, 7.5, 6.1],
			"to": [16.2, 8.8, 6.7],
			"rotation": {"angle": 45, "axis": "x", "origin": [16, 0, 0]},
			"faces": {
				"north": {"uv": [11.75, 10.5, 11.875, 10.875], "texture": "#1"},
				"east": {"uv": [11.5, 11.75, 11.625, 12.125], "texture": "#1"},
				"south": {"uv": [11.75, 11.75, 11.875, 12.125], "texture": "#1"},
				"west": {"uv": [12, 0, 12.125, 0.375], "texture": "#1"},
				"up": {"uv": [3.875, 7.875, 3.75, 7.75], "texture": "#1"},
				"down": {"uv": [4.125, 7.75, 4, 7.875], "texture": "#1"}
			}
		},
		{
			"from": [16.1, 7.5, 4.9],
			"to": [16.2, 8.8, 5.5],
			"rotation": {"angle": 45, "axis": "x", "origin": [16, 0, 0]},
			"faces": {
				"north": {"uv": [12, 0.5, 12.125, 0.875], "texture": "#1"},
				"east": {"uv": [12, 1, 12.125, 1.375], "texture": "#1"},
				"south": {"uv": [12, 1.5, 12.125, 1.875], "texture": "#1"},
				"west": {"uv": [12, 2, 12.125, 2.375], "texture": "#1"},
				"up": {"uv": [4.375, 7.875, 4.25, 7.75], "texture": "#1"},
				"down": {"uv": [4.625, 7.75, 4.5, 7.875], "texture": "#1"}
			}
		},
		{
			"from": [16.1, 1.8, 7.8],
			"to": [16.2, 3.1, 8.4],
			"rotation": {"angle": 0, "axis": "x", "origin": [16, 0, 0]},
			"faces": {
				"north": {"uv": [12, 2.5, 12.125, 2.875], "texture": "#1"},
				"east": {"uv": [3.75, 12, 3.875, 12.375], "texture": "#1"},
				"south": {"uv": [5, 12, 5.125, 12.375], "texture": "#1"},
				"west": {"uv": [5.25, 12, 5.375, 12.375], "texture": "#1"},
				"up": {"uv": [4.875, 7.875, 4.75, 7.75], "texture": "#1"},
				"down": {"uv": [5.125, 7.75, 5, 7.875], "texture": "#1"}
			}
		},
		{
			"from": [16.1, 1.8, 6.6],
			"to": [16.2, 3.1, 7.2],
			"rotation": {"angle": 0, "axis": "x", "origin": [16, 0, 0]},
			"faces": {
				"north": {"uv": [5.75, 12, 5.875, 12.375], "texture": "#1"},
				"east": {"uv": [6, 12, 6.125, 12.375], "texture": "#1"},
				"south": {"uv": [12, 6, 12.125, 6.375], "texture": "#1"},
				"west": {"uv": [6.25, 12, 6.375, 12.375], "texture": "#1"},
				"up": {"uv": [5.375, 7.875, 5.25, 7.75], "texture": "#1"},
				"down": {"uv": [5.625, 7.75, 5.5, 7.875], "texture": "#1"}
			}
		},
		{
			"from": [16.1, 1.8, 5.4],
			"to": [16.2, 3.1, 6],
			"rotation": {"angle": 0, "axis": "x", "origin": [16, 0, 0]},
			"faces": {
				"north": {"uv": [6.5, 12, 6.625, 12.375], "texture": "#1"},
				"east": {"uv": [12, 6.5, 12.125, 6.875], "texture": "#1"},
				"south": {"uv": [12, 7, 12.125, 7.375], "texture": "#1"},
				"west": {"uv": [12, 7.5, 12.125, 7.875], "texture": "#1"},
				"up": {"uv": [5.875, 7.875, 5.75, 7.75], "texture": "#1"},
				"down": {"uv": [6.125, 7.75, 6, 7.875], "texture": "#1"}
			}
		},
		{
			"from": [16.1, 1.8, 4.2],
			"to": [16.2, 3.1, 4.8],
			"rotation": {"angle": 0, "axis": "x", "origin": [16, 0, 0]},
			"faces": {
				"north": {"uv": [12, 8, 12.125, 8.375], "texture": "#1"},
				"east": {"uv": [12, 10, 12.125, 10.375], "texture": "#1"},
				"south": {"uv": [12, 10.5, 12.125, 10.875], "texture": "#1"},
				"west": {"uv": [12, 11, 12.125, 11.375], "texture": "#1"},
				"up": {"uv": [6.375, 7.875, 6.25, 7.75], "texture": "#1"},
				"down": {"uv": [6.625, 7.75, 6.5, 7.875], "texture": "#1"}
			}
		},
		{
			"from": [16.1, 1.8, 3],
			"to": [16.2, 3.1, 3.6],
			"rotation": {"angle": 0, "axis": "x", "origin": [16, 0, 0]},
			"faces": {
				"north": {"uv": [12, 11.5, 12.125, 11.875], "texture": "#1"},
				"east": {"uv": [12, 12, 12.125, 12.375], "texture": "#1"},
				"south": {"uv": [12.25, 0, 12.375, 0.375], "texture": "#1"},
				"west": {"uv": [12.25, 0.5, 12.375, 0.875], "texture": "#1"},
				"up": {"uv": [6.875, 7.875, 6.75, 7.75], "texture": "#1"},
				"down": {"uv": [3.625, 8.25, 3.5, 8.375], "texture": "#1"}
			}
		},
		{
			"from": [16.1, 7.5, 7.3],
			"to": [16.2, 8.8, 7.9],
			"rotation": {"angle": 45, "axis": "x", "origin": [16, 0, 0]},
			"faces": {
				"north": {"uv": [12.25, 1, 12.375, 1.375], "texture": "#1"},
				"east": {"uv": [12.25, 1.5, 12.375, 1.875], "texture": "#1"},
				"south": {"uv": [1.75, 12.25, 1.875, 12.625], "texture": "#1"},
				"west": {"uv": [2, 12.25, 2.125, 12.625], "texture": "#1"},
				"up": {"uv": [2.125, 8.875, 2, 8.75], "texture": "#1"},
				"down": {"uv": [2.375, 8.75, 2.25, 8.875], "texture": "#1"}
			}
		},
		{
			"from": [16.1, 7.5, 8.5],
			"to": [16.2, 8.8, 9.1],
			"rotation": {"angle": 45, "axis": "x", "origin": [16, 0, 0]},
			"faces": {
				"north": {"uv": [12.25, 2, 12.375, 2.375], "texture": "#1"},
				"east": {"uv": [2.25, 12.25, 2.375, 12.625], "texture": "#1"},
				"south": {"uv": [2.5, 12.25, 2.625, 12.625], "texture": "#1"},
				"west": {"uv": [12.25, 2.5, 12.375, 2.875], "texture": "#1"},
				"up": {"uv": [2.625, 8.875, 2.5, 8.75], "texture": "#1"},
				"down": {"uv": [2.875, 8.75, 2.75, 8.875], "texture": "#1"}
			}
		},
		{
			"from": [-0.1, 1.8, 3],
			"to": [0, 3.1, 9.4],
			"faces": {
				"north": {"uv": [2.75, 12.25, 2.875, 12.625], "texture": "#1"},
				"east": {"uv": [10.5, 5, 12.125, 5.375], "texture": "#1"},
				"south": {"uv": [3, 12.25, 3.125, 12.625], "texture": "#1"},
				"west": {"uv": [10.5, 5.5, 12.125, 5.875], "texture": "#1"},
				"up": {"uv": [0.625, 13.375, 0.5, 11.75], "texture": "#1"},
				"down": {"uv": [0.875, 11.75, 0.75, 13.375], "texture": "#1"}
			}
		},
		{
			"from": [-0.1, -9.4, 7.5],
			"to": [0, -4.4, 8.8],
			"rotation": {"angle": -45, "axis": "x", "origin": [0, 0, 0]},
			"faces": {
				"north": {"uv": [1.5, 11.75, 1.625, 13], "texture": "#1"},
				"east": {"uv": [2.75, 11, 3.125, 12.25], "texture": "#1"},
				"south": {"uv": [8.5, 11.75, 8.625, 13], "texture": "#1"},
				"west": {"uv": [3.25, 11, 3.625, 12.25], "texture": "#1"},
				"up": {"uv": [12.375, 3.375, 12.25, 3], "texture": "#1"},
				"down": {"uv": [3.375, 12.25, 3.25, 12.625], "texture": "#1"}
			}
		},
		{
			"from": [-0.2, 7.5, 6.1],
			"to": [-0.1, 8.8, 6.7],
			"rotation": {"angle": 45, "axis": "x", "origin": [0, 0, 0]},
			"faces": {
				"north": {"uv": [3.5, 12.25, 3.625, 12.625], "texture": "#1"},
				"east": {"uv": [12.25, 3.5, 12.375, 3.875], "texture": "#1"},
				"south": {"uv": [4, 12.25, 4.125, 12.625], "texture": "#1"},
				"west": {"uv": [4.25, 12.25, 4.375, 12.625], "texture": "#1"},
				"up": {"uv": [3.125, 8.875, 3, 8.75], "texture": "#1"},
				"down": {"uv": [3.375, 8.75, 3.25, 8.875], "texture": "#1"}
			}
		},
		{
			"from": [-0.2, 7.5, 4.9],
			"to": [-0.1, 8.8, 5.5],
			"rotation": {"angle": 45, "axis": "x", "origin": [0, 0, 0]},
			"faces": {
				"north": {"uv": [4.5, 12.25, 4.625, 12.625], "texture": "#1"},
				"east": {"uv": [4.75, 12.25, 4.875, 12.625], "texture": "#1"},
				"south": {"uv": [12.25, 5, 12.375, 5.375], "texture": "#1"},
				"west": {"uv": [12.25, 5.5, 12.375, 5.875], "texture": "#1"},
				"up": {"uv": [10.625, 3.875, 10.5, 3.75], "texture": "#1"},
				"down": {"uv": [10.875, 3.75, 10.75, 3.875], "texture": "#1"}
			}
		},
		{
			"from": [-0.2, 1.8, 7.8],
			"to": [-0.1, 3.1, 8.4],
			"faces": {
				"north": {"uv": [12.25, 6, 12.375, 6.375], "texture": "#1"},
				"east": {"uv": [12.25, 6.5, 12.375, 6.875], "texture": "#1"},
				"south": {"uv": [12.25, 7, 12.375, 7.375], "texture": "#1"},
				"west": {"uv": [7.5, 12.25, 7.625, 12.625], "texture": "#1"},
				"up": {"uv": [11.125, 3.875, 11, 3.75], "texture": "#1"},
				"down": {"uv": [11.375, 3.75, 11.25, 3.875], "texture": "#1"}
			}
		},
		{
			"from": [-0.2, 1.8, 6.6],
			"to": [-0.1, 3.1, 7.2],
			"faces": {
				"north": {"uv": [12.25, 7.5, 12.375, 7.875], "texture": "#1"},
				"east": {"uv": [7.75, 12.25, 7.875, 12.625], "texture": "#1"},
				"south": {"uv": [8, 12.25, 8.125, 12.625], "texture": "#1"},
				"west": {"uv": [12.25, 8, 12.375, 8.375], "texture": "#1"},
				"up": {"uv": [11.375, 11.125, 11.25, 11], "texture": "#1"},
				"down": {"uv": [11.625, 3, 11.5, 3.125], "texture": "#1"}
			}
		},
		{
			"from": [-0.2, 1.8, 5.4],
			"to": [-0.1, 3.1, 6],
			"faces": {
				"north": {"uv": [8.25, 12.25, 8.375, 12.625], "texture": "#1"},
				"east": {"uv": [8.75, 12.25, 8.875, 12.625], "texture": "#1"},
				"south": {"uv": [10, 12.25, 10.125, 12.625], "texture": "#1"},
				"west": {"uv": [12.25, 10, 12.375, 10.375], "texture": "#1"},
				"up": {"uv": [11.625, 3.875, 11.5, 3.75], "texture": "#1"},
				"down": {"uv": [11.875, 3, 11.75, 3.125], "texture": "#1"}
			}
		},
		{
			"from": [-0.2, 1.8, 4.2],
			"to": [-0.1, 3.1, 4.8],
			"faces": {
				"north": {"uv": [10.25, 12.25, 10.375, 12.625], "texture": "#1"},
				"east": {"uv": [10.5, 12.25, 10.625, 12.625], "texture": "#1"},
				"south": {"uv": [12.25, 10.5, 12.375, 10.875], "texture": "#1"},
				"west": {"uv": [10.75, 12.25, 10.875, 12.625], "texture": "#1"},
				"up": {"uv": [11.875, 3.875, 11.75, 3.75], "texture": "#1"},
				"down": {"uv": [12.125, 3, 12, 3.125], "texture": "#1"}
			}
		},
		{
			"from": [-0.2, 1.8, 3],
			"to": [-0.1, 3.1, 3.6],
			"faces": {
				"north": {"uv": [11, 12.25, 11.125, 12.625], "texture": "#1"},
				"east": {"uv": [12.25, 11, 12.375, 11.375], "texture": "#1"},
				"south": {"uv": [11.25, 12.25, 11.375, 12.625], "texture": "#1"},
				"west": {"uv": [11.5, 12.25, 11.625, 12.625], "texture": "#1"},
				"up": {"uv": [12.125, 3.875, 12, 3.75], "texture": "#1"},
				"down": {"uv": [12.625, 2.5, 12.5, 2.625], "texture": "#1"}
			}
		},
		{
			"from": [-0.2, 7.5, 7.3],
			"to": [-0.1, 8.8, 7.9],
			"rotation": {"angle": 45, "axis": "x", "origin": [0, 0, 0]},
			"faces": {
				"north": {"uv": [12.25, 11.5, 12.375, 11.875], "texture": "#1"},
				"east": {"uv": [11.75, 12.25, 11.875, 12.625], "texture": "#1"},
				"south": {"uv": [12.25, 12, 12.375, 12.375], "texture": "#1"},
				"west": {"uv": [12.5, 0, 12.625, 0.375], "texture": "#1"},
				"up": {"uv": [12.625, 2.875, 12.5, 2.75], "texture": "#1"},
				"down": {"uv": [12.625, 3, 12.5, 3.125], "texture": "#1"}
			}
		},
		{
			"from": [-0.2, 7.5, 8.5],
			"to": [-0.1, 8.8, 9.1],
			"rotation": {"angle": 45, "axis": "x", "origin": [0, 0, 0]},
			"faces": {
				"north": {"uv": [12.5, 0.5, 12.625, 0.875], "texture": "#1"},
				"east": {"uv": [12.5, 1, 12.625, 1.375], "texture": "#1"},
				"south": {"uv": [12.5, 1.5, 12.625, 1.875], "texture": "#1"},
				"west": {"uv": [12.5, 2, 12.625, 2.375], "texture": "#1"},
				"up": {"uv": [12.625, 3.375, 12.5, 3.25], "texture": "#1"},
				"down": {"uv": [12.625, 3.5, 12.5, 3.625], "texture": "#1"}
			}
		},
		{
			"from": [0, 1.3, 0.2],
			"to": [1.5, 4.8, 11.8],
			"faces": {
				"north": {"uv": [11, 1.25, 11.375, 2.125], "texture": "#5"},
				"east": {"uv": [7, 4, 9.875, 4.875], "texture": "#5"},
				"south": {"uv": [11, 2.25, 11.375, 3.125], "texture": "#5"},
				"west": {"uv": [7, 5, 9.875, 5.875], "texture": "#5"},
				"up": {"uv": [5.125, 12.125, 4.75, 9.25], "texture": "#5"},
				"down": {"uv": [5.625, 9.25, 5.25, 12.125], "texture": "#5"}
			}
		},
		{
			"from": [14.5, 1.3, 0.2],
			"to": [16, 4.8, 11.8],
			"rotation": {"angle": 0, "axis": "x", "origin": [16, 0, 0]},
			"faces": {
				"north": {"uv": [11, 7, 11.375, 7.875], "texture": "#5"},
				"east": {"uv": [7, 6, 9.875, 6.875], "texture": "#5"},
				"south": {"uv": [11, 8, 11.375, 8.875], "texture": "#5"},
				"west": {"uv": [7, 7, 9.875, 7.875], "texture": "#5"},
				"up": {"uv": [6.125, 12.125, 5.75, 9.25], "texture": "#5"},
				"down": {"uv": [6.625, 9.25, 6.25, 12.125], "texture": "#5"}
			}
		},
		{
			"from": [14.5, -1.7, 11.7],
			"to": [16, 4.8, 15.2],
			"rotation": {"angle": 0, "axis": "y", "origin": [16, 0, 0]},
			"faces": {
				"north": {"uv": [8, 10.5, 8.375, 12.125], "texture": "#5"},
				"east": {"uv": [9, 8.75, 9.875, 10.375], "texture": "#5"},
				"south": {"uv": [8.5, 10.5, 8.875, 12.125], "texture": "#5"},
				"west": {"uv": [0, 9.25, 0.875, 10.875], "texture": "#5"},
				"up": {"uv": [11.375, 9.875, 11, 9], "texture": "#5"},
				"down": {"uv": [11.375, 10, 11, 10.875], "texture": "#5"}
			}
		},
		{
			"from": [14.5, -9.4, 7.1],
			"to": [15.8, -4.4, 9.7],
			"rotation": {"angle": -45, "axis": "x", "origin": [16, 0, 0]},
			"faces": {
				"north": {"uv": [9.5, 2.75, 9.875, 4], "texture": "#5"},
				"east": {"uv": [2.375, 8.75, 3, 10], "texture": "#5"},
				"south": {"uv": [0.5, 11, 0.875, 12.25], "texture": "#5"},
				"west": {"uv": [3.75, 10.25, 4.375, 11.5], "texture": "#5"},
				"up": {"uv": [11.875, 1.375, 11.5, 0.75], "texture": "#5"},
				"down": {"uv": [1.875, 11.5, 1.5, 12.125], "texture": "#5"}
			}
		},
		{
			"from": [1, -1.7, 14.3],
			"to": [15, 3.4, 16.2],
			"faces": {
				"north": {"uv": [3.5, 6, 7, 7.25], "texture": "#5"},
				"east": {"uv": [10.5, 0, 11, 1.25], "texture": "#5"},
				"south": {"uv": [0, 6.5, 3.5, 7.75], "texture": "#5"},
				"west": {"uv": [10.5, 1.25, 11, 2.5], "texture": "#5"},
				"up": {"uv": [7, 7.75, 3.5, 7.25], "texture": "#5"},
				"down": {"uv": [7, 8.75, 3.5, 9.25], "texture": "#5"}
			}
		},
		{
			"from": [7, 2.8, -2.6],
			"to": [9, 5.8, -0.6],
			"rotation": {"angle": 22.5, "axis": "x", "origin": [0, 0, 0]},
			"faces": {
				"north": {"uv": [4.5, 7, 5.5, 8.5], "texture": "#2"},
				"east": {"uv": [5.5, 7, 6.5, 8.5], "texture": "#2"},
				"south": {"uv": [6.5, 7, 7.5, 8.5], "texture": "#2"},
				"west": {"uv": [0, 7.5, 1, 9], "texture": "#2"},
				"up": {"uv": [11.5, 12, 10.5, 11], "texture": "#2"},
				"down": {"uv": [12.5, 0, 11.5, 1], "texture": "#2"}
			}
		},
		{
			"from": [5.9, 2.8, -2.5],
			"to": [10.1, 4.8, -0.6],
			"rotation": {"angle": 22.5, "axis": "x", "origin": [0, 0, 0]},
			"faces": {
				"north": {"uv": [5, 0, 7, 1], "texture": "#2"},
				"east": {"uv": [11.5, 1, 12.5, 2], "texture": "#2"},
				"south": {"uv": [5, 1, 7, 2], "texture": "#2"},
				"west": {"uv": [11.5, 2, 12.5, 3], "texture": "#2"},
				"up": {"uv": [7, 3, 5, 2], "texture": "#2"},
				"down": {"uv": [7, 3, 5, 4], "texture": "#2"}
			}
		},
		{
			"from": [6.7, 2.8, -3.2],
			"to": [9.4, 5.7, -2],
			"rotation": {"angle": 22.5, "axis": "x", "origin": [0, 0, 0]},
			"faces": {
				"north": {"uv": [5, 4, 6.25, 5.5], "texture": "#2"},
				"east": {"uv": [12.5, 12.5, 13, 14], "texture": "#2"},
				"south": {"uv": [5, 5.5, 6.25, 7], "texture": "#2"},
				"west": {"uv": [0, 13, 0.5, 14.5], "texture": "#2"},
				"up": {"uv": [13.25, 5, 12, 4.5], "texture": "#2"},
				"down": {"uv": [13.75, 8.5, 12.5, 9], "texture": "#2"}
			}
		},
		{
			"from": [6.8, 2.5, -3.3],
			"to": [9.3, 3.9, -1],
			"faces": {
				"north": {"uv": [12.5, 7.5, 13.75, 8.25], "texture": "#2"},
				"east": {"uv": [12.5, 10.5, 13.75, 11.25], "texture": "#2"},
				"south": {"uv": [11, 12.5, 12.25, 13.25], "texture": "#2"},
				"west": {"uv": [12.5, 11.5, 13.75, 12.25], "texture": "#2"},
				"up": {"uv": [8.25, 1.75, 7, 0.5], "texture": "#2"},
				"down": {"uv": [8.25, 2, 7, 3.25], "texture": "#2"}
			}
		},
		{
			"from": [7.9, 1.2, -4.4],
			"to": [8.2, 1.6, -3.5],
			"rotation": {"angle": 0, "axis": "y", "origin": [0, 0, 1.4]},
			"faces": {
				"north": {"uv": [15, 8.5, 15.25, 8.75], "texture": "#2"},
				"east": {"uv": [4.5, 15, 5, 15.25], "texture": "#2"},
				"south": {"uv": [15, 9.5, 15.25, 9.75], "texture": "#2"},
				"west": {"uv": [15, 4.5, 15.5, 4.75], "texture": "#2"},
				"up": {"uv": [5.25, 15.5, 5, 15], "texture": "#2"},
				"down": {"uv": [5.75, 15, 5.5, 15.5], "texture": "#2"}
			}
		},
		{
			"from": [8.4, 0.4, -8.6],
			"to": [12.5, 1.3, -7.5],
			"rotation": {"angle": -22.5, "axis": "y", "origin": [0, 0.4, 1.4]},
			"faces": {
				"north": {"uv": [11, 5, 13, 5.5], "texture": "#2"},
				"east": {"uv": [9, 8.5, 9.5, 9], "texture": "#2"},
				"south": {"uv": [11, 9, 13, 9.5], "texture": "#2"},
				"west": {"uv": [9, 10.5, 9.5, 11], "texture": "#2"},
				"up": {"uv": [13.5, 3.5, 11.5, 3], "texture": "#2"},
				"down": {"uv": [6, 11.5, 4, 12], "texture": "#2"}
			}
		},
		{
			"from": [6.5, 1.9, -4.6],
			"to": [6.8, 2.3, -2.6],
			"rotation": {"angle": 0, "axis": "y", "origin": [0, 0, 1.4]},
			"faces": {
				"north": {"uv": [10, 15, 10.25, 15.25], "texture": "#2"},
				"east": {"uv": [14, 3.5, 15, 3.75], "texture": "#2"},
				"south": {"uv": [15, 10, 15.25, 10.25], "texture": "#2"},
				"west": {"uv": [14, 4, 15, 4.25], "texture": "#2"},
				"up": {"uv": [4.75, 15, 4.5, 14], "texture": "#2"},
				"down": {"uv": [5.25, 14, 5, 15], "texture": "#2"}
			}
		},
		{
			"from": [2.4, 0.4, -2.4],
			"to": [6.5, 1.3, -1.3],
			"rotation": {"angle": 22.5, "axis": "y", "origin": [0, 0.4, 1.4]},
			"faces": {
				"north": {"uv": [11.5, 5.5, 13.5, 6], "texture": "#2"},
				"east": {"uv": [12, 7.5, 12.5, 8], "texture": "#2"},
				"south": {"uv": [11.5, 6, 13.5, 6.5], "texture": "#2"},
				"west": {"uv": [11, 12, 11.5, 12.5], "texture": "#2"},
				"up": {"uv": [13.5, 10, 11.5, 9.5], "texture": "#2"},
				"down": {"uv": [13.5, 10, 11.5, 10.5], "texture": "#2"}
			}
		},
		{
			"from": [6.8, 1.5, -4.6],
			"to": [9.3, 2.3, -2.6],
			"rotation": {"angle": 0, "axis": "y", "origin": [0, 0, 1.4]},
			"faces": {
				"north": {"uv": [13, 5, 14.25, 5.5], "texture": "#2"},
				"east": {"uv": [7, 3.5, 8, 4], "texture": "#2"},
				"south": {"uv": [5.5, 13, 6.75, 13.5], "texture": "#2"},
				"west": {"uv": [10, 8, 11, 8.5], "texture": "#2"},
				"up": {"uv": [9.75, 1.5, 8.5, 0.5], "texture": "#2"},
				"down": {"uv": [2.25, 8.5, 1, 9.5], "texture": "#2"}
			}
		},
		{
			"from": [4.5, 0.4, -4.6],
			"to": [11.6, 1.3, -3.5],
			"rotation": {"angle": 0, "axis": "y", "origin": [0, 0.4, 1.4]},
			"faces": {
				"north": {"uv": [6.5, 5.5, 10, 6], "texture": "#2"},
				"east": {"uv": [14, 6.5, 14.5, 7], "texture": "#2"},
				"south": {"uv": [6.5, 6, 10, 6.5], "texture": "#2"},
				"west": {"uv": [7, 14, 7.5, 14.5], "texture": "#2"},
				"up": {"uv": [10, 7, 6.5, 6.5], "texture": "#2"},
				"down": {"uv": [10.5, 0, 7, 0.5], "texture": "#2"}
			}
		},
		{
			"from": [6.5, 2.3, -4.6],
			"to": [9.6, 2.5, -2.6],
			"rotation": {"angle": 0, "axis": "y", "origin": [0, 0, 1.4]},
			"faces": {
				"north": {"uv": [7, 13, 8.5, 13.25], "texture": "#2"},
				"east": {"uv": [7.5, 14, 8.5, 14.25], "texture": "#2"},
				"south": {"uv": [13, 7, 14.5, 7.25], "texture": "#2"},
				"west": {"uv": [14, 7.5, 15, 7.75], "texture": "#2"},
				"up": {"uv": [2.5, 8.5, 1, 7.5], "texture": "#2"},
				"down": {"uv": [4, 7.5, 2.5, 8.5], "texture": "#2"}
			}
		},
		{
			"from": [9.3, 1.9, -4.6],
			"to": [9.6, 2.3, -2.6],
			"rotation": {"angle": 0, "axis": "y", "origin": [0, 0, 1.4]},
			"faces": {
				"north": {"uv": [10.5, 15, 10.75, 15.25], "texture": "#2"},
				"east": {"uv": [14, 8, 15, 8.25], "texture": "#2"},
				"south": {"uv": [15, 10.5, 15.25, 10.75], "texture": "#2"},
				"west": {"uv": [14, 8.5, 15, 8.75], "texture": "#2"},
				"up": {"uv": [14.25, 11.5, 14, 10.5], "texture": "#2"},
				"down": {"uv": [14.25, 11.5, 14, 12.5], "texture": "#2"}
			}
		},
		{
			"from": [7.2, 0.2, -5.7],
			"to": [9, 1.5, -4.7],
			"rotation": {"angle": 22.5, "axis": "x", "origin": [0, 0, 1.4]},
			"faces": {
				"north": {"uv": [0.5, 13, 1.5, 13.75], "texture": "#2"},
				"east": {"uv": [4.5, 6, 5, 6.75], "texture": "#2"},
				"south": {"uv": [1.5, 13, 2.5, 13.75], "texture": "#2"},
				"west": {"uv": [4, 7.5, 4.5, 8.25], "texture": "#2"},
				"up": {"uv": [11.5, 0.5, 10.5, 0], "texture": "#2"},
				"down": {"uv": [14, 6.5, 13, 7], "texture": "#2"}
			}
		},
		{
			"from": [7.1, 2.5, -4.6],
			"to": [9.1, 4.1, -2.6],
			"rotation": {"angle": 0, "axis": "y", "origin": [0, 0, 1.4]},
			"faces": {
				"north": {"uv": [2.5, 13, 3.5, 13.75], "texture": "#2"},
				"east": {"uv": [3.5, 13, 4.5, 13.75], "texture": "#2"},
				"south": {"uv": [13, 3.5, 14, 4.25], "texture": "#2"},
				"west": {"uv": [4.5, 13, 5.5, 13.75], "texture": "#2"},
				"up": {"uv": [12.5, 11.5, 11.5, 10.5], "texture": "#2"},
				"down": {"uv": [12.5, 11.5, 11.5, 12.5], "texture": "#2"}
			}
		},
		{
			"from": [9.1, -2, -6.6],
			"to": [11.1, 0, -4.2],
			"rotation": {"angle": 0, "axis": "y", "origin": [4.4, 0.2, -4.6]},
			"faces": {
				"north": {"uv": [0, 12, 1, 13], "texture": "#2"},
				"east": {"uv": [8.5, 1.5, 9.75, 2.5], "texture": "#2"},
				"south": {"uv": [1, 12, 2, 13], "texture": "#2"},
				"west": {"uv": [2.5, 8.5, 3.75, 9.5], "texture": "#2"},
				"up": {"uv": [5, 9.75, 4, 8.5], "texture": "#2"},
				"down": {"uv": [6, 8.5, 5, 9.75], "texture": "#2"}
			}
		},
		{
			"from": [3.3, -2.3, -2.8],
			"to": [7.9, 0.3, 0.2],
			"rotation": {"angle": 22.5, "axis": "y", "origin": [0.5, 0.2, 0]},
			"faces": {
				"north": {"uv": [0, 3, 2.25, 4.25], "texture": "#2"},
				"east": {"uv": [0, 6, 1.5, 7.25], "texture": "#2"},
				"south": {"uv": [2.5, 3, 4.75, 4.25], "texture": "#2"},
				"west": {"uv": [1.5, 6, 3, 7.25], "texture": "#2"},
				"up": {"uv": [2.25, 1.5, 0, 0], "texture": "#2"},
				"down": {"uv": [2.25, 1.5, 0, 3], "texture": "#2"}
			}
		},
		{
			"from": [4.7, -2, -6.6],
			"to": [6.7, 0, -4.3],
			"rotation": {"angle": 0, "axis": "z", "origin": [0.5, 0.2, 0]},
			"faces": {
				"north": {"uv": [2, 12, 3, 13], "texture": "#2"},
				"east": {"uv": [8.5, 2.5, 9.75, 3.5], "texture": "#2"},
				"south": {"uv": [3, 12, 4, 13], "texture": "#2"},
				"west": {"uv": [6, 8.5, 7.25, 9.5], "texture": "#2"},
				"up": {"uv": [1, 10.25, 0, 9], "texture": "#2"},
				"down": {"uv": [10, 7, 9, 8.25], "texture": "#2"}
			}
		},
		{
			"from": [3.5, -2, -4.9],
			"to": [5.5, 0, -2.8],
			"rotation": {"angle": 22.5, "axis": "y", "origin": [0.5, 0.2, 0]},
			"faces": {
				"north": {"uv": [12, 3.5, 13, 4.5], "texture": "#2"},
				"east": {"uv": [4, 12, 5, 13], "texture": "#2"},
				"south": {"uv": [5, 12, 6, 13], "texture": "#2"},
				"west": {"uv": [6, 12, 7, 13], "texture": "#2"},
				"up": {"uv": [13, 7.5, 12, 6.5], "texture": "#2"},
				"down": {"uv": [8, 12, 7, 13], "texture": "#2"}
			}
		},
		{
			"from": [8.8, 0.2, -8.6],
			"to": [9.2, 0.6, -7.5],
			"rotation": {"angle": -22.5, "axis": "y", "origin": [0, 0.4, 0]},
			"faces": {
				"north": {"uv": [11, 15, 11.25, 15.25], "texture": "#2"},
				"east": {"uv": [15, 5.5, 15.5, 5.75], "texture": "#2"},
				"south": {"uv": [15, 11, 15.25, 11.25], "texture": "#2"},
				"west": {"uv": [6, 15, 6.5, 15.25], "texture": "#2"},
				"up": {"uv": [15.25, 6.5, 15, 6], "texture": "#2"},
				"down": {"uv": [6.75, 15, 6.5, 15.5], "texture": "#2"}
			}
		},
		{
			"from": [5.7, 0.2, -2.4],
			"to": [6.1, 0.6, -1.3],
			"rotation": {"angle": 22.5, "axis": "y", "origin": [0, 0.4, 0]},
			"faces": {
				"north": {"uv": [11.5, 15, 11.75, 15.25], "texture": "#2"},
				"east": {"uv": [15, 7.5, 15.5, 7.75], "texture": "#2"},
				"south": {"uv": [15, 11.5, 15.25, 11.75], "texture": "#2"},
				"west": {"uv": [8, 15, 8.5, 15.25], "texture": "#2"},
				"up": {"uv": [15.25, 8.5, 15, 8], "texture": "#2"},
				"down": {"uv": [8.75, 15, 8.5, 15.5], "texture": "#2"}
			}
		},
		{
			"from": [8.8, -2.3, -7.4],
			"to": [13.4, 0.3, -4.4],
			"rotation": {"angle": -22.5, "axis": "y", "origin": [4.4, 0.2, -4.6]},
			"faces": {
				"north": {"uv": [0, 4.5, 2.25, 5.75], "texture": "#2"},
				"east": {"uv": [3, 6, 4.5, 7.25], "texture": "#2"},
				"south": {"uv": [2.5, 4.5, 4.75, 5.75], "texture": "#2"},
				"west": {"uv": [6.5, 4, 8, 5.25], "texture": "#2"},
				"up": {"uv": [4.75, 1.5, 2.5, 0], "texture": "#2"},
				"down": {"uv": [4.75, 1.5, 2.5, 3], "texture": "#2"}
			}
		},
		{
			"from": [11.2, -2, -9.3],
			"to": [13.2, 0, -7.4],
			"rotation": {"angle": -22.5, "axis": "y", "origin": [4.4, 0.2, -4.6]},
			"faces": {
				"north": {"uv": [8, 12, 9, 13], "texture": "#2"},
				"east": {"uv": [9, 12, 10, 13], "texture": "#2"},
				"south": {"uv": [10, 12, 11, 13], "texture": "#2"},
				"west": {"uv": [12.5, 0, 13.5, 1], "texture": "#2"},
				"up": {"uv": [13.5, 2, 12.5, 1], "texture": "#2"},
				"down": {"uv": [13.5, 2, 12.5, 3], "texture": "#2"}
			}
		},
		{
			"from": [4.7, 0, -7],
			"to": [6.7, 0.1, -4.4],
			"faces": {
				"north": {"uv": [12.5, 14, 13.5, 14.25], "texture": "#2"},
				"east": {"uv": [13, 9, 14.25, 9.25], "texture": "#2"},
				"south": {"uv": [13.5, 14, 14.5, 14.25], "texture": "#2"},
				"west": {"uv": [13, 12.5, 14.25, 12.75], "texture": "#2"},
				"up": {"uv": [8.5, 10.25, 7.5, 9], "texture": "#2"},
				"down": {"uv": [9.5, 9, 8.5, 10.25], "texture": "#2"}
			}
		},
		{
			"from": [6.7, -2.1, -7],
			"to": [6.8, 0.1, -4.1],
			"faces": {
				"north": {"uv": [0, 14.5, 0.25, 15.5], "texture": "#2"},
				"east": {"uv": [7.5, 7, 9, 8], "texture": "#2"},
				"south": {"uv": [0.5, 14.5, 0.75, 15.5], "texture": "#2"},
				"west": {"uv": [8, 3.5, 9.5, 4.5], "texture": "#2"},
				"up": {"uv": [8.75, 14.5, 8.5, 13], "texture": "#2"},
				"down": {"uv": [9.25, 13, 9, 14.5], "texture": "#2"}
			}
		},
		{
			"from": [4.7, -2.1, -7],
			"to": [6.7, -2, -4.4],
			"faces": {
				"north": {"uv": [1, 14.5, 2, 14.75], "texture": "#2"},
				"east": {"uv": [13, 13, 14.25, 13.25], "texture": "#2"},
				"south": {"uv": [14.5, 1.5, 15.5, 1.75], "texture": "#2"},
				"west": {"uv": [13.5, 0, 14.75, 0.25], "texture": "#2"},
				"up": {"uv": [2, 10.75, 1, 9.5], "texture": "#2"},
				"down": {"uv": [3, 9.5, 2, 10.75], "texture": "#2"}
			}
		},
		{
			"from": [5.4, -2.1, -5.1],
			"to": [5.5, 0, -2.6],
			"rotation": {"angle": 22.5, "axis": "y", "origin": [0, 0, 0]},
			"faces": {
				"north": {"uv": [2, 14.5, 2.25, 15.5], "texture": "#2"},
				"east": {"uv": [9.5, 3.5, 10.75, 4.5], "texture": "#2"},
				"south": {"uv": [14.5, 2, 14.75, 3], "texture": "#2"},
				"west": {"uv": [9.5, 4.5, 10.75, 5.5], "texture": "#2"},
				"up": {"uv": [10.75, 14.25, 10.5, 13], "texture": "#2"},
				"down": {"uv": [13.75, 0.5, 13.5, 1.75], "texture": "#2"}
			}
		},
		{
			"from": [4.6, -2.1, -7],
			"to": [4.7, 0.1, -4.7],
			"faces": {
				"north": {"uv": [2.5, 14.5, 2.75, 15.5], "texture": "#2"},
				"east": {"uv": [6, 9.5, 7.25, 10.5], "texture": "#2"},
				"south": {"uv": [3, 14.5, 3.25, 15.5], "texture": "#2"},
				"west": {"uv": [9.5, 8.5, 10.75, 9.5], "texture": "#2"},
				"up": {"uv": [13.75, 3.25, 13.5, 2], "texture": "#2"},
				"down": {"uv": [5.75, 13.5, 5.5, 14.75], "texture": "#2"}
			}
		},
		{
			"from": [3.4, 0, -5.1],
			"to": [5.5, 0.1, -2.6],
			"rotation": {"angle": 22.5, "axis": "y", "origin": [0, 0, 0]},
			"faces": {
				"north": {"uv": [14.5, 5, 15.5, 5.25], "texture": "#2"},
				"east": {"uv": [13.5, 4.5, 14.75, 4.75], "texture": "#2"},
				"south": {"uv": [14.5, 6.5, 15.5, 6.75], "texture": "#2"},
				"west": {"uv": [13.5, 5.5, 14.75, 5.75], "texture": "#2"},
				"up": {"uv": [4, 10.75, 3, 9.5], "texture": "#2"},
				"down": {"uv": [10.5, 9.5, 9.5, 10.75], "texture": "#2"}
			}
		},
		{
			"from": [3.4, -2.1, -5.1],
			"to": [3.5, 0, -2.6],
			"rotation": {"angle": 22.5, "axis": "y", "origin": [0, 0, 0]},
			"faces": {
				"north": {"uv": [7, 14.5, 7.25, 15.5], "texture": "#2"},
				"east": {"uv": [10, 0.5, 11.25, 1.5], "texture": "#2"},
				"south": {"uv": [7.5, 14.5, 7.75, 15.5], "texture": "#2"},
				"west": {"uv": [10, 1.5, 11.25, 2.5], "texture": "#2"},
				"up": {"uv": [6.25, 14.75, 6, 13.5], "texture": "#2"},
				"down": {"uv": [6.75, 13.5, 6.5, 14.75], "texture": "#2"}
			}
		},
		{
			"from": [3.5, -2.1, -5.1],
			"to": [5.4, -2, -2.6],
			"rotation": {"angle": 22.5, "axis": "y", "origin": [0, 0, 0]},
			"faces": {
				"north": {"uv": [14.5, 7, 15.5, 7.25], "texture": "#2"},
				"east": {"uv": [13.5, 6, 14.75, 6.25], "texture": "#2"},
				"south": {"uv": [8, 14.5, 9, 14.75], "texture": "#2"},
				"west": {"uv": [7, 13.5, 8.25, 13.75], "texture": "#2"},
				"up": {"uv": [5, 11.25, 4, 10], "texture": "#2"},
				"down": {"uv": [6, 10, 5, 11.25], "texture": "#2"}
			}
		},
		{
			"from": [11.1, -2.1, -7],
			"to": [11.2, 0.1, -4.7],
			"faces": {
				"north": {"uv": [9, 14.5, 9.25, 15.5], "texture": "#2"},
				"east": {"uv": [10, 2.5, 11.25, 3.5], "texture": "#2"},
				"south": {"uv": [9.5, 14.5, 9.75, 15.5], "texture": "#2"},
				"west": {"uv": [10, 5.5, 11.25, 6.5], "texture": "#2"},
				"up": {"uv": [11.25, 14.75, 11, 13.5], "texture": "#2"},
				"down": {"uv": [11.75, 13.5, 11.5, 14.75], "texture": "#2"}
			}
		},
		{
			"from": [9.1, -2.1, -7],
			"to": [11.1, -2, -4.5],
			"faces": {
				"north": {"uv": [14.5, 9, 15.5, 9.25], "texture": "#2"},
				"east": {"uv": [13.5, 9.5, 14.75, 9.75], "texture": "#2"},
				"south": {"uv": [10, 14.5, 11, 14.75], "texture": "#2"},
				"west": {"uv": [13.5, 10, 14.75, 10.25], "texture": "#2"},
				"up": {"uv": [11, 7.75, 10, 6.5], "texture": "#2"},
				"down": {"uv": [1, 10.5, 0, 11.75], "texture": "#2"}
			}
		},
		{
			"from": [9, -2.1, -7],
			"to": [9.1, 0.1, -4.1],
			"faces": {
				"north": {"uv": [14.5, 10.5, 14.75, 11.5], "texture": "#2"},
				"east": {"uv": [8, 4.5, 9.5, 5.5], "texture": "#2"},
				"south": {"uv": [14.5, 11.5, 14.75, 12.5], "texture": "#2"},
				"west": {"uv": [7.5, 8, 9, 9], "texture": "#2"},
				"up": {"uv": [9.75, 14.5, 9.5, 13], "texture": "#2"},
				"down": {"uv": [10.25, 13, 10, 14.5], "texture": "#2"}
			}
		},
		{
			"from": [9.1, 0, -7],
			"to": [11.1, 0.1, -4.4],
			"faces": {
				"north": {"uv": [12.5, 14.5, 13.5, 14.75], "texture": "#2"},
				"east": {"uv": [13, 13.5, 14.25, 13.75], "texture": "#2"},
				"south": {"uv": [14.5, 12.5, 15.5, 12.75], "texture": "#2"},
				"west": {"uv": [0.5, 14, 1.75, 14.25], "texture": "#2"},
				"up": {"uv": [7, 11.75, 6, 10.5], "texture": "#2"},
				"down": {"uv": [8, 10.5, 7, 11.75], "texture": "#2"}
			}
		},
		{
			"from": [9.1, 0, -11],
			"to": [11.1, 0.1, -8.7],
			"rotation": {"angle": -22.5, "axis": "y", "origin": [0, 0, 0]},
			"faces": {
				"north": {"uv": [14.5, 13, 15.5, 13.25], "texture": "#2"},
				"east": {"uv": [14, 0.5, 15.25, 0.75], "texture": "#2"},
				"south": {"uv": [13.5, 14.5, 14.5, 14.75], "texture": "#2"},
				"west": {"uv": [14, 1, 15.25, 1.25], "texture": "#2"},
				"up": {"uv": [9, 11.75, 8, 10.5], "texture": "#2"},
				"down": {"uv": [11.5, 9.5, 10.5, 10.75], "texture": "#2"}
			}
		},
		{
			"from": [9, -2.1, -11],
			"to": [9.1, 0.1, -8.7],
			"rotation": {"angle": -22.5, "axis": "y", "origin": [0, 0, 0]},
			"faces": {
				"north": {"uv": [14.5, 13.5, 14.75, 14.5], "texture": "#2"},
				"east": {"uv": [1, 11, 2.25, 12], "texture": "#2"},
				"south": {"uv": [14.5, 14.5, 14.75, 15.5], "texture": "#2"},
				"west": {"uv": [2.5, 11, 3.75, 12], "texture": "#2"},
				"up": {"uv": [12.25, 14.75, 12, 13.5], "texture": "#2"},
				"down": {"uv": [14.25, 1.5, 14, 2.75], "texture": "#2"}
			}
		},
		{
			"from": [9.1, -2.1, -11],
			"to": [11.1, -2, -8.7],
			"rotation": {"angle": -22.5, "axis": "y", "origin": [0, 0, 0]},
			"faces": {
				"north": {"uv": [15, 0, 16, 0.25], "texture": "#2"},
				"east": {"uv": [2, 14, 3.25, 14.25], "texture": "#2"},
				"south": {"uv": [1, 15, 2, 15.25], "texture": "#2"},
				"west": {"uv": [14, 3, 15.25, 3.25], "texture": "#2"},
				"up": {"uv": [12, 4.75, 11, 3.5], "texture": "#2"},
				"down": {"uv": [12, 6.5, 11, 7.75], "texture": "#2"}
			}
		},
		{
			"from": [11.1, -2.1, -11],
			"to": [11.2, 0.1, -8.7],
			"rotation": {"angle": -22.5, "axis": "y", "origin": [0, 0, 0]},
			"faces": {
				"north": {"uv": [15, 2, 15.25, 3], "texture": "#2"},
				"east": {"uv": [11, 8, 12.25, 9], "texture": "#2"},
				"south": {"uv": [15, 3.5, 15.25, 4.5], "texture": "#2"},
				"west": {"uv": [9, 11, 10.25, 12], "texture": "#2"},
				"up": {"uv": [3.75, 15.25, 3.5, 14], "texture": "#2"},
				"down": {"uv": [4.25, 14, 4, 15.25], "texture": "#2"}
			}
		},
		{
			"from": [1.5, -5.6, 0.9],
			"to": [1.5, 3.1, 14.3],
			"faces": {
				"north": {"uv": [0, 0, 0, 7.6], "texture": "#3"},
				"east": {"uv": [0, 0, 13.4, 7.6], "texture": "#3"},
				"south": {"uv": [0, 0, 0, 7.6], "texture": "#3"},
				"west": {"uv": [0, 0, 13.4, 7.6], "texture": "#3"},
				"up": {"uv": [0, 0, 0, 13.4], "texture": "#3"},
				"down": {"uv": [0, 0, 0, 13.4], "texture": "#3"}
			}
		},
		{
			"from": [1.5, -5.6, 14.3],
			"to": [14.5, -0.2, 14.3],
			"faces": {
				"north": {"uv": [0, 0, 12.9, 5.4], "texture": "#3"},
				"east": {"uv": [0, 0, 0, 5.4], "texture": "#3"},
				"south": {"uv": [0, 0, 12.9, 5.4], "texture": "#3"},
				"west": {"uv": [0, 0, 0, 5.4], "texture": "#3"},
				"up": {"uv": [0, 0, 0, 12.9], "rotation": 270, "texture": "#3"},
				"down": {"uv": [0, 0, 0, 12.9], "rotation": 90, "texture": "#3"}
			}
		},
		{
			"from": [1.5, -5.7, 0.9],
			"to": [14.5, -5.6, 14.3],
			"faces": {
				"north": {"uv": [0, 0, 0.1, 12.9], "rotation": 270, "texture": "#3"},
				"east": {"uv": [0, 0, 0.1, 13.4], "rotation": 270, "texture": "#3"},
				"south": {"uv": [0, 0, 0.1, 12.9], "rotation": 270, "texture": "#3"},
				"west": {"uv": [0, 0, 0.1, 13.4], "rotation": 90, "texture": "#3"},
				"up": {"uv": [0, 0, 12.9, 13.4], "rotation": 180, "texture": "#3"},
				"down": {"uv": [0, 0, 12.9, 13.4], "texture": "#3"}
			}
		},
		{
			"from": [1.5, -0.1, 0.9],
			"to": [14.5, 3.1, 0.9],
			"faces": {
				"north": {"uv": [0, 0, 12.9, 3.2], "texture": "#3"},
				"east": {"uv": [0, 0, 0, 3.2], "texture": "#3"},
				"south": {"uv": [0, 0, 12.9, 3.2], "texture": "#3"},
				"west": {"uv": [0, 0, 0, 3.2], "texture": "#3"},
				"up": {"uv": [0, 0, 0, 12.9], "rotation": 270, "texture": "#3"},
				"down": {"uv": [0, 0, 0, 12.9], "rotation": 90, "texture": "#3"}
			}
		},
		{
			"from": [1.5, -5.6, 0.9],
			"to": [14.5, -2.1, 0.9],
			"faces": {
				"north": {"uv": [0, 0, 12.9, 3.5], "texture": "#3"},
				"east": {"uv": [0, 0, 0, 3.5], "texture": "#3"},
				"south": {"uv": [0, 0, 12.9, 3.5], "texture": "#3"},
				"west": {"uv": [0, 0, 0, 3.5], "texture": "#3"},
				"up": {"uv": [0, 0, 0, 12.9], "rotation": 270, "texture": "#3"},
				"down": {"uv": [0, 0, 0, 12.9], "rotation": 90, "texture": "#3"}
			}
		},
		{
			"from": [14.5, -5.6, 0.9],
			"to": [14.5, 4, 14.3],
			"faces": {
				"north": {"uv": [0, 0, 0, 8], "texture": "#3"},
				"east": {"uv": [0, 0, 13, 8], "texture": "#3"},
				"south": {"uv": [0, 0, 0, 8], "texture": "#3"},
				"west": {"uv": [0, 8, 13, 16], "texture": "#3"},
				"up": {"uv": [0, 13, 0, 0], "texture": "#3"},
				"down": {"uv": [0, 0, 0, 13], "texture": "#3"}
			}
		}
	],
	"display": {
		"thirdperson_righthand": {
			"translation": [0, 0.5, 0],
			"scale": [0.4, 0.4, 0.4]
		},
		"thirdperson_lefthand": {
			"translation": [0, 0.5, 0],
			"scale": [0.4, 0.4, 0.4]
		},
		"firstperson_righthand": {
			"scale": [0.4, 0.4, 0.4]
		},
		"firstperson_lefthand": {
			"scale": [0.4, 0.4, 0.4]
		},
		"ground": {
			"scale": [0.4, 0.4, 0.4]
		},
		"gui": {
			"rotation": [0, 180, 0],
			"translation": [0, 6.25, 0],
			"scale": [0.9, 0.9, 0.9]
		},
		"head": {
			"translation": [0, 7.25, 0.25],
			"scale": [1.2, 1.2, 1.2]
		},
		"fixed": {
			"translation": [0, 3, 3]
		}
	},
	"groups": [
		{
			"name": "Helmet",
			"origin": [8, 8, 8],
			"color": 0,
			"children": [
				0,
				1,
				2,
				3,
				4,
				5,
				6,
				7,
				{
					"name": "planka",
					"origin": [0, 0, 0],
					"color": 0,
					"children": [8, 9, 10, 11, 12, 13, 14, 15, 16, 17, 18]
				},
				{
					"name": "planka",
					"origin": [0, 0, 0],
					"color": 0,
					"children": [19, 20, 21, 22, 23, 24, 25, 26, 27, 28, 29]
				},
				30,
				31,
				32,
				33,
				34
			]
		},
		{
			"name": "NVG",
			"origin": [0, 0, 0],
			"color": 0,
			"children": [
				35,
				36,
				37,
				38,
				{
					"name": "kreplenie",
					"origin": [0, 0, 0.4],
					"color": 0,
					"children": [
						39,
						40,
						41,
						42,
						43,
						44,
						45,
						46,
						47,
						48,
						{
							"name": "NVM",
							"origin": [0, 0, 0.4],
							"color": 0,
							"children": [49, 50, 51, 52, 53, 54, 55, 56]
						}
					]
				},
				{
					"name": "nvg20",
					"origin": [8, 8, 8],
					"color": 0,
					"children": [57, 58, 59, 60, 61, 62, 63, 64, 65, 66, 67, 68, 69, 70, 71, 72]
				}
			]
		},
		{
			"name": "mask",
			"origin": [8, 8, 8],
			"color": 0,
			"children": [
				73,
				74,
				75,
				76,
				77,
				78,
				{
					"name": "nvg23",
					"origin": [8, 8, 8],
					"color": 0,
					"children": []
				}
			]
		}
	]
}