{
	"credit": "Model generated using MrCrayfish's Model Creator (https://mrcrayfish.com/tools?id=mc)",
	"textures": {
		"0": "block/3D/polished_andesite",
		"1": "block/3D/magenta_stained_glass",
		"2": "block/3D/bone_block_top",
		"3": "block/3D/light_gray_concrete",
		"4": "block/3D/gray_terracotta",
		"5": "block/3D/purple_concrete_powder",
		"6": "block/3D/mossy_cobblestone",
		"7": "block/3D/red_stained_glass",
		"particle": "block/3D/cyan_wool"
	},
	"elements": [
		{
			"name": "Element",
			"from": [7.462, 0.038, 7.5],
			"to": [8.462, 8.038, 8.5],
			"faces": {
				"north": {"uv": [6, 8, 7, 16], "texture": "#0"},
				"east": {"uv": [4, 8, 5, 16], "texture": "#0"},
				"south": {"uv": [2, 8, 3, 16], "texture": "#0"},
				"west": {"uv": [0, 8, 1, 16], "texture": "#0"},
				"up": {"uv": [2, 6, 3, 7], "texture": "#0"}
			}
		},
		{
			"name": "Element",
			"from": [7.7, 8, 7.7],
			"to": [8.2, 28, 8.3],
			"faces": {
				"north": {"uv": [12, 4, 16, 8], "texture": "#1"},
				"east": {"uv": [12, 4, 16, 8], "texture": "#1"},
				"south": {"uv": [12, 4, 16, 8], "texture": "#1"},
				"west": {"uv": [12, 4, 16, 8], "texture": "#1"},
				"up": {"uv": [12, 4, 16, 8], "texture": "#1"}
			}
		},
		{
			"name": "Element",
			"from": [8.2, 8, 7.6],
			"to": [8.4, 27.6, 8.4],
			"faces": {
				"north": {"uv": [12, 0, 16, 4], "texture": "#1"},
				"east": {"uv": [12, 0, 16, 4], "texture": "#1"},
				"south": {"uv": [12, 0, 16, 4], "texture": "#1"},
				"west": {"uv": [12, 0, 16, 4], "texture": "#1"},
				"up": {"uv": [12, 0, 16, 4], "texture": "#1"}
			}
		},
		{
			"name": "Element",
			"from": [7.7, 8, 8.3],
			"to": [8.2, 27.6, 8.5],
			"faces": {
				"east": {"uv": [12, 0, 16, 4], "texture": "#1"},
				"south": {"uv": [12, 0, 16, 4], "texture": "#1"},
				"west": {"uv": [12, 0, 16, 4], "texture": "#1"},
				"up": {"uv": [12, 0, 16, 4], "texture": "#1"}
			}
		},
		{
			"name": "Element",
			"from": [6.962, 7.538, 7],
			"to": [8.962, 7.938, 9],
			"faces": {
				"north": {"uv": [6, 8, 8, 8.4], "texture": "#2"},
				"east": {"uv": [4, 8, 6, 8.4], "texture": "#2"},
				"south": {"uv": [2, 8, 4, 8.4], "texture": "#2"},
				"west": {"uv": [0, 8, 2, 8.4], "texture": "#2"},
				"up": {"uv": [2, 6, 4, 8], "texture": "#2"},
				"down": {"uv": [6, 8, 4, 6], "texture": "#2"}
			}
		},
		{
			"name": "Element",
			"from": [7.2, 7.4, 7.2],
			"to": [8.7, 7.6, 8.8],
			"faces": {
				"north": {"uv": [6, 8, 7.5, 8.2], "texture": "#3"},
				"east": {"uv": [4, 8, 5.6, 8.2], "texture": "#3"},
				"south": {"uv": [2, 8, 3.5, 8.2], "texture": "#3"},
				"west": {"uv": [0, 8, 1.6, 8.2], "texture": "#3"},
				"down": {"uv": [6, 8, 4, 6], "texture": "#3"}
			}
		},
		{
			"name": "Element",
			"from": [7.3, 6.7, 7.3],
			"to": [8.6, 7.4, 8.7],
			"faces": {
				"north": {"uv": [6, 8, 7.3, 8.7], "texture": "#4"},
				"east": {"uv": [4, 8, 5.4, 8.7], "texture": "#4"},
				"south": {"uv": [2, 8, 3.3, 8.7], "texture": "#4"},
				"west": {"uv": [0, 8, 1.4, 8.7], "texture": "#4"},
				"down": {"uv": [6, 8, 4, 6], "texture": "#4"}
			}
		},
		{
			"name": "Element",
			"from": [7.462, 1, 7.5],
			"to": [8.462, 4, 8.5],
			"rotation": {"angle": 22.5, "axis": "y", "origin": [8, 8, 8]},
			"faces": {
				"north": {"uv": [6, 8, 7, 11], "texture": "#2"},
				"east": {"uv": [4, 8, 5, 11], "texture": "#2"},
				"south": {"uv": [2, 8, 3, 11], "texture": "#2"},
				"west": {"uv": [0, 8, 1, 11], "texture": "#2"},
				"up": {"uv": [2, 6, 3, 7], "texture": "#2"},
				"down": {"uv": [6, 8, 4, 6], "texture": "#2"}
			}
		},
		{
			"name": "Element",
			"from": [7.462, 1, 7.5],
			"to": [8.462, 4, 8.5],
			"rotation": {"angle": 45, "axis": "y", "origin": [8, 8, 8]},
			"faces": {
				"north": {"uv": [6, 8, 7, 11], "texture": "#2"},
				"east": {"uv": [4, 8, 5, 11], "texture": "#2"},
				"south": {"uv": [2, 8, 3, 11], "texture": "#2"},
				"west": {"uv": [0, 8, 1, 11], "texture": "#2"},
				"up": {"uv": [2, 6, 3, 7], "texture": "#2"},
				"down": {"uv": [6, 8, 4, 6], "texture": "#2"}
			}
		},
		{
			"name": "Element",
			"from": [7.462, 1, 7.5],
			"to": [8.462, 4, 8.5],
			"rotation": {"angle": -22.5, "axis": "y", "origin": [8, 8, 8]},
			"faces": {
				"north": {"uv": [6, 8, 7, 11], "texture": "#2"},
				"east": {"uv": [4, 8, 5, 11], "texture": "#2"},
				"south": {"uv": [2, 8, 3, 11], "texture": "#2"},
				"west": {"uv": [0, 8, 1, 11], "texture": "#2"},
				"up": {"uv": [2, 6, 3, 7], "texture": "#2"},
				"down": {"uv": [6, 8, 4, 6], "texture": "#2"}
			}
		},
		{
			"name": "Element",
			"from": [7.462, 1, 7.5],
			"to": [8.462, 4, 8.5],
			"rotation": {"angle": -45, "axis": "y", "origin": [8, 8, 8]},
			"faces": {
				"north": {"uv": [6, 8, 7, 11], "texture": "#2"},
				"east": {"uv": [4, 8, 5, 11], "texture": "#2"},
				"south": {"uv": [2, 8, 3, 11], "texture": "#2"},
				"west": {"uv": [0, 8, 1, 11], "texture": "#2"},
				"up": {"uv": [2, 6, 3, 7], "texture": "#2"},
				"down": {"uv": [6, 8, 4, 6], "texture": "#2"}
			}
		},
		{
			"name": "Element",
			"from": [7.3, 0, 7.3],
			"to": [8.6, 0.7, 8.7],
			"faces": {
				"north": {"uv": [6, 8, 7.3, 8.7], "texture": "#2"},
				"east": {"uv": [4, 8, 5.4, 8.7], "texture": "#2"},
				"south": {"uv": [2, 8, 3.3, 8.7], "texture": "#2"},
				"west": {"uv": [0, 8, 1.4, 8.7], "texture": "#2"},
				"up": {"uv": [2, 6, 3.3, 7.4], "texture": "#2"},
				"down": {"uv": [6, 8, 4, 6], "texture": "#2"}
			}
		},
		{
			"name": "Element",
			"from": [6.4, 4.7, 7.7],
			"to": [6.6, 6, 8.3],
			"rotation": {"angle": 22.5, "axis": "z", "origin": [8, 8, 8]},
			"faces": {
				"north": {"uv": [6, 8, 6.2, 9.3], "texture": "#5"},
				"east": {"uv": [4, 8, 4.6, 9.3], "texture": "#5"},
				"south": {"uv": [2, 8, 2.2, 9.3], "texture": "#5"},
				"west": {"uv": [0, 8, 0.6, 9.3], "texture": "#5"},
				"up": {"uv": [2, 6, 2.2, 6.6], "texture": "#5"},
				"down": {"uv": [6, 8, 4, 6], "texture": "#5"}
			}
		},
		{
			"name": "Element",
			"from": [8.6, 4.7, 7.7],
			"to": [8.8, 6, 8.3],
			"rotation": {"angle": -22.5, "axis": "z", "origin": [8, 8, 8]},
			"faces": {
				"north": {"uv": [6, 8, 6.2, 9.3], "texture": "#5"},
				"east": {"uv": [4, 8, 4.6, 9.3], "texture": "#5"},
				"south": {"uv": [2, 8, 2.2, 9.3], "texture": "#5"},
				"west": {"uv": [0, 8, 0.6, 9.3], "texture": "#5"},
				"up": {"uv": [2, 6, 2.2, 6.6], "texture": "#5"},
				"down": {"uv": [6, 8, 4, 6], "texture": "#5"}
			}
		},
		{
			"name": "Element",
			"from": [8.4, 4.7, 7.7],
			"to": [8.8, 6, 8.3],
			"faces": {
				"north": {"uv": [6, 8, 6.4, 9.3], "texture": "#6"},
				"east": {"uv": [4, 8, 4.6, 9.3], "texture": "#6"},
				"south": {"uv": [2, 8, 2.4, 9.3], "texture": "#6"},
				"up": {"uv": [2, 6, 2.4, 6.6], "texture": "#6"},
				"down": {"uv": [6, 8, 4, 6], "texture": "#6"}
			}
		},
		{
			"name": "Element",
			"from": [8, 6.3, 7.4],
			"to": [8.3, 6.6, 7.5],
			"faces": {
				"north": {"uv": [6, 8, 6.3, 8.3], "texture": "#7"},
				"east": {"uv": [4, 8, 4.1, 8.3], "texture": "#7"},
				"west": {"uv": [0, 8, 0.1, 8.3], "texture": "#7"},
				"up": {"uv": [2, 6, 2.3, 6.1], "texture": "#7"},
				"down": {"uv": [6, 8, 4, 6], "texture": "#7"}
			}
		},
		{
			"name": "Element",
			"from": [7.5, 8, 7.6],
			"to": [7.7, 27.7, 8.4],
			"faces": {
				"north": {"uv": [12, 0, 16, 4], "texture": "#1"},
				"east": {"uv": [12, 0, 16, 4], "texture": "#1"},
				"south": {"uv": [12, 0, 16, 4], "texture": "#1"},
				"west": {"uv": [12, 0, 16, 4], "texture": "#1"},
				"up": {"uv": [12, 0, 16, 4], "texture": "#1"}
			}
		},
		{
			"name": "Element",
			"from": [7.7, 8, 7.5],
			"to": [8.2, 27.6, 7.7],
			"faces": {
				"north": {"uv": [12, 0, 16, 4], "texture": "#1"},
				"east": {"uv": [12, 0, 16, 4], "texture": "#1"},
				"south": {"uv": [12, 0, 16, 4], "texture": "#1"},
				"west": {"uv": [12, 0, 16, 4], "texture": "#1"},
				"up": {"uv": [12, 0, 16, 4], "texture": "#1"}
			}
		},
		{
			"name": "Element",
			"from": [7.362, 1, 7.4],
			"to": [8.502, 4, 8.53],
			"faces": {
				"north": {"uv": [6, 8, 7.14, 11], "texture": "#2"},
				"east": {"uv": [4, 8, 5.13, 11], "texture": "#2"},
				"south": {"uv": [2, 8, 3.14, 11], "texture": "#2"},
				"west": {"uv": [0, 8, 1.13, 11], "texture": "#2"},
				"up": {"uv": [2, 6, 3.14, 7.13], "texture": "#2"},
				"down": {"uv": [6, 8, 4, 6], "texture": "#2"}
			}
		}
	],
	"display": {
		"thirdperson_righthand": {
			"rotation": [0, 360, 0],
			"translation": [0, 3, 1.75],
			"scale": [0.975, 0.975, 0.975]
		},
		"thirdperson_lefthand": {
			"rotation": [0, 360, 0],
			"translation": [0, 3, 1.75],
			"scale": [0.975, 0.975, 0.975]
		},
		"firstperson_righthand": {
			"rotation": [321, 267, 318],
			"translation": [1, 3.5, 0]
		},
		"firstperson_lefthand": {
			"rotation": [321, 267, 318],
			"translation": [1, 3.5, 0]
		},
		"ground": {
			"translation": [0, 4, 0]
		},
		"gui": {
			"rotation": [0, 145, 331],
			"translation": [2, -3.1, 3.1],
			"scale": [1.42, 0.7, 0.9]
		},
		"head": {
			"translation": [0, -4, 0],
			"scale": [2, 2, 2]
		},
		"fixed": {
			"rotation": [0, 180, 0]
		}
	}
}