{
	"credit": "Designed by Sgeorge1970 with Cubik Studio - https://cubik.studio",
	"textures": {
		"texture": "items/body_1",
		"texture1": "items/barrel",
		"texture2": "items/body_2"
	},
	"elements": [
		{
			"name": "Box1",
			"from": [3, 8.65, 7],
			"to": [10.5, 9.65, 8],
			"rotation": {"angle": 45, "axis": "x", "origin": [3, 8.65, 7]},
			"faces": {
				"north": {"uv": [0, 6, 16, 10], "texture": "#texture1"},
				"east": {"uv": [1, 7, 3, 9], "texture": "#texture1"},
				"south": {"uv": [0, 6, 16, 10], "texture": "#texture1"},
				"west": {"uv": [1, 7, 3, 9], "texture": "#texture1"},
				"up": {"uv": [0, 6, 16, 10], "texture": "#texture1"},
				"down": {"uv": [0, 6, 16, 10], "texture": "#texture1"}
			}
		},
		{
			"name": "Box2",
			"from": [5.5, 7.5, 7],
			"to": [12, 9, 8.5],
			"faces": {
				"north": {"uv": [4, 7, 10.5, 8.5], "texture": "#texture"},
				"east": {"uv": [7.5, 7, 9, 8.5], "texture": "#texture"},
				"south": {"uv": [5.5, 7, 12, 8.5], "texture": "#texture"},
				"west": {"uv": [7, 7, 8.5, 8.5], "texture": "#texture"},
				"up": {"uv": [5.5, 7, 12, 8.5], "texture": "#texture"},
				"down": {"uv": [5.5, 7.5, 12, 9], "texture": "#texture"}
			}
		},
		{
			"name": "Box3",
			"from": [6.5, 3, 7.25],
			"to": [8, 7.5, 8.25],
			"faces": {
				"north": {"uv": [11, 11, 13, 15.5], "texture": "#texture1"},
				"east": {"uv": [12.5, 11, 13, 15.5], "texture": "#texture1"},
				"south": {"uv": [11, 11, 13, 15.5], "texture": "#texture1"},
				"west": {"uv": [11, 11, 11.5, 15.5], "texture": "#texture1"},
				"up": {"uv": [11, 11, 13, 11.5], "texture": "#texture1"},
				"down": {"uv": [11, 15, 13, 15.5], "texture": "#texture1"}
			}
		},
		{
			"name": "Box4",
			"from": [11, 4.5, 7.25],
			"to": [12.5, 8, 8.25],
			"rotation": {"angle": 22.5, "axis": "z", "origin": [11, 4.5, 7.25]},
			"faces": {
				"north": {"uv": [4.5, 8, 6, 11.5], "texture": "#texture2"},
				"east": {"uv": [1, 8, 2, 11.5], "texture": "#texture2"},
				"south": {"uv": [10, 8, 11.5, 11.5], "texture": "#texture2"},
				"west": {"uv": [14, 8, 15, 11.5], "texture": "#texture2"},
				"up": {"uv": [10, 14, 11.5, 15], "texture": "#texture2"},
				"down": {"uv": [10, 1, 11.5, 2], "texture": "#texture2"}
			}
		},
		{
			"name": "Box5",
			"from": [8.5, 6, 7.5],
			"to": [10.5, 6.5, 8],
			"faces": {
				"north": {"uv": [5.5, 9.5, 7.5, 10], "texture": "#texture2"},
				"east": {"uv": [8, 9.5, 8.5, 10], "texture": "#texture2"},
				"south": {"uv": [8.5, 9.5, 10.5, 10], "texture": "#texture2"},
				"west": {"uv": [7.5, 9.5, 8, 10], "texture": "#texture2"},
				"up": {"uv": [8.5, 7.5, 10.5, 8], "texture": "#texture2"},
				"down": {"uv": [8.5, 8, 10.5, 8.5], "texture": "#texture2"}
			}
		},
		{
			"name": "Box6",
			"from": [8, 6.5, 7.5],
			"to": [8.5, 7.5, 8],
			"faces": {
				"north": {"uv": [7.5, 8.5, 8, 9.5], "texture": "#texture2"},
				"east": {"uv": [1.5, 8.5, 2, 9.5], "texture": "#texture2"},
				"south": {"uv": [8, 8.5, 8.5, 9.5], "texture": "#texture2"},
				"west": {"uv": [14, 8.5, 14.5, 9.5], "texture": "#texture2"},
				"up": {"uv": [8, 14, 8.5, 14.5], "texture": "#texture2"},
				"down": {"uv": [8, 1.5, 8.5, 2], "texture": "#texture2"}
			}
		},
		{
			"name": "Box7",
			"from": [2.5, 8.65, 7.4],
			"to": [3, 9.15, 7.9],
			"rotation": {"angle": 45, "axis": "x", "origin": [2.5, 8.65, 7.4]},
			"faces": {
				"north": {"uv": [2.5, 12, 3, 12.5], "texture": "#texture1"},
				"east": {"uv": [3, 12.5, 3.5, 13], "texture": "#texture1"},
				"south": {"uv": [1.5, 12, 2, 12.5], "texture": "#texture1"},
				"west": {"uv": [2.5, 12.5, 3, 13], "texture": "#texture1"},
				"up": {"uv": [2, 12.5, 2.5, 13], "texture": "#texture1"},
				"down": {"uv": [2, 12.5, 2.5, 13], "texture": "#texture1"}
			}
		},
		{
			"name": "Box8",
			"from": [10.5, 9, 7.2],
			"to": [12, 9.5, 8.2],
			"faces": {
				"north": {"uv": [4, 6.5, 5.5, 7], "texture": "#texture"},
				"east": {"uv": [7.8, 6.5, 8.8, 7], "texture": "#texture"},
				"south": {"uv": [10.5, 6.5, 12, 7], "texture": "#texture"},
				"west": {"uv": [7.2, 6.5, 8.2, 7], "texture": "#texture"},
				"up": {"uv": [10.5, 7.2, 12, 8.2], "texture": "#texture"},
				"down": {"uv": [10.5, 7.8, 12, 8.8], "texture": "#texture"}
			}
		},
		{
			"name": "Box9",
			"from": [4, 8.75, 8.05],
			"to": [4.25, 9, 8.55],
			"rotation": {"angle": -45, "axis": "x", "origin": [4, 8.75, 8.05]},
			"faces": {
				"north": {"uv": [7, 11.5, 8, 12.5], "texture": "#texture1"},
				"east": {"uv": [7, 11.5, 8.5, 14], "texture": "#texture1"},
				"south": {"uv": [7, 11.5, 8, 12.5], "texture": "#texture1"},
				"west": {"uv": [7, 11.5, 8.5, 14], "texture": "#texture1"},
				"up": {"uv": [7, 11.5, 8.5, 14], "texture": "#texture1"},
				"down": {"uv": [7, 11.5, 8.5, 14], "texture": "#texture1"}
			}
		},
		{
			"name": "Box10",
			"from": [12, 7.5, 7.5],
			"to": [12.5, 9, 8],
			"rotation": {"angle": 22.5, "axis": "z", "origin": [12, 7.5, 7.5]},
			"faces": {
				"north": {"uv": [3.5, 7, 4, 8.5], "texture": "#texture2"},
				"east": {"uv": [1, 7, 2, 8.5], "texture": "#texture2"},
				"south": {"uv": [12, 7, 12.5, 8.5], "texture": "#texture2"},
				"west": {"uv": [14, 7, 15, 8.5], "texture": "#texture2"},
				"up": {"uv": [12, 14, 12.5, 15], "texture": "#texture2"},
				"down": {"uv": [12, 1, 12.5, 2], "texture": "#texture2"}
			}
		},
		{
			"name": "Box11",
			"from": [9.5, 7, 7.5],
			"to": [10.5, 8, 8],
			"rotation": {"angle": 22.5, "axis": "z", "origin": [9.5, 7, 7.5]},
			"faces": {
				"north": {"uv": [5.5, 8.5, 6.5, 9.5], "texture": "#texture2"},
				"east": {"uv": [1, 8.5, 2, 9.5], "texture": "#texture2"},
				"south": {"uv": [9.5, 8.5, 10.5, 9.5], "texture": "#texture2"},
				"west": {"uv": [14, 8.5, 15, 9.5], "texture": "#texture2"},
				"up": {"uv": [9.5, 14, 10.5, 15], "texture": "#texture2"},
				"down": {"uv": [9.5, 1, 10.5, 2], "texture": "#texture2"}
			}
		},
		{
			"name": "Box12",
			"from": [11, 9, 7],
			"to": [11.5, 10, 7.5],
			"faces": {
				"north": {"uv": [4.5, 6, 5, 7], "texture": "#texture2"},
				"east": {"uv": [8.5, 6, 9, 7], "texture": "#texture2"},
				"south": {"uv": [11, 6, 11.5, 7], "texture": "#texture2"},
				"west": {"uv": [7, 6, 7.5, 7], "texture": "#texture2"},
				"up": {"uv": [11, 7, 11.5, 7.5], "texture": "#texture2"},
				"down": {"uv": [11, 8.5, 11.5, 9], "texture": "#texture2"}
			}
		},
		{
			"name": "Box12",
			"from": [11, 9, 8],
			"to": [11.5, 10, 8.5],
			"faces": {
				"north": {"uv": [4.5, 5.5, 5, 6.5], "texture": "#texture2"},
				"east": {"uv": [7.5, 5.5, 8, 6.5], "texture": "#texture2"},
				"south": {"uv": [11, 5.5, 11.5, 6.5], "texture": "#texture2"},
				"west": {"uv": [8, 5.5, 8.5, 6.5], "texture": "#texture2"},
				"up": {"uv": [11, 8, 11.5, 8.5], "texture": "#texture2"},
				"down": {"uv": [11, 7.5, 11.5, 8], "texture": "#texture2"}
			}
		}
	],
	"display": {
		"thirdperson_righthand": {
			"rotation": [0, -90, 0],
			"translation": [0, 0, -1.391]
		},
		"thirdperson_lefthand": {
			"rotation": [0, 90, 0],
			"translation": [0, 0, -1.391]
		},
		"firstperson_righthand": {
			"rotation": [0, -95, 0],
			"translation": [-1.39, 2.7826, 0]
		},
		"firstperson_lefthand": {
			"rotation": [0, 90, 0],
			"translation": [-1.39, 2.7826, 0]
		},
		"ground": {
			"rotation": [90, 0, 0],
			"translation": [0, -3.478, 0]
		}
	}
}