{
	"credit": "By GriddenFox",
	"texture_size": [128, 128],
	"textures": {
		"2": "blocks/stone",
		"3": "blocks/concrete_powder_gray",
		"6": "blocks/iron_block",
		"7": "blocks/anvil_base",
		"particle": "blocks/stone"
	},
	"elements": [
		{
			"name": "base",
			"from": [7, 4, -0.002],
			"to": [7.75, 6, 4.6733],
			"faces": {
				"north": {"uv": [5, 7.5625, 7, 10.3125], "texture": "#3"},
				"east": {"uv": [0, 0, 0.58441, 0.25], "texture": "#3"},
				"south": {"uv": [0, 0, 0.09375, 0.25], "texture": "#3"},
				"west": {"uv": [0, 0, 0.58441, 0.25], "texture": "#3"},
				"up": {"uv": [5, 1, 6.875, 9.75], "texture": "#3"},
				"down": {"uv": [5, 3, 6, 10.5], "texture": "#3"}
			}
		},
		{
			"name": "base_",
			"from": [7, 4, 4.6751],
			"to": [7.75, 5.975, 5.0001],
			"faces": {
				"north": {"uv": [0, 0, 0.09375, 0.24687], "texture": "#3"},
				"east": {"uv": [0, 0, 0.04063, 0.24687], "texture": "#3"},
				"south": {"uv": [8, 3, 8.875, 3.75], "texture": "#3"},
				"west": {"uv": [0, 0, 0.04063, 0.24687], "texture": "#3"},
				"up": {"uv": [4, 10, 6.09375, 11.0395], "texture": "#3"},
				"down": {"uv": [5, 3, 8.09375, 5.0395], "texture": "#3"}
			}
		},
		{
			"name": "base1",
			"from": [6.6719, 3.525, 6.875],
			"to": [8.0741, 4.3251, 9.375],
			"faces": {
				"north": {"uv": [3, 12, 5.17438, 14.09875], "rotation": 180, "texture": "#3"},
				"east": {"uv": [4, 5, 6.09875, 9.3125], "rotation": 270, "texture": "#3"},
				"south": {"uv": [0, 0, 0.17528, 0.1], "texture": "#3"},
				"west": {"uv": [5, 4, 6.875, 7.125], "rotation": 90, "texture": "#3"},
				"up": {"uv": [0, 0, 0.17528, 0.3125], "rotation": 180, "texture": "#3"},
				"down": {"uv": [5, 5, 6.875, 8.75], "texture": "#3"}
			}
		},
		{
			"name": "base2",
			"from": [6.6722, 3.86, 5.81],
			"to": [8.074, 4.61, 6.81],
			"rotation": {"angle": -45, "axis": "x", "origin": [8, 8, 8]},
			"faces": {
				"north": {"uv": [0, 0, 0.17522, 0.09375], "rotation": 180, "texture": "#3"},
				"east": {"uv": [3, 10, 5.09375, 12.125], "rotation": 270, "texture": "#3"},
				"south": {"uv": [0, 0, 0.17522, 0.09375], "texture": "#3"},
				"west": {"uv": [3.125, 1.875, 4, 4], "rotation": 90, "texture": "#3"},
				"up": {"uv": [0, 0, 0.17522, 0.125], "rotation": 180, "texture": "#3"},
				"down": {"uv": [4, 3, 5.875, 4.875], "texture": "#3"}
			}
		},
		{
			"name": "base3",
			"from": [6.6723, 4, 9.85],
			"to": [8.0739, 4.2, 10.35],
			"faces": {
				"north": {"uv": [0, 0, 0.17524, 0.025], "texture": "#3"},
				"east": {"uv": [7, 8, 8.0625, 10.02475], "texture": "#3"},
				"south": {"uv": [0, 0, 0.17524, 0.025], "texture": "#3"},
				"west": {"uv": [3.75, 0, 4.8125, 1.02475], "texture": "#3"},
				"up": {"uv": [0, 0, 0.17524, 0.0625], "texture": "#3"},
				"down": {"uv": [5, 8, 6.875, 9], "texture": "#3"}
			}
		},
		{
			"name": "cube_",
			"from": [8.533, 5.081, 0],
			"to": [8.783, 6.056, 10],
			"rotation": {"angle": -22.5, "axis": "z", "origin": [8, 8, 8]},
			"faces": {
				"north": {"uv": [4, 7, 7.03125, 9.12175], "texture": "#3"},
				"east": {"uv": [0, 0, 1.25, 0.12187], "texture": "#3"},
				"south": {"uv": [0, 0, 0.03125, 0.12187], "texture": "#3"},
				"west": {"uv": [7, 0, 9.25, 15.12175], "texture": "#3"},
				"up": {"uv": [5, 0, 6.875, 15], "texture": "#3"},
				"down": {"uv": [0, 0, 0.03125, 1.25], "texture": "#3"}
			}
		},
		{
			"name": "cube__",
			"from": [6.06, 5.56, 0],
			"to": [6.31, 6.535, 10],
			"rotation": {"angle": 22.5, "axis": "z", "origin": [8, 8, 8]},
			"faces": {
				"north": {"uv": [5, 7, 7.03125, 11.12175], "texture": "#3"},
				"east": {"uv": [1.25, 0, 2.5, 0.12187], "texture": "#3"},
				"south": {"uv": [0.03125, 0, 0.0625, 0.12187], "texture": "#3"},
				"west": {"uv": [7, 0, 9.25, 15.12175], "texture": "#3"},
				"up": {"uv": [1, 0, 2.875, 15], "texture": "#3"},
				"down": {"uv": [0.03125, 0, 0.0625, 1.25], "texture": "#3"}
			}
		},
		{
			"name": "cube_1",
			"from": [6.679, 5.822, 0.0001],
			"to": [7.179, 6.072, 10.0002],
			"rotation": {"angle": 22.5, "axis": "z", "origin": [8, 8, 8]},
			"faces": {
				"north": {"uv": [3, 4, 4.03125, 6.0625], "rotation": 270, "texture": "#3"},
				"east": {"uv": [4, 0, 5.875, 15], "rotation": 90, "texture": "#3"},
				"south": {"uv": [0, 0, 0.03125, 0.0625], "rotation": 90, "texture": "#3"},
				"west": {"uv": [7, 0, 9.25, 15.12175], "rotation": 90, "texture": "#3"},
				"up": {"uv": [0, 0, 1.25, 0.0625], "rotation": 90, "texture": "#3"},
				"down": {"uv": [0, 0, 1.25, 0.0625], "rotation": 90, "texture": "#3"}
			}
		},
		{
			"name": "cube__2",
			"from": [7.664, 5.342, 0.0001],
			"to": [8.164, 5.592, 10.0002],
			"rotation": {"angle": -22.5, "axis": "z", "origin": [8, 8, 8]},
			"faces": {
				"north": {"uv": [5, 6, 7.03125, 9.0625], "rotation": 270, "texture": "#3"},
				"east": {"uv": [0, 1.25, 0.03125, 2.5], "rotation": 90, "texture": "#3"},
				"south": {"uv": [0, 0.0625, 0.03125, 0.125], "rotation": 90, "texture": "#3"},
				"west": {"uv": [7, 0, 8.875, 15], "rotation": 90, "texture": "#3"},
				"up": {"uv": [0, 0.0625, 1.25, 0.125], "rotation": 90, "texture": "#3"},
				"down": {"uv": [0, 0.0625, 1.25, 0.125], "rotation": 90, "texture": "#3"}
			}
		},
		{
			"name": "cube_",
			"from": [6.2369, 4.40072, 0],
			"to": [6.4869, 5.37572, 5],
			"rotation": {"angle": 22.5, "axis": "z", "origin": [8, 8, 8]},
			"faces": {
				"north": {"uv": [10, 11, 10.03125, 11.12175], "texture": "#3"},
				"east": {"uv": [0, 0.12187, 0.625, 0.24375], "texture": "#3"},
				"south": {"uv": [8, 3, 9, 4], "texture": "#3"},
				"west": {"uv": [5, 0, 7.625, 15.12175], "texture": "#3"},
				"up": {"uv": [0, 1.25, 0.03125, 1.875], "texture": "#3"},
				"down": {"uv": [1, 8, 2.875, 15.5], "texture": "#3"}
			}
		},
		{
			"name": "cube__",
			"from": [8.3561, 3.92172, 0],
			"to": [8.6061, 4.89672, 5],
			"rotation": {"angle": -22.5, "axis": "z", "origin": [8, 8, 8]},
			"faces": {
				"north": {"uv": [6, 8, 6.03125, 8.12175], "texture": "#3"},
				"east": {"uv": [1.25, 0.12187, 1.875, 0.24375], "texture": "#3"},
				"south": {"uv": [8, 3, 9, 4], "texture": "#3"},
				"west": {"uv": [5, 0, 7.625, 15.12175], "texture": "#3"},
				"up": {"uv": [0.03125, 1.25, 0.0625, 1.875], "texture": "#3"},
				"down": {"uv": [1, 0, 2.875, 7.5], "texture": "#3"}
			}
		},
		{
			"name": "cube_2",
			"from": [8.9751, 4.38472, 0.0001],
			"to": [9.4751, 4.63472, 5.0002],
			"rotation": {"angle": -22.5, "axis": "z", "origin": [8, 8, 8]},
			"faces": {
				"north": {"uv": [4, 8, 4.03125, 8.0625], "rotation": 270, "texture": "#3"},
				"east": {"uv": [12, 7, 13.875, 14.5], "rotation": 90, "texture": "#3"},
				"south": {"uv": [8, 3, 9.03125, 4.0625], "rotation": 90, "texture": "#3"},
				"west": {"uv": [5, 0, 7.625, 15.12175], "rotation": 90, "texture": "#3"},
				"up": {"uv": [1.25, 0, 1.875, 0.0625], "rotation": 90, "texture": "#3"},
				"down": {"uv": [1.25, 0, 1.875, 0.0625], "rotation": 90, "texture": "#3"}
			}
		},
		{
			"name": "cube__3",
			"from": [5.3679, 4.86472, 0.0001],
			"to": [5.8679, 5.11472, 5.0002],
			"rotation": {"angle": 22.5, "axis": "z", "origin": [8, 8, 8]},
			"faces": {
				"north": {"uv": [5, 9, 5.03125, 9.0625], "rotation": 270, "texture": "#3"},
				"east": {"uv": [0.03125, 1.25, 0.0625, 1.875], "rotation": 90, "texture": "#3"},
				"south": {"uv": [8, 3, 9.03125, 4.0625], "rotation": 90, "texture": "#3"},
				"west": {"uv": [5, 0, 6.875, 7.5], "rotation": 90, "texture": "#3"},
				"up": {"uv": [1.25, 0.0625, 1.875, 0.125], "rotation": 90, "texture": "#3"},
				"down": {"uv": [1.25, 0.0625, 1.875, 0.125], "rotation": 90, "texture": "#3"}
			}
		},
		{
			"name": "cube_",
			"from": [8.533, 5.081, 10],
			"to": [8.783, 6.056, 15.9998],
			"rotation": {"angle": -22.5, "axis": "z", "origin": [8, 8, 8]},
			"faces": {
				"north": {"uv": [0, 0, 0.03125, 0.12187], "texture": "#3"},
				"east": {"uv": [0, 0, 0.75001, 0.12187], "texture": "#3"},
				"south": {"uv": [1, 1, 2.03125, 2.12175], "texture": "#3"},
				"west": {"uv": [2, 0, 4.75, 15.12175], "texture": "#3"},
				"up": {"uv": [10, 4, 11.875, 11.5], "texture": "#3"},
				"down": {"uv": [0, 0, 0.03125, 0.75001], "texture": "#3"}
			}
		},
		{
			"name": "cube__",
			"from": [6.06, 5.56, 10],
			"to": [6.31, 6.535, 15.9998],
			"rotation": {"angle": 22.5, "axis": "z", "origin": [8, 8, 8]},
			"faces": {
				"north": {"uv": [0.03125, 0, 0.0625, 0.12187], "texture": "#3"},
				"east": {"uv": [1.25, 0, 2.00001, 0.12187], "texture": "#3"},
				"south": {"uv": [7, 2, 8.03125, 3.12175], "texture": "#3"},
				"west": {"uv": [2, 0, 4.75, 15.12175], "texture": "#3"},
				"up": {"uv": [3, 0, 4.875, 7.5], "texture": "#3"},
				"down": {"uv": [0.03125, 0, 0.0625, 0.75001], "texture": "#3"}
			}
		},
		{
			"name": "cube_2",
			"from": [6.679, 5.822, 10],
			"to": [7.179, 6.072, 15.9996],
			"rotation": {"angle": 22.5, "axis": "z", "origin": [8, 8, 8]},
			"faces": {
				"north": {"uv": [0, 0, 0.03125, 0.0625], "rotation": 270, "texture": "#3"},
				"east": {"uv": [5, 5, 6.875, 12.5], "rotation": 90, "texture": "#3"},
				"south": {"uv": [8, 9, 9.03125, 10.0625], "rotation": 90, "texture": "#3"},
				"west": {"uv": [2, 0, 4.75, 15.12175], "rotation": 90, "texture": "#3"},
				"up": {"uv": [0, 0, 0.75, 0.0625], "rotation": 90, "texture": "#3"},
				"down": {"uv": [0, 0, 0.75, 0.0625], "rotation": 90, "texture": "#3"}
			}
		},
		{
			"name": "cube__3",
			"from": [7.664, 5.342, 10],
			"to": [8.164, 5.592, 15.9996],
			"rotation": {"angle": -22.5, "axis": "z", "origin": [8, 8, 8]},
			"faces": {
				"north": {"uv": [0, 0.0625, 0.03125, 0.125], "rotation": 270, "texture": "#3"},
				"east": {"uv": [0, 1.25, 0.03125, 2], "rotation": 90, "texture": "#3"},
				"south": {"uv": [3, 3, 4.03125, 4.0625], "rotation": 90, "texture": "#3"},
				"west": {"uv": [2, 0, 3.875, 7.5], "rotation": 90, "texture": "#3"},
				"up": {"uv": [0, 0.0625, 0.75, 0.125], "rotation": 90, "texture": "#3"},
				"down": {"uv": [0, 0.0625, 0.75, 0.125], "rotation": 90, "texture": "#3"}
			}
		},
		{
			"name": "kyrokrykoyat",
			"from": [7.1247, 2.775, 8.575],
			"to": [7.6251, 3.525, 9.375],
			"faces": {
				"north": {"uv": [0, 0, 0.06255, 0.09375], "rotation": 180, "texture": "#3"},
				"east": {"uv": [3, 4, 10.09375, 12.09875], "texture": "#3"},
				"south": {"uv": [0, 1, 9.06263, 12.09375], "texture": "#3"},
				"west": {"uv": [4, 3, 15.09375, 11.09875], "texture": "#3"},
				"up": {"uv": [0, 0, 0.06255, 0.1], "rotation": 180, "texture": "#3"},
				"down": {"uv": [0, 0, 0.06255, 0.1], "texture": "#3"}
			}
		},
		{
			"name": "kyrokrykoyat_",
			"from": [7.125, 3.975, 10.8],
			"to": [7.625, 4.675, 11.1],
			"rotation": {"angle": 22.5, "axis": "x", "origin": [8, 8, 8]},
			"faces": {
				"north": {"uv": [0, 0, 0.0625, 0.0875], "rotation": 180, "texture": "#3"},
				"east": {"uv": [4, 6, 9.09375, 11.09875], "rotation": 270, "texture": "#3"},
				"south": {"uv": [1, 0, 10.06263, 7.08725], "texture": "#3"},
				"west": {"uv": [4, 3, 15.09375, 11.09875], "rotation": 90, "texture": "#3"},
				"up": {"uv": [0, 0, 0.0625, 0.0375], "rotation": 180, "texture": "#3"},
				"down": {"uv": [0, 0, 0.0625, 0.0375], "texture": "#3"}
			}
		},
		{
			"name": "kyrokrykoyat1",
			"from": [7.125, 4.42, 5.1],
			"to": [7.625, 4.57, 5.25],
			"rotation": {"angle": -45, "axis": "x", "origin": [8, 8, 8]},
			"faces": {
				"north": {"uv": [1, 3, 11.06263, 5.01813], "rotation": 180, "texture": "#3"},
				"east": {"uv": [4, 8, 7.09375, 10.09875], "rotation": 270, "texture": "#3"},
				"south": {"uv": [0, 0, 0.0625, 0.01875], "texture": "#3"},
				"west": {"uv": [4, 3, 9.093, 7.09875], "rotation": 90, "texture": "#3"},
				"up": {"uv": [0, 0, 0.0625, 0.01875], "rotation": 180, "texture": "#3"},
				"down": {"uv": [0, 0, 0.0625, 0.01875], "texture": "#3"}
			}
		},
		{
			"name": "kyrokrykoyat2",
			"from": [7.1249, 3.435, 6.69],
			"to": [7.6251, 3.635, 6.84],
			"rotation": {"angle": -22.5, "axis": "x", "origin": [8, 8, 8]},
			"faces": {
				"north": {"uv": [3, 9, 12.06263, 11.02475], "rotation": 180, "texture": "#3"},
				"east": {"uv": [8, 6, 10.09375, 9.09875], "rotation": 270, "texture": "#3"},
				"south": {"uv": [0, 0, 0.06252, 0.025], "texture": "#3"},
				"west": {"uv": [4, 3, 8.093, 6.09875], "rotation": 90, "texture": "#3"},
				"up": {"uv": [0, 0, 0.06252, 0.01875], "rotation": 180, "texture": "#3"},
				"down": {"uv": [0, 0, 0.06252, 0.01875], "texture": "#3"}
			}
		},
		{
			"name": "kyrokrykoyat3",
			"from": [7.125, 3.65, 10.27],
			"to": [7.625, 3.9, 10.47],
			"rotation": {"angle": 22.5, "axis": "x", "origin": [8, 8, 8]},
			"faces": {
				"north": {"uv": [3, 5, 14.06263, 8.03125], "rotation": 180, "texture": "#3"},
				"east": {"uv": [2, 5, 3.093, 7.09875], "rotation": 270, "texture": "#3"},
				"south": {"uv": [0, 0, 0.0625, 0.03125], "texture": "#3"},
				"west": {"uv": [11, 3, 15.093, 7.09875], "rotation": 90, "texture": "#3"},
				"up": {"uv": [0, 0, 0.0625, 0.025], "rotation": 180, "texture": "#3"},
				"down": {"uv": [0, 0, 0.0625, 0.025], "texture": "#3"}
			}
		},
		{
			"name": "kyrokrykoyat4",
			"from": [7.1246, 2, 6.53],
			"to": [7.6252, 3.32, 7.305],
			"rotation": {"angle": -22.5, "axis": "x", "origin": [8, 8, 8]},
			"faces": {
				"north": {"uv": [4, 4, 16, 16], "rotation": 180, "texture": "#3"},
				"east": {"uv": [4, 5, 16, 16], "rotation": 90, "texture": "#3"},
				"south": {"uv": [5, 4, 16, 16], "texture": "#3"},
				"west": {"uv": [0, 0, 12.093, 11.09875], "rotation": 270, "texture": "#3"},
				"up": {"uv": [0, 0, 0.06258, 0.09688], "texture": "#3"},
				"down": {"uv": [6, 2, 14.06263, 10.0955], "rotation": 180, "texture": "#3"}
			}
		},
		{
			"name": "kyrokrykoyat5",
			"from": [7.2551, 1.95, 8.825],
			"to": [7.5049, 2.165, 8.925],
			"faces": {
				"north": {"uv": [7, 8, 9.03125, 10.02638], "rotation": 180, "texture": "#3"},
				"east": {"uv": [6, 6, 8.09375, 8.09875], "rotation": 90, "texture": "#3"},
				"south": {"uv": [0, 0, 0.03125, 0.02687], "texture": "#3"},
				"west": {"uv": [4, 3, 6.093, 5.09875], "rotation": 270, "texture": "#3"},
				"up": {"uv": [0, 0, 0.03125, 0.0125], "texture": "#3"},
				"down": {"uv": [0, 0, 0.03125, 0.0125], "rotation": 180, "texture": "#3"}
			}
		},
		{
			"name": "kyrokrykoyat6",
			"from": [7.125, 4.025, 4.76],
			"to": [7.625, 4.24, 4.86],
			"rotation": {"angle": -45, "axis": "x", "origin": [8, 8, 8]},
			"faces": {
				"north": {"uv": [4, 5, 12.06263, 8.02638], "rotation": 180, "texture": "#3"},
				"east": {"uv": [3, 1, 6.09375, 3.09875], "rotation": 90, "texture": "#3"},
				"south": {"uv": [0, 0, 0.0625, 0.02687], "texture": "#3"},
				"west": {"uv": [4, 3, 8.093, 5.09875], "rotation": 270, "texture": "#3"},
				"up": {"uv": [3, 10, 13.06263, 12.01238], "texture": "#3"},
				"down": {"uv": [0, 0, 0.0625, 0.0125], "rotation": 180, "texture": "#3"}
			}
		},
		{
			"name": "kyrokrykoyat7",
			"from": [7.2999, 4.7, 4.875],
			"to": [7.4751, 4.8, 4.975],
			"rotation": {"angle": -45, "axis": "x", "origin": [8, 8, 8]},
			"faces": {
				"north": {"uv": [0, 0, 0.0219, 0.0125], "rotation": 180, "texture": "#2"},
				"east": {"uv": [0, 0, 0.0125, 0.0125], "rotation": 90, "texture": "#2"},
				"south": {"uv": [0, 0, 0.0219, 0.0125], "texture": "#2"},
				"west": {"uv": [0, 0, 2.01238, 2.01238], "rotation": 270, "texture": "#2"},
				"up": {"uv": [0, 0, 0.0219, 0.0125], "texture": "#2"},
				"down": {"uv": [0, 0, 0.0219, 0.0125], "rotation": 180, "texture": "#2"}
			}
		},
		{
			"name": "kyrokrykoyat8",
			"from": [7.3, 3.625, 6.375],
			"to": [7.475, 3.795, 6.45],
			"rotation": {"angle": -22.5, "axis": "x", "origin": [8, 8, 8]},
			"faces": {
				"north": {"uv": [0, 0, 0.02187, 0.02125], "rotation": 180, "texture": "#2"},
				"east": {"uv": [0, 0, 0.02125, 0.00938], "rotation": 90, "texture": "#2"},
				"south": {"uv": [0, 0, 0.02187, 0.02125], "texture": "#2"},
				"west": {"uv": [0, 0, 2.01238, 2.01238], "rotation": 270, "texture": "#2"},
				"up": {"uv": [0, 0, 0.02187, 0.00938], "texture": "#2"},
				"down": {"uv": [0, 0, 0.02187, 0.00938], "rotation": 180, "texture": "#2"}
			}
		},
		{
			"name": "kyrokrykoyat9",
			"from": [7.3121, 3.24, 8.17],
			"to": [7.4623, 3.36, 8.2],
			"faces": {
				"north": {"uv": [0, 0, 0.01877, 0.015], "rotation": 180, "texture": "#2"},
				"east": {"uv": [0, 0, 0.015, 0.00375], "rotation": 90, "texture": "#2"},
				"south": {"uv": [0, 0, 0.01877, 0.015], "texture": "#2"},
				"west": {"uv": [0, 0, 2.01238, 2.01238], "rotation": 270, "texture": "#2"},
				"up": {"uv": [0, 0, 0.01877, 0.00375], "texture": "#2"},
				"down": {"uv": [0, 0, 0.01877, 0.00375], "rotation": 180, "texture": "#2"}
			}
		},
		{
			"name": "kyrokrykoyat10",
			"from": [7.321, 4.625, 11.475],
			"to": [7.451, 4.775, 11.505],
			"rotation": {"angle": 45, "axis": "x", "origin": [8, 8, 8]},
			"faces": {
				"north": {"uv": [0, 0, 0.01625, 0.01875], "rotation": 180, "texture": "#2"},
				"east": {"uv": [0, 0, 0.01875, 0.00375], "rotation": 90, "texture": "#2"},
				"south": {"uv": [0, 0, 0.01625, 0.01875], "texture": "#2"},
				"west": {"uv": [0, 0, 2.01238, 2.01238], "rotation": 270, "texture": "#2"},
				"up": {"uv": [0, 0, 0.01625, 0.00375], "texture": "#2"},
				"down": {"uv": [0, 0, 0.01625, 0.00375], "rotation": 180, "texture": "#2"}
			}
		},
		{
			"name": "kyrokrykoyat11",
			"from": [7.3001, 3.28, 8.18],
			"to": [7.4753, 3.53, 8.243],
			"faces": {
				"north": {"uv": [0, 0, 0.0219, 0.03125], "rotation": 180, "texture": "#2"},
				"east": {"uv": [0, 0, 0.03125, 0.00788], "rotation": 90, "texture": "#2"},
				"south": {"uv": [0, 0, 0.0219, 0.03125], "texture": "#2"},
				"west": {"uv": [0, 0, 2.01238, 2.01238], "rotation": 270, "texture": "#2"},
				"up": {"uv": [0, 0, 0.0219, 0.00788], "texture": "#2"},
				"down": {"uv": [0, 0, 0.0219, 0.00788], "rotation": 180, "texture": "#2"}
			}
		},
		{
			"name": "kyrokrykoyat12",
			"from": [7.312, 4.714, 11.479],
			"to": [7.462, 4.834, 11.509],
			"rotation": {"angle": 45, "axis": "x", "origin": [8, 8, 8]},
			"faces": {
				"north": {"uv": [0, 0, 0.01875, 0.015], "rotation": 180, "texture": "#2"},
				"east": {"uv": [0, 0, 0.015, 0.00375], "rotation": 90, "texture": "#2"},
				"south": {"uv": [0, 0, 0.01875, 0.015], "texture": "#2"},
				"west": {"uv": [0, 0, 2.01238, 2.01238], "rotation": 270, "texture": "#2"},
				"up": {"uv": [0, 0, 0.01875, 0.00375], "texture": "#2"},
				"down": {"uv": [0, 0, 0.01875, 0.00375], "rotation": 180, "texture": "#2"}
			}
		},
		{
			"name": "kyrokrykoyat13",
			"from": [7.3, 4.95, 11.315],
			"to": [7.475, 5.07, 11.39],
			"rotation": {"angle": 45, "axis": "x", "origin": [8, 8, 8]},
			"faces": {
				"north": {"uv": [0, 0, 0.02187, 0.015], "rotation": 180, "texture": "#2"},
				"east": {"uv": [0, 0, 0.015, 0.00937], "rotation": 90, "texture": "#2"},
				"south": {"uv": [0, 0, 0.02187, 0.015], "texture": "#2"},
				"west": {"uv": [0, 0, 2.01238, 2.01238], "rotation": 270, "texture": "#2"},
				"up": {"uv": [0, 0, 0.02187, 0.00937], "texture": "#2"},
				"down": {"uv": [0, 0, 0.02187, 0.00937], "rotation": 180, "texture": "#2"}
			}
		},
		{
			"name": "magazine",
			"from": [7.125, 1.132, 6.78],
			"to": [7.625, 4.332, 6.88],
			"faces": {
				"north": {"uv": [0, 0, 0.0625, 0.4], "rotation": 180, "texture": "#7"},
				"east": {"uv": [0, 0, 15.39975, 1.01238], "rotation": 270, "texture": "#7"},
				"south": {"uv": [2, 2, 4.0625, 16], "texture": "#7"},
				"west": {"uv": [0, 0, 15.43763, 1.20725], "rotation": 90, "texture": "#7"},
				"up": {"uv": [0, 0, 0.0625, 0.0125], "rotation": 180, "texture": "#7"},
				"down": {"uv": [0, 3, 15.06263, 6.01238], "texture": "#7"}
			}
		},
		{
			"name": "magazine1",
			"from": [7, 0.8328, 5.1],
			"to": [7.75, 4.3328, 6.775],
			"faces": {
				"north": {"uv": [0, 0, 11.093, 16], "rotation": 180, "texture": "#7"},
				"east": {"uv": [0, 3, 15.43763, 15.20725], "rotation": 270, "texture": "#7"},
				"south": {"uv": [6, 0, 15.09375, 15.43763], "texture": "#7"},
				"west": {"uv": [0, 0, 15.43763, 12.20725], "rotation": 90, "texture": "#7"},
				"up": {"uv": [0, 0, 0.09375, 0.20937], "rotation": 180, "texture": "#7"},
				"down": {"uv": [0, 0, 15.09375, 15.20888], "texture": "#7"}
			}
		},
		{
			"name": "kyrok1",
			"from": [7.255, 1.425, 6.875],
			"to": [7.505, 3.525, 6.975],
			"faces": {
				"north": {"uv": [0, 0, 0.03125, 0.2625], "rotation": 180, "texture": "#2"},
				"east": {"uv": [5, 0, 16, 1.01238], "rotation": 270, "texture": "#2"},
				"south": {"uv": [0, 0, 1.03125, 15.26163], "texture": "#2"},
				"west": {"uv": [0, 0, 15.28625, 1.01238], "rotation": 90, "texture": "#2"},
				"up": {"uv": [0, 0, 0.03125, 0.0125], "rotation": 180, "texture": "#2"},
				"down": {"uv": [0, 0, 0.03125, 0.0125], "texture": "#2"}
			}
		},
		{
			"name": "kyrok2",
			"from": [7.255, 2.06, 4.437],
			"to": [7.505, 2.36, 4.537],
			"rotation": {"angle": -22.5, "axis": "x", "origin": [8, 8, 8]},
			"faces": {
				"north": {"uv": [4, 4, 6.03125, 8.03625], "rotation": 180, "texture": "#2"},
				"east": {"uv": [0, 0, 8.03625, 1.01238], "rotation": 270, "texture": "#2"},
				"south": {"uv": [3, 1, 5.03125, 3.03625], "texture": "#2"},
				"west": {"uv": [0, 0, 2.28625, 2.01238], "rotation": 90, "texture": "#2"},
				"up": {"uv": [0, 0, 0.03125, 0.0125], "rotation": 180, "texture": "#2"},
				"down": {"uv": [0, 0, 0.03125, 0.0125], "texture": "#2"}
			}
		},
		{
			"name": "kyrok3",
			"from": [7.255, 2.0001, 4.437],
			"to": [7.505, 2.1001, 6.737],
			"rotation": {"angle": -22.5, "axis": "x", "origin": [8, 8, 8]},
			"faces": {
				"north": {"uv": [0, 0, 0.03125, 0.0125], "texture": "#2"},
				"east": {"uv": [0, 0, 15.28625, 1.01238], "texture": "#2"},
				"south": {"uv": [0, 0, 0.03125, 0.0125], "texture": "#2"},
				"west": {"uv": [0, 0, 15.28625, 1.01238], "texture": "#2"},
				"up": {"uv": [8, 0, 9.03125, 15.28625], "texture": "#2"},
				"down": {"uv": [3, 0, 4.03125, 15.28625], "texture": "#2"}
			}
		},
		{
			"name": "kyrok4",
			"from": [7.2549, 3.2, 6.3],
			"to": [7.5051, 3.3, 6.5],
			"rotation": {"angle": -22.5, "axis": "x", "origin": [8, 8, 8]},
			"faces": {
				"north": {"uv": [0, 0, 0.03128, 0.0125], "texture": "#2"},
				"east": {"uv": [0, 0, 2.02475, 2.01238], "texture": "#2"},
				"south": {"uv": [0, 0, 0.03128, 0.0125], "texture": "#2"},
				"west": {"uv": [0, 0, 2.28625, 2.01238], "texture": "#2"},
				"up": {"uv": [0, 0, 0.03128, 0.025], "texture": "#2"},
				"down": {"uv": [0, 0, 0.03128, 0.025], "texture": "#2"}
			}
		},
		{
			"name": "kyrok5",
			"from": [7.255, 2.915, 6.975],
			"to": [7.505, 3.015, 8.265],
			"faces": {
				"north": {"uv": [0, 0, 0.03125, 0.0125], "texture": "#2"},
				"east": {"uv": [0, 0, 15.16125, 1.01238], "texture": "#2"},
				"south": {"uv": [0, 0, 0.03125, 0.0125], "texture": "#2"},
				"west": {"uv": [0, 3, 15.28625, 4.01237], "texture": "#2"},
				"up": {"uv": [4, 5, 5.03125, 16], "texture": "#2"},
				"down": {"uv": [4, 0, 5.03125, 15.16125], "texture": "#2"}
			}
		},
		{
			"name": "kyrok6",
			"from": [7.49, 2.815, 7.95],
			"to": [7.505, 2.915, 8.05],
			"faces": {
				"north": {"uv": [0, 0, 0.00187, 0.0125], "texture": "#2"},
				"east": {"uv": [11, 3, 11.01238, 3.01238], "texture": "#2"},
				"south": {"uv": [0, 0, 0.00187, 0.0125], "texture": "#2"},
				"west": {"uv": [0, 0, 2.28625, 2.01238], "texture": "#2"},
				"up": {"uv": [0, 0, 0.00187, 0.0125], "texture": "#2"},
				"down": {"uv": [0, 0, 0.00187, 0.0125], "texture": "#2"}
			}
		},
		{
			"name": "cubeloje4",
			"from": [6.672, 4.325, 10],
			"to": [8.074, 5.675, 16],
			"faces": {
				"north": {"uv": [0, 0, 0.17525, 0.1875], "texture": "#3"},
				"east": {"uv": [0, 11, 8.75, 12.875], "texture": "#3"},
				"south": {"uv": [0, 12, 3.75, 15.75], "texture": "#3"},
				"west": {"uv": [0, 2, 8.75, 3.875], "texture": "#3"},
				"up": {"uv": [0, 0, 0.17525, 0.75], "texture": "#3"},
				"down": {"uv": [0, 0, 0.17525, 0.75], "texture": "#3"}
			}
		},
		{
			"name": "cubeloje3",
			"from": [6.6722, 3.385, 13],
			"to": [8.0738, 4.325, 16],
			"faces": {
				"north": {"uv": [0, 0, 0.17525, 0.09875], "texture": "#3"},
				"east": {"uv": [5, 4, 9.375, 4.875], "texture": "#3"},
				"south": {"uv": [13, 7, 14.875, 9.5], "texture": "#3"},
				"west": {"uv": [3, 11, 7.375, 11.875], "texture": "#3"},
				"up": {"uv": [0, 0, 0.17525, 0.3125], "texture": "#3"},
				"down": {"uv": [0, 0, 0.17525, 0.3125], "texture": "#3"}
			}
		},
		{
			"name": "cubeloje2",
			"from": [6.672, 1.885, 15.425],
			"to": [8.074, 3.385, 16],
			"faces": {
				"north": {"uv": [0, 0, 0.17525, 0.1875], "texture": "#3"},
				"east": {"uv": [5, 2, 7.07163, 4.1875], "texture": "#3"},
				"south": {"uv": [6, 11, 7.875, 14.75], "texture": "#3"},
				"west": {"uv": [1, 2, 1.75, 4.125], "texture": "#3"},
				"up": {"uv": [0, 0, 0.17525, 0.07187], "texture": "#3"},
				"down": {"uv": [2, 2, 3.875, 3], "texture": "#3"}
			}
		},
		{
			"name": "cubeloje1",
			"from": [6.6721, 5.2, 10.8],
			"to": [8.0739, 6.6, 17.225],
			"rotation": {"angle": 22.5, "axis": "x", "origin": [8, 8, 8]},
			"faces": {
				"north": {"uv": [0, 0, 0.17528, 0.175], "texture": "#3"},
				"east": {"uv": [1.5, 8, 9, 9.875], "texture": "#3"},
				"south": {"uv": [0, 0, 0.17528, 0.175], "texture": "#3"},
				"west": {"uv": [1.25, 10, 8.75, 11.875], "texture": "#3"},
				"up": {"uv": [0, 0, 0.17528, 0.80313], "texture": "#3"},
				"down": {"uv": [12, 7, 13.875, 14.5], "texture": "#3"}
			}
		},
		{
			"name": "cubeloje",
			"from": [7, 4.325, 9.15],
			"to": [7.75, 6, 15.9999],
			"faces": {
				"north": {"uv": [0, 0, 0.09375, 0.20937], "texture": "#3"},
				"east": {"uv": [0, 0, 0.85627, 0.20937], "texture": "#3"},
				"south": {"uv": [5, 6, 7.09375, 9.20813], "texture": "#3"},
				"west": {"uv": [1, 2, 6.75, 5.1875], "texture": "#3"},
				"up": {"uv": [3, 0, 4.875, 13.75], "texture": "#3"},
				"down": {"uv": [0, 0, 0.09375, 0.85627], "texture": "#3"}
			}
		},
		{
			"name": "stvol1",
			"from": [7.3, 4.25, -1.5],
			"to": [7.425, 4.3, 0],
			"rotation": {"angle": 0, "axis": "y", "origin": [7.37822, 4.57072, -0.75]},
			"faces": {
				"north": {"uv": [0, 11, 0, 11.01563], "rotation": 90, "texture": "#2"},
				"east": {"uv": [0, 0, 0.00625, 0.1875], "rotation": 270, "texture": "#2"},
				"south": {"uv": [0, 0, 0.00625, 0.01563], "rotation": 270, "texture": "#2"},
				"west": {"uv": [0, 0, 0.00625, 0.1875], "rotation": 270, "texture": "#2"},
				"up": {"uv": [9, 12, 9.1875, 12.01563], "rotation": 270, "texture": "#2"},
				"down": {"uv": [0, 11, 0.1875, 11.01563], "rotation": 270, "texture": "#2"}
			}
		},
		{
			"name": "stvol2",
			"from": [7.29871, 4.25651, -1.5],
			"to": [7.42371, 4.30651, 0],
			"rotation": {"angle": 22.5, "axis": "z", "origin": [7.37822, 4.57072, -0.75]},
			"faces": {
				"north": {"uv": [0, 11, 0.005, 11.01563], "rotation": 90, "texture": "#2"},
				"east": {"uv": [0, 0, 0.00625, 0.1875], "rotation": 270, "texture": "#2"},
				"south": {"uv": [0, 0, 0.00625, 0.01563], "rotation": 270, "texture": "#2"},
				"west": {"uv": [0, 0, 0.00625, 0.1875], "rotation": 270, "texture": "#2"},
				"up": {"uv": [9, 12, 9.1875, 12.01563], "rotation": 270, "texture": "#2"},
				"down": {"uv": [0, 11, 0.1875, 11.01563], "rotation": 270, "texture": "#2"}
			}
		},
		{
			"name": "stvol3",
			"from": [7.3, 4.26302, -1.5],
			"to": [7.425, 4.31302, 0],
			"rotation": {"angle": 45, "axis": "z", "origin": [7.37822, 4.57072, -0.75]},
			"faces": {
				"north": {"uv": [4, 10, 4.005, 10.01563], "rotation": 90, "texture": "#2"},
				"east": {"uv": [0, 0, 0.00625, 0.1875], "rotation": 270, "texture": "#2"},
				"south": {"uv": [0, 0, 0.00625, 0.01563], "rotation": 270, "texture": "#2"},
				"west": {"uv": [0, 0, 0.00625, 0.1875], "rotation": 270, "texture": "#2"},
				"up": {"uv": [9, 12, 9.1875, 12.01563], "rotation": 270, "texture": "#2"},
				"down": {"uv": [8, 9, 8.1875, 9.01563], "rotation": 270, "texture": "#2"}
			}
		},
		{
			"name": "stvol4",
			"from": [7.6304, 4.49619, -1.5],
			"to": [7.6804, 4.62119, 0],
			"rotation": {"angle": -22.5, "axis": "z", "origin": [7.37822, 4.57072, -0.75]},
			"faces": {
				"north": {"uv": [4, 10, 4.005, 10.01563], "rotation": 180, "texture": "#2"},
				"east": {"uv": [8, 9, 8.1875, 9.01563], "rotation": 180, "texture": "#2"},
				"south": {"uv": [0, 0, 0.00625, 0.01563], "rotation": 180, "texture": "#2"},
				"west": {"uv": [0, 8, 0.1875, 8.01563], "rotation": 180, "texture": "#2"},
				"up": {"uv": [0, 0, 0.00625, 0.1875], "rotation": 180, "texture": "#2"},
				"down": {"uv": [0, 0, 0.00625, 0.1875], "rotation": 180, "texture": "#2"}
			}
		},
		{
			"name": "stvol5",
			"from": [7.62671, 4.50171, -1.5],
			"to": [7.67671, 4.62671, 0],
			"rotation": {"angle": 0, "axis": "y", "origin": [7.37822, 4.57072, -0.75]},
			"faces": {
				"north": {"uv": [0, 8, 0.00575, 8.01563], "rotation": 180, "texture": "#2"},
				"east": {"uv": [4, 10, 4.1875, 10.01563], "rotation": 180, "texture": "#2"},
				"south": {"uv": [0, 0, 0.00625, 0.01563], "rotation": 180, "texture": "#2"},
				"west": {"uv": [4, 10, 4.1875, 10.01563], "rotation": 180, "texture": "#2"},
				"up": {"uv": [0, 0, 0.00625, 0.1875], "rotation": 180, "texture": "#2"},
				"down": {"uv": [0, 0, 0.00625, 0.1875], "rotation": 180, "texture": "#2"}
			}
		},
		{
			"name": "stvol6",
			"from": [7.62541, 4.50822, -1.5],
			"to": [7.67541, 4.63322, 0],
			"rotation": {"angle": 22.5, "axis": "z", "origin": [7.37822, 4.57072, -0.75]},
			"faces": {
				"north": {"uv": [0, 9, 0.00575, 9.01563], "rotation": 180, "texture": "#2"},
				"east": {"uv": [4, 10, 4.1875, 10.01563], "rotation": 180, "texture": "#2"},
				"south": {"uv": [0, 0, 0.00625, 0.01563], "rotation": 180, "texture": "#2"},
				"west": {"uv": [4, 10, 4.1875, 10.01563], "rotation": 180, "texture": "#2"},
				"up": {"uv": [0, 0, 0.00625, 0.1875], "rotation": 180, "texture": "#2"},
				"down": {"uv": [0, 0, 0.00625, 0.1875], "rotation": 180, "texture": "#2"}
			}
		},
		{
			"name": "stvol7",
			"from": [7.62541, 4.50822, -1.5],
			"to": [7.67541, 4.63322, 0],
			"rotation": {"angle": 22.5, "axis": "z", "origin": [7.37822, 4.57072, -0.75]},
			"faces": {
				"north": {"uv": [0, 0, 0.00625, 0.01563], "rotation": 180, "texture": "#2"},
				"east": {"uv": [0, 0, 0.1875, 0.01563], "rotation": 180, "texture": "#2"},
				"south": {"uv": [0, 0, 0.00625, 0.01563], "rotation": 180, "texture": "#2"},
				"west": {"uv": [0, 0, 0.1875, 0.01563], "rotation": 180, "texture": "#2"},
				"up": {"uv": [0, 0, 0.00625, 0.1875], "rotation": 180, "texture": "#2"},
				"down": {"uv": [0, 0, 0.00625, 0.1875], "rotation": 180, "texture": "#2"}
			}
		},
		{
			"name": "stvol8",
			"from": [7.62671, 4.51473, -1.5],
			"to": [7.67671, 4.63973, 0],
			"rotation": {"angle": 45, "axis": "z", "origin": [7.37822, 4.57072, -0.75]},
			"faces": {
				"north": {"uv": [1, 3, 1.00575, 3.01563], "rotation": 180, "texture": "#2"},
				"east": {"uv": [0, 8, 0.1875, 8.01563], "rotation": 180, "texture": "#2"},
				"south": {"uv": [0, 0, 0.00625, 0.01563], "rotation": 180, "texture": "#2"},
				"west": {"uv": [0, 11, 0.1875, 11.01563], "rotation": 180, "texture": "#2"},
				"up": {"uv": [0, 0, 0.00625, 0.1875], "rotation": 180, "texture": "#2"},
				"down": {"uv": [0, 0, 0.00625, 0.1875], "rotation": 180, "texture": "#2"}
			}
		},
		{
			"name": "stvol9",
			"from": [7.30369, 4.8229, -1.5],
			"to": [7.42869, 4.8729, 0],
			"rotation": {"angle": -22.5, "axis": "z", "origin": [7.37822, 4.57072, -0.75]},
			"faces": {
				"north": {"uv": [1, 3, 1.00575, 3.01563], "rotation": 270, "texture": "#2"},
				"east": {"uv": [0, 0, 0.00625, 0.1875], "rotation": 90, "texture": "#2"},
				"south": {"uv": [0, 0, 0.00625, 0.01563], "rotation": 90, "texture": "#2"},
				"west": {"uv": [0, 0, 0.00625, 0.1875], "rotation": 90, "texture": "#2"},
				"up": {"uv": [9, 12, 9.1875, 12.01563], "rotation": 90, "texture": "#2"},
				"down": {"uv": [0, 11, 0.1875, 11.01563], "rotation": 90, "texture": "#2"}
			}
		},
		{
			"name": "stvol10",
			"from": [7.3, 4.82842, -1.5],
			"to": [7.425, 4.87842, 0],
			"rotation": {"angle": 0, "axis": "y", "origin": [7.37822, 4.57072, -0.75]},
			"faces": {
				"north": {"uv": [1, 3, 1.005, 3.01563], "rotation": 270, "texture": "#2"},
				"east": {"uv": [0, 0, 0.00625, 0.1875], "rotation": 90, "texture": "#2"},
				"south": {"uv": [0, 0, 0.00625, 0.01563], "rotation": 90, "texture": "#2"},
				"west": {"uv": [0, 0, 0.00625, 0.1875], "rotation": 90, "texture": "#2"},
				"up": {"uv": [9, 12, 9.1875, 12.01563], "rotation": 90, "texture": "#2"},
				"down": {"uv": [0, 11, 0.1875, 11.01563], "rotation": 90, "texture": "#2"}
			}
		},
		{
			"name": "stvol11",
			"from": [7.29871, 4.83493, -1.5],
			"to": [7.42371, 4.88493, 0],
			"rotation": {"angle": 22.5, "axis": "z", "origin": [7.37822, 4.57072, -0.75]},
			"faces": {
				"north": {"uv": [1, 3, 1.00575, 3.01563], "rotation": 270, "texture": "#2"},
				"east": {"uv": [0, 0, 0.00625, 0.1875], "rotation": 90, "texture": "#2"},
				"south": {"uv": [0, 0, 0.00625, 0.01563], "rotation": 90, "texture": "#2"},
				"west": {"uv": [0, 0, 0.00625, 0.1875], "rotation": 90, "texture": "#2"},
				"up": {"uv": [9, 12, 9.1875, 12], "rotation": 90, "texture": "#2"},
				"down": {"uv": [0, 11, 0.1875, 11.01563], "rotation": 90, "texture": "#2"}
			}
		},
		{
			"name": "stvol12",
			"from": [7.3, 4.84144, -1.5],
			"to": [7.425, 4.89144, 0],
			"rotation": {"angle": 45, "axis": "z", "origin": [7.37822, 4.57072, -0.75]},
			"faces": {
				"north": {"uv": [1, 3, 1.005, 3.01563], "rotation": 270, "texture": "#2"},
				"east": {"uv": [0, 0, 0.00625, 0.1875], "rotation": 90, "texture": "#2"},
				"south": {"uv": [0, 0, 0.00625, 0.01563], "rotation": 90, "texture": "#2"},
				"west": {"uv": [0, 0, 0.00625, 0.1875], "rotation": 90, "texture": "#2"},
				"up": {"uv": [0, 8, 0.1875, 8.01563], "rotation": 90, "texture": "#2"},
				"down": {"uv": [0, 11, 0.1875, 11.01563], "rotation": 90, "texture": "#2"}
			}
		},
		{
			"name": "stvol13",
			"from": [7.05198, 4.49619, -1.5],
			"to": [7.10198, 4.62119, 0],
			"rotation": {"angle": -22.5, "axis": "z", "origin": [7.37822, 4.57072, -0.75]},
			"faces": {
				"north": {"uv": [0, 9, 0.005, 9.01563], "texture": "#2"},
				"east": {"uv": [4, 10, 4.1875, 10.01563], "texture": "#2"},
				"south": {"uv": [0, 0, 0.00625, 0.01563], "texture": "#2"},
				"west": {"uv": [4, 10, 4.1875, 10.01563], "texture": "#2"},
				"up": {"uv": [0, 0, 0.00625, 0.1875], "texture": "#2"},
				"down": {"uv": [0, 0, 0.00625, 0.1875], "texture": "#2"}
			}
		},
		{
			"name": "stvol14",
			"from": [7.04829, 4.50171, -1.5],
			"to": [7.09829, 4.62671, 0],
			"rotation": {"angle": 0, "axis": "y", "origin": [7.37822, 4.57072, -0.75]},
			"faces": {
				"north": {"uv": [0, 0, 0.00625, 0.01563], "texture": "#2"},
				"east": {"uv": [4, 10, 4.1875, 10.01563], "texture": "#2"},
				"south": {"uv": [0, 0, 0.00625, 0.01563], "texture": "#2"},
				"west": {"uv": [4, 10, 4.1875, 10.01563], "texture": "#2"},
				"up": {"uv": [0, 0, 0.00625, 0.1875], "texture": "#2"},
				"down": {"uv": [0, 0, 0.00625, 0.1875], "texture": "#2"}
			}
		},
		{
			"name": "stvol15",
			"from": [7.047, 4.50822, -1.5],
			"to": [7.097, 4.63322, 0],
			"rotation": {"angle": 22.5, "axis": "z", "origin": [7.37822, 4.57072, -0.75]},
			"faces": {
				"north": {"uv": [4, 10, 4.00575, 10.01563], "texture": "#2"},
				"east": {"uv": [0, 8, 0.1875, 8.01563], "texture": "#2"},
				"south": {"uv": [0, 0, 0.00625, 0.01563], "texture": "#2"},
				"west": {"uv": [8, 9, 8.1875, 9.01563], "texture": "#2"},
				"up": {"uv": [0, 0, 0.00625, 0.1875], "texture": "#2"},
				"down": {"uv": [0, 0, 0.00625, 0.1875], "texture": "#2"}
			}
		},
		{
			"name": "stvol16",
			"from": [7.04829, 4.51473, -1.5],
			"to": [7.09829, 4.63973, 0],
			"rotation": {"angle": 45, "axis": "z", "origin": [7.37822, 4.57072, -0.75]},
			"faces": {
				"north": {"uv": [4, 10, 4.00575, 10.01563], "texture": "#2"},
				"east": {"uv": [9, 12, 9.1875, 12.01563], "texture": "#2"},
				"south": {"uv": [0, 0, 0.00625, 0.01563], "texture": "#2"},
				"west": {"uv": [8, 9, 8.1875, 9.01563], "texture": "#2"},
				"up": {"uv": [0, 0, 0.00625, 0.1875], "texture": "#2"},
				"down": {"uv": [0, 0, 0.00625, 0.1875], "texture": "#2"}
			}
		},
		{
			"name": "stvol17",
			"from": [7.30369, 4.24448, -1.5],
			"to": [7.42869, 4.29448, 0],
			"rotation": {"angle": -22.5, "axis": "z", "origin": [7.37822, 4.57072, -0.75]},
			"faces": {
				"north": {"uv": [0, 11, 0.00575, 11.01563], "rotation": 90, "texture": "#2"},
				"east": {"uv": [0, 0, 0.00625, 0.1875], "rotation": 270, "texture": "#2"},
				"south": {"uv": [0, 0, 0.00625, 0.01563], "rotation": 270, "texture": "#2"},
				"west": {"uv": [0, 0, 0.00625, 0.1875], "rotation": 270, "texture": "#2"},
				"up": {"uv": [9, 12, 9.1875, 12.01563], "rotation": 270, "texture": "#2"},
				"down": {"uv": [0, 11, 0.1875, 11.01563], "rotation": 270, "texture": "#2"}
			}
		},
		{
			"name": "cubebase",
			"from": [7.6, 4.325, 4.675],
			"to": [7.75, 6, 9.15],
			"faces": {
				"north": {"uv": [0, 0, 0.01875, 0.20937], "texture": "#3"},
				"east": {"uv": [0, 0, 0.55937, 0.20937], "texture": "#3"},
				"south": {"uv": [0, 0, 0.01875, 0.20937], "texture": "#3"},
				"west": {"uv": [0, 0, 0.55937, 0.20937], "texture": "#3"},
				"up": {"uv": [5, 0, 6, 10], "texture": "#3"},
				"down": {"uv": [6, 7, 6.01813, 7.55925], "texture": "#3"}
			}
		},
		{
			"name": "cubebase1",
			"from": [7, 4.325, 4.675],
			"to": [7.15, 6, 9.15],
			"faces": {
				"north": {"uv": [0, 0, 0.01875, 0.20937], "texture": "#3"},
				"east": {"uv": [0, 0, 0.55937, 0.20937], "texture": "#3"},
				"south": {"uv": [0, 0, 0.01875, 0.20937], "texture": "#3"},
				"west": {"uv": [0, 0, 0.55937, 0.20937], "texture": "#3"},
				"up": {"uv": [6, 4, 7, 14], "texture": "#3"},
				"down": {"uv": [5, 5, 5.01813, 5.55925], "texture": "#3"}
			}
		},
		{
			"name": "cubebase2",
			"from": [7.15, 4.325, 5],
			"to": [7.6, 5.95, 9.15],
			"faces": {
				"north": {"uv": [0, 0, 0.05625, 0.20312], "texture": "#6"},
				"east": {"uv": [0, 0, 0.51875, 0.20312], "texture": "#6"},
				"south": {"uv": [0, 0, 0.05625, 0.20312], "texture": "#6"},
				"west": {"uv": [0, 0, 0.51875, 0.20312], "texture": "#6"},
				"up": {"uv": [0, 0, 1, 16], "texture": "#6"},
				"down": {"uv": [2, 7, 2.056, 7.51813], "texture": "#3"}
			}
		},
		{
			"name": "pricel1",
			"from": [7.163, 6, 0.15],
			"to": [7.588, 7.3, 0.45],
			"faces": {
				"north": {"uv": [0, 0, 1, 1.162], "texture": "#2"},
				"east": {"uv": [0, 0, 0.0375, 0.1625], "texture": "#2"},
				"south": {"uv": [0, 0, 0.05312, 0.1625], "texture": "#2"},
				"west": {"uv": [0, 0, 0.0375, 0.1625], "texture": "#2"},
				"up": {"uv": [0, 0, 0.05312, 0.0375], "texture": "#2"},
				"down": {"uv": [0, 0, 0.05312, 0.0375], "texture": "#2"}
			}
		},
		{
			"name": "pricel2",
			"from": [7.1749, 6, 0.45],
			"to": [7.5751, 6.3, 0.85],
			"faces": {
				"north": {"uv": [0, 0, 0.05002, 0.0375], "texture": "#2"},
				"east": {"uv": [0, 0, 0.05, 0.0375], "texture": "#2"},
				"south": {"uv": [0, 0, 0.05002, 0.0375], "texture": "#2"},
				"west": {"uv": [0, 0, 0.05, 0.0375], "texture": "#2"},
				"up": {"uv": [0, 0, 0.05002, 0.05], "texture": "#2"},
				"down": {"uv": [0, 0, 0.05002, 0.05], "texture": "#2"}
			}
		},
		{
			"name": "pricel3",
			"from": [7.175, 6.23895, 0.36231],
			"to": [7.575, 7.31395, 0.66231],
			"rotation": {"angle": -22.5, "axis": "x", "origin": [7.375, 6.74127, 0.60269]},
			"faces": {
				"north": {"uv": [0, 11, 0.04938, 11.13413], "texture": "#2"},
				"east": {"uv": [0, 0, 0.0375, 0.13438], "texture": "#2"},
				"south": {"uv": [0, 0, 0.05, 0.13438], "texture": "#2"},
				"west": {"uv": [0, 0, 0.0375, 0.13438], "texture": "#2"},
				"up": {"uv": [0, 0, 0.05, 0.0375], "texture": "#2"},
				"down": {"uv": [0, 0, 0.05, 0.0375], "texture": "#2"}
			}
		},
		{
			"name": "pricel4",
			"from": [7.2, 6.275, 0.425],
			"to": [7.55, 6.475, 0.525],
			"faces": {
				"north": {"uv": [0, 0, 0.04375, 0.025], "texture": "#2"},
				"east": {"uv": [0, 11, 0.01238, 11.02475], "texture": "#2"},
				"south": {"uv": [0, 0, 0.04375, 0.025], "texture": "#2"},
				"west": {"uv": [0, 11, 0.01238, 11.02475], "texture": "#2"},
				"up": {"uv": [0, 0, 0.04375, 0.0125], "texture": "#2"},
				"down": {"uv": [0, 0, 0.04375, 0.0125], "texture": "#2"}
			}
		},
		{
			"name": "pricel5",
			"from": [7.538, 7.3, 0.15],
			"to": [7.588, 7.5, 0.45],
			"faces": {
				"north": {"uv": [0, 0, 0.00625, 0.025], "texture": "#2"},
				"east": {"uv": [0, 0, 0.0375, 0.025], "texture": "#2"},
				"south": {"uv": [0, 0, 0.00625, 0.025], "texture": "#2"},
				"west": {"uv": [0, 11, 0.037, 11.02475], "texture": "#2"},
				"up": {"uv": [0, 0, 0.00625, 0.0375], "texture": "#2"},
				"down": {"uv": [0, 0, 0.00625, 0.0375], "texture": "#2"}
			}
		},
		{
			"name": "pricel6",
			"from": [7.163, 7.3, 0.15],
			"to": [7.213, 7.5, 0.45],
			"rotation": {"angle": 0, "axis": "y", "origin": [7.188, 7.4, 0.3]},
			"faces": {
				"north": {"uv": [0, 0, 0.00625, 0.025], "texture": "#2"},
				"east": {"uv": [0, 11, 0.037, 11.02475], "texture": "#2"},
				"south": {"uv": [0, 0, 0.00625, 0.025], "texture": "#2"},
				"west": {"uv": [0, 0, 0.0375, 0.025], "texture": "#2"},
				"up": {"uv": [0, 0, 0.00625, 0.0375], "texture": "#2"},
				"down": {"uv": [0, 0, 0.00625, 0.0375], "texture": "#2"}
			}
		},
		{
			"name": "pricel7",
			"from": [7.3473, 7.3, 0.275],
			"to": [7.3973, 7.475, 0.325],
			"rotation": {"angle": 0, "axis": "y", "origin": [7.188, 7.4, 0.3]},
			"faces": {
				"north": {"uv": [0, 0, 0.00625, 0.02187], "texture": "#2"},
				"east": {"uv": [0, 0, 0.00625, 0.02187], "texture": "#2"},
				"south": {"uv": [10, 4.5, 11, 6.5], "texture": "#2"},
				"west": {"uv": [0, 0, 0.00625, 0.02187], "texture": "#2"},
				"up": {"uv": [0, 0, 0.00625, 0.00625], "texture": "#2"},
				"down": {"uv": [0, 0, 0.00625, 0.00625], "texture": "#2"}
			}
		},
		{
			"name": "optika",
			"from": [7.3473, 7.35, 9.45],
			"to": [7.3973, 7.375, 9.5],
			"rotation": {"angle": 0, "axis": "y", "origin": [7.188, 7.4, 0.3]},
			"faces": {
				"north": {"uv": [0, 0, 0.00625, 0.00312], "texture": "#2"},
				"east": {"uv": [0, 0, 0.00625, 0.00312], "texture": "#2"},
				"south": {"uv": [0, 0, 0.00625, 0.00312], "texture": "#2"},
				"west": {"uv": [0, 0, 0.00625, 0.00312], "texture": "#2"},
				"up": {"uv": [0, 0, 0.00625, 0.00625], "texture": "#2"},
				"down": {"uv": [0, 0, 0.00625, 0.00625], "texture": "#2"}
			}
		},
		{
			"name": "optika1",
			"from": [7.2979, 7.39954, 9.45],
			"to": [7.3479, 7.42454, 9.5],
			"rotation": {"angle": -22.5, "axis": "z", "origin": [7.22307, 7.37629, 0.3]},
			"faces": {
				"north": {"uv": [0, 0, 0.00625, 0.00312], "texture": "#2"},
				"east": {"uv": [0, 0, 0.00625, 0.00312], "texture": "#2"},
				"south": {"uv": [0, 0, 0.00625, 0.00312], "texture": "#2"},
				"west": {"uv": [0, 0, 0.00625, 0.00312], "texture": "#2"},
				"up": {"uv": [0, 0, 0.00625, 0.00625], "texture": "#2"},
				"down": {"uv": [0, 0, 0.00625, 0.00625], "texture": "#2"}
			}
		},
		{
			"name": "optika2",
			"from": [7.20784, 7.41725, 9.45],
			"to": [7.25784, 7.44225, 9.5],
			"rotation": {"angle": -45, "axis": "z", "origin": [7.22139, 7.34096, 0.3]},
			"faces": {
				"north": {"uv": [0, 0, 0.00625, 0.00312], "texture": "#2"},
				"east": {"uv": [0, 0, 0.00625, 0.00312], "texture": "#2"},
				"south": {"uv": [0, 0, 0.00625, 0.00312], "texture": "#2"},
				"west": {"uv": [0, 0, 0.00625, 0.00312], "texture": "#2"},
				"up": {"uv": [0, 0, 0.00625, 0.00625], "texture": "#2"},
				"down": {"uv": [0, 0, 0.00625, 0.00625], "texture": "#2"}
			}
		},
		{
			"name": "optika3",
			"from": [7.31501, 7.3611, 9.45],
			"to": [7.34001, 7.4111, 9.5],
			"rotation": {"angle": 22.5, "axis": "z", "origin": [7.18132, 7.25897, 0.3]},
			"faces": {
				"north": {"uv": [0, 0, 0.00625, 0.00312], "rotation": 270, "texture": "#2"},
				"east": {"uv": [0, 0, 0.00625, 0.00625], "rotation": 90, "texture": "#2"},
				"south": {"uv": [0, 0, 0.00625, 0.00312], "rotation": 90, "texture": "#2"},
				"west": {"uv": [0, 0, 0.00625, 0.00625], "rotation": 90, "texture": "#2"},
				"up": {"uv": [0, 0, 0.00625, 0.00312], "rotation": 90, "texture": "#2"},
				"down": {"uv": [0, 0, 0.00625, 0.00312], "rotation": 90, "texture": "#2"}
			}
		},
		{
			"name": "optika4",
			"from": [7.31501, 7.3611, 9.45],
			"to": [7.34001, 7.4111, 9.5],
			"rotation": {"angle": 22.5, "axis": "z", "origin": [7.18132, 7.25897, 0.3]},
			"faces": {
				"north": {"uv": [0, 0, 0.00625, 0.00312], "rotation": 270, "texture": "#2"},
				"east": {"uv": [0, 0, 0.00625, 0.00625], "rotation": 90, "texture": "#2"},
				"south": {"uv": [0, 0, 0.00625, 0.00312], "rotation": 90, "texture": "#2"},
				"west": {"uv": [0, 0, 0.00625, 0.00625], "rotation": 90, "texture": "#2"},
				"up": {"uv": [0, 0, 0.00625, 0.00312], "rotation": 90, "texture": "#2"},
				"down": {"uv": [0, 0, 0.00625, 0.00312], "rotation": 90, "texture": "#2"}
			}
		},
		{
			"name": "optika5",
			"from": [7.24662, 7.45068, 9.45],
			"to": [7.27162, 7.50068, 9.5],
			"rotation": {"angle": 0, "axis": "y", "origin": [7.11293, 7.19855, 0.3]},
			"faces": {
				"north": {"uv": [0, 0, 0.00625, 0.00312], "rotation": 270, "texture": "#2"},
				"east": {"uv": [0, 0, 0.00625, 0.00625], "rotation": 90, "texture": "#2"},
				"south": {"uv": [0, 0, 0.00625, 0.00312], "rotation": 90, "texture": "#2"},
				"west": {"uv": [0, 0, 0.00625, 0.00625], "rotation": 90, "texture": "#2"},
				"up": {"uv": [0, 0, 0.00625, 0.00312], "rotation": 90, "texture": "#2"},
				"down": {"uv": [0, 0, 0.00625, 0.00312], "rotation": 90, "texture": "#2"}
			}
		},
		{
			"name": "optika6",
			"from": [7.09334, 7.55772, 9.45],
			"to": [7.11834, 7.60772, 9.5],
			"rotation": {"angle": -22.5, "axis": "z", "origin": [7.02662, 7.1439, 0.3]},
			"faces": {
				"north": {"uv": [0, 0, 0.00625, 0.00312], "rotation": 270, "texture": "#2"},
				"east": {"uv": [0, 0, 0.00625, 0.00625], "rotation": 90, "texture": "#2"},
				"south": {"uv": [0, 0, 0.00625, 0.00312], "rotation": 90, "texture": "#2"},
				"west": {"uv": [0, 0, 0.00625, 0.00625], "rotation": 90, "texture": "#2"},
				"up": {"uv": [0, 0, 0.00625, 0.00312], "rotation": 90, "texture": "#2"},
				"down": {"uv": [0, 0, 0.00625, 0.00312], "rotation": 90, "texture": "#2"}
			}
		},
		{
			"name": "optika7",
			"from": [6.81591, 7.64203, 9.45],
			"to": [6.84091, 7.69203, 9.5],
			"rotation": {"angle": -45, "axis": "z", "origin": [6.92596, 7.05145, 0.3]},
			"faces": {
				"north": {"uv": [0, 0, 0.00625, 0.00312], "rotation": 270, "texture": "#2"},
				"east": {"uv": [0, 0, 0.00625, 0.00625], "rotation": 90, "texture": "#2"},
				"south": {"uv": [0, 0, 0.00625, 0.00312], "rotation": 90, "texture": "#2"},
				"west": {"uv": [0, 0, 0.00625, 0.00625], "rotation": 90, "texture": "#2"},
				"up": {"uv": [0, 0, 0.00625, 0.00312], "rotation": 90, "texture": "#2"},
				"down": {"uv": [0, 0, 0.00625, 0.00312], "rotation": 90, "texture": "#2"}
			}
		},
		{
			"name": "optika8",
			"from": [7.51255, 7.31486, 9.45],
			"to": [7.56255, 7.33986, 9.5],
			"rotation": {"angle": 22.5, "axis": "z", "origin": [6.79759, 6.92955, 0.3]},
			"faces": {
				"north": {"uv": [0, 0, 0.00625, 0.00312], "rotation": 180, "texture": "#2"},
				"east": {"uv": [0, 0, 0.00625, 0.00312], "rotation": 180, "texture": "#2"},
				"south": {"uv": [0, 0, 0.00625, 0.00312], "rotation": 180, "texture": "#2"},
				"west": {"uv": [0, 0, 0.00625, 0.00312], "rotation": 180, "texture": "#2"},
				"up": {"uv": [0, 0, 0.00625, 0.00625], "rotation": 180, "texture": "#2"},
				"down": {"uv": [0, 0, 0.00625, 0.00625], "rotation": 180, "texture": "#2"}
			}
		},
		{
			"name": "optika9",
			"from": [7.3473, 7.57637, 9.45],
			"to": [7.3973, 7.60137, 9.5],
			"rotation": {"angle": 0, "axis": "y", "origin": [6.63234, 6.79105, 0.3]},
			"faces": {
				"north": {"uv": [0, 0, 0.00625, 0.00312], "rotation": 180, "texture": "#2"},
				"east": {"uv": [0, 0, 0.00625, 0.00312], "rotation": 180, "texture": "#2"},
				"south": {"uv": [0, 0, 0.00625, 0.00312], "rotation": 180, "texture": "#2"},
				"west": {"uv": [0, 0, 0.00625, 0.00312], "rotation": 180, "texture": "#2"},
				"up": {"uv": [0, 0, 0.00625, 0.00625], "rotation": 180, "texture": "#2"},
				"down": {"uv": [0, 0, 0.00625, 0.00625], "rotation": 180, "texture": "#2"}
			}
		},
		{
			"name": "optika10",
			"from": [7.01726, 7.88691, 9.45],
			"to": [7.06726, 7.91191, 9.5],
			"rotation": {"angle": -22.5, "axis": "z", "origin": [6.42667, 6.80133, 0.3]},
			"faces": {
				"north": {"uv": [0, 0, 0.00625, 0.00312], "rotation": 180, "texture": "#2"},
				"east": {"uv": [0, 0, 0.00625, 0.00312], "rotation": 180, "texture": "#2"},
				"south": {"uv": [0, 0, 0.00625, 0.00312], "rotation": 180, "texture": "#2"},
				"west": {"uv": [0, 0, 0.00625, 0.00312], "rotation": 180, "texture": "#2"},
				"up": {"uv": [0, 0, 0.00625, 0.00625], "rotation": 180, "texture": "#2"},
				"down": {"uv": [0, 0, 0.00625, 0.00625], "rotation": 180, "texture": "#2"}
			}
		},
		{
			"name": "optika11",
			"from": [6.52018, 8.16986, 9.45],
			"to": [6.57018, 8.19486, 9.5],
			"rotation": {"angle": -45, "axis": "z", "origin": [6.24233, 6.77401, 0.3]},
			"faces": {
				"north": {"uv": [0, 0, 0.00625, 0.00312], "rotation": 180, "texture": "#2"},
				"east": {"uv": [0, 0, 0.00625, 0.00312], "rotation": 180, "texture": "#2"},
				"south": {"uv": [0, 0, 0.00625, 0.00312], "rotation": 180, "texture": "#2"},
				"west": {"uv": [0, 0, 0.00625, 0.00312], "rotation": 180, "texture": "#2"},
				"up": {"uv": [0, 0, 0.00625, 0.00625], "rotation": 180, "texture": "#2"},
				"down": {"uv": [0, 0, 0.00625, 0.00625], "rotation": 180, "texture": "#2"}
			}
		},
		{
			"name": "optika12",
			"from": [7.66615, 6.89013, 9.45],
			"to": [7.69115, 6.94013, 9.5],
			"rotation": {"angle": 22.5, "axis": "z", "origin": [6.05983, 6.70984, 0.3]},
			"faces": {
				"north": {"uv": [0, 0, 0.00625, 0.00312], "rotation": 90, "texture": "#2"},
				"east": {"uv": [0, 0, 0.00625, 0.00625], "rotation": 270, "texture": "#2"},
				"south": {"uv": [0, 0, 0.00625, 0.00312], "rotation": 270, "texture": "#2"},
				"west": {"uv": [0, 0, 0.00625, 0.00625], "rotation": 270, "texture": "#2"},
				"up": {"uv": [0, 0, 0.00625, 0.00312], "rotation": 270, "texture": "#2"},
				"down": {"uv": [0, 0, 0.00625, 0.00312], "rotation": 270, "texture": "#2"}
			}
		},
		{
			"name": "optika13",
			"from": [7.47298, 7.45068, 9.45],
			"to": [7.49798, 7.50068, 9.5],
			"rotation": {"angle": 0, "axis": "y", "origin": [5.86666, 6.4954, 0.3]},
			"faces": {
				"north": {"uv": [0, 0, 0.00625, 0.00312], "rotation": 90, "texture": "#2"},
				"east": {"uv": [0, 0, 0.00625, 0.00625], "rotation": 270, "texture": "#2"},
				"south": {"uv": [0, 0, 0.00625, 0.00312], "rotation": 270, "texture": "#2"},
				"west": {"uv": [0, 0, 0.00625, 0.00625], "rotation": 270, "texture": "#2"},
				"up": {"uv": [0, 0, 0.00625, 0.00312], "rotation": 270, "texture": "#2"},
				"down": {"uv": [0, 0, 0.00625, 0.00312], "rotation": 270, "texture": "#2"}
			}
		},
		{
			"name": "optika14",
			"from": [7.21245, 8.10149, 9.45],
			"to": [7.23745, 8.15149, 9.5],
			"rotation": {"angle": -22.5, "axis": "z", "origin": [5.60613, 7.1462, 0.3]},
			"faces": {
				"north": {"uv": [0, 0, 0.00625, 0.00312], "rotation": 90, "texture": "#2"},
				"east": {"uv": [0, 0, 0.00625, 0.00625], "rotation": 270, "texture": "#2"},
				"south": {"uv": [0, 0, 0.00625, 0.00312], "rotation": 270, "texture": "#2"},
				"west": {"uv": [0, 0, 0.00625, 0.00625], "rotation": 270, "texture": "#2"},
				"up": {"uv": [0, 0, 0.00625, 0.00312], "rotation": 270, "texture": "#2"},
				"down": {"uv": [0, 0, 0.00625, 0.00312], "rotation": 270, "texture": "#2"}
			}
		},
		{
			"name": "optika15",
			"from": [6.60868, 8.88027, 9.45],
			"to": [6.63368, 8.93027, 9.5],
			"rotation": {"angle": -45, "axis": "z", "origin": [5.21448, 7.14717, 0.3]},
			"faces": {
				"north": {"uv": [0, 0, 0.00625, 0.00312], "rotation": 90, "texture": "#2"},
				"east": {"uv": [0, 0, 0.00625, 0.00625], "rotation": 270, "texture": "#2"},
				"south": {"uv": [0, 0, 0.00625, 0.00312], "rotation": 270, "texture": "#2"},
				"west": {"uv": [0, 0, 0.00625, 0.00625], "rotation": 270, "texture": "#2"},
				"up": {"uv": [0, 0, 0.00625, 0.00312], "rotation": 270, "texture": "#2"},
				"down": {"uv": [0, 0, 0.00625, 0.00312], "rotation": 270, "texture": "#2"}
			}
		},
		{
			"name": "optika16",
			"from": [7.43012, 6.41086, 9.45],
			"to": [7.48012, 6.43586, 9.5],
			"rotation": {"angle": 22.5, "axis": "z", "origin": [5.05302, 6.79793, 0.3]},
			"faces": {
				"north": {"uv": [0, 0, 0.00625, 0.00312], "texture": "#2"},
				"east": {"uv": [0, 0, 0.00625, 0.00312], "texture": "#2"},
				"south": {"uv": [0, 0, 0.00625, 0.00312], "texture": "#2"},
				"west": {"uv": [0, 0, 0.00625, 0.00312], "texture": "#2"},
				"up": {"uv": [0, 0, 0.00625, 0.00625], "texture": "#2"},
				"down": {"uv": [0, 0, 0.00625, 0.00625], "texture": "#2"}
			}
		},
		{
			"name": "pricel_16",
			"from": [7.538, 7.2, 9.3],
			"to": [7.588, 7.6, 9.75],
			"rotation": {"angle": 0, "axis": "y", "origin": [7.188, 7.4, 0.3]},
			"faces": {
				"north": {"uv": [0, 0, 0.00625, 0.05], "texture": "#2"},
				"east": {"uv": [0, 0, 0.05625, 0.05], "texture": "#2"},
				"south": {"uv": [0, 0, 0.00625, 0.05], "texture": "#2"},
				"west": {"uv": [0, 11, 0.056, 11.04938], "texture": "#2"},
				"up": {"uv": [0, 0, 0.00625, 0.05625], "texture": "#2"},
				"down": {"uv": [0, 0, 0.00625, 0.05625], "texture": "#2"}
			}
		},
		{
			"name": "pricel_1",
			"from": [7.175, 7.1, 9.1749],
			"to": [7.575, 7.3, 9.2251],
			"faces": {
				"north": {"uv": [0, 0, 0.05, 0.025], "texture": "#2"},
				"east": {"uv": [0, 0, 0.00628, 0.025], "texture": "#2"},
				"south": {"uv": [0, 11, 0.04938, 11.02475], "texture": "#2"},
				"west": {"uv": [0, 0, 0.00628, 0.025], "texture": "#2"},
				"up": {"uv": [8, 11, 8.04938, 11.00575], "texture": "#2"},
				"down": {"uv": [0, 0, 0.05, 0.00628], "texture": "#2"}
			}
		},
		{
			"name": "pricel_2",
			"from": [7.175, 5.27333, 9.20021],
			"to": [7.3, 6.64833, 9.30021],
			"rotation": {"angle": -22.5, "axis": "x", "origin": [8, 8, 8]},
			"faces": {
				"north": {"uv": [0, 11, 0.01563, 11.17188], "texture": "#2"},
				"east": {"uv": [0, 11, 0.01238, 11.17188], "texture": "#2"},
				"south": {"uv": [0, 0, 0.01563, 0.17188], "texture": "#2"},
				"west": {"uv": [0, 0, 0.0125, 0.17188], "texture": "#2"},
				"up": {"uv": [0, 0, 0.01563, 0.0125], "texture": "#2"},
				"down": {"uv": [0, 0, 0.01563, 0.0125], "texture": "#2"}
			}
		},
		{
			"name": "pricel__2",
			"from": [7.45, 5.27333, 9.20021],
			"to": [7.575, 6.64833, 9.30021],
			"rotation": {"angle": -22.5, "axis": "x", "origin": [8, 8, 8]},
			"faces": {
				"north": {"uv": [8, 10, 8.01563, 10.17188], "texture": "#2"},
				"east": {"uv": [0, 0, 0.0125, 0.17188], "texture": "#2"},
				"south": {"uv": [0, 0, 0.01563, 0.17188], "texture": "#2"},
				"west": {"uv": [0, 11, 0.01238, 11.17188], "texture": "#2"},
				"up": {"uv": [0, 0, 0.01563, 0.0125], "texture": "#2"},
				"down": {"uv": [0, 0, 0.01563, 0.0125], "texture": "#2"}
			}
		},
		{
			"name": "pricel__3",
			"from": [7.3, 6.42333, 9.20021],
			"to": [7.45, 6.64833, 9.30021],
			"rotation": {"angle": -22.5, "axis": "x", "origin": [8, 8, 8]},
			"faces": {
				"north": {"uv": [0, 11, 0.01812, 11.028], "texture": "#2"},
				"east": {"uv": [0, 0, 0.0125, 0.02812], "texture": "#2"},
				"south": {"uv": [3, 6, 3.0185, 6.028], "texture": "#2"},
				"west": {"uv": [0, 0, 0.0125, 0.02812], "texture": "#2"},
				"up": {"uv": [0, 0, 0.01875, 0.0125], "texture": "#2"},
				"down": {"uv": [0, 0, 0.01875, 0.0125], "texture": "#2"}
			}
		},
		{
			"name": "pricel__4",
			"from": [7.3, 5.27333, 9.20021],
			"to": [7.45, 6.02333, 9.30021],
			"rotation": {"angle": -22.5, "axis": "x", "origin": [8, 8, 8]},
			"faces": {
				"north": {"uv": [0, 11, 0.01812, 11.09375], "texture": "#2"},
				"east": {"uv": [0, 0, 0.0125, 0.09375], "texture": "#2"},
				"south": {"uv": [0, 0, 0.01875, 0.09375], "texture": "#2"},
				"west": {"uv": [0, 0, 0.0125, 0.09375], "texture": "#2"},
				"up": {"uv": [0, 0, 0.01875, 0.0125], "texture": "#2"},
				"down": {"uv": [0, 0, 0.01875, 0.0125], "texture": "#2"}
			}
		},
		{
			"name": "pricel__5",
			"from": [7.3, 6.02333, 9.20021],
			"to": [7.325, 6.04833, 9.30021],
			"rotation": {"angle": -22.5, "axis": "x", "origin": [8, 8, 8]},
			"faces": {
				"north": {"uv": [0, 11, 0.0025, 11.0025], "texture": "#2"},
				"east": {"uv": [0, 0, 0.0125, 0.00313], "texture": "#2"},
				"south": {"uv": [0, 0, 0.00313, 0.00313], "texture": "#2"},
				"west": {"uv": [0, 0, 0.0125, 0.00313], "texture": "#2"},
				"up": {"uv": [0, 0, 0.00313, 0.0125], "texture": "#2"},
				"down": {"uv": [0, 0, 0.00313, 0.0125], "texture": "#2"}
			}
		},
		{
			"name": "pricel__6",
			"from": [7.425, 6.02333, 9.20021],
			"to": [7.45, 6.04833, 9.30021],
			"rotation": {"angle": -22.5, "axis": "x", "origin": [8, 8, 8]},
			"faces": {
				"north": {"uv": [8, 10, 8.0025, 10.0025], "texture": "#2"},
				"east": {"uv": [0, 0, 0.0125, 0.00313], "texture": "#2"},
				"south": {"uv": [0, 0, 0.00313, 0.00313], "texture": "#2"},
				"west": {"uv": [0, 0, 0.0125, 0.00313], "texture": "#2"},
				"up": {"uv": [0, 0, 0.00313, 0.0125], "texture": "#2"},
				"down": {"uv": [0, 0, 0.00313, 0.0125], "texture": "#2"}
			}
		},
		{
			"name": "pricel__7",
			"from": [7.425, 6.39833, 9.20021],
			"to": [7.45, 6.42333, 9.30021],
			"rotation": {"angle": -22.5, "axis": "x", "origin": [8, 8, 8]},
			"faces": {
				"north": {"uv": [0, 11, 0.0025, 11.0025], "texture": "#2"},
				"east": {"uv": [0, 0, 0.0125, 0.00313], "texture": "#2"},
				"south": {"uv": [0, 0, 0.00313, 0.00313], "texture": "#2"},
				"west": {"uv": [0, 11, 0.01238, 11.0025], "texture": "#2"},
				"up": {"uv": [0, 0, 0.00313, 0.0125], "texture": "#2"},
				"down": {"uv": [0, 11, 0.0025, 11.01238], "texture": "#2"}
			}
		},
		{
			"name": "pricel__8",
			"from": [7.3, 6.39833, 9.20021],
			"to": [7.325, 6.42333, 9.30021],
			"rotation": {"angle": -22.5, "axis": "x", "origin": [8, 8, 8]},
			"faces": {
				"north": {"uv": [0, 11, 0.0025, 11.0025], "texture": "#2"},
				"east": {"uv": [0, 11, 0.01238, 11.0025], "texture": "#2"},
				"south": {"uv": [0, 0, 0.00313, 0.00313], "texture": "#2"},
				"west": {"uv": [0, 0, 0.0125, 0.00313], "texture": "#2"},
				"up": {"uv": [0, 0, 0.00313, 0.0125], "texture": "#2"},
				"down": {"uv": [0, 11, 0.0025, 11.01238], "texture": "#2"}
			}
		},
		{
			"name": "pricel__9",
			"from": [7.325, 5.60961, 9.08569],
			"to": [7.425, 5.70961, 9.31569],
			"rotation": {"angle": -22.5, "axis": "x", "origin": [8, 8, 8]},
			"faces": {
				"north": {"uv": [0, 0, 0.0125, 0.0125], "rotation": 180, "texture": "#6"},
				"east": {"uv": [0, 0, 16, 16], "rotation": 270, "texture": "#6"},
				"south": {"uv": [0, 0, 16, 16], "texture": "#6"},
				"west": {"uv": [0, 0, 16, 16], "rotation": 90, "texture": "#6"},
				"up": {"uv": [0, 0, 16, 16], "rotation": 180, "texture": "#6"},
				"down": {"uv": [0, 0, 16, 16], "texture": "#6"}
			}
		},
		{
			"name": "pricel__10",
			"from": [7.3, 5.58461, 8.93569],
			"to": [7.45, 5.73461, 9.08569],
			"rotation": {"angle": -22.5, "axis": "x", "origin": [8, 8, 8]},
			"faces": {
				"north": {"uv": [0, 0, 16, 16], "rotation": 180, "texture": "#6"},
				"east": {"uv": [0, 0, 16, 16], "rotation": 270, "texture": "#6"},
				"south": {"uv": [0, 0, 0.01875, 0.01875], "texture": "#6"},
				"west": {"uv": [0, 0, 16, 16], "rotation": 90, "texture": "#6"},
				"up": {"uv": [0, 0, 16, 16], "rotation": 180, "texture": "#6"},
				"down": {"uv": [0, 0, 16, 16], "texture": "#6"}
			}
		},
		{
			"name": "pricel_3",
			"from": [7.538, 6, 9.15],
			"to": [7.588, 7.6, 9.3],
			"faces": {
				"north": {"uv": [0, 0, 0.00625, 0.2], "texture": "#2"},
				"east": {"uv": [0, 0, 0.01875, 0.2], "texture": "#2"},
				"south": {"uv": [0, 0, 0.00625, 0.2], "texture": "#2"},
				"west": {"uv": [0, 11, 0.01812, 11.19988], "texture": "#2"},
				"up": {"uv": [0, 0, 0.00625, 0.01875], "texture": "#2"},
				"down": {"uv": [0, 0, 0.00625, 0.01875], "texture": "#2"}
			}
		},
		{
			"name": "pricel_4",
			"from": [7.213, 7.275, 9.225],
			"to": [7.538, 7.3, 9.75],
			"rotation": {"angle": 0, "axis": "y", "origin": [7.188, 7.4, 0.3]},
			"faces": {
				"north": {"uv": [0, 0, 0.04062, 0.00312], "texture": "#2"},
				"east": {"uv": [0, 0, 0.06562, 0.00312], "texture": "#2"},
				"south": {"uv": [0, 0, 0.04062, 0.00312], "texture": "#2"},
				"west": {"uv": [0, 0, 0.06562, 0.00312], "texture": "#2"},
				"up": {"uv": [1, 6, 1.25, 6.25], "texture": "#2"},
				"down": {"uv": [0, 11, 0.04038, 11.065], "texture": "#2"}
			}
		},
		{
			"name": "pricel_5",
			"from": [7.175, 6, 9.1749],
			"to": [7.575, 6.2, 9.2251],
			"faces": {
				"north": {"uv": [0, 0, 0.05, 0.025], "texture": "#2"},
				"east": {"uv": [0, 0, 0.00628, 0.025], "texture": "#2"},
				"south": {"uv": [0, 11, 0.04938, 11.02475], "texture": "#2"},
				"west": {"uv": [0, 0, 0.00628, 0.025], "texture": "#2"},
				"up": {"uv": [0, 0, 0.05, 0.00628], "texture": "#2"},
				"down": {"uv": [0, 0, 0.05, 0.00628], "texture": "#2"}
			}
		},
		{
			"name": "pricel_6",
			"from": [7.45, 6.2, 9.1749],
			"to": [7.55, 7.1, 9.2251],
			"faces": {
				"north": {"uv": [0, 0, 0.0125, 0.1125], "texture": "#2"},
				"east": {"uv": [0, 0, 0.00628, 0.1125], "texture": "#2"},
				"south": {"uv": [0, 11, 0.01238, 11.11188], "texture": "#2"},
				"west": {"uv": [0, 0, 0.00628, 0.1125], "texture": "#2"},
				"up": {"uv": [0, 0, 0.0125, 0.00628], "texture": "#2"},
				"down": {"uv": [0, 0, 0.0125, 0.00628], "texture": "#2"}
			}
		},
		{
			"name": "pricel_7",
			"from": [7.2, 6.2, 9.1749],
			"to": [7.3, 7.1, 9.2251],
			"faces": {
				"north": {"uv": [0, 0, 0.0125, 0.1125], "texture": "#2"},
				"east": {"uv": [0, 0, 0.00628, 0.1125], "texture": "#2"},
				"south": {"uv": [0, 11, 0.01238, 11.11188], "texture": "#2"},
				"west": {"uv": [0, 0, 0.00628, 0.1125], "texture": "#2"},
				"up": {"uv": [0, 0, 0.0125, 0.00628], "texture": "#2"},
				"down": {"uv": [0, 0, 0.0125, 0.00628], "texture": "#2"}
			}
		},
		{
			"name": "pricel_8",
			"from": [7.444, 6.153, 9.175],
			"to": [7.544, 6.213, 9.225],
			"rotation": {"angle": 45, "axis": "z", "origin": [7.44116, 6.13813, 9.2]},
			"faces": {
				"north": {"uv": [0, 0, 0.0125, 0.0075], "texture": "#2"},
				"east": {"uv": [0, 0, 0.00625, 0.0075], "texture": "#2"},
				"south": {"uv": [0, 11, 0.01238, 11.0075], "texture": "#2"},
				"west": {"uv": [0, 0, 0.00625, 0.0075], "texture": "#2"},
				"up": {"uv": [0, 0, 0.0125, 0.00625], "texture": "#2"},
				"down": {"uv": [0, 0, 0.0125, 0.00625], "texture": "#2"}
			}
		},
		{
			"name": "pricel_9",
			"from": [7.57212, 5.26912, 9.175],
			"to": [7.67212, 5.32912, 9.225],
			"rotation": {"angle": -45, "axis": "z", "origin": [8.55884, 6.13813, 9.2]},
			"faces": {
				"north": {"uv": [0.0125, 0, 0.025, 0.0075], "texture": "#2"},
				"east": {"uv": [0.00625, 0, 0.0125, 0.0075], "texture": "#2"},
				"south": {"uv": [0, 11, 0.01238, 11.0075], "texture": "#2"},
				"west": {"uv": [0.00625, 0, 0.0125, 0.0075], "texture": "#2"},
				"up": {"uv": [0.0125, 0, 0.025, 0.00625], "texture": "#2"},
				"down": {"uv": [0.0125, 0, 0.025, 0.00625], "texture": "#2"}
			}
		},
		{
			"name": "pricel_10",
			"from": [5.66293, 8.7617, 9.175],
			"to": [5.76293, 8.8217, 9.225],
			"rotation": {"angle": 45, "axis": "z", "origin": [8.55884, 9.86187, 9.2]},
			"faces": {
				"north": {"uv": [0.0125, 0.0075, 0.025, 0.015], "texture": "#2"},
				"east": {"uv": [0.00625, 0.0075, 0.0125, 0.015], "texture": "#2"},
				"south": {"uv": [0, 11, 0.01238, 11.0075], "texture": "#2"},
				"west": {"uv": [0.00625, 0.0075, 0.0125, 0.015], "texture": "#2"},
				"up": {"uv": [0.0125, 0.00625, 0.025, 0.0125], "texture": "#2"},
				"down": {"uv": [0.0125, 0.00625, 0.025, 0.0125], "texture": "#2"}
			}
		},
		{
			"name": "pricel_11",
			"from": [9.35319, 7.87781, 9.175],
			"to": [9.45319, 7.93781, 9.225],
			"rotation": {"angle": -45, "axis": "z", "origin": [7.44116, 9.86187, 9.2]},
			"faces": {
				"north": {"uv": [0.025, 0.0075, 0.0375, 0.015], "texture": "#2"},
				"east": {"uv": [0.0125, 0.0075, 0.01875, 0.015], "texture": "#2"},
				"south": {"uv": [0, 11, 0.01238, 11.0075], "texture": "#2"},
				"west": {"uv": [0.0125, 0.0075, 0.01875, 0.015], "texture": "#2"},
				"up": {"uv": [0.025, 0.00625, 0.0375, 0.0125], "texture": "#2"},
				"down": {"uv": [0.025, 0.00625, 0.0375, 0.0125], "texture": "#2"}
			}
		},
		{
			"name": "pricel_12",
			"from": [7.163, 6, 9.15],
			"to": [7.213, 7.6, 9.3],
			"rotation": {"angle": 0, "axis": "y", "origin": [7.188, 7.4, 0.3]},
			"faces": {
				"north": {"uv": [0, 0, 0.00625, 0.2], "texture": "#2"},
				"east": {"uv": [0, 11, 0.01812, 11.19988], "texture": "#2"},
				"south": {"uv": [0, 0, 0.00625, 0.2], "texture": "#2"},
				"west": {"uv": [1, 8, 1.0185, 8.19988], "texture": "#2"},
				"up": {"uv": [0, 0, 0.00625, 0.01875], "texture": "#2"},
				"down": {"uv": [0, 0, 0.00625, 0.01875], "texture": "#2"}
			}
		},
		{
			"name": "pricel_13",
			"from": [7.188, 6, 10.15],
			"to": [7.238, 6.15, 10.375],
			"rotation": {"angle": 0, "axis": "y", "origin": [7.188, 7.4, 0.3]},
			"faces": {
				"north": {"uv": [0, 0, 0.00625, 0.01875], "texture": "#2"},
				"east": {"uv": [0, 0, 0.02812, 0.01875], "texture": "#2"},
				"south": {"uv": [0, 0, 0.00625, 0.01875], "texture": "#2"},
				"west": {"uv": [0, 0, 0.02812, 0.01875], "texture": "#2"},
				"up": {"uv": [0, 0, 0.00625, 0.02812], "texture": "#2"},
				"down": {"uv": [0, 0, 0.00625, 0.02812], "texture": "#2"}
			}
		},
		{
			"name": "pricel_13_",
			"from": [7.513, 6, 10.15],
			"to": [7.563, 6.15, 10.375],
			"rotation": {"angle": 0, "axis": "y", "origin": [7.188, 7.4, 0.3]},
			"faces": {
				"north": {"uv": [0, 0, 0.00625, 0.01875], "texture": "#2"},
				"east": {"uv": [0, 0, 0.02812, 0.01875], "texture": "#2"},
				"south": {"uv": [0, 0, 0.00625, 0.01875], "texture": "#2"},
				"west": {"uv": [0, 0, 0.02812, 0.01875], "texture": "#2"},
				"up": {"uv": [0, 0, 0.00625, 0.02812], "texture": "#2"},
				"down": {"uv": [0, 0, 0.00625, 0.02812], "texture": "#2"}
			}
		},
		{
			"name": "pricel_13__",
			"from": [7.2379, 6, 10.15],
			"to": [7.5131, 6.125, 10.45],
			"rotation": {"angle": 0, "axis": "y", "origin": [7.188, 7.4, 0.3]},
			"faces": {
				"north": {"uv": [0, 0, 0.0344, 0.01563], "texture": "#2"},
				"east": {"uv": [0, 11, 0.037, 11.01563], "texture": "#2"},
				"south": {"uv": [0, 0, 0.0344, 0.01563], "texture": "#2"},
				"west": {"uv": [0, 11, 0.037, 11.01563], "texture": "#2"},
				"up": {"uv": [9, 9, 9.03413, 9.03738], "texture": "#2"},
				"down": {"uv": [0, 0, 0.0344, 0.0375], "texture": "#2"}
			}
		},
		{
			"name": "pricel_13___",
			"from": [7.238, 9.98, 10.165],
			"to": [7.513, 10.105, 10.465],
			"rotation": {"angle": 22.5, "axis": "x", "origin": [7.188, 7.4, 0.3]},
			"faces": {
				"north": {"uv": [0, 0, 0.03437, 0.01563], "texture": "#2"},
				"east": {"uv": [0, 11, 0.037, 11.01563], "texture": "#2"},
				"south": {"uv": [0, 0, 0.03437, 0.01563], "texture": "#2"},
				"west": {"uv": [0, 11, 0.03625, 11.01563], "texture": "#2"},
				"up": {"uv": [9, 10, 9.03413, 10.03738], "texture": "#2"},
				"down": {"uv": [0, 0, 0.03437, 0.0375], "texture": "#2"}
			}
		},
		{
			"name": "pricel_14",
			"from": [7.163, 7.2, 9.3],
			"to": [7.213, 7.6, 9.75],
			"rotation": {"angle": 0, "axis": "y", "origin": [7.188, 7.4, 0.3]},
			"faces": {
				"north": {"uv": [0, 0, 0.00625, 0.05], "texture": "#2"},
				"east": {"uv": [0, 11, 0.056, 11.04938], "texture": "#2"},
				"south": {"uv": [0, 0, 0.00625, 0.05], "texture": "#2"},
				"west": {"uv": [2, 8, 2.05588, 8.04975], "texture": "#2"},
				"up": {"uv": [0, 0, 0.00625, 0.05625], "texture": "#2"},
				"down": {"uv": [0, 0, 0.00625, 0.05625], "texture": "#2"}
			}
		},
		{
			"name": "pricel_15",
			"from": [7.213, 7.2, 9.6],
			"to": [7.538, 7.275, 9.75],
			"rotation": {"angle": 0, "axis": "y", "origin": [7.188, 7.4, 0.3]},
			"faces": {
				"north": {"uv": [0, 11, 0.04038, 11.00913], "texture": "#2"},
				"east": {"uv": [0, 0, 0.01875, 0.00938], "texture": "#2"},
				"south": {"uv": [0, 0, 0.04062, 0.00938], "texture": "#2"},
				"west": {"uv": [0, 0, 0.01875, 0.00938], "texture": "#2"},
				"up": {"uv": [0, 0, 0.04062, 0.01875], "texture": "#2"},
				"down": {"uv": [0, 0, 0.04062, 0.01875], "texture": "#2"}
			}
		},
		{
			"name": "pricelbase",
			"from": [7.1973, 7.3, 9.25],
			"to": [7.5473, 7.35, 9.525],
			"rotation": {"angle": 0, "axis": "y", "origin": [7.188, 7.4, 0.3]},
			"faces": {
				"north": {"uv": [0, 0, 0.04375, 0.00625], "texture": "#2"},
				"east": {"uv": [0, 0, 0.03437, 0.00625], "texture": "#2"},
				"south": {"uv": [0, 0, 0.04375, 0.00625], "texture": "#2"},
				"west": {"uv": [0, 0, 0.03437, 0.00625], "texture": "#2"},
				"up": {"uv": [8, 12, 8.04363, 12.03375], "texture": "#2"},
				"down": {"uv": [0, 0, 0.04375, 0.03437], "texture": "#2"}
			}
		},
		{
			"name": "pricelbase1",
			"from": [7.1973, 7.3, 9.4499],
			"to": [7.3473, 7.375, 9.5001],
			"rotation": {"angle": 0, "axis": "y", "origin": [7.188, 7.4, 0.3]},
			"faces": {
				"north": {"uv": [0, 0, 0.01875, 0.00938], "texture": "#2"},
				"east": {"uv": [0, 0, 0.00628, 0.00938], "texture": "#2"},
				"south": {"uv": [0, 0, 0.01875, 0.00938], "texture": "#2"},
				"west": {"uv": [0, 0, 0.00628, 0.00938], "texture": "#2"},
				"up": {"uv": [0, 0, 0.01875, 0.00628], "texture": "#2"},
				"down": {"uv": [0, 0, 0.01875, 0.00628], "texture": "#2"}
			}
		},
		{
			"name": "pricelbase2",
			"from": [7.3973, 7.3, 9.4499],
			"to": [7.5473, 7.375, 9.5001],
			"rotation": {"angle": 0, "axis": "y", "origin": [7.188, 7.4, 0.3]},
			"faces": {
				"north": {"uv": [0, 0, 0.01875, 0.00938], "texture": "#2"},
				"east": {"uv": [0, 0, 0.00628, 0.00938], "texture": "#2"},
				"south": {"uv": [0, 0, 0.01875, 0.00938], "texture": "#2"},
				"west": {"uv": [0, 0, 0.00628, 0.00938], "texture": "#2"},
				"up": {"uv": [0, 0, 0.01875, 0.00628], "texture": "#2"},
				"down": {"uv": [0, 0, 0.01875, 0.00628], "texture": "#2"}
			}
		},
		{
			"name": "pricelbase3",
			"from": [7.4473, 7.325, 9.45],
			"to": [7.5473, 7.4, 9.5],
			"rotation": {"angle": 0, "axis": "y", "origin": [7.188, 7.4, 0.3]},
			"faces": {
				"north": {"uv": [0, 0, 0.0125, 0.00938], "texture": "#2"},
				"east": {"uv": [0, 0, 0.00625, 0.00938], "texture": "#2"},
				"south": {"uv": [0, 0, 0.0125, 0.00938], "texture": "#2"},
				"west": {"uv": [0, 0, 0.00625, 0.00938], "texture": "#2"},
				"up": {"uv": [0, 0, 0.0125, 0.00625], "texture": "#2"},
				"down": {"uv": [0, 0, 0.0125, 0.00625], "texture": "#2"}
			}
		},
		{
			"name": "pricelbase4",
			"from": [7.1973, 7.325, 9.45],
			"to": [7.2973, 7.4, 9.5],
			"rotation": {"angle": 0, "axis": "y", "origin": [7.188, 7.4, 0.3]},
			"faces": {
				"north": {"uv": [0, 0, 0.0125, 0.00938], "texture": "#2"},
				"east": {"uv": [0, 0, 0.00625, 0.00938], "texture": "#2"},
				"south": {"uv": [0, 0, 0.0125, 0.00938], "texture": "#2"},
				"west": {"uv": [0, 0, 0.00625, 0.00938], "texture": "#2"},
				"up": {"uv": [0, 0, 0.0125, 0.00625], "texture": "#2"},
				"down": {"uv": [0, 0, 0.0125, 0.00625], "texture": "#2"}
			}
		},
		{
			"name": "pricelbase5",
			"from": [7.1973, 7.4, 9.4499],
			"to": [7.2723, 7.45, 9.5001],
			"rotation": {"angle": 0, "axis": "y", "origin": [7.188, 7.4, 0.3]},
			"faces": {
				"north": {"uv": [0, 0, 0.00938, 0.00625], "texture": "#2"},
				"east": {"uv": [0, 0, 0.00628, 0.00625], "texture": "#2"},
				"south": {"uv": [0, 0, 0.00938, 0.00625], "texture": "#2"},
				"west": {"uv": [0, 0, 0.00628, 0.00625], "texture": "#2"},
				"up": {"uv": [0, 0, 0.00938, 0.00628], "texture": "#2"},
				"down": {"uv": [0, 0, 0.00938, 0.00628], "texture": "#2"}
			}
		},
		{
			"name": "pricelbase6",
			"from": [7.4723, 7.4, 9.4499],
			"to": [7.5473, 7.45, 9.5001],
			"rotation": {"angle": 0, "axis": "y", "origin": [7.188, 7.4, 0.3]},
			"faces": {
				"north": {"uv": [0, 0, 0.00938, 0.00625], "texture": "#2"},
				"east": {"uv": [0, 0, 0.00628, 0.00625], "texture": "#2"},
				"south": {"uv": [0, 0, 0.00938, 0.00625], "texture": "#2"},
				"west": {"uv": [0, 0, 0.00628, 0.00625], "texture": "#2"},
				"up": {"uv": [0, 0, 0.00938, 0.00628], "texture": "#2"},
				"down": {"uv": [0, 0, 0.00938, 0.00628], "texture": "#2"}
			}
		},
		{
			"name": "pikatinya",
			"from": [7.175, 6, 1.075],
			"to": [7.575, 6.05, 3.575],
			"faces": {
				"north": {"uv": [0, 0, 0.05, 0.00625], "texture": "#3"},
				"east": {"uv": [0, 0, 0.3125, 0.00625], "texture": "#3"},
				"south": {"uv": [0, 0, 0.05, 0.00625], "texture": "#3"},
				"west": {"uv": [0, 0, 0.3125, 0.00625], "texture": "#3"},
				"up": {"uv": [4, 2, 5.875, 12], "texture": "#3"},
				"down": {"uv": [0, 0, 0.05, 0.3125], "texture": "#3"}
			}
		},
		{
			"name": "pikatinya1",
			"from": [7.1749, 6, 3.8],
			"to": [7.5751, 6.1, 4.675],
			"faces": {
				"north": {"uv": [0, 0, 0.05002, 0.0125], "texture": "#2"},
				"east": {"uv": [0, 0, 0.10938, 0.0125], "texture": "#2"},
				"south": {"uv": [0, 0, 0.05002, 0.0125], "texture": "#2"},
				"west": {"uv": [0, 0, 0.10938, 0.0125], "texture": "#2"},
				"up": {"uv": [0, 0, 0.05002, 0.10938], "texture": "#2"},
				"down": {"uv": [0, 0, 0.05002, 0.10938], "texture": "#2"}
			}
		},
		{
			"name": "pikatinya4",
			"from": [7.525, 9.427, 4.27358],
			"to": [7.575, 9.502, 4.42358],
			"rotation": {"angle": -45, "axis": "x", "origin": [8, 7.30977, 8.18577]},
			"faces": {
				"north": {"uv": [0, 0, 0.00625, 0.00937], "texture": "#2"},
				"east": {"uv": [0, 0, 0.01875, 0.00937], "texture": "#2"},
				"south": {"uv": [0, 0, 0.00625, 0.00937], "texture": "#2"},
				"west": {"uv": [0, 11, 0.02138, 11.00913], "texture": "#2"},
				"up": {"uv": [0, 0, 0.00625, 0.01875], "texture": "#2"},
				"down": {"uv": [0, 0, 0.00625, 0.01875], "texture": "#2"}
			}
		},
		{
			"name": "pikatinya7",
			"from": [7.525, 7.81428, 3.87559],
			"to": [7.575, 7.88928, 4.07559],
			"rotation": {"angle": -22.5, "axis": "x", "origin": [8, 7.29524, 8.17269]},
			"faces": {
				"north": {"uv": [0.1, 0, 0.10625, 0.00937], "texture": "#2"},
				"east": {"uv": [0.04375, 0, 0.06875, 0.00937], "texture": "#2"},
				"south": {"uv": [0.1, 0, 0.10625, 0.00937], "texture": "#2"},
				"west": {"uv": [0, 11, 0.02138, 11.00913], "texture": "#2"},
				"up": {"uv": [0, 0.04375, 0.00625, 0.06875], "texture": "#2"},
				"down": {"uv": [0, 0.04375, 0.00625, 0.06875], "texture": "#2"}
			}
		},
		{
			"name": "pikatinya3",
			"from": [7.5249, 6.2, 4.15],
			"to": [7.5752, 6.277, 4.325],
			"faces": {
				"north": {"uv": [0, 0, 0.00629, 0.00962], "texture": "#2"},
				"east": {"uv": [0, 0, 0.02188, 0.00962], "texture": "#2"},
				"south": {"uv": [0, 0, 0.00629, 0.00962], "texture": "#2"},
				"west": {"uv": [0, 11, 0.02138, 11.00913], "texture": "#2"},
				"up": {"uv": [0, 0, 0.00629, 0.02188], "texture": "#2"},
				"down": {"uv": [0, 0, 0.00629, 0.02188], "texture": "#2"}
			}
		},
		{
			"name": "pikatinya6",
			"from": [7.525, 4.93459, 4.97221],
			"to": [7.575, 5.00959, 5.17221],
			"rotation": {"angle": 22.5, "axis": "x", "origin": [8, 7.29524, 7.82731]},
			"faces": {
				"north": {"uv": [0.05, 0, 0.05625, 0.00937], "texture": "#2"},
				"east": {"uv": [0.01875, 0, 0.04375, 0.00937], "texture": "#2"},
				"south": {"uv": [0.05, 0, 0.05625, 0.00937], "texture": "#2"},
				"west": {"uv": [0, 11, 0.02138, 11.00913], "texture": "#2"},
				"up": {"uv": [0, 0.01875, 0.00625, 0.04375], "texture": "#2"},
				"down": {"uv": [0, 0.01875, 0.00625, 0.04375], "texture": "#2"}
			}
		},
		{
			"name": "pikatinya5",
			"from": [7.525, 4.10602, 6.25544],
			"to": [7.575, 4.18102, 6.40544],
			"rotation": {"angle": 45, "axis": "x", "origin": [8, 7.30977, 7.81423]},
			"faces": {
				"north": {"uv": [0.05, 0, 0.05625, 0.00937], "texture": "#2"},
				"east": {"uv": [0.01875, 0, 0.0375, 0.00937], "texture": "#2"},
				"south": {"uv": [0.05, 0, 0.05625, 0.00937], "texture": "#2"},
				"west": {"uv": [0, 11, 0.02138, 11.00913], "texture": "#2"},
				"up": {"uv": [0, 0.01875, 0.00625, 0.0375], "texture": "#2"},
				"down": {"uv": [0, 0.01875, 0.00625, 0.0375], "texture": "#2"}
			}
		},
		{
			"name": "pikatinya2",
			"from": [7.5248, 6.1, 3.975],
			"to": [7.5751, 6.2, 4.5],
			"faces": {
				"north": {"uv": [0, 0, 0.00629, 0.0125], "texture": "#2"},
				"east": {"uv": [0, 0, 0.06563, 0.0125], "texture": "#2"},
				"south": {"uv": [0, 0, 0.00629, 0.0125], "texture": "#2"},
				"west": {"uv": [0, 11, 0.02138, 11.00913], "texture": "#2"},
				"up": {"uv": [0, 0, 0.00629, 0.06563], "texture": "#2"},
				"down": {"uv": [0, 0, 0.00629, 0.06563], "texture": "#2"}
			}
		},
		{
			"name": "pikatinya5",
			"from": [7.175, 9.427, 4.27358],
			"to": [7.225, 9.502, 4.42358],
			"rotation": {"angle": -45, "axis": "x", "origin": [8, 7.30977, 8.18577]},
			"faces": {
				"north": {"uv": [0, 0, 0.00625, 0.00937], "texture": "#2"},
				"east": {"uv": [0, 11, 0.02138, 11.00913], "texture": "#2"},
				"south": {"uv": [0, 0, 0.00625, 0.00937], "texture": "#2"},
				"west": {"uv": [0, 0, 0.01875, 0.00937], "texture": "#2"},
				"up": {"uv": [0, 0, 0.00625, 0.01875], "texture": "#2"},
				"down": {"uv": [0, 0, 0.00625, 0.01875], "texture": "#2"}
			}
		},
		{
			"name": "pikatinya8",
			"from": [7.175, 7.81428, 3.87559],
			"to": [7.225, 7.88928, 4.07559],
			"rotation": {"angle": -22.5, "axis": "x", "origin": [8, 7.29524, 8.17269]},
			"faces": {
				"north": {"uv": [0.1, 0, 0.10625, 0.00937], "texture": "#2"},
				"east": {"uv": [0, 11, 0.02138, 11.00913], "texture": "#2"},
				"south": {"uv": [0.1, 0, 0.10625, 0.00937], "texture": "#2"},
				"west": {"uv": [0.04375, 0, 0.06875, 0.00937], "texture": "#2"},
				"up": {"uv": [0, 0.04375, 0.00625, 0.06875], "texture": "#2"},
				"down": {"uv": [0, 0.04375, 0.00625, 0.06875], "texture": "#2"}
			}
		},
		{
			"name": "pikatinya4",
			"from": [7.1748, 6.2, 4.15],
			"to": [7.2251, 6.277, 4.325],
			"faces": {
				"north": {"uv": [0, 0, 0.00629, 0.00962], "texture": "#2"},
				"east": {"uv": [0, 11, 0.02138, 11.00913], "texture": "#2"},
				"south": {"uv": [0, 0, 0.00629, 0.00962], "texture": "#2"},
				"west": {"uv": [0, 0, 0.02188, 0.00962], "texture": "#2"},
				"up": {"uv": [0, 0, 0.00629, 0.02188], "texture": "#2"},
				"down": {"uv": [0, 0, 0.00629, 0.02188], "texture": "#2"}
			}
		},
		{
			"name": "pikatinya7",
			"from": [7.175, 4.93459, 4.97221],
			"to": [7.225, 5.00959, 5.17221],
			"rotation": {"angle": 22.5, "axis": "x", "origin": [8, 7.29524, 7.82731]},
			"faces": {
				"north": {"uv": [0.05, 0, 0.05625, 0.00937], "texture": "#2"},
				"east": {"uv": [0, 11, 0.02138, 11.00913], "texture": "#2"},
				"south": {"uv": [0.05, 0, 0.05625, 0.00937], "texture": "#2"},
				"west": {"uv": [0.01875, 0, 0.04375, 0.00937], "texture": "#2"},
				"up": {"uv": [0, 0.01875, 0.00625, 0.04375], "texture": "#2"},
				"down": {"uv": [0, 0.01875, 0.00625, 0.04375], "texture": "#2"}
			}
		},
		{
			"name": "pikatinya6",
			"from": [7.175, 4.10602, 6.25544],
			"to": [7.225, 4.18102, 6.40544],
			"rotation": {"angle": 45, "axis": "x", "origin": [8, 7.30977, 7.81423]},
			"faces": {
				"north": {"uv": [0.05, 0, 0.05625, 0.00937], "texture": "#2"},
				"east": {"uv": [0, 11, 0.02138, 11.00913], "texture": "#2"},
				"south": {"uv": [0.05, 0, 0.05625, 0.00937], "texture": "#2"},
				"west": {"uv": [0.01875, 0, 0.0375, 0.00937], "texture": "#2"},
				"up": {"uv": [0, 0.01875, 0.00625, 0.0375], "texture": "#2"},
				"down": {"uv": [0, 0.01875, 0.00625, 0.0375], "texture": "#2"}
			}
		},
		{
			"name": "pikatinya3",
			"from": [7.1748, 6.1, 3.975],
			"to": [7.2251, 6.2, 4.5],
			"faces": {
				"north": {"uv": [0, 0, 0.00629, 0.0125], "texture": "#2"},
				"east": {"uv": [0, 11, 0.02138, 11.00913], "texture": "#2"},
				"south": {"uv": [0, 0, 0.00629, 0.0125], "texture": "#2"},
				"west": {"uv": [0, 0, 0.06563, 0.0125], "texture": "#2"},
				"up": {"uv": [0, 0, 0.00629, 0.06563], "texture": "#2"},
				"down": {"uv": [0, 0, 0.00629, 0.06563], "texture": "#2"}
			}
		},
		{
			"name": "basebok1",
			"from": [6.672, 4.325, -0.0001],
			"to": [7.022, 5.675, 10.0001],
			"faces": {
				"north": {"uv": [6.125, 8, 8, 9], "rotation": 270, "texture": "#3"},
				"east": {"uv": [0, 1.25, 0.16875, 2.50003], "rotation": 90, "texture": "#3"},
				"south": {"uv": [0, 0.0625, 0.16875, 0.10625], "rotation": 90, "texture": "#3"},
				"west": {"uv": [2, 0, 3.875, 16], "rotation": 90, "texture": "#3"},
				"up": {"uv": [0, 0.0625, 1.25003, 0.10625], "rotation": 90, "texture": "#3"},
				"down": {"uv": [4, 8, 9.25, 9.04363], "rotation": 90, "texture": "#3"}
			}
		},
		{
			"name": "basebok2",
			"from": [7.725, 4.325, -0.0001],
			"to": [8.075, 5.675, 5.0001],
			"faces": {
				"north": {"uv": [8.125, 7, 10, 8], "rotation": 270, "texture": "#3"},
				"east": {"uv": [5, 3.375, 6.875, 10.875], "rotation": 90, "texture": "#3"},
				"south": {"uv": [1, 0, 12.16788, 1.04363], "rotation": 90, "texture": "#3"},
				"west": {"uv": [2, 1, 10.16788, 16], "rotation": 90, "texture": "#3"},
				"up": {"uv": [0, 0, 0.62503, 0.04375], "rotation": 90, "texture": "#3"},
				"down": {"uv": [0, 0, 0.62503, 0.04375], "rotation": 90, "texture": "#3"}
			}
		},
		{
			"name": "basebok3",
			"from": [7.725, 4.325, 5],
			"to": [8.075, 4.6, 7.325],
			"faces": {
				"north": {"uv": [0, 0, 0.03438, 0.04375], "rotation": 270, "texture": "#3"},
				"east": {"uv": [1, 3, 2.03288, 6.2895], "rotation": 90, "texture": "#3"},
				"south": {"uv": [0, 0, 0.03438, 0.04375], "rotation": 90, "texture": "#3"},
				"west": {"uv": [2, 1, 10.16788, 16], "rotation": 90, "texture": "#3"},
				"up": {"uv": [0, 10, 15.2895, 11.04275], "rotation": 90, "texture": "#3"},
				"down": {"uv": [4, 4, 11.2895, 5.04275], "rotation": 90, "texture": "#3"}
			}
		},
		{
			"name": "basebok5",
			"from": [7.725, 4.325, 7.325],
			"to": [8.075, 5.675, 10],
			"faces": {
				"north": {"uv": [3, 8, 11.16788, 9.04363], "rotation": 270, "texture": "#3"},
				"east": {"uv": [3, 4, 4.875, 7.75], "rotation": 90, "texture": "#3"},
				"south": {"uv": [0, 0, 0.16875, 0.04375], "rotation": 90, "texture": "#3"},
				"west": {"uv": [2, 1, 10.16788, 16], "rotation": 90, "texture": "#3"},
				"up": {"uv": [0, 0, 0.33437, 0.04375], "rotation": 90, "texture": "#3"},
				"down": {"uv": [0, 0, 0.33437, 0.04375], "rotation": 90, "texture": "#3"}
			}
		},
		{
			"name": "basebok4",
			"from": [7.725, 5.175, 5],
			"to": [8.075, 5.675, 7.325],
			"faces": {
				"north": {"uv": [0, 0, 0.0625, 0.04375], "rotation": 270, "texture": "#3"},
				"east": {"uv": [2, 9, 3, 12.75], "rotation": 90, "texture": "#3"},
				"south": {"uv": [0, 0, 0.0625, 0.04375], "rotation": 90, "texture": "#3"},
				"west": {"uv": [2, 1, 10.16788, 16], "rotation": 90, "texture": "#3"},
				"up": {"uv": [0, 0, 0.29063, 0.04375], "rotation": 90, "texture": "#3"},
				"down": {"uv": [1, 6, 16, 7.04275], "rotation": 90, "texture": "#3"}
			}
		},
		{
			"name": "basebok6",
			"from": [7.725, 4.6, 5],
			"to": [7.975, 5.175, 7.325],
			"faces": {
				"north": {"uv": [0, 0, 0.07188, 0.03125], "rotation": 270, "texture": "#3"},
				"east": {"uv": [0, 0, 2.07163, 15.2895], "rotation": 90, "texture": "#6"},
				"south": {"uv": [0, 0, 0.07188, 0.03125], "rotation": 90, "texture": "#3"},
				"west": {"uv": [2, 1, 10.16788, 16], "rotation": 90, "texture": "#3"},
				"up": {"uv": [0, 0, 0.29062, 0.03125], "rotation": 90, "texture": "#3"},
				"down": {"uv": [0, 0, 0.29062, 0.03125], "rotation": 90, "texture": "#3"}
			}
		},
		{
			"name": "basebok7",
			"from": [7.9749, 3.34489, 8.15334],
			"to": [8.0749, 3.59489, 8.40334],
			"rotation": {"angle": 45, "axis": "x", "origin": [8, 8, 8]},
			"faces": {
				"north": {"uv": [0, 0, 0.03125, 0.0125], "rotation": 270, "texture": "#3"},
				"east": {"uv": [6, 9, 6.03125, 9.03125], "rotation": 90, "texture": "#3"},
				"south": {"uv": [0, 0, 0.03125, 0.0125], "rotation": 90, "texture": "#3"},
				"west": {"uv": [2, 1, 10.16788, 16], "rotation": 90, "texture": "#3"},
				"up": {"uv": [3, 8, 9.03125, 9.01238], "rotation": 90, "texture": "#3"},
				"down": {"uv": [0, 0, 0.03125, 0.0125], "rotation": 90, "texture": "#3"}
			}
		},
		{
			"name": "basebok8",
			"from": [7.9749, 5.9435, 4.99804],
			"to": [8.0749, 6.1935, 5.24804],
			"rotation": {"angle": -45, "axis": "x", "origin": [8, 8, 8]},
			"faces": {
				"north": {"uv": [0, 0.0125, 0.03125, 0.025], "rotation": 90, "texture": "#3"},
				"east": {"uv": [2, 5, 2.03125, 5.03125], "rotation": 90, "texture": "#3"},
				"south": {"uv": [0, 0.0125, 0.03125, 0.025], "rotation": 270, "texture": "#3"},
				"west": {"uv": [2, 1, 10.16788, 16], "rotation": 90, "texture": "#3"},
				"up": {"uv": [2, 10, 9.03125, 11.01238], "rotation": 90, "texture": "#3"},
				"down": {"uv": [0.03125, 0, 0.0625, 0.0125], "rotation": 90, "texture": "#3"}
			}
		},
		{
			"name": "basebok9",
			"from": [7.9749, 5.40476, 9.39978],
			"to": [8.0749, 5.65476, 9.64978],
			"rotation": {"angle": 45, "axis": "x", "origin": [8, 8, 8]},
			"faces": {
				"north": {"uv": [0.03125, 0.0125, 0.0625, 0.025], "rotation": 90, "texture": "#3"},
				"east": {"uv": [10, 5, 10.03125, 5.03125], "rotation": 90, "texture": "#3"},
				"south": {"uv": [0.03125, 0.0125, 0.0625, 0.025], "rotation": 270, "texture": "#3"},
				"west": {"uv": [2, 1, 10.16788, 16], "rotation": 90, "texture": "#3"},
				"up": {"uv": [0.0625, 0, 0.09375, 0.0125], "rotation": 90, "texture": "#3"},
				"down": {"uv": [7, 5, 13.03125, 6.01238], "rotation": 90, "texture": "#3"}
			}
		},
		{
			"name": "basebok10",
			"from": [7.9749, 8.00337, 3.7516],
			"to": [8.0749, 8.25337, 4.0016],
			"rotation": {"angle": -45, "axis": "x", "origin": [8, 8, 8]},
			"faces": {
				"north": {"uv": [0.03125, 0.025, 0.0625, 0.0375], "rotation": 270, "texture": "#3"},
				"east": {"uv": [0.03125, 1.0625, 1.0625, 2.09375], "rotation": 90, "texture": "#3"},
				"south": {"uv": [0.03125, 0.025, 0.0625, 0.0375], "rotation": 90, "texture": "#3"},
				"west": {"uv": [2, 1, 10.16788, 16], "rotation": 90, "texture": "#3"},
				"up": {"uv": [0.09375, 0, 0.125, 0.0125], "rotation": 90, "texture": "#3"},
				"down": {"uv": [0, 5, 4.03125, 6.01238], "rotation": 90, "texture": "#3"}
			}
		},
		{
			"name": "pikatinya12",
			"from": [7.2499, 8.42767, 5.41791],
			"to": [7.5001, 8.82767, 5.49291],
			"rotation": {"angle": -45, "axis": "x", "origin": [8, 6.28216, 7.498]},
			"faces": {
				"north": {"uv": [0, 11, 0.03125, 11.04938], "rotation": 180, "texture": "#2"},
				"east": {"uv": [0, 0, 0.05, 0.00938], "rotation": 90, "texture": "#2"},
				"south": {"uv": [0, 0, 0.03128, 0.05], "texture": "#2"},
				"west": {"uv": [0, 0, 2, 1], "rotation": 270, "texture": "#2"},
				"up": {"uv": [0, 0, 0.03128, 0.00938], "texture": "#2"},
				"down": {"uv": [0, 0, 0.03128, 0.00938], "rotation": 180, "texture": "#2"}
			}
		},
		{
			"name": "pikatinya6",
			"from": [7.2499, 9.44468, 4.2559],
			"to": [7.5001, 9.51968, 4.5309],
			"rotation": {"angle": -45, "axis": "x", "origin": [8, 7.30977, 8.18577]},
			"faces": {
				"north": {"uv": [0, 0, 0.03127, 0.00937], "texture": "#2"},
				"east": {"uv": [0, 0, 0.03438, 0.00937], "texture": "#2"},
				"south": {"uv": [0, 0, 0.03127, 0.00937], "texture": "#2"},
				"west": {"uv": [0, 0, 2, 1], "texture": "#2"},
				"up": {"uv": [0, 0, 0.03127, 0.03438], "texture": "#2"},
				"down": {"uv": [0, 11, 0.03125, 11.03375], "texture": "#2"}
			}
		},
		{
			"name": "pikatinya7",
			"from": [7.25, 4.7064, 4.63462],
			"to": [7.5, 4.8564, 4.70962],
			"rotation": {"angle": 22.5, "axis": "x", "origin": [8, 7.02373, 8.24308]},
			"faces": {
				"north": {"uv": [0, 0, 0.03125, 0.01875], "rotation": 180, "texture": "#2"},
				"east": {"uv": [0, 0, 0.01875, 0.00937], "rotation": 90, "texture": "#2"},
				"south": {"uv": [0, 11, 0.03125, 11.01813], "texture": "#2"},
				"west": {"uv": [0, 0, 2, 1], "rotation": 270, "texture": "#2"},
				"up": {"uv": [0, 0, 0.03125, 0.00937], "texture": "#2"},
				"down": {"uv": [0, 0, 0.03125, 0.00937], "rotation": 180, "texture": "#2"}
			}
		},
		{
			"name": "pikatinya8",
			"from": [7.2499, 6.37358, 4.07419],
			"to": [7.5001, 6.59858, 4.14919],
			"rotation": {"angle": 0, "axis": "y", "origin": [8, 6.7909, 7.90764]},
			"faces": {
				"north": {"uv": [0, 0, 0.03128, 0.02813], "rotation": 180, "texture": "#2"},
				"east": {"uv": [0, 0, 0.02813, 0.00937], "rotation": 90, "texture": "#2"},
				"south": {"uv": [0, 11, 0.03125, 11.028], "texture": "#2"},
				"west": {"uv": [0, 0, 2, 1], "rotation": 270, "texture": "#2"},
				"up": {"uv": [0, 0, 0.03128, 0.00937], "texture": "#2"},
				"down": {"uv": [0, 0, 0.03128, 0.00937], "rotation": 180, "texture": "#2"}
			}
		},
		{
			"name": "pikatinya9",
			"from": [7.25, 6.59858, 4.04919],
			"to": [7.5, 6.67358, 4.27919],
			"rotation": {"angle": 0, "axis": "y", "origin": [8, 6.7909, 7.90764]},
			"faces": {
				"north": {"uv": [0, 0, 0.03125, 0.00938], "rotation": 180, "texture": "#2"},
				"east": {"uv": [0, 0, 0.00938, 0.02875], "rotation": 90, "texture": "#2"},
				"south": {"uv": [0, 0, 0.03125, 0.00938], "texture": "#2"},
				"west": {"uv": [0, 0, 2, 1], "rotation": 270, "texture": "#2"},
				"up": {"uv": [0, 0, 0.03125, 0.02875], "texture": "#2"},
				"down": {"uv": [0, 11, 0.03125, 11.028], "rotation": 180, "texture": "#2"}
			}
		},
		{
			"name": "pikatinya10",
			"from": [7.2499, 6.09858, 3.92419],
			"to": [7.5001, 6.17358, 4.64919],
			"rotation": {"angle": 0, "axis": "y", "origin": [8, 6.7909, 7.90764]},
			"faces": {
				"north": {"uv": [0, 0, 0.03127, 0.00938], "rotation": 180, "texture": "#2"},
				"east": {"uv": [0, 0, 0.00938, 0.09062], "rotation": 90, "texture": "#2"},
				"south": {"uv": [0, 0, 0.03127, 0.00938], "texture": "#2"},
				"west": {"uv": [0, 0, 2, 1], "rotation": 270, "texture": "#2"},
				"up": {"uv": [0, 11, 0.03125, 11.0905], "texture": "#2"},
				"down": {"uv": [0, 0, 0.03127, 0.09062], "rotation": 180, "texture": "#2"}
			}
		},
		{
			"name": "pikatinya11",
			"from": [7.25, 7.45646, 4.71542],
			"to": [7.5, 7.68146, 4.79042],
			"rotation": {"angle": -22.5, "axis": "x", "origin": [8, 6.46, 7.94456]},
			"faces": {
				"north": {"uv": [0, 11, 0.03125, 11.028], "rotation": 180, "texture": "#2"},
				"east": {"uv": [0, 0, 0.02813, 0.00938], "rotation": 90, "texture": "#2"},
				"south": {"uv": [0, 0, 0.03125, 0.02813], "texture": "#2"},
				"west": {"uv": [0, 0, 2, 1], "rotation": 270, "texture": "#2"},
				"up": {"uv": [0, 0, 0.03125, 0.00938], "texture": "#2"},
				"down": {"uv": [0, 0, 0.03125, 0.00938], "rotation": 180, "texture": "#2"}
			}
		}
	],
	"display": {
		"thirdperson_righthand": {
			"translation": [0, 5, 0]
		},
		"thirdperson_lefthand": {
			"translation": [0, 5, 0]
		},
		"firstperson_righthand": {
			"translation": [-3.88, 8.15, 4.25]
		},
		"firstperson_lefthand": {
			"translation": [-4.5, 8, 3.5]
		},
		"ground": {
			"rotation": [0, 0, 90],
			"translation": [-4.5, -2.5, 0.5]
		},
		"gui": {
			"rotation": [27, 80, -3],
			"translation": [0.75, 4.25, 0],
			"scale": [0.86, 0.88, 0.88]
		},
		"head": {
			"rotation": [0, 90, 0],
			"translation": [1, 5, 0],
			"scale": [1.2, 1.2, 1.2]
		},
		"fixed": {
			"rotation": [0, 90, 0],
			"translation": [0.5, 4, -1.25]
		}
	},
	"groups": [
		0,
		1,
		2,
		3,
		4,
		{
			"name": "groupv",
			"origin": [8, 8, 8],
			"color": 0,
			"children": [5, 6, 7, 8]
		},
		{
			"name": "groupv2",
			"origin": [8, 8, 8],
			"color": 0,
			"children": [9, 10, 11, 12]
		},
		{
			"name": "groupvloje",
			"origin": [8, 8, 8],
			"color": 0,
			"children": [13, 14, 15, 16]
		},
		{
			"name": "rykoyat",
			"origin": [8, 8, 8],
			"color": 0,
			"children": [17, 18, 19, 20, 21, 22, 23, 24]
		},
		{
			"name": "kyrok",
			"origin": [8, 8, 8],
			"color": 0,
			"children": [25, 26, 27, 28, 29, 30, 31]
		},
		{
			"name": "magazine",
			"origin": [8, 8, 8],
			"color": 0,
			"children": [32, 33]
		},
		{
			"name": "kyrok_base",
			"origin": [8, 8, 8],
			"color": 0,
			"children": [34, 35, 36, 37, 38, 39]
		},
		{
			"name": "loje",
			"origin": [8, 8, 8],
			"color": 0,
			"children": [40, 41, 42, 43, 44]
		},
		{
			"name": "stvolaa",
			"origin": [6.95182, 0.04701, 0.75],
			"color": 0,
			"children": [45, 46, 47, 48, 49, 50, 51, 52, 53, 54, 55, 56, 57, 58, 59, 60, 61]
		},
		62,
		63,
		64,
		{
			"name": "pricel1",
			"origin": [7.188, 7.4, 0.3],
			"color": 0,
			"children": [65, 66, 67, 68, 69, 70, 71]
		},
		{
			"name": "pricel2",
			"origin": [5.05302, 6.79793, 0.3],
			"color": 0,
			"children": [72, 73, 74, 75, 76, 77, 78, 79, 80, 81, 82, 83, 84, 85, 86, 87, 88]
		},
		{
			"name": "pricel2base",
			"origin": [7.188, 7.4, 0.3],
			"color": 0,
			"children": [89, 90, 91, 92, 93, 94, 95, 96, 97, 98, 99, 100, 101, 102, 103, 104, 105, 106, 107, 108, 109, 110, 111, 112, 113, 114, 115, 116]
		},
		{
			"name": "optikabase",
			"origin": [7.188, 7.4, 0.3],
			"color": 0,
			"children": [117, 118, 119, 120, 121, 122, 123]
		},
		124,
		125,
		{
			"name": "pika1",
			"origin": [8, 8, 8],
			"color": 0,
			"children": [126, 127, 128, 129, 130, 131]
		},
		{
			"name": "pika2",
			"origin": [8, 8, 8],
			"color": 0,
			"children": [132, 133, 134, 135, 136, 137]
		},
		{
			"name": "basebook",
			"origin": [8, 8, 8],
			"color": 0,
			"children": [138, 139, 140, 141, 142, 143, 144, 145, 146, 147]
		},
		{
			"name": "pika",
			"origin": [8, 6.46, 7.94456],
			"color": 0,
			"children": [148, 149, 150, 151, 152, 153, 154]
		}
	]
}