{
	"credit": "Designed by Sgeorge1970 with Cubik Studio - https://cubik.studio",
	"textures": {
		"texture": "items/body_2",
		"texture1": "items/body_main",
		"texture2": "items/wood"
	},
	"elements": [
		{
			"name": "Box1",
			"from": [17.5, 5, 5.5],
			"to": [18, 7.5, 7],
			"faces": {
				"north": {"uv": [14, 8.5, 14.5, 11], "texture": "#texture2"},
				"east": {"uv": [9, 8.5, 10.5, 11], "texture": "#texture2"},
				"south": {"uv": [1.5, 8.5, 2, 11], "texture": "#texture2"},
				"west": {"uv": [5.5, 8.5, 7, 11], "texture": "#texture2"},
				"up": {"uv": [1.5, 5.5, 2, 7], "texture": "#texture2"},
				"down": {"uv": [1.5, 9, 2, 10.5], "texture": "#texture2"}
			}
		},
		{
			"name": "Box2",
			"from": [13.5, 4.5, 5.5],
			"to": [17.5, 5, 7],
			"faces": {
				"north": {"uv": [0, 11, 2.5, 11.5], "texture": "#texture2"},
				"east": {"uv": [9, 11, 10.5, 11.5], "texture": "#texture2"},
				"south": {"uv": [13.5, 11, 16, 11.5], "texture": "#texture2"},
				"west": {"uv": [5.5, 11, 7, 11.5], "texture": "#texture2"},
				"up": {"uv": [13.5, 5.5, 16, 7], "texture": "#texture2"},
				"down": {"uv": [13.5, 9, 16, 10.5], "texture": "#texture2"}
			}
		},
		{
			"name": "Box2",
			"from": [12.5, 7, 5.5],
			"to": [17.5, 8, 7],
			"faces": {
				"north": {"uv": [0, 8, 3.5, 9], "texture": "#texture2"},
				"east": {"uv": [9, 8, 10.5, 9], "texture": "#texture2"},
				"south": {"uv": [12.5, 8, 16, 9], "texture": "#texture2"},
				"west": {"uv": [5.5, 8, 7, 9], "texture": "#texture2"},
				"up": {"uv": [12.5, 5.5, 16, 7], "texture": "#texture2"},
				"down": {"uv": [12.5, 9, 16, 10.5], "texture": "#texture2"}
			}
		},
		{
			"name": "Box4",
			"from": [16.5, 5, 5.5],
			"to": [17.5, 6.5, 7],
			"faces": {
				"north": {"uv": [14.5, 9.5, 15.5, 11], "texture": "#texture2"},
				"east": {"uv": [9, 9.5, 10.5, 11], "texture": "#texture2"},
				"south": {"uv": [0.5, 9.5, 1.5, 11], "texture": "#texture2"},
				"west": {"uv": [5.5, 9.5, 7, 11], "texture": "#texture2"},
				"up": {"uv": [0.5, 5.5, 1.5, 7], "texture": "#texture2"},
				"down": {"uv": [0.5, 9, 1.5, 10.5], "texture": "#texture2"}
			}
		},
		{
			"name": "Box5",
			"from": [13.5, 5, 6],
			"to": [14, 7.5, 6.5],
			"rotation": {"angle": -22.5, "axis": "z", "origin": [13.5, 5, 6]},
			"faces": {
				"north": {"uv": [2, 8, 2.5, 11], "texture": "#texture2"},
				"east": {"uv": [1, 8, 2, 11], "texture": "#texture2"},
				"south": {"uv": [13.5, 8, 14, 11], "texture": "#texture2"},
				"west": {"uv": [14, 8, 15, 11], "texture": "#texture2"},
				"up": {"uv": [13.5, 14, 14, 15], "texture": "#texture2"},
				"down": {"uv": [13.5, 1, 14, 2], "texture": "#texture2"}
			}
		},
		{
			"name": "Box6",
			"from": [12.5, 4, 5.5],
			"to": [14, 7, 7],
			"rotation": {"angle": 22.5, "axis": "z", "origin": [12.5, 4, 5.5]},
			"faces": {
				"north": {"uv": [4, 10, 5.5, 13], "texture": "#texture"},
				"east": {"uv": [1, 10, 2, 13], "texture": "#texture"},
				"south": {"uv": [10.5, 10, 12, 13], "texture": "#texture"},
				"west": {"uv": [14, 10, 15, 13], "texture": "#texture"},
				"up": {"uv": [10.5, 14, 12, 15], "texture": "#texture"},
				"down": {"uv": [10.5, 1, 12, 2], "texture": "#texture"}
			}
		},
		{
			"name": "Box8",
			"from": [11.5, 6.5, 5],
			"to": [13, 7.5, 7.5],
			"faces": {
				"north": {"uv": [3, 8.5, 4.5, 9.5], "texture": "#texture"},
				"east": {"uv": [8.5, 8.5, 11, 9.5], "texture": "#texture"},
				"south": {"uv": [11.5, 8.5, 13, 9.5], "texture": "#texture"},
				"west": {"uv": [5, 8.5, 7.5, 9.5], "texture": "#texture"},
				"up": {"uv": [11.5, 5, 13, 7.5], "texture": "#texture"},
				"down": {"uv": [11.5, 8.5, 13, 11], "texture": "#texture"}
			}
		},
		{
			"name": "Box9",
			"from": [-3, 7.5, 5.7],
			"to": [3, 8.5, 6.7],
			"faces": {
				"north": {"uv": [13, 7.5, 16, 8.5], "texture": "#texture"},
				"east": {"uv": [9.3, 7.5, 10.3, 8.5], "texture": "#texture"},
				"south": {"uv": [0, 7.5, 3, 8.5], "texture": "#texture"},
				"west": {"uv": [5.7, 7.5, 6.7, 8.5], "texture": "#texture"},
				"up": {"uv": [0, 5.7, 3, 6.7], "texture": "#texture"},
				"down": {"uv": [0, 9.3, 3, 10.3], "texture": "#texture"}
			}
		},
		{
			"name": "Box10",
			"from": [3, 6.5, 5],
			"to": [7.5, 8.5, 7.5],
			"faces": {
				"north": {"uv": [8.5, 7.5, 13, 9.5], "texture": "#texture1"},
				"east": {"uv": [8.5, 7.5, 11, 9.5], "texture": "#texture1"},
				"south": {"uv": [3, 7.5, 7.5, 9.5], "texture": "#texture1"},
				"west": {"uv": [5, 7.5, 7.5, 9.5], "texture": "#texture1"},
				"up": {"uv": [3, 5, 7.5, 7.5], "texture": "#texture1"},
				"down": {"uv": [3, 8.5, 7.5, 11], "texture": "#texture1"}
			}
		},
		{
			"name": "Box12",
			"from": [7.5, 5, 5],
			"to": [9, 5.5, 7.5],
			"faces": {
				"north": {"uv": [7, 10.5, 8.5, 11], "texture": "#texture"},
				"east": {"uv": [8.5, 10.5, 11, 11], "texture": "#texture"},
				"south": {"uv": [7.5, 10.5, 9, 11], "texture": "#texture"},
				"west": {"uv": [5, 10.5, 7.5, 11], "texture": "#texture"},
				"up": {"uv": [7.5, 5, 9, 7.5], "texture": "#texture"},
				"down": {"uv": [7.5, 8.5, 9, 11], "texture": "#texture"}
			}
		},
		{
			"name": "Box12",
			"from": [8.5, 4.5, 5],
			"to": [10, 5, 7.5],
			"faces": {
				"north": {"uv": [6, 11, 7.5, 11.5], "texture": "#texture"},
				"east": {"uv": [8.5, 11, 11, 11.5], "texture": "#texture"},
				"south": {"uv": [8.5, 11, 10, 11.5], "texture": "#texture"},
				"west": {"uv": [5, 11, 7.5, 11.5], "texture": "#texture"},
				"up": {"uv": [8.5, 5, 10, 7.5], "texture": "#texture"},
				"down": {"uv": [8.5, 8.5, 10, 11], "texture": "#texture"}
			}
		},
		{
			"name": "Box14",
			"from": [10, 4.5, 5.5],
			"to": [10.5, 6.5, 7],
			"faces": {
				"north": {"uv": [5.5, 9.5, 6, 11.5], "texture": "#texture"},
				"east": {"uv": [9, 9.5, 10.5, 11.5], "texture": "#texture"},
				"south": {"uv": [10, 9.5, 10.5, 11.5], "texture": "#texture"},
				"west": {"uv": [5.5, 9.5, 7, 11.5], "texture": "#texture"},
				"up": {"uv": [10, 5.5, 10.5, 7], "texture": "#texture"},
				"down": {"uv": [10, 9, 10.5, 10.5], "texture": "#texture"}
			}
		},
		{
			"name": "Box15",
			"from": [10.5, 5, 6],
			"to": [12.5, 5.5, 6.5],
			"faces": {
				"north": {"uv": [3.5, 10.5, 5.5, 11], "texture": "#texture"},
				"east": {"uv": [9.5, 10.5, 10, 11], "texture": "#texture"},
				"south": {"uv": [10.5, 10.5, 12.5, 11], "texture": "#texture"},
				"west": {"uv": [6, 10.5, 6.5, 11], "texture": "#texture"},
				"up": {"uv": [10.5, 6, 12.5, 6.5], "texture": "#texture"},
				"down": {"uv": [10.5, 9.5, 12.5, 10], "texture": "#texture"}
			}
		},
		{
			"name": "Box16",
			"from": [7.5, 6.5, 5],
			"to": [12, 8.5, 7.5],
			"faces": {
				"north": {"uv": [4, 7.5, 8.5, 9.5], "texture": "#texture"},
				"east": {"uv": [8.5, 7.5, 11, 9.5], "texture": "#texture"},
				"south": {"uv": [7.5, 7.5, 12, 9.5], "texture": "#texture"},
				"west": {"uv": [5, 7.5, 7.5, 9.5], "texture": "#texture"},
				"up": {"uv": [7.5, 5, 12, 7.5], "texture": "#texture"},
				"down": {"uv": [7.5, 8.5, 12, 11], "texture": "#texture"}
			}
		},
		{
			"name": "Box16",
			"from": [12, 7.5, 5],
			"to": [12.5, 8.5, 7.5],
			"faces": {
				"north": {"uv": [3.5, 7.5, 4, 8.5], "texture": "#texture"},
				"east": {"uv": [8.5, 7.5, 11, 8.5], "texture": "#texture"},
				"south": {"uv": [12, 7.5, 12.5, 8.5], "texture": "#texture"},
				"west": {"uv": [5, 7.5, 7.5, 8.5], "texture": "#texture"},
				"up": {"uv": [12, 5, 12.5, 7.5], "texture": "#texture"},
				"down": {"uv": [12, 8.5, 12.5, 11], "texture": "#texture"}
			}
		},
		{
			"name": "Box18",
			"from": [9, 5, 5],
			"to": [10, 6.5, 7.5],
			"faces": {
				"north": {"uv": [6, 9.5, 7, 11], "texture": "#texture"},
				"east": {"uv": [8.5, 9.5, 11, 11], "texture": "#texture"},
				"south": {"uv": [9, 9.5, 10, 11], "texture": "#texture"},
				"west": {"uv": [5, 9.5, 7.5, 11], "texture": "#texture"},
				"up": {"uv": [9, 5, 10, 7.5], "texture": "#texture"},
				"down": {"uv": [9, 8.5, 10, 11], "texture": "#texture"}
			}
		},
		{
			"name": "Box18",
			"from": [7.5, 5.5, 5],
			"to": [9, 6.5, 7.5],
			"faces": {
				"north": {"uv": [7, 9.5, 8.5, 10.5], "texture": "#texture"},
				"east": {"uv": [8.5, 9.5, 11, 10.5], "texture": "#texture"},
				"south": {"uv": [7.5, 9.5, 9, 10.5], "texture": "#texture"},
				"west": {"uv": [5, 9.5, 7.5, 10.5], "texture": "#texture"},
				"up": {"uv": [7.5, 5, 9, 7.5], "texture": "#texture"},
				"down": {"uv": [7.5, 8.5, 9, 11], "texture": "#texture"}
			}
		},
		{
			"name": "Box20",
			"from": [7, 3, 6],
			"to": [9.5, 6, 6.5],
			"rotation": {"angle": -22.5, "axis": "z", "origin": [7, 3, 6]},
			"faces": {
				"north": {"uv": [6, 11, 8.5, 13.5], "texture": "#texture1"},
				"east": {"uv": [9.5, 11, 10, 13.5], "texture": "#texture1"},
				"south": {"uv": [7.5, 11, 10, 13.5], "texture": "#texture1"},
				"west": {"uv": [6, 11, 6.5, 13.5], "texture": "#texture1"},
				"up": {"uv": [7.5, 6, 10, 6.5], "texture": "#texture1"},
				"down": {"uv": [7.5, 9.5, 10, 10], "texture": "#texture1"}
			}
		},
		{
			"name": "Box21",
			"from": [7.5, 4, 5.5],
			"to": [10, 5, 7],
			"faces": {
				"north": {"uv": [6, 11, 8.5, 12], "texture": "#texture"},
				"east": {"uv": [9, 11, 10.5, 12], "texture": "#texture"},
				"south": {"uv": [7.5, 11, 10, 12], "texture": "#texture"},
				"west": {"uv": [5.5, 11, 7, 12], "texture": "#texture"},
				"up": {"uv": [7.5, 5.5, 10, 7], "texture": "#texture"},
				"down": {"uv": [7.5, 9, 10, 10.5], "texture": "#texture"}
			}
		},
		{
			"name": "Box23",
			"from": [11.5, 5.5, 6],
			"to": [12.5, 6.5, 6.5],
			"rotation": {"angle": 22.5, "axis": "z", "origin": [11.5, 5.5, 6]},
			"faces": {
				"north": {"uv": [4, 9.5, 5, 10.5], "texture": "#texture"},
				"east": {"uv": [1, 9.5, 2, 10.5], "texture": "#texture"},
				"south": {"uv": [11, 9.5, 12, 10.5], "texture": "#texture"},
				"west": {"uv": [14, 9.5, 15, 10.5], "texture": "#texture"},
				"up": {"uv": [11, 14, 12, 15], "texture": "#texture"},
				"down": {"uv": [11, 1, 12, 2], "texture": "#texture"}
			}
		},
		{
			"name": "Box24",
			"from": [7.5, 6.5, 7.5],
			"to": [12, 8, 8],
			"faces": {
				"north": {"uv": [4, 8, 8.5, 9.5], "texture": "#texture"},
				"east": {"uv": [8, 8, 8.5, 9.5], "texture": "#texture"},
				"south": {"uv": [7.5, 8, 12, 9.5], "texture": "#texture"},
				"west": {"uv": [7.5, 8, 8, 9.5], "texture": "#texture"},
				"up": {"uv": [7.5, 7.5, 12, 8], "texture": "#texture"},
				"down": {"uv": [7.5, 8, 12, 8.5], "texture": "#texture"}
			}
		},
		{
			"name": "Box24",
			"from": [7.5, 6.5, 4.5],
			"to": [12, 8, 5],
			"faces": {
				"north": {"uv": [4, 8, 8.5, 9.5], "texture": "#texture"},
				"east": {"uv": [11, 8, 11.5, 9.5], "texture": "#texture"},
				"south": {"uv": [7.5, 8, 12, 9.5], "texture": "#texture"},
				"west": {"uv": [4.5, 8, 5, 9.5], "texture": "#texture"},
				"up": {"uv": [7.5, 4.5, 12, 5], "texture": "#texture"},
				"down": {"uv": [7.5, 11, 12, 11.5], "texture": "#texture"}
			}
		},
		{
			"name": "Box27",
			"from": [8.5, 8, 7.5],
			"to": [9, 9.5, 8],
			"faces": {
				"north": {"uv": [7, 6.5, 7.5, 8], "texture": "#texture1"},
				"east": {"uv": [8, 6.5, 8.5, 8], "texture": "#texture1"},
				"south": {"uv": [8.5, 6.5, 9, 8], "texture": "#texture1"},
				"west": {"uv": [7.5, 6.5, 8, 8], "texture": "#texture1"},
				"up": {"uv": [8.5, 7.5, 9, 8], "texture": "#texture1"},
				"down": {"uv": [8.5, 8, 9, 8.5], "texture": "#texture1"}
			}
		},
		{
			"name": "Box27",
			"from": [10.5, 8, 7.5],
			"to": [11, 9.5, 8],
			"faces": {
				"north": {"uv": [5, 6.5, 5.5, 8], "texture": "#texture1"},
				"east": {"uv": [8, 6.5, 8.5, 8], "texture": "#texture1"},
				"south": {"uv": [10.5, 6.5, 11, 8], "texture": "#texture1"},
				"west": {"uv": [7.5, 6.5, 8, 8], "texture": "#texture1"},
				"up": {"uv": [10.5, 7.5, 11, 8], "texture": "#texture1"},
				"down": {"uv": [10.5, 8, 11, 8.5], "texture": "#texture1"}
			}
		},
		{
			"name": "Box29",
			"from": [6.5, 9, 5.5],
			"to": [11, 10.5, 7],
			"faces": {
				"north": {"uv": [5, 5.5, 9.5, 7], "texture": "#texture1"},
				"east": {"uv": [9, 5.5, 10.5, 7], "texture": "#texture1"},
				"south": {"uv": [6.5, 5.5, 11, 7], "texture": "#texture1"},
				"west": {"uv": [5.5, 5.5, 7, 7], "texture": "#texture1"},
				"up": {"uv": [6.5, 5.5, 11, 7], "texture": "#texture1"},
				"down": {"uv": [6.5, 9, 11, 10.5], "texture": "#texture1"}
			}
		},
		{
			"name": "Box27",
			"from": [10.5, 9, 6.5],
			"to": [11, 9.5, 7.5],
			"rotation": {"angle": 22.5, "axis": "x", "origin": [10.5, 9, 7.5]},
			"faces": {
				"north": {"uv": [11, 8, 10.5, 7.5], "texture": "#texture1"},
				"east": {"uv": [8, 6, 8.5, 7], "rotation": 90, "texture": "#texture1"},
				"south": {"uv": [10.5, 8, 11, 8.5], "texture": "#texture1"},
				"west": {"uv": [7.5, 6, 8, 7], "rotation": 270, "texture": "#texture1"},
				"up": {"uv": [10.5, 6, 11, 7], "texture": "#texture1"},
				"down": {"uv": [5.5, 7, 5, 6], "texture": "#texture1"}
			}
		},
		{
			"name": "Box27",
			"from": [8.5, 9, 6.5],
			"to": [9, 9.5, 7.5],
			"rotation": {"angle": 22.5, "axis": "x", "origin": [8.5, 9, 7.5]},
			"faces": {
				"north": {"uv": [11, 8, 10.5, 7.5], "texture": "#texture1"},
				"east": {"uv": [8, 6, 8.5, 7], "rotation": 90, "texture": "#texture1"},
				"south": {"uv": [10.5, 8, 11, 8.5], "texture": "#texture1"},
				"west": {"uv": [7.5, 6, 8, 7], "rotation": 270, "texture": "#texture1"},
				"up": {"uv": [10.5, 6, 11, 7], "texture": "#texture1"},
				"down": {"uv": [5.5, 7, 5, 6], "texture": "#texture1"}
			}
		},
		{
			"name": "Box32",
			"from": [11, 9, 5.75],
			"to": [13, 10, 6.75],
			"faces": {
				"north": {"uv": [3, 6, 5, 7], "texture": "#texture1"},
				"east": {"uv": [9.25, 6, 10.25, 7], "texture": "#texture1"},
				"south": {"uv": [11, 6, 13, 7], "texture": "#texture1"},
				"west": {"uv": [5.75, 6, 6.75, 7], "texture": "#texture1"},
				"up": {"uv": [11, 5.75, 13, 6.75], "texture": "#texture1"},
				"down": {"uv": [11, 9.25, 13, 10.25], "texture": "#texture1"}
			}
		},
		{
			"name": "Box33",
			"from": [11, 8, 7.5],
			"to": [11.5, 9, 8.5],
			"faces": {
				"north": {"uv": [4.5, 7, 5, 8], "texture": "#texture"},
				"east": {"uv": [7.5, 7, 8.5, 8], "texture": "#texture"},
				"south": {"uv": [11, 7, 11.5, 8], "texture": "#texture"},
				"west": {"uv": [7.5, 7, 8.5, 8], "texture": "#texture"},
				"up": {"uv": [11, 7.5, 11.5, 8.5], "texture": "#texture"},
				"down": {"uv": [11, 7.5, 11.5, 8.5], "texture": "#texture"}
			}
		},
		{
			"name": "Box34",
			"from": [7.5, 10.5, 6],
			"to": [8.5, 11, 7],
			"faces": {
				"north": {"uv": [7.5, 5, 8.5, 5.5], "texture": "#texture1"},
				"east": {"uv": [9, 5, 10, 5.5], "texture": "#texture1"},
				"south": {"uv": [7.5, 5, 8.5, 5.5], "texture": "#texture1"},
				"west": {"uv": [6, 5, 7, 5.5], "texture": "#texture1"},
				"up": {"uv": [7.5, 6, 8.5, 7], "texture": "#texture1"},
				"down": {"uv": [7.5, 9, 8.5, 10], "texture": "#texture1"}
			}
		},
		{
			"name": "Box35",
			"from": [9, 9, 7],
			"to": [9.5, 10, 7.5],
			"faces": {
				"north": {"uv": [6.5, 6, 7, 7], "texture": "#texture1"},
				"east": {"uv": [8.5, 6, 9, 7], "texture": "#texture1"},
				"south": {"uv": [9, 6, 9.5, 7], "texture": "#texture1"},
				"west": {"uv": [7, 6, 7.5, 7], "texture": "#texture1"},
				"up": {"uv": [9, 7, 9.5, 7.5], "texture": "#texture1"},
				"down": {"uv": [9, 8.5, 9.5, 9], "texture": "#texture1"}
			}
		},
		{
			"name": "Box36",
			"from": [8.5, 8.5, 6],
			"to": [9, 9.5, 6.5],
			"faces": {
				"north": {"uv": [7, 6.5, 7.5, 7.5], "texture": "#texture1"},
				"east": {"uv": [9.5, 6.5, 10, 7.5], "texture": "#texture1"},
				"south": {"uv": [8.5, 6.5, 9, 7.5], "texture": "#texture1"},
				"west": {"uv": [6, 6.5, 6.5, 7.5], "texture": "#texture1"},
				"up": {"uv": [8.5, 6, 9, 6.5], "texture": "#texture1"},
				"down": {"uv": [8.5, 9.5, 9, 10], "texture": "#texture1"}
			}
		},
		{
			"name": "Box37",
			"from": [13, 8.8, 5.5],
			"to": [13.5, 10.3, 7],
			"faces": {
				"north": {"uv": [2.5, 5.7, 3, 7.2], "texture": "#texture1"},
				"east": {"uv": [9, 5.7, 10.5, 7.2], "texture": "#texture1"},
				"south": {"uv": [13, 5.7, 13.5, 7.2], "texture": "#texture1"},
				"west": {"uv": [5.5, 5.7, 7, 7.2], "texture": "#texture1"},
				"up": {"uv": [13, 5.5, 13.5, 7], "texture": "#texture1"},
				"down": {"uv": [13, 9, 13.5, 10.5], "texture": "#texture1"}
			}
		},
		{
			"name": "Box38",
			"from": [3.5, 6, 5.5],
			"to": [7.5, 6.5, 7],
			"faces": {
				"north": {"uv": [8.5, 9.5, 12.5, 10], "texture": "#texture1"},
				"east": {"uv": [9, 9.5, 10.5, 10], "texture": "#texture1"},
				"south": {"uv": [3.5, 9.5, 7.5, 10], "texture": "#texture1"},
				"west": {"uv": [5.5, 9.5, 7, 10], "texture": "#texture1"},
				"up": {"uv": [3.5, 5.5, 7.5, 7], "texture": "#texture1"},
				"down": {"uv": [3.5, 9, 7.5, 10.5], "texture": "#texture1"}
			}
		},
		{
			"name": "Box38",
			"from": [5, 5.8, 5.5],
			"to": [7.5, 6.3, 7],
			"faces": {
				"north": {"uv": [8.5, 9.7, 11, 10.2], "texture": "#texture1"},
				"east": {"uv": [9, 9.7, 10.5, 10.2], "texture": "#texture1"},
				"south": {"uv": [5, 9.7, 7.5, 10.2], "texture": "#texture1"},
				"west": {"uv": [5.5, 9.7, 7, 10.2], "texture": "#texture1"},
				"up": {"uv": [5, 5.5, 7.5, 7], "texture": "#texture1"},
				"down": {"uv": [5, 9, 7.5, 10.5], "texture": "#texture1"}
			}
		},
		{
			"name": "Box38",
			"from": [6.5, 5.6, 5.5],
			"to": [7.5, 6.1, 7],
			"faces": {
				"north": {"uv": [8.5, 9.9, 9.5, 10.4], "texture": "#texture1"},
				"east": {"uv": [9, 9.9, 10.5, 10.4], "texture": "#texture1"},
				"south": {"uv": [6.5, 9.9, 7.5, 10.4], "texture": "#texture1"},
				"west": {"uv": [5.5, 9.9, 7, 10.4], "texture": "#texture1"},
				"up": {"uv": [6.5, 5.5, 7.5, 7], "texture": "#texture1"},
				"down": {"uv": [6.5, 9, 7.5, 10.5], "texture": "#texture1"}
			}
		},
		{
			"name": "Box38",
			"from": [0, 7, 5.5],
			"to": [3, 7.5, 7],
			"faces": {
				"north": {"uv": [13, 8.5, 16, 9], "texture": "#texture"},
				"east": {"uv": [9, 8.5, 10.5, 9], "texture": "#texture"},
				"south": {"uv": [0, 8.5, 3, 9], "texture": "#texture"},
				"west": {"uv": [5.5, 8.5, 7, 9], "texture": "#texture"},
				"up": {"uv": [0, 5.5, 3, 7], "texture": "#texture"},
				"down": {"uv": [0, 9, 3, 10.5], "texture": "#texture"}
			}
		},
		{
			"name": "Box38",
			"from": [1.5, 6.8, 5.5],
			"to": [3, 7.3, 7],
			"faces": {
				"north": {"uv": [13, 8.7, 14.5, 9.2], "texture": "#texture"},
				"east": {"uv": [9, 8.7, 10.5, 9.2], "texture": "#texture"},
				"south": {"uv": [1.5, 8.7, 3, 9.2], "texture": "#texture"},
				"west": {"uv": [5.5, 8.7, 7, 9.2], "texture": "#texture"},
				"up": {"uv": [1.5, 5.5, 3, 7], "texture": "#texture"},
				"down": {"uv": [1.5, 9, 3, 10.5], "texture": "#texture"}
			}
		},
		{
			"name": "Box39",
			"from": [0.5, 7.5, 5.5],
			"to": [3, 8, 7],
			"faces": {
				"north": {"uv": [13, 8, 15.5, 8.5], "texture": "#texture"},
				"east": {"uv": [9, 8, 10.5, 8.5], "texture": "#texture"},
				"south": {"uv": [0.5, 8, 3, 8.5], "texture": "#texture"},
				"west": {"uv": [5.5, 8, 7, 8.5], "texture": "#texture"},
				"up": {"uv": [0.5, 5.5, 3, 7], "texture": "#texture"},
				"down": {"uv": [0.5, 9, 3, 10.5], "texture": "#texture"}
			}
		},
		{
			"name": "Box1",
			"from": [18, 5, 5.75],
			"to": [18.5, 7.5, 6.75],
			"faces": {
				"north": {"uv": [13.5, 8.5, 14, 11], "texture": "#texture"},
				"east": {"uv": [9.25, 8.5, 10.25, 11], "texture": "#texture"},
				"south": {"uv": [2, 8.5, 2.5, 11], "texture": "#texture"},
				"west": {"uv": [5.75, 8.5, 6.75, 11], "texture": "#texture"},
				"up": {"uv": [2, 5.75, 2.5, 6.75], "texture": "#texture"},
				"down": {"uv": [2, 9.25, 2.5, 10.25], "texture": "#texture"}
			}
		},
		{
			"name": "Box1",
			"from": [17.5, 7.5, 5.75],
			"to": [18, 8, 6.75],
			"faces": {
				"north": {"uv": [14, 8, 14.5, 8.5], "texture": "#texture"},
				"east": {"uv": [9.5, 8, 10.5, 8.5], "texture": "#texture"},
				"south": {"uv": [1.5, 8, 2, 8.5], "texture": "#texture"},
				"west": {"uv": [5.5, 8, 6.5, 8.5], "texture": "#texture"},
				"up": {"uv": [1.5, 5.5, 2, 6.5], "texture": "#texture"},
				"down": {"uv": [1.5, 9.5, 2, 10.5], "texture": "#texture"}
			}
		},
		{
			"name": "Box1",
			"from": [17.5, 4.5, 5.75],
			"to": [18, 5, 6.75],
			"faces": {
				"north": {"uv": [14, 11, 14.5, 11.5], "texture": "#texture"},
				"east": {"uv": [9.5, 11, 10.5, 11.5], "texture": "#texture"},
				"south": {"uv": [1.5, 11, 2, 11.5], "texture": "#texture"},
				"west": {"uv": [5.5, 11, 6.5, 11.5], "texture": "#texture"},
				"up": {"uv": [1.5, 5.5, 2, 6.5], "texture": "#texture"},
				"down": {"uv": [1.5, 9.5, 2, 10.5], "texture": "#texture"}
			}
		}
	],
	"display": {
		"thirdperson_righthand": {
			"rotation": [0, -90, 0],
			"translation": [-2.086, 0.6956, -2.086]
		},
		"thirdperson_lefthand": {
			"rotation": [0, 90, 0],
			"translation": [2.086, 0.6956, -2.086]
		},
		"firstperson_righthand": {
			"rotation": [0, -95, 0],
			"translation": [-4.173, 4.8695, 0.0006]
		},
		"firstperson_lefthand": {
			"rotation": [0, 90, 0],
			"translation": [-2, 4.8695, 0.0006]
		},
		"ground": {
			"rotation": [90, 0, 0],
			"translation": [0, -5.565, 0]
		},
		"gui": {
			"rotation": [0, -28, -44],
			"scale": [0.8, 0.8, 0.8]
		},
		"head": {
			"translation": [0, 0, 1.75]
		}
	}
}