{
	"credit": "Made with Blockbench",
	"texture_size": [8, 8],
	"textures": {
		"0": "item/tzybervolver/texture",
		"1": "item/tzybervolver/texture2",
		"2": "item/tzybervolver/texture3",
		"3": "item/tzybervolver/texture4",
		"4": "item/tzybervolver/texture5",
		"particle": "item/tzybervolver/texture"
	},
	"elements": [
		{
			"from": [7, 1, -11],
			"to": [9, 3, -9],
			"rotation": {"angle": 22.5, "axis": "x", "origin": [0, 0, 0]},
			"faces": {
				"north": {"uv": [0, 0, 4, 4], "texture": "#1"},
				"east": {"uv": [0, 4, 4, 8], "texture": "#1"},
				"south": {"uv": [4, 0, 8, 4], "texture": "#1"},
				"west": {"uv": [4, 4, 8, 8], "texture": "#1"},
				"up": {"uv": [4, 12, 0, 8], "texture": "#1"},
				"down": {"uv": [12, 0, 8, 4], "texture": "#1"}
			}
		},
		{
			"from": [7, 6, -12],
			"to": [9, 10, -1],
			"rotation": {"angle": -45, "axis": "x", "origin": [0, 0, 0]},
			"faces": {
				"north": {"uv": [0.5, 8.25, 1, 9.25], "texture": "#0"},
				"east": {"uv": [4, 0, 6.75, 1], "texture": "#0"},
				"south": {"uv": [8.25, 4, 8.75, 5], "texture": "#0"},
				"west": {"uv": [4, 1, 6.75, 2], "texture": "#0"},
				"up": {"uv": [2.5, 8.5, 2, 5.75], "texture": "#0"},
				"down": {"uv": [3, 6.25, 2.5, 9], "texture": "#0"}
			}
		},
		{
			"from": [7, 3, -12],
			"to": [9, 5, -9],
			"faces": {
				"north": {"uv": [8.75, 0, 9.25, 0.5], "texture": "#0"},
				"east": {"uv": [8.25, 1.25, 9, 1.75], "texture": "#0"},
				"south": {"uv": [8.75, 0.5, 9.25, 1], "texture": "#0"},
				"west": {"uv": [8.25, 5, 9, 5.5], "texture": "#0"},
				"up": {"uv": [8.25, 4.75, 7.75, 4], "texture": "#0"},
				"down": {"uv": [8.75, 5.5, 8.25, 6.25], "texture": "#0"}
			}
		},
		{
			"from": [7, -6, -13],
			"to": [9, -1, -11],
			"rotation": {"angle": 22.5, "axis": "x", "origin": [0, 0, 0]},
			"faces": {
				"north": {"uv": [7.75, 0, 8.25, 1.25], "texture": "#0"},
				"east": {"uv": [4, 8, 4.5, 9.25], "texture": "#0"},
				"south": {"uv": [8, 6.75, 8.5, 8], "texture": "#0"},
				"west": {"uv": [8, 8, 8.5, 9.25], "texture": "#0"},
				"up": {"uv": [8.75, 6.75, 8.25, 6.25], "texture": "#0"},
				"down": {"uv": [1.5, 8.5, 1, 9], "texture": "#0"}
			}
		},
		{
			"from": [7, 2, -9],
			"to": [9, 7, 0],
			"faces": {
				"north": {"uv": [0, 8.25, 0.5, 9.5], "texture": "#0"},
				"east": {"uv": [0, 3, 2.25, 4.25], "texture": "#0"},
				"south": {"uv": [8.25, 0, 8.75, 1.25], "texture": "#0"},
				"west": {"uv": [2.25, 3, 4.5, 4.25], "texture": "#0"},
				"up": {"uv": [3.5, 8.5, 3, 6.25], "texture": "#0"},
				"down": {"uv": [4, 6.25, 3.5, 8.5], "texture": "#0"}
			}
		},
		{
			"from": [7, 1, -6],
			"to": [9, 2, -1],
			"faces": {
				"north": {"uv": [4, 2, 6, 3], "texture": "#3"},
				"east": {"uv": [4, 0, 9, 1], "texture": "#3"},
				"south": {"uv": [4, 3, 6, 4], "texture": "#3"},
				"west": {"uv": [4, 1, 9, 2], "texture": "#3"},
				"up": {"uv": [2, 5, 0, 0], "texture": "#3"},
				"down": {"uv": [4, 0, 2, 5], "texture": "#3"}
			}
		},
		{
			"from": [7, 0, -4],
			"to": [9, 1, -3],
			"faces": {
				"north": {"uv": [0, 0, 4, 2], "texture": "#4"},
				"east": {"uv": [4, 2, 6, 4], "texture": "#4"},
				"south": {"uv": [0, 2, 4, 4], "texture": "#4"},
				"west": {"uv": [4, 4, 6, 6], "texture": "#4"},
				"up": {"uv": [4, 6, 0, 4], "texture": "#4"},
				"down": {"uv": [8, 0, 4, 2], "texture": "#4"}
			}
		},
		{
			"from": [6, 2, -6],
			"to": [10, 6, 0],
			"faces": {
				"north": {"uv": [6.75, 0, 7.75, 1], "texture": "#0"},
				"east": {"uv": [4.5, 3, 6, 4], "texture": "#0"},
				"south": {"uv": [6.75, 1, 7.75, 2], "texture": "#0"},
				"west": {"uv": [1, 4.75, 2.5, 5.75], "texture": "#0"},
				"up": {"uv": [3.5, 6.25, 2.5, 4.75], "texture": "#0"},
				"down": {"uv": [4.5, 4.75, 3.5, 6.25], "texture": "#0"}
			}
		},
		{
			"from": [7, 7, -9],
			"to": [9, 8, 3],
			"faces": {
				"north": {"uv": [8.75, 2.25, 9.25, 2.5], "texture": "#0"},
				"east": {"uv": [4.5, 4, 7.25, 4.25], "texture": "#0"},
				"south": {"uv": [8.75, 4.75, 9.25, 5], "texture": "#0"},
				"west": {"uv": [7, 2.5, 9.75, 2.75], "texture": "#0"},
				"up": {"uv": [5, 7.5, 4.5, 4.75], "texture": "#0"},
				"down": {"uv": [5.5, 4.75, 5, 7.5], "texture": "#0"}
			}
		},
		{
			"from": [7, 6, 1],
			"to": [9, 7, 3],
			"faces": {
				"north": {"uv": [5.5, 9, 5.75, 9.25], "texture": "#0"},
				"east": {"uv": [9, 5.5, 9.25, 5.75], "texture": "#0"},
				"south": {"uv": [5.75, 9, 6, 9.25], "texture": "#0"},
				"west": {"uv": [9, 5.75, 9.25, 6], "texture": "#0"},
				"up": {"uv": [9.25, 6.25, 9, 6], "texture": "#0"},
				"down": {"uv": [9.25, 6.25, 9, 6.5], "texture": "#0"}
			}
		},
		{
			"from": [6, 4, 2],
			"to": [7, 6, 3],
			"faces": {
				"north": {"uv": [8.5, 8.75, 8.75, 9.25], "texture": "#0"},
				"east": {"uv": [8.75, 8.75, 9, 9.25], "texture": "#0"},
				"south": {"uv": [1, 9, 1.25, 9.5], "texture": "#0"},
				"west": {"uv": [9, 1, 9.25, 1.5], "texture": "#0"},
				"up": {"uv": [9.25, 3, 9, 2.75], "texture": "#0"},
				"down": {"uv": [3.25, 9, 3, 9.25], "texture": "#0"}
			}
		},
		{
			"from": [9, 4, 2],
			"to": [10, 6, 3],
			"faces": {
				"north": {"uv": [8.75, 6, 9, 6.5], "texture": "#0"},
				"east": {"uv": [6.25, 8.75, 6.5, 9.25], "texture": "#0"},
				"south": {"uv": [6.5, 8.75, 6.75, 9.25], "texture": "#0"},
				"west": {"uv": [6.75, 8.75, 7, 9.25], "texture": "#0"},
				"up": {"uv": [8.75, 3, 8.5, 2.75], "texture": "#0"},
				"down": {"uv": [9, 1, 8.75, 1.25], "texture": "#0"}
			}
		},
		{
			"from": [5, 2, 2],
			"to": [6, 4, 3],
			"faces": {
				"north": {"uv": [1.5, 8.5, 2, 9], "texture": "#0"},
				"east": {"uv": [8.75, 3.75, 9, 4.25], "texture": "#0"},
				"south": {"uv": [2, 8.5, 2.5, 9], "texture": "#0"},
				"west": {"uv": [8.75, 4.25, 9, 4.75], "texture": "#0"},
				"up": {"uv": [7.5, 3, 7, 2.75], "texture": "#0"},
				"down": {"uv": [8, 2.75, 7.5, 3], "texture": "#0"}
			}
		},
		{
			"from": [10, 2, 2],
			"to": [11, 4, 3],
			"faces": {
				"north": {"uv": [3, 8.5, 3.5, 9], "texture": "#0"},
				"east": {"uv": [8.75, 5.5, 9, 6], "texture": "#0"},
				"south": {"uv": [3.5, 8.5, 4, 9], "texture": "#0"},
				"west": {"uv": [6, 8.75, 6.25, 9.25], "texture": "#0"},
				"up": {"uv": [8.5, 3, 8, 2.75], "texture": "#0"},
				"down": {"uv": [8.75, 1.75, 8.25, 2], "texture": "#0"}
			}
		},
		{
			"from": [6, 1, 2],
			"to": [7, 2, 3],
			"faces": {
				"north": {"uv": [9, 3, 9.25, 3.25], "texture": "#0"},
				"east": {"uv": [3.25, 9, 3.5, 9.25], "texture": "#0"},
				"south": {"uv": [9, 3.25, 9.25, 3.5], "texture": "#0"},
				"west": {"uv": [3.5, 9, 3.75, 9.25], "texture": "#0"},
				"up": {"uv": [9.25, 3.75, 9, 3.5], "texture": "#0"},
				"down": {"uv": [4, 9, 3.75, 9.25], "texture": "#0"}
			}
		},
		{
			"from": [9, 1, 2],
			"to": [10, 2, 3],
			"faces": {
				"north": {"uv": [8.75, 6.5, 9, 6.75], "texture": "#0"},
				"east": {"uv": [2, 9, 2.25, 9.25], "texture": "#0"},
				"south": {"uv": [9, 2, 9.25, 2.25], "texture": "#0"},
				"west": {"uv": [2.25, 9, 2.5, 9.25], "texture": "#0"},
				"up": {"uv": [2.75, 9.25, 2.5, 9], "texture": "#0"},
				"down": {"uv": [3, 9, 2.75, 9.25], "texture": "#0"}
			}
		},
		{
			"from": [6, 1, 13],
			"to": [7, 2, 14],
			"faces": {
				"north": {"uv": [9, 3.75, 9.25, 4], "texture": "#0"},
				"east": {"uv": [9, 4, 9.25, 4.25], "texture": "#0"},
				"south": {"uv": [9, 4.25, 9.25, 4.5], "texture": "#0"},
				"west": {"uv": [9, 4.5, 9.25, 4.75], "texture": "#0"},
				"up": {"uv": [9.25, 5.25, 9, 5], "texture": "#0"},
				"down": {"uv": [9.25, 5.25, 9, 5.5], "texture": "#0"}
			}
		},
		{
			"from": [9, 1, 13],
			"to": [10, 2, 14],
			"faces": {
				"north": {"uv": [9, 8, 9.25, 8.25], "texture": "#0"},
				"east": {"uv": [9, 8.25, 9.25, 8.5], "texture": "#0"},
				"south": {"uv": [9, 8.5, 9.25, 8.75], "texture": "#0"},
				"west": {"uv": [9, 8.75, 9.25, 9], "texture": "#0"},
				"up": {"uv": [9.25, 9.25, 9, 9], "texture": "#0"},
				"down": {"uv": [9.5, 0, 9.25, 0.25], "texture": "#0"}
			}
		},
		{
			"from": [6, -1, 2],
			"to": [7, 1, 13],
			"faces": {
				"north": {"uv": [9, 1.5, 9.25, 2], "texture": "#0"},
				"east": {"uv": [6, 3.5, 8.75, 4], "texture": "#0"},
				"south": {"uv": [1.75, 9, 2, 9.5], "texture": "#0"},
				"west": {"uv": [5.5, 6.25, 8.25, 6.75], "texture": "#0"},
				"up": {"uv": [7.75, 9.5, 7.5, 6.75], "texture": "#0"},
				"down": {"uv": [8, 6.75, 7.75, 9.5], "texture": "#0"}
			}
		},
		{
			"from": [9, -1, 2],
			"to": [10, 1, 13],
			"faces": {
				"north": {"uv": [1.75, 9, 2, 9.5], "texture": "#0"},
				"east": {"uv": [5.5, 6.25, 8.25, 6.75], "texture": "#0"},
				"south": {"uv": [9, 1.5, 9.25, 2], "texture": "#0"},
				"west": {"uv": [6, 3.5, 8.75, 4], "texture": "#0"},
				"up": {"uv": [7.75, 9.5, 7.5, 6.75], "rotation": 180, "texture": "#0"},
				"down": {"uv": [8, 6.75, 7.75, 9.5], "rotation": 180, "texture": "#0"}
			}
		},
		{
			"from": [6, 2, 0],
			"to": [7, 4, 11],
			"faces": {
				"north": {"uv": [7, 4.25, 7.25, 4.75], "texture": "#0"},
				"east": {"uv": [4, 2, 7, 2.5], "texture": "#0"},
				"south": {"uv": [8.75, 1.75, 9, 2.25], "texture": "#0"},
				"west": {"uv": [4, 2.5, 7, 3], "texture": "#0"},
				"up": {"uv": [7.5, 9.75, 7.25, 6.75], "texture": "#0"},
				"down": {"uv": [7.25, 7.25, 7, 10.25], "texture": "#0"}
			}
		},
		{
			"from": [9, 2, 0],
			"to": [10, 4, 11],
			"faces": {
				"north": {"uv": [7, 4.25, 7.25, 4.75], "texture": "#0"},
				"east": {"uv": [4, 2, 7, 2.5], "texture": "#0"},
				"south": {"uv": [8.75, 1.75, 9, 2.25], "texture": "#0"},
				"west": {"uv": [4, 2.5, 7, 3], "texture": "#0"},
				"up": {"uv": [7.5, 9.75, 7.25, 6.75], "texture": "#0"},
				"down": {"uv": [7.25, 7.25, 7, 10.25], "texture": "#0"}
			}
		},
		{
			"from": [7, -2, -1],
			"to": [9, 2, 0],
			"faces": {
				"north": {"uv": [4, 2, 6, 6], "texture": "#2"},
				"east": {"uv": [4, 6, 5, 10], "texture": "#2"},
				"south": {"uv": [6, 2, 8, 6], "texture": "#2"},
				"west": {"uv": [5, 6, 6, 10], "texture": "#2"},
				"up": {"uv": [8, 7, 6, 6], "texture": "#2"},
				"down": {"uv": [8, 7, 6, 8], "texture": "#2"}
			}
		},
		{
			"from": [7, -2, -10],
			"to": [9, -1, -1],
			"faces": {
				"north": {"uv": [8, 2, 10, 3], "texture": "#2"},
				"east": {"uv": [4, 0, 13, 1], "texture": "#2"},
				"south": {"uv": [8, 3, 10, 4], "texture": "#2"},
				"west": {"uv": [4, 1, 13, 2], "texture": "#2"},
				"up": {"uv": [2, 9, 0, 0], "texture": "#2"},
				"down": {"uv": [4, 0, 2, 9], "texture": "#2"}
			}
		},
		{
			"from": [8, 5, 14],
			"to": [8, 7, 16],
			"faces": {
				"north": {"uv": [0, 0, 0, 0.75], "texture": "#0"},
				"east": {"uv": [7.25, 4, 7.75, 4.75], "texture": "#0"},
				"south": {"uv": [0, 0, 0, 0.75], "texture": "#0"},
				"west": {"uv": [7.75, 1.25, 8.25, 2], "texture": "#0"},
				"up": {"uv": [0, 0.5, 0, 0], "texture": "#0"},
				"down": {"uv": [0, 0, 0, 0.5], "texture": "#0"}
			}
		},
		{
			"from": [7, 0, 0],
			"to": [9, 6, 16],
			"faces": {
				"north": {"uv": [6, 7.25, 6.5, 8.75], "texture": "#0"},
				"east": {"uv": [0, 0, 4, 1.5], "texture": "#0"},
				"south": {"uv": [6.5, 7.25, 7, 8.75], "texture": "#0"},
				"west": {"uv": [0, 1.5, 4, 3], "texture": "#0"},
				"up": {"uv": [0.5, 8.25, 0, 4.25], "texture": "#0"},
				"down": {"uv": [1, 4.25, 0.5, 8.25], "texture": "#0"}
			}
		},
		{
			"from": [7, -1, 2],
			"to": [9, 0, 13],
			"faces": {
				"north": {"uv": [8.5, 6.75, 9, 7.25], "texture": "#0"},
				"east": {"uv": [5.5, 5.75, 8.25, 6.25], "texture": "#0"},
				"south": {"uv": [8.5, 7.25, 9, 7.75], "texture": "#0"},
				"west": {"uv": [6, 3, 8.75, 3.5], "texture": "#0"},
				"up": {"uv": [1.5, 8.5, 1, 5.75], "texture": "#0"},
				"down": {"uv": [2, 5.75, 1.5, 8.5], "texture": "#0"}
			}
		},
		{
			"from": [7, -2, 0],
			"to": [9, 0, 7],
			"faces": {
				"north": {"uv": [8.5, 7.75, 9, 8.25], "texture": "#0"},
				"east": {"uv": [5.5, 6.75, 7.25, 7.25], "texture": "#0"},
				"south": {"uv": [8.5, 8.25, 9, 8.75], "texture": "#0"},
				"west": {"uv": [7, 2, 8.75, 2.5], "texture": "#0"},
				"up": {"uv": [4.5, 8, 4, 6.25], "texture": "#0"},
				"down": {"uv": [6, 7.25, 5.5, 9], "texture": "#0"}
			}
		}
	],
	"display": {
		"thirdperson_righthand": {
			"rotation": [0, 180, 0],
			"translation": [0, 3.75, -6],
			"scale": [0.5, 0.5, 0.5]
		},
		"thirdperson_lefthand": {
			"rotation": [0, 180, 0],
			"translation": [0, 3.75, -6],
			"scale": [0.5, 0.5, 0.5]
		},
		"firstperson_righthand": {
			"rotation": [-180, -7, -180],
			"translation": [13.25, 0.25, -25.5]
		},
		"firstperson_lefthand": {
			"rotation": [-180, -7, -180],
			"translation": [13.25, 0.25, -25.5]
		},
		"ground": {
			"translation": [0, 1.25, 3.75],
			"scale": [0.4, 0.4, 0.4]
		},
		"gui": {
			"rotation": [-90, 46, 90],
			"translation": [0, 5, 0],
			"scale": [0.5, 0.5, 0.5]
		},
		"head": {
			"rotation": [0, -90, 0],
			"translation": [-4, 3.75, 0],
			"scale": [0.6, 0.6, 0.6]
		},
		"fixed": {
			"rotation": [-90, -46, -90],
			"translation": [0, 6.5, -0.25],
			"scale": [0.7, 0.7, 0.7]
		}
	},
	"groups": [
		{
			"name": "group",
			"origin": [8, 8, 8],
			"color": 0,
			"children": [
				{
					"name": "Handle",
					"origin": [8, 8, 8],
					"color": 0,
					"children": [0, 1, 2, 3]
				},
				{
					"name": "Ammo thingy",
					"origin": [8, 8, 8],
					"color": 0,
					"children": [4, 5, 6, 7]
				},
				{
					"name": "Frame thing",
					"origin": [8, 8, 8],
					"color": 0,
					"children": [8, 9, 10, 11, 12, 13, 14, 15, 16, 17, 18, 19]
				},
				{
					"name": "Golden accents",
					"origin": [8, 8, 8],
					"color": 0,
					"children": [20, 21, 22, 23]
				},
				{
					"name": "Muzzle",
					"origin": [8, 8, 8],
					"color": 0,
					"children": [24, 25, 26, 27]
				}
			]
		}
	]
}