{
	"credit": "Made with Blockbench",
	"texture_size": [32, 32],
	"textures": {
		"0": "item/bolter",
		"particle": "item/bolter"
	},
	"elements": [
		{
			"name": "Magazine A",
			"from": [7.47679, 5.68045, 6.15537],
			"to": [8.52679, 7.68045, 9.15537],
			"rotation": {"angle": 0, "axis": "y", "origin": [8, 7.96724, 0.29249]},
			"faces": {
				"north": {"uv": [13, 10.5, 13.5, 11.5], "texture": "#0"},
				"east": {"uv": [11.5, 10.5, 13, 11.5], "texture": "#0"},
				"south": {"uv": [15, 10.5, 15.5, 11.5], "texture": "#0"},
				"west": {"uv": [13.5, 10.5, 15, 11.5], "texture": "#0"},
				"up": {"uv": [13.5, 10.5, 13, 9], "texture": "#0"},
				"down": {"uv": [14, 9, 13.5, 10.5], "texture": "#0"}
			}
		},
		{
			"name": "Magazine B",
			"from": [7.50179, 3.40672, 5.50418],
			"to": [8.50179, 6.40672, 8.50418],
			"rotation": {"angle": 22.5, "axis": "x", "origin": [8.00179, 4.40672, 7.00418]},
			"faces": {
				"north": {"uv": [13, 13, 13.5, 14.5], "texture": "#0"},
				"east": {"uv": [11.5, 13, 13, 14.5], "texture": "#0"},
				"south": {"uv": [15, 13, 15.5, 14.5], "texture": "#0"},
				"west": {"uv": [13.5, 13, 15, 14.5], "texture": "#0"},
				"up": {"uv": [13.5, 13, 13, 11.5], "texture": "#0"},
				"down": {"uv": [14, 11.5, 13.5, 13], "texture": "#0"}
			}
		},
		{
			"name": "Grip",
			"from": [7.00179, 4.09325, 12.73436],
			"to": [9.00179, 9.09325, 14.73436],
			"rotation": {"angle": -22.5, "axis": "x", "origin": [8.00179, 4.59325, 13.73436]},
			"faces": {
				"north": {"uv": [1, 1, 2, 3.5], "texture": "#0"},
				"east": {"uv": [0, 1, 1, 3.5], "texture": "#0"},
				"south": {"uv": [3, 1, 4, 3.5], "texture": "#0"},
				"west": {"uv": [2, 1, 3, 3.5], "texture": "#0"},
				"up": {"uv": [2, 1, 1, 0], "texture": "#0"},
				"down": {"uv": [3, 0, 2, 1], "texture": "#0"}
			}
		},
		{
			"name": "Action",
			"from": [6.25179, 7.43045, -0.59463],
			"to": [9.75179, 9.68045, 5.40537],
			"rotation": {"angle": 0, "axis": "y", "origin": [8, 7.96724, 0.29249]},
			"faces": {
				"north": {"uv": [3, 10.5, 4.5, 11.5], "texture": "#0"},
				"east": {"uv": [0, 10.5, 3, 11.5], "texture": "#0"},
				"south": {"uv": [7.5, 10.5, 9, 11.5], "texture": "#0"},
				"west": {"uv": [4.5, 10.5, 7.5, 11.5], "texture": "#0"},
				"up": {"uv": [4.5, 10.5, 3, 7.5], "texture": "#0"},
				"down": {"uv": [6, 7.5, 4.5, 10.5], "texture": "#0"}
			}
		},
		{
			"name": "Barrel",
			"from": [7.00179, 8.68045, -2.84463],
			"to": [9.00179, 10.68045, -0.84463],
			"rotation": {"angle": 0, "axis": "y", "origin": [8, 7.96724, 0.29249]},
			"faces": {
				"north": {"uv": [1, 13, 2, 14], "texture": "#0"},
				"east": {"uv": [0, 13, 1, 14], "texture": "#0"},
				"south": {"uv": [3, 13, 4, 14], "texture": "#0"},
				"west": {"uv": [2, 13, 3, 14], "texture": "#0"},
				"up": {"uv": [2, 13, 1, 12], "texture": "#0"},
				"down": {"uv": [3, 12, 2, 13], "texture": "#0"}
			}
		},
		{
			"name": "Body A",
			"from": [6.50179, 7.68045, -0.84463],
			"to": [9.50179, 11.68045, 9.15537],
			"rotation": {"angle": 0, "axis": "y", "origin": [8, 7.96724, 0.29249]},
			"faces": {
				"north": {"uv": [5, 5, 6.5, 7], "texture": "#0"},
				"east": {"uv": [0, 5, 5, 7], "texture": "#0"},
				"south": {"uv": [11.5, 5, 13, 7], "texture": "#0"},
				"west": {"uv": [6.5, 5, 11.5, 7], "texture": "#0"},
				"up": {"uv": [6.5, 5, 5, 0], "texture": "#0"},
				"down": {"uv": [8, 0, 6.5, 5], "texture": "#0"}
			}
		},
		{
			"name": "Body B",
			"from": [6.50179, 9.68045, 9.15537],
			"to": [9.50179, 11.68045, 12.15537],
			"rotation": {"angle": 0, "axis": "y", "origin": [8, 7.96724, 0.29249]},
			"faces": {
				"north": {"uv": [8, 9, 9.5, 10], "texture": "#0"},
				"east": {"uv": [6.5, 9, 8, 10], "texture": "#0"},
				"south": {"uv": [11, 9, 12.5, 10], "texture": "#0"},
				"west": {"uv": [9.5, 9, 11, 10], "texture": "#0"},
				"up": {"uv": [9.5, 9, 8, 7.5], "texture": "#0"},
				"down": {"uv": [11, 7.5, 9.5, 9], "texture": "#0"}
			}
		},
		{
			"name": "Body C",
			"from": [6.75179, 7.68045, 9.15537],
			"to": [9.25179, 11.43045, 14.15537],
			"rotation": {"angle": 0, "axis": "y", "origin": [8, 7.96724, 0.29249]},
			"faces": {
				"north": {"uv": [11, 2.5, 12, 4], "texture": "#0"},
				"east": {"uv": [8.5, 2.5, 11, 4], "texture": "#0"},
				"south": {"uv": [14.5, 2.5, 15.5, 4], "texture": "#0"},
				"west": {"uv": [12, 2.5, 14.5, 4], "texture": "#0"},
				"up": {"uv": [12, 2.5, 11, 0], "texture": "#0"},
				"down": {"uv": [13, 0, 12, 2.5], "texture": "#0"}
			}
		}
	],
	"display": {
		"thirdperson_righthand": {
			"translation": [0, 0.5, -1.75],
			"scale": [0.75, 0.75, 0.75]
		},
		"thirdperson_lefthand": {
			"translation": [0, 0.5, -1.75],
			"scale": [0.75, 0.75, 0.75]
		},
		"firstperson_righthand": {
			"rotation": [0, 5, 0],
			"translation": [0, 1.75, 0]
		},
		"firstperson_lefthand": {
			"rotation": [0, 5, 0],
			"translation": [0, 1.75, 0]
		},
		"ground": {
			"translation": [0, 1.75, 0]
		},
		"gui": {
			"rotation": [0, 90, 0],
			"translation": [1.75, -0.25, 0],
			"scale": [0.86, 0.86, 0.86]
		},
		"head": {
			"rotation": [0, 90, 0],
			"translation": [1.25, 0, 0],
			"scale": [0.8, 0.8, 0.8]
		},
		"fixed": {
			"rotation": [0, -90, 0],
			"translation": [-4, 0.25, 0],
			"scale": [2, 2, 2]
		}
	},
	"groups": [
		0,
		1,
		2,
		3,
		4,
		{
			"name": "Body",
			"origin": [2, -12, -1],
			"color": 0,
			"children": [5, 6, 7]
		}
	]
}