{
	"credit": "Made with Blockbench",
	"textures": {
		"0": "guns/texture_luger_metal",
		"particle": "guns/texture_luger_metal"
	},
	"elements": [
		{
			"from": [8.2, 1.7, 8.4],
			"to": [8.8, 2.5, 10.6],
			"faces": {
				"north": {"uv": [0, 0, 3, 3.9], "texture": "#0"},
				"east": {"uv": [0, 0.1, 12, 4], "texture": "#0"},
				"south": {"uv": [0, 0, 3, 3.9], "texture": "#0"},
				"west": {"uv": [0, 0, 12, 4], "texture": "#0"},
				"up": {"uv": [0, 4, 4.8, 14.2], "texture": "#0"},
				"down": {"uv": [0, 0.1, 12, 4.1], "texture": "#0"}
			}
		},
		{
			"from": [8.3, -3.8, 9.3],
			"to": [8.7, -1.9, 10.1],
			"rotation": {"angle": -22.5, "axis": "x", "origin": [0, 0, 0]},
			"faces": {
				"north": {"uv": [0, 5, 4, 16], "texture": "#0"},
				"east": {"uv": [0, 5, 5.1, 16], "texture": "#0"},
				"south": {"uv": [0, 5, 4, 16], "texture": "#0"},
				"west": {"uv": [0, 5, 5.1, 16], "texture": "#0"},
				"up": {"uv": [0, 0, 0.4, 0.8], "texture": "#missing"},
				"down": {"uv": [0, 0, 1.8, 1.9], "texture": "#0"}
			}
		},
		{
			"from": [8.2, -3.5, 9.4],
			"to": [8.3, -1.9, 10],
			"rotation": {"angle": -22.5, "axis": "x", "origin": [0, 0, 0]},
			"faces": {
				"north": {"uv": [9.1, 8, 10.9, 10.6], "texture": "#0"},
				"east": {"uv": [0, 0, 0.6, 1.6], "texture": "#missing"},
				"south": {"uv": [8.5, 7.8, 10, 10.5], "texture": "#0"},
				"west": {"uv": [8, 7.2, 11, 12.9], "texture": "#0"},
				"up": {"uv": [0, 0, 0.1, 0.6], "texture": "#missing"},
				"down": {"uv": [8.5, 8.3, 10, 10.6], "texture": "#0"}
			}
		},
		{
			"from": [8.1, 1.7, 8.5],
			"to": [8.2, 2.1, 10.6],
			"faces": {
				"north": {"uv": [0, 0, 0.1, 0.4], "texture": "#0"},
				"east": {"uv": [0, 0, 2.1, 0.4], "texture": "#missing"},
				"south": {"uv": [0, 0, 0.1, 0.4], "texture": "#0"},
				"west": {"uv": [0, 0, 16, 2.1], "texture": "#0"},
				"up": {"uv": [16, 0, 0.1, 2.1], "texture": "#0"},
				"down": {"uv": [16, 0, 0.1, 2.1], "texture": "#0"}
			}
		},
		{
			"from": [8.8, 1.7, 8.5],
			"to": [8.9, 2.1, 10.6],
			"faces": {
				"north": {"uv": [0, 0, 0.1, 0.4], "texture": "#0"},
				"east": {"uv": [0, 0, 15.9, 2.1], "texture": "#0"},
				"south": {"uv": [0, 0, 0.1, 0.4], "texture": "#0"},
				"west": {"uv": [0, 0, 2.1, 0.4], "texture": "#missing"},
				"up": {"uv": [0, 0, 16, 2.1], "texture": "#0"},
				"down": {"uv": [0, 0, 16, 2.1], "texture": "#0"}
			}
		},
		{
			"from": [8.7, -3.5, 9.4],
			"to": [8.8, -1.9, 10],
			"rotation": {"angle": -22.5, "axis": "x", "origin": [0, 0, 0]},
			"faces": {
				"north": {"uv": [10, 8, 11.1, 10.7], "texture": "#0"},
				"east": {"uv": [9.1, 7.1, 11.9, 13.1], "texture": "#0"},
				"south": {"uv": [10, 8, 11.1, 10.6], "texture": "#0"},
				"west": {"uv": [0, 0, 0.6, 1.6], "texture": "#missing"},
				"up": {"uv": [0, 0, 0.1, 0.6], "texture": "#missing"},
				"down": {"uv": [8, 9, 10.9, 10.6], "texture": "#0"}
			}
		},
		{
			"from": [8.1, 2.3, 9.8],
			"to": [8.9, 2.7, 10.2],
			"faces": {
				"north": {"uv": [0, 0, 3.8, 2.1], "texture": "#0"},
				"east": {"uv": [14, 10, 16, 12.1], "texture": "#0"},
				"south": {"uv": [0, 0, 3.8, 2.1], "texture": "#0"},
				"west": {"uv": [14, 10, 16, 12.1], "texture": "#0"},
				"up": {"uv": [0, 2.2, 2, 4.1], "texture": "#0"},
				"down": {"uv": [0, 0, 0.8, 0.4], "texture": "#0"}
			}
		},
		{
			"from": [8.2, 0.1, 10.3],
			"to": [8.8, 0.4, 10.6],
			"faces": {
				"north": {"uv": [0, 0, 0.6, 0.3], "texture": "#0"},
				"east": {"uv": [0, 0, 0.3, 0.3], "texture": "#0"},
				"south": {"uv": [0, 0, 0.6, 0.3], "texture": "#0"},
				"west": {"uv": [14.1, 10.1, 16, 12], "texture": "#0"},
				"up": {"uv": [0, 0, 0.6, 0.3], "texture": "#0"},
				"down": {"uv": [12, 8.1, 16, 10.1], "texture": "#0"}
			}
		},
		{
			"from": [8.2, 2.5, 10.2],
			"to": [8.8, 2.7, 10.5],
			"faces": {
				"north": {"uv": [0, 0, 0.6, 0.2], "texture": "#missing"},
				"east": {"uv": [0, 0, 0.3, 0.2], "texture": "#0"},
				"south": {"uv": [0, 0, 3.9, 2], "texture": "#0"},
				"west": {"uv": [0, 0, 0.3, 0.2], "texture": "#0"},
				"up": {"uv": [0, 0, 3.9, 2], "texture": "#0"},
				"down": {"uv": [0, 0, 0.6, 0.3], "texture": "#missing"}
			}
		},
		{
			"from": [8.4, 1.5, 8.5],
			"to": [8.6, 1.7, 8.8],
			"faces": {
				"north": {"uv": [0, 0, 0.2, 0.2], "texture": "#0"},
				"east": {"uv": [0, 0, 0.3, 0.2], "texture": "#0"},
				"south": {"uv": [0, 0, 0.2, 0.2], "texture": "#missing"},
				"west": {"uv": [0, 0, 0.3, 0.2], "texture": "#0"},
				"up": {"uv": [0, 0, 0.2, 0.3], "texture": "#missing"},
				"down": {"uv": [0, 0, 0.2, 0.3], "texture": "#0"}
			}
		},
		{
			"from": [8.3, 2, 6.2],
			"to": [8.7, 2.4, 8.4],
			"faces": {
				"north": {"uv": [14.2, 14, 16, 16], "texture": "#0"},
				"east": {"uv": [0, 14, 14, 16], "texture": "#0"},
				"south": {"uv": [0, 0, 0.4, 0.4], "texture": "#missing"},
				"west": {"uv": [0, 14, 14, 16], "texture": "#0"},
				"up": {"uv": [0, 0, 2.2, 16], "texture": "#0"},
				"down": {"uv": [0, 0, 2.2, 15.9], "texture": "#0"}
			}
		},
		{
			"from": [8.4, 1.2, 8.8],
			"to": [8.6, 1.8, 8.9],
			"faces": {
				"north": {"uv": [0, 0, 2.1, 2.3], "texture": "#0"},
				"east": {"uv": [0, 0, 0.1, 0.6], "texture": "#0"},
				"south": {"uv": [0, 0, 2.1, 2.3], "texture": "#0"},
				"west": {"uv": [0, 0, 0.1, 0.6], "texture": "#0"},
				"up": {"uv": [0, 0, 0.4, 0.1], "texture": "#missing"},
				"down": {"uv": [0, 0, 0.4, 0.1], "texture": "#missing"}
			}
		},
		{
			"from": [8.5, 4.7, 7.9],
			"to": [8.5, 5.3, 8.1],
			"rotation": {"angle": 22.5, "axis": "x", "origin": [0, 0, 0]},
			"faces": {
				"north": {"uv": [0, 0, 0, 0.6], "texture": "#missing"},
				"east": {"uv": [1, 0, 3.2, 0.9], "texture": "#0"},
				"south": {"uv": [0, 0, 0, 0.6], "texture": "#missing"},
				"west": {"uv": [1, 0, 3.2, 0.9], "texture": "#0"},
				"up": {"uv": [0, 0, 0, 0.2], "texture": "#missing"},
				"down": {"uv": [0, 0, 0, 0.2], "texture": "#missing"}
			}
		},
		{
			"from": [8.4, 1.1, 8.8],
			"to": [8.6, 1.2, 9.7],
			"faces": {
				"north": {"uv": [0, 0, 0.2, 0.1], "texture": "#0"},
				"east": {"uv": [0, 0, 0.9, 0.1], "texture": "#0"},
				"south": {"uv": [0, 0, 0.2, 0.1], "texture": "#missing"},
				"west": {"uv": [0, 0, 0.9, 0.1], "texture": "#0"},
				"up": {"uv": [0, 0, 0.2, 0.9], "texture": "#0"},
				"down": {"uv": [0, 0, 0.2, 0.9], "texture": "#0"}
			}
		},
		{
			"from": [8.4, 2.4, 6.2],
			"to": [8.5, 2.6, 6.5],
			"faces": {
				"north": {"uv": [0, 0, 0.1, 0.2], "texture": "#0"},
				"east": {"uv": [0, 0, 0.3, 0.2], "texture": "#missing"},
				"south": {"uv": [0, 0, 0.1, 0.2], "texture": "#0"},
				"west": {"uv": [0, 0, 0.3, 0.2], "texture": "#0"},
				"up": {"uv": [0, 0, 0.1, 0.3], "texture": "#0"},
				"down": {"uv": [0, 0, 0.1, 0.3], "texture": "#missing"}
			}
		},
		{
			"from": [8.5, 2.4, 6.2],
			"to": [8.6, 2.6, 6.5],
			"faces": {
				"north": {"uv": [0, 0, 1, 1], "texture": "#0"},
				"east": {"uv": [0, 1, 1, 2], "texture": "#0"},
				"south": {"uv": [1, 0, 2, 1], "texture": "#0"},
				"west": {"uv": [1, 1, 2, 2], "texture": "#0"},
				"up": {"uv": [1, 3, 0, 2], "texture": "#0"},
				"down": {"uv": [3, 0, 2, 1], "texture": "#0"}
			}
		}
	],
	"display": {
		"thirdperson_righthand": {
			"rotation": [1.75, 0.21, 4],
			"translation": [-1.75, 13.5, -2.5],
			"scale": [2, 2, 2]
		},
		"thirdperson_lefthand": {
			"rotation": [1.75, 0.21, 4],
			"translation": [0.25, 13.5, -2.5],
			"scale": [2, 2, 2]
		},
		"firstperson_righthand": {
			"rotation": [-7, 0, 0],
			"translation": [-2.5, 16, -1.75],
			"scale": [2, 2, 2]
		},
		"firstperson_lefthand": {
			"rotation": [-7, 0, 0],
			"translation": [0, 16, -1.75],
			"scale": [2, 2, 2]
		},
		"ground": {
			"translation": [0, 12, 0],
			"scale": [2, 2, 2]
		},
		"gui": {
			"rotation": [73, 64, -54],
			"translation": [6.75, 23.5, 0],
			"scale": [4, 4, 4]
		},
		"head": {
			"rotation": [0, -90, 0],
			"translation": [0.5, 12, 0],
			"scale": [2, 2, 2]
		},
		"fixed": {
			"rotation": [180, -87.5, 180],
			"translation": [1.75, 27, -3.5],
			"scale": [4, 4, 4]
		}
	}
}