{
	"credit": "Made with Blockbench",
	"texture_size": [32, 32],
	"textures": {
		"15": "item/ak74"
	},
	"elements": [
		{
			"from": [5.5, 4.25, 8],
			"to": [10.5, 5.25, 10],
			"rotation": {"angle": 0, "axis": "y", "origin": [6.5, 4.25, 9]},
			"faces": {
				"north": {"uv": [1, 1, 3.5, 1.5], "texture": "#15"},
				"east": {"uv": [0, 1, 1, 1.5], "texture": "#15"},
				"south": {"uv": [4.5, 1, 7, 1.5], "texture": "#15"},
				"west": {"uv": [3.5, 1, 4.5, 1.5], "texture": "#15"},
				"up": {"uv": [3.5, 1, 1, 0], "texture": "#15"},
				"down": {"uv": [6, 0, 3.5, 1], "texture": "#15"}
			}
		},
		{
			"from": [7.25, 3.25, 9],
			"to": [10.25, 4.25, 9],
			"rotation": {"angle": 0, "axis": "y", "origin": [6.75, 3.25, 9]},
			"faces": {
				"north": {"uv": [6, 4, 7.5, 4.5], "texture": "#15"},
				"east": {"uv": [6, 4, 6, 4.5], "texture": "#15"},
				"south": {"uv": [7.5, 4, 9, 4.5], "texture": "#15"},
				"west": {"uv": [7.5, 4, 7.5, 4.5], "texture": "#15"},
				"up": {"uv": [7.5, 4, 6, 4], "texture": "#15"},
				"down": {"uv": [9, 4, 7.5, 4], "texture": "#15"}
			}
		},
		{
			"from": [7.26, 3.25, 8.51],
			"to": [10.24, 3.23, 9.49],
			"rotation": {"angle": 0, "axis": "x", "origin": [8.25, 3.25, 9]},
			"faces": {
				"north": {"uv": [7.5, 5, 9, 5], "texture": "#15"},
				"east": {"uv": [7, 5, 7.5, 5], "texture": "#15"},
				"south": {"uv": [9.5, 5, 11, 5], "texture": "#15"},
				"west": {"uv": [9, 5, 9.5, 5], "texture": "#15"},
				"up": {"uv": [9, 5, 7.5, 4.5], "texture": "#15"},
				"down": {"uv": [10.5, 4.5, 9, 5], "texture": "#15"}
			}
		},
		{
			"from": [9.51, 1.51, 8.51],
			"to": [11.49, 4.49, 9.49],
			"rotation": {"angle": 22.5, "axis": "z", "origin": [10, 3.5, 9.5]},
			"faces": {
				"north": {"uv": [0.5, 6.5, 1.5, 8], "texture": "#15"},
				"east": {"uv": [0, 6.5, 0.5, 8], "texture": "#15"},
				"south": {"uv": [2, 6.5, 3, 8], "texture": "#15"},
				"west": {"uv": [1.5, 6.5, 2, 8], "texture": "#15"},
				"up": {"uv": [1.5, 6.5, 0.5, 6], "texture": "#15"},
				"down": {"uv": [2.5, 6, 1.5, 6.5], "texture": "#15"}
			}
		},
		{
			"from": [5, -0.15, 8.5],
			"to": [7, 4.85, 9.5],
			"rotation": {"angle": -22.5, "axis": "z", "origin": [6, 2.75, 9.5]},
			"faces": {
				"north": {"uv": [5.5, 5, 6.5, 7.5], "texture": "#15"},
				"east": {"uv": [5, 5, 5.5, 7.5], "texture": "#15"},
				"south": {"uv": [7, 5, 8, 7.5], "texture": "#15"},
				"west": {"uv": [6.5, 5, 7, 7.5], "texture": "#15"},
				"up": {"uv": [6.5, 5, 5.5, 4.5], "texture": "#15"},
				"down": {"uv": [7.5, 4.5, 6.5, 5], "texture": "#15"}
			}
		},
		{
			"from": [10.5, 4.25, 8.5],
			"to": [12.5, 5.25, 9.5],
			"rotation": {"angle": 0, "axis": "y", "origin": [11.5, 3.75, 9.5]},
			"faces": {
				"north": {"uv": [0.5, 8.5, 1.5, 9], "texture": "#15"},
				"east": {"uv": [0, 8.5, 0.5, 9], "texture": "#15"},
				"south": {"uv": [2, 8.5, 3, 9], "texture": "#15"},
				"west": {"uv": [1.5, 8.5, 2, 9], "texture": "#15"},
				"up": {"uv": [1.5, 8.5, 0.5, 8], "texture": "#15"},
				"down": {"uv": [2.5, 8, 1.5, 8.5], "texture": "#15"}
			}
		},
		{
			"from": [12.5, 3.25, 8.5],
			"to": [16.5, 5.25, 9.5],
			"rotation": {"angle": 0, "axis": "y", "origin": [13.5, 3.75, 9.5]},
			"faces": {
				"north": {"uv": [0.5, 5, 2.5, 6], "texture": "#15"},
				"east": {"uv": [0, 5, 0.5, 6], "texture": "#15"},
				"south": {"uv": [3, 5, 5, 6], "texture": "#15"},
				"west": {"uv": [2.5, 5, 3, 6], "texture": "#15"},
				"up": {"uv": [2.5, 5, 0.5, 4.5], "texture": "#15"},
				"down": {"uv": [4.5, 4.5, 2.5, 5], "texture": "#15"}
			}
		},
		{
			"from": [14.5, 2.25, 8.5],
			"to": [16.5, 3.25, 9.5],
			"rotation": {"angle": 0, "axis": "y", "origin": [13.5, 3.75, 9.5]},
			"faces": {
				"north": {"uv": [6.5, 0.5, 7.5, 1], "texture": "#15"},
				"east": {"uv": [6, 0.5, 6.5, 1], "texture": "#15"},
				"south": {"uv": [8, 0.5, 9, 1], "texture": "#15"},
				"west": {"uv": [7.5, 0.5, 8, 1], "texture": "#15"},
				"up": {"uv": [7.5, 0.5, 6.5, 0], "texture": "#15"},
				"down": {"uv": [8.5, 0, 7.5, 0.5], "texture": "#15"}
			}
		},
		{
			"from": [1.5, 4.25, 8],
			"to": [5.5, 6.25, 10],
			"rotation": {"angle": 0, "axis": "y", "origin": [1.5, 4.25, 9]},
			"faces": {
				"north": {"uv": [1, 2.5, 3, 3.5], "texture": "#15"},
				"east": {"uv": [0, 2.5, 1, 3.5], "texture": "#15"},
				"south": {"uv": [4, 2.5, 6, 3.5], "texture": "#15"},
				"west": {"uv": [3, 2.5, 4, 3.5], "texture": "#15"},
				"up": {"uv": [3, 2.5, 1, 1.5], "texture": "#15"},
				"down": {"uv": [5, 1.5, 3, 2.5], "texture": "#15"}
			}
		},
		{
			"from": [5.5, 5.25, 8.5],
			"to": [10.5, 6.25, 9.5],
			"rotation": {"angle": 0, "axis": "y", "origin": [1.5, 4.75, 9.5]},
			"faces": {
				"north": {"uv": [0.5, 4, 3, 4.5], "texture": "#15"},
				"east": {"uv": [0, 4, 0.5, 4.5], "texture": "#15"},
				"south": {"uv": [3.5, 4, 6, 4.5], "texture": "#15"},
				"west": {"uv": [3, 4, 3.5, 4.5], "texture": "#15"},
				"up": {"uv": [3, 4, 0.5, 3.5], "texture": "#15"},
				"down": {"uv": [5.5, 3.5, 3, 4], "texture": "#15"}
			}
		},
		{
			"from": [-0.5, 4.25, 8.5],
			"to": [1.5, 6.25, 9.5],
			"rotation": {"angle": 0, "axis": "y", "origin": [-2.5, 4.75, 9.5]},
			"faces": {
				"north": {"uv": [6.5, 3, 7.5, 4], "texture": "#15"},
				"east": {"uv": [6, 3, 6.5, 4], "texture": "#15"},
				"south": {"uv": [8, 3, 9, 4], "texture": "#15"},
				"west": {"uv": [7.5, 3, 8, 4], "texture": "#15"},
				"up": {"uv": [7.5, 3, 6.5, 2.5], "texture": "#15"},
				"down": {"uv": [8.5, 2.5, 7.5, 3], "texture": "#15"}
			}
		},
		{
			"from": [-3.5, 4.25, 8.5],
			"to": [-0.5, 5.25, 9.5],
			"rotation": {"angle": 0, "axis": "y", "origin": [-4.5, 4.75, 9.5]},
			"faces": {
				"north": {"uv": [5.5, 2, 7, 2.5], "texture": "#15"},
				"east": {"uv": [5, 2, 5.5, 2.5], "texture": "#15"},
				"south": {"uv": [7.5, 2, 9, 2.5], "texture": "#15"},
				"west": {"uv": [7, 2, 7.5, 2.5], "texture": "#15"},
				"up": {"uv": [7, 2, 5.5, 1.5], "texture": "#15"},
				"down": {"uv": [8.5, 1.5, 7, 2], "texture": "#15"}
			}
		},
		{
			"from": [-2.5, 5.25, 9],
			"to": [-1.5, 6.25, 9],
			"rotation": {"angle": 0, "axis": "y", "origin": [-4.5, 5.75, 9.5]},
			"faces": {
				"north": {"uv": [0, 0, 0.5, 0.5], "texture": "#15"},
				"east": {"uv": [0, 0, 0, 0.5], "texture": "#15"},
				"south": {"uv": [0.5, 0, 1, 0.5], "texture": "#15"},
				"west": {"uv": [0.5, 0, 0.5, 0.5], "texture": "#15"},
				"up": {"uv": [0.5, 0, 0, 0], "texture": "#15"},
				"down": {"uv": [1, 0, 0.5, 0], "texture": "#15"}
			}
		}
	],
	"display": {
		"thirdperson_righthand": {
			"rotation": [0, -90, 0],
			"translation": [1, 3.75, 0]
		},
		"thirdperson_lefthand": {
			"rotation": [0, 90, 0],
			"translation": [-1, 3.75, -0.25]
		},
		"firstperson_righthand": {
			"rotation": [0, -90, 0],
			"translation": [-1.25, 7.75, 3.25]
		},
		"firstperson_lefthand": {
			"rotation": [0, 90, 0],
			"translation": [-3.25, 7.75, 3.25]
		},
		"ground": {
			"translation": [0, 4.25, -1]
		},
		"gui": {
			"rotation": [0, 0, -45],
			"translation": [3, 1.75, 0],
			"scale": [0.9, 0.9, 0.9]
		},
		"head": {
			"translation": [1.75, 8.75, -1.5],
			"scale": [1.6, 1.6, 1.6]
		},
		"fixed": {
			"rotation": [0, -180, -45],
			"translation": [-7.75, 3, 0.75],
			"scale": [2, 2, 2]
		}
	},
	"groups": [
		{
			"name": "AK74",
			"origin": [0.47132, 5.07104, -0.5],
			"color": 0,
			"children": [0, 1, 2, 3, 4, 5, 6, 7, 8, 9, 10, 11, 12]
		}
	]
}