{
	"credit": "Designed by Sgeorge1970 with Cubik Studio - https://cubik.studio",
	"textures": {
		"texture1": "guns/white",
		"texture2": "guns/scope2",
		"texture3": "guns/gray6",
		"texture4": "guns/gray4",
		"particle": "blocks/e_particle"
	},
	"elements": [
		{
			"name": "Box1",
			"from": [10.5, 7.5, 3.75],
			"to": [19, 9.5, 5.25],
			"faces": {
				"north": {"uv": [0, 6.5, 5.5, 8.5], "texture": "#texture3"},
				"east": {"uv": [10.75, 6.5, 12.25, 8.5], "texture": "#texture3"},
				"south": {"uv": [10.5, 6.5, 16, 8.5], "texture": "#texture3"},
				"west": {"uv": [3.75, 6.5, 5.25, 8.5], "texture": "#texture3"},
				"up": {"uv": [10.5, 3.75, 16, 5.25], "texture": "#texture3"},
				"down": {"uv": [10.5, 10.75, 16, 12.25], "texture": "#texture3"}
			}
		},
		{
			"name": "Box2",
			"from": [10.5, 9.5, 3.75],
			"to": [19, 10, 4.75],
			"rotation": {"angle": 45, "axis": "x", "origin": [10.5, 9.5, 3.75]},
			"faces": {
				"north": {"uv": [11, 6, 16, 6.5], "texture": "#texture4"},
				"east": {"uv": [11.5, 6, 12.5, 6.5], "texture": "#texture4"},
				"south": {"uv": [0, 6, 5, 6.5], "texture": "#texture4"},
				"west": {"uv": [3.5, 6, 4.5, 6.5], "texture": "#texture4"},
				"up": {"uv": [0, 3.5, 5, 4.5], "texture": "#texture4"},
				"down": {"uv": [0, 11.5, 5, 12.5], "texture": "#texture4"}
			}
		},
		{
			"name": "Box2",
			"from": [10.5, 9.5, 4.25],
			"to": [19, 10, 5.25],
			"rotation": {"angle": -45, "axis": "x", "origin": [19, 9.5, 5.25]},
			"faces": {
				"north": {"uv": [0, 6, 5, 6.5], "texture": "#texture4"},
				"east": {"uv": [3.5, 6, 4.5, 6.5], "texture": "#texture4"},
				"south": {"uv": [11, 6, 16, 6.5], "texture": "#texture4"},
				"west": {"uv": [11.5, 6, 12.5, 6.5], "texture": "#texture4"},
				"up": {"uv": [0, 3.5, 5, 4.5], "rotation": 180, "texture": "#texture4"},
				"down": {"uv": [0, 11.5, 5, 12.5], "rotation": 180, "texture": "#texture4"}
			}
		},
		{
			"name": "Box4",
			"from": [10.5, 9.5, 4],
			"to": [19, 10, 5],
			"faces": {
				"north": {"uv": [0, 6, 5.5, 6.5], "texture": "#texture4"},
				"east": {"uv": [11, 6, 12, 6.5], "texture": "#texture4"},
				"south": {"uv": [10.5, 6, 16, 6.5], "texture": "#texture4"},
				"west": {"uv": [4, 6, 5, 6.5], "texture": "#texture4"},
				"up": {"uv": [10.5, 4, 16, 5], "texture": "#texture4"},
				"down": {"uv": [10.5, 11, 16, 12], "texture": "#texture4"}
			}
		},
		{
			"name": "Box5",
			"from": [10.5, 7, 3.75],
			"to": [19, 7.5, 4.75],
			"rotation": {"angle": -45, "axis": "x", "origin": [19, 7.5, 3.75]},
			"faces": {
				"north": {"uv": [16, 9, 11, 8.5], "texture": "#texture4"},
				"east": {"uv": [3.5, 8.5, 4.5, 9], "rotation": 180, "texture": "#texture4"},
				"south": {"uv": [5, 9, 0, 8.5], "texture": "#texture4"},
				"west": {"uv": [11.5, 8.5, 12.5, 9], "rotation": 180, "texture": "#texture4"},
				"up": {"uv": [0, 11.5, 5, 12.5], "rotation": 180, "texture": "#texture4"},
				"down": {"uv": [0, 3.5, 5, 4.5], "rotation": 180, "texture": "#texture4"}
			}
		},
		{
			"name": "Box5",
			"from": [10.5, 7, 4.25],
			"to": [19, 7.5, 5.25],
			"rotation": {"angle": 45, "axis": "x", "origin": [10.5, 7.5, 5.25]},
			"faces": {
				"north": {"uv": [5, 9, 0, 8.5], "texture": "#texture4"},
				"east": {"uv": [11.5, 8.5, 12.5, 9], "rotation": 180, "texture": "#texture4"},
				"south": {"uv": [16, 9, 11, 8.5], "texture": "#texture4"},
				"west": {"uv": [3.5, 8.5, 4.5, 9], "rotation": 180, "texture": "#texture4"},
				"up": {"uv": [0, 11.5, 5, 12.5], "texture": "#texture4"},
				"down": {"uv": [0, 3.5, 5, 4.5], "texture": "#texture4"}
			}
		},
		{
			"name": "Box4",
			"from": [10.5, 7, 4],
			"to": [19, 7.5, 5],
			"faces": {
				"north": {"uv": [0, 8.5, 5.5, 9], "texture": "#texture4"},
				"east": {"uv": [11, 8.5, 12, 9], "texture": "#texture4"},
				"south": {"uv": [10.5, 8.5, 16, 9], "texture": "#texture4"},
				"west": {"uv": [4, 8.5, 5, 9], "texture": "#texture4"},
				"up": {"uv": [10.5, 4, 16, 5], "texture": "#texture4"},
				"down": {"uv": [10.5, 11, 16, 12], "texture": "#texture4"}
			}
		},
		{
			"name": "Box9",
			"from": [10.5, 8, 3.5],
			"to": [15.5, 9.5, 4],
			"faces": {
				"north": {"uv": [0.5, 6.5, 5.5, 8], "texture": "#texture4"},
				"east": {"uv": [12, 6.5, 12.5, 8], "texture": "#texture4"},
				"south": {"uv": [10.5, 6.5, 15.5, 8], "texture": "#texture4"},
				"west": {"uv": [3.5, 6.5, 4, 8], "texture": "#texture4"},
				"up": {"uv": [10.5, 3.5, 15.5, 4], "texture": "#texture4"},
				"down": {"uv": [10.5, 12, 15.5, 12.5], "texture": "#texture4"}
			}
		},
		{
			"name": "Box9",
			"from": [10.5, 8, 5],
			"to": [15.5, 9.5, 5.5],
			"faces": {
				"north": {"uv": [0.5, 6.5, 5.5, 8], "texture": "#texture4"},
				"east": {"uv": [10.5, 6.5, 11, 8], "texture": "#texture4"},
				"south": {"uv": [10.5, 6.5, 15.5, 8], "texture": "#texture4"},
				"west": {"uv": [5, 6.5, 5.5, 8], "texture": "#texture4"},
				"up": {"uv": [10.5, 5, 15.5, 5.5], "texture": "#texture4"},
				"down": {"uv": [10.5, 10.5, 15.5, 11], "texture": "#texture4"}
			}
		},
		{
			"name": "Box11",
			"from": [15.5, 8.5, 3.5],
			"to": [18.65, 9.5, 4],
			"faces": {
				"north": {"uv": [0, 6.5, 0.5, 7.5], "texture": "#texture4"},
				"east": {"uv": [12, 6.5, 12.5, 7.5], "texture": "#texture4"},
				"south": {"uv": [15.5, 6.5, 16, 7.5], "texture": "#texture4"},
				"west": {"uv": [3.5, 6.5, 4, 7.5], "texture": "#texture4"},
				"up": {"uv": [15.5, 3.5, 16, 4], "texture": "#texture4"},
				"down": {"uv": [15.5, 12, 16, 12.5], "texture": "#texture4"}
			}
		},
		{
			"name": "Box11",
			"from": [15.5, 8.5, 5],
			"to": [18.65, 9.5, 5.5],
			"faces": {
				"north": {"uv": [0, 6.5, 0.5, 7.5], "texture": "#texture4"},
				"east": {"uv": [10.5, 6.5, 11, 7.5], "texture": "#texture4"},
				"south": {"uv": [15.5, 6.5, 16, 7.5], "texture": "#texture4"},
				"west": {"uv": [5, 6.5, 5.5, 7.5], "texture": "#texture4"},
				"up": {"uv": [15.5, 5, 16, 5.5], "texture": "#texture4"},
				"down": {"uv": [15.5, 10.5, 16, 11], "texture": "#texture4"}
			}
		},
		{
			"name": "Box12",
			"from": [19, 8, 3.75],
			"to": [19.5, 9, 4.25],
			"faces": {
				"north": {"uv": [12.5, 7, 13, 8], "texture": "#texture3"},
				"east": {"uv": [11.75, 7, 12.25, 8], "texture": "#texture3"},
				"south": {"uv": [3, 7, 3.5, 8], "texture": "#texture3"},
				"west": {"uv": [3.75, 7, 4.25, 8], "texture": "#texture3"},
				"up": {"uv": [3, 3.75, 3.5, 4.25], "texture": "#texture3"},
				"down": {"uv": [3, 11.75, 3.5, 12.25], "texture": "#texture3"}
			}
		},
		{
			"name": "Box12",
			"from": [19, 8, 4.75],
			"to": [19.5, 9, 5.25],
			"faces": {
				"north": {"uv": [12.5, 7, 13, 8], "texture": "#texture3"},
				"east": {"uv": [10.75, 7, 11.25, 8], "texture": "#texture3"},
				"south": {"uv": [3, 7, 3.5, 8], "texture": "#texture3"},
				"west": {"uv": [4.75, 7, 5.25, 8], "texture": "#texture3"},
				"up": {"uv": [3, 4.75, 3.5, 5.25], "texture": "#texture3"},
				"down": {"uv": [3, 10.75, 3.5, 11.25], "texture": "#texture3"}
			}
		},
		{
			"name": "Box14",
			"from": [19, 9, 3.75],
			"to": [19.5, 9.5, 4.25],
			"rotation": {"angle": 22.5, "axis": "x", "origin": [19, 9, 3.75]},
			"faces": {
				"north": {"uv": [10.5, 6.5, 11, 7], "texture": "#texture3"},
				"east": {"uv": [12, 6.5, 12.5, 7], "texture": "#texture3"},
				"south": {"uv": [5, 6.5, 5.5, 7], "texture": "#texture3"},
				"west": {"uv": [3.5, 6.5, 4, 7], "texture": "#texture3"},
				"up": {"uv": [5, 3.5, 5.5, 4], "texture": "#texture3"},
				"down": {"uv": [5, 12, 5.5, 12.5], "texture": "#texture3"}
			}
		},
		{
			"name": "Box15",
			"from": [19, 9, 4.75],
			"to": [19.5, 9.5, 5.25],
			"rotation": {"angle": -22.5, "axis": "x", "origin": [19.5, 9, 5.25]},
			"faces": {
				"north": {"uv": [5, 6.5, 5.5, 7], "texture": "#texture3"},
				"east": {"uv": [4.5, 6.5, 5, 7], "texture": "#texture3"},
				"south": {"uv": [10.5, 6.5, 11, 7], "texture": "#texture3"},
				"west": {"uv": [11, 6.5, 11.5, 7], "texture": "#texture3"},
				"up": {"uv": [5, 4.5, 5.5, 5], "rotation": 180, "texture": "#texture3"},
				"down": {"uv": [5, 11, 5.5, 11.5], "rotation": 180, "texture": "#texture3"}
			}
		},
		{
			"name": "Box16",
			"from": [19, 9, 4],
			"to": [19.5, 9.5, 5],
			"faces": {
				"north": {"uv": [12.5, 6.5, 13, 7], "texture": "#texture3"},
				"east": {"uv": [11, 6.5, 12, 7], "texture": "#texture3"},
				"south": {"uv": [3, 6.5, 3.5, 7], "texture": "#texture3"},
				"west": {"uv": [4, 6.5, 5, 7], "texture": "#texture3"},
				"up": {"uv": [3, 4, 3.5, 5], "texture": "#texture3"},
				"down": {"uv": [3, 11, 3.5, 12], "texture": "#texture3"}
			}
		},
		{
			"name": "Box16",
			"from": [19, 7.5, 4],
			"to": [19.5, 8, 5],
			"faces": {
				"north": {"uv": [12.5, 8, 13, 8.5], "texture": "#texture3"},
				"east": {"uv": [11, 8, 12, 8.5], "texture": "#texture3"},
				"south": {"uv": [3, 8, 3.5, 8.5], "texture": "#texture3"},
				"west": {"uv": [4, 8, 5, 8.5], "texture": "#texture3"},
				"up": {"uv": [3, 4, 3.5, 5], "texture": "#texture3"},
				"down": {"uv": [3, 11, 3.5, 12], "texture": "#texture3"}
			}
		},
		{
			"name": "Box18",
			"from": [19, 7.5, 4.75],
			"to": [19.5, 8, 5.25],
			"rotation": {"angle": 22.5, "axis": "x", "origin": [19, 8, 5.25]},
			"faces": {
				"north": {"uv": [5.5, 8.5, 5, 8], "texture": "#texture3"},
				"east": {"uv": [11, 8, 11.5, 8.5], "rotation": 180, "texture": "#texture3"},
				"south": {"uv": [11, 8.5, 10.5, 8], "texture": "#texture3"},
				"west": {"uv": [4.5, 8, 5, 8.5], "rotation": 180, "texture": "#texture3"},
				"up": {"uv": [5, 11, 5.5, 11.5], "texture": "#texture3"},
				"down": {"uv": [5, 4.5, 5.5, 5], "texture": "#texture3"}
			}
		},
		{
			"name": "Box18",
			"from": [19, 7.5, 3.75],
			"to": [19.5, 8, 4.25],
			"rotation": {"angle": -22.5, "axis": "x", "origin": [19, 8, 3.75]},
			"faces": {
				"north": {"uv": [4.5, 8, 5, 8.5], "rotation": 180, "texture": "#texture3"},
				"east": {"uv": [5.5, 8.5, 5, 8], "texture": "#texture3"},
				"south": {"uv": [11, 8, 11.5, 8.5], "rotation": 180, "texture": "#texture3"},
				"west": {"uv": [11, 8.5, 10.5, 8], "texture": "#texture3"},
				"up": {"uv": [5, 11, 5.5, 11.5], "rotation": 90, "texture": "#texture3"},
				"down": {"uv": [5, 4.5, 5.5, 5], "rotation": 270, "texture": "#texture3"}
			}
		},
		{
			"name": "Box20",
			"from": [10, 7.5, 4],
			"to": [10.5, 9.5, 5],
			"faces": {
				"north": {"uv": [5.5, 6.5, 6, 8.5], "texture": "#texture3"},
				"east": {"uv": [11, 6.5, 12, 8.5], "texture": "#texture3"},
				"south": {"uv": [10, 6.5, 10.5, 8.5], "texture": "#texture3"},
				"west": {"uv": [4, 6.5, 5, 8.5], "texture": "#texture3"},
				"up": {"uv": [10, 4, 10.5, 5], "texture": "#texture3"},
				"down": {"uv": [10, 11, 10.5, 12], "texture": "#texture3"}
			}
		},
		{
			"name": "Box21",
			"from": [-1.5, 7, 3.75],
			"to": [4.5, 10, 5.25],
			"faces": {
				"north": {"uv": [11.5, 6, 16, 9], "texture": "#texture1"},
				"east": {"uv": [10.75, 6, 12.25, 9], "texture": "#texture1"},
				"south": {"uv": [0, 6, 4.5, 9], "texture": "#texture1"},
				"west": {"uv": [3.75, 6, 5.25, 9], "texture": "#texture1"},
				"up": {"uv": [0, 3.75, 4.5, 5.25], "texture": "#texture1"},
				"down": {"uv": [0, 10.75, 4.5, 12.25], "texture": "#texture1"}
			}
		},
		{
			"name": "Box22",
			"from": [-1.6, 8.025, 5],
			"to": [0.05, 9.925, 5.5],
			"faces": {
				"north": {"uv": [15.95, 6.075, 16, 7.975], "texture": "#texture4"},
				"east": {"uv": [10.5, 6.075, 11, 7.975], "texture": "#texture4"},
				"south": {"uv": [0, 6.075, 0.05, 7.975], "texture": "#texture4"},
				"west": {"uv": [5, 6.075, 5.5, 7.975], "texture": "#texture4"},
				"up": {"uv": [0, 5, 0.05, 5.5], "texture": "#texture4"},
				"down": {"uv": [0, 10.5, 0.05, 11], "texture": "#texture4"}
			}
		},
		{
			"name": "Box23",
			"from": [0, 8, 5],
			"to": [4.5, 9, 5.5],
			"faces": {
				"north": {"uv": [11.5, 7, 16, 8], "texture": "#texture4"},
				"east": {"uv": [10.5, 7, 11, 8], "texture": "#texture4"},
				"south": {"uv": [0, 7, 4.5, 8], "texture": "#texture4"},
				"west": {"uv": [5, 7, 5.5, 8], "texture": "#texture4"},
				"up": {"uv": [0, 5, 4.5, 5.5], "texture": "#texture4"},
				"down": {"uv": [0, 10.5, 4.5, 11], "texture": "#texture4"}
			}
		},
		{
			"name": "Box26",
			"from": [0, 9, 5],
			"to": [2, 9.5, 5.5],
			"faces": {
				"north": {"uv": [14, 6.5, 16, 7], "texture": "#texture4"},
				"east": {"uv": [10.5, 6.5, 11, 7], "texture": "#texture4"},
				"south": {"uv": [0, 6.5, 2, 7], "texture": "#texture4"},
				"west": {"uv": [5, 6.5, 5.5, 7], "texture": "#texture4"},
				"up": {"uv": [0, 5, 2, 5.5], "texture": "#texture4"},
				"down": {"uv": [0, 10.5, 2, 11], "texture": "#texture4"}
			}
		},
		{
			"name": "Box26",
			"from": [0, 9, 3.5],
			"to": [2, 9.5, 4],
			"faces": {
				"north": {"uv": [14, 6.5, 16, 7], "texture": "#texture4"},
				"east": {"uv": [12, 6.5, 12.5, 7], "texture": "#texture4"},
				"south": {"uv": [0, 6.5, 2, 7], "texture": "#texture4"},
				"west": {"uv": [3.5, 6.5, 4, 7], "texture": "#texture4"},
				"up": {"uv": [0, 3.5, 2, 4], "texture": "#texture4"},
				"down": {"uv": [0, 12, 2, 12.5], "texture": "#texture4"}
			}
		},
		{
			"name": "Box23",
			"from": [0, 8, 3.5],
			"to": [4.5, 9, 4],
			"faces": {
				"north": {"uv": [11.5, 7, 16, 8], "texture": "#texture4"},
				"east": {"uv": [12, 7, 12.5, 8], "texture": "#texture4"},
				"south": {"uv": [0, 7, 4.5, 8], "texture": "#texture4"},
				"west": {"uv": [3.5, 7, 4, 8], "texture": "#texture4"},
				"up": {"uv": [0, 3.5, 4.5, 4], "texture": "#texture4"},
				"down": {"uv": [0, 12, 4.5, 12.5], "texture": "#texture4"}
			}
		},
		{
			"name": "Box22",
			"from": [-1.6, 8.025, 3.5],
			"to": [0.05, 9.925, 4],
			"faces": {
				"north": {"uv": [0, 6.075, 1.5, 7.975], "texture": "#texture4"},
				"east": {"uv": [12, 6.075, 12.5, 7.975], "texture": "#texture4"},
				"south": {"uv": [14.5, 6.075, 16, 7.975], "texture": "#texture4"},
				"west": {"uv": [3.5, 6.075, 4, 7.975], "texture": "#texture4"},
				"up": {"uv": [14.5, 3.5, 16, 4], "texture": "#texture4"},
				"down": {"uv": [14.5, 12, 16, 12.5], "texture": "#texture4"}
			}
		},
		{
			"name": "Box30",
			"from": [-0.7197, 2.3232, 3.675],
			"to": [1.2803, 7.3232, 5.325],
			"rotation": {"angle": -22.5, "axis": "z", "origin": [1, 7, 3.675]},
			"faces": {
				"north": {"uv": [11.5, 14, 9.5, 9], "texture": "#texture1"},
				"east": {"uv": [14, 9, 15, 14], "rotation": 180, "texture": "#texture1"},
				"south": {"uv": [6.5, 14, 4.5, 9], "texture": "#texture1"},
				"west": {"uv": [1, 9, 2, 14], "rotation": 180, "texture": "#texture1"},
				"up": {"uv": [4.5, 1, 6.5, 2], "rotation": 180, "texture": "#texture1"},
				"down": {"uv": [4.5, 14, 6.5, 15], "rotation": 180, "texture": "#texture1"}
			}
		},
		{
			"name": "Box31",
			"from": [-0.8232, 7.0732, 4],
			"to": [1.1768, 8.0732, 5],
			"rotation": {"angle": -45, "axis": "z", "origin": [-1, 8, 5]},
			"faces": {
				"north": {"uv": [6, 9.5, 4, 9], "texture": "#texture1"},
				"east": {"uv": [1, 9, 2, 9.5], "rotation": 180, "texture": "#texture1"},
				"south": {"uv": [12, 9.5, 10, 9], "texture": "#texture1"},
				"west": {"uv": [14, 9, 15, 9.5], "rotation": 180, "texture": "#texture1"},
				"up": {"uv": [4, 1, 6, 2], "texture": "#texture1"},
				"down": {"uv": [4, 14, 6, 15], "texture": "#texture1"}
			}
		},
		{
			"name": "Box32",
			"from": [-2, 8.025, 4],
			"to": [-1.5, 9.925, 5],
			"faces": {
				"north": {"uv": [1.5, 6.075, 2, 7.975], "texture": "#texture4"},
				"east": {"uv": [11, 6.075, 12, 7.975], "texture": "#texture4"},
				"south": {"uv": [14, 6.075, 14.5, 7.975], "texture": "#texture4"},
				"west": {"uv": [4, 6.075, 5, 7.975], "texture": "#texture4"},
				"up": {"uv": [14, 4, 14.5, 5], "texture": "#texture4"},
				"down": {"uv": [14, 11, 14.5, 12], "texture": "#texture4"}
			}
		},
		{
			"name": "Box34",
			"from": [-2, 8.5, 3.5],
			"to": [-1.5, 9.925, 4],
			"faces": {
				"north": {"uv": [1.5, 6.075, 2, 7.5], "texture": "#texture4"},
				"east": {"uv": [12, 6.075, 12.5, 7.5], "texture": "#texture4"},
				"south": {"uv": [14, 6.075, 14.5, 7.5], "texture": "#texture4"},
				"west": {"uv": [3.5, 6.075, 4, 7.5], "texture": "#texture4"},
				"up": {"uv": [14, 3.5, 14.5, 4], "texture": "#texture4"},
				"down": {"uv": [14, 12, 14.5, 12.5], "texture": "#texture4"}
			}
		},
		{
			"name": "Box34",
			"from": [-2, 8.5, 5],
			"to": [-1.5, 9.925, 5.5],
			"faces": {
				"north": {"uv": [1.5, 6.075, 2, 7.5], "texture": "#texture4"},
				"east": {"uv": [10.5, 6.075, 11, 7.5], "texture": "#texture4"},
				"south": {"uv": [14, 6.075, 14.5, 7.5], "texture": "#texture4"},
				"west": {"uv": [5, 6.075, 5.5, 7.5], "texture": "#texture4"},
				"up": {"uv": [14, 5, 14.5, 5.5], "texture": "#texture4"},
				"down": {"uv": [14, 10.5, 14.5, 11], "texture": "#texture4"}
			}
		},
		{
			"name": "Box33",
			"from": [-2.5, 2, 3.85],
			"to": [0, 3, 5.2],
			"faces": {
				"north": {"uv": [0, 13, 2.5, 14], "texture": "#texture3"},
				"east": {"uv": [10.8, 13, 12.15, 14], "texture": "#texture3"},
				"south": {"uv": [13.5, 13, 16, 14], "texture": "#texture3"},
				"west": {"uv": [3.85, 13, 5.2, 14], "texture": "#texture3"},
				"up": {"uv": [13.5, 3.85, 16, 5.2], "texture": "#texture3"},
				"down": {"uv": [13.5, 10.8, 16, 12.15], "texture": "#texture3"}
			}
		},
		{
			"name": "Box34",
			"from": [-2.5, 3, 3.85],
			"to": [-1.5, 4, 5.2],
			"rotation": {"angle": -22.5, "axis": "z", "origin": [-2.5, 3, 3.85]},
			"faces": {
				"north": {"uv": [12, 12, 13, 13], "texture": "#texture3"},
				"east": {"uv": [1, 12, 2, 13], "texture": "#texture3"},
				"south": {"uv": [3, 12, 4, 13], "texture": "#texture3"},
				"west": {"uv": [14, 12, 15, 13], "texture": "#texture3"},
				"up": {"uv": [3, 14, 4, 15], "texture": "#texture3"},
				"down": {"uv": [3, 1, 4, 2], "texture": "#texture3"}
			}
		},
		{
			"name": "Box35",
			"from": [0, 3, 4.05],
			"to": [2.5, 4, 4.95],
			"faces": {
				"north": {"uv": [13.5, 12, 16, 13], "texture": "#texture1"},
				"east": {"uv": [11.05, 12, 11.95, 13], "texture": "#texture1"},
				"south": {"uv": [0, 12, 2.5, 13], "texture": "#texture1"},
				"west": {"uv": [4.05, 12, 4.95, 13], "texture": "#texture1"},
				"up": {"uv": [0, 4.05, 2.5, 4.95], "texture": "#texture1"},
				"down": {"uv": [0, 11.05, 2.5, 11.95], "texture": "#texture1"}
			}
		},
		{
			"name": "Box36",
			"from": [1.5, 3, 4.05],
			"to": [2.5, 5.5, 4.95],
			"rotation": {"angle": -22.5, "axis": "z", "origin": [2.5, 3, 4.05]},
			"faces": {
				"north": {"uv": [8, 13, 4.5, 12], "rotation": 270, "texture": "#texture1"},
				"east": {"uv": [8, 1, 11.5, 2], "rotation": 270, "texture": "#texture1"},
				"south": {"uv": [11.5, 13, 8, 12], "rotation": 90, "texture": "#texture1"},
				"west": {"uv": [11.5, 15, 8, 14], "rotation": 90, "texture": "#texture1"},
				"up": {"uv": [1, 12, 2, 13], "rotation": 270, "texture": "#texture1"},
				"down": {"uv": [15, 13, 14, 12], "rotation": 90, "texture": "#texture1"}
			}
		},
		{
			"name": "Box37",
			"from": [1, 5.5, 4.05],
			"to": [3.5, 6, 4.95],
			"faces": {
				"north": {"uv": [12.5, 10, 15, 10.5], "texture": "#texture1"},
				"east": {"uv": [11.05, 10, 11.95, 10.5], "texture": "#texture1"},
				"south": {"uv": [1, 10, 3.5, 10.5], "texture": "#texture1"},
				"west": {"uv": [4.05, 10, 4.95, 10.5], "texture": "#texture1"},
				"up": {"uv": [1, 4.05, 3.5, 4.95], "texture": "#texture1"},
				"down": {"uv": [1, 11.05, 3.5, 11.95], "texture": "#texture1"}
			}
		},
		{
			"name": "Box38",
			"from": [3, 5, 4],
			"to": [3.5, 5.5, 5],
			"faces": {
				"north": {"uv": [12.5, 10.5, 13, 11], "texture": "#texture1"},
				"east": {"uv": [11, 10.5, 12, 11], "texture": "#texture1"},
				"south": {"uv": [3, 10.5, 3.5, 11], "texture": "#texture1"},
				"west": {"uv": [4, 10.5, 5, 11], "texture": "#texture1"},
				"up": {"uv": [3, 4, 3.5, 5], "texture": "#texture1"},
				"down": {"uv": [3, 11, 3.5, 12], "texture": "#texture1"}
			}
		},
		{
			"name": "Box39",
			"from": [3, 6, 4.05],
			"to": [3.5, 7.5, 4.95],
			"rotation": {"angle": -22.5, "axis": "z", "origin": [3, 6, 4.05]},
			"faces": {
				"north": {"uv": [6.5, 9, 7, 10.5], "texture": "#texture1"},
				"east": {"uv": [1, 9, 2, 10.5], "texture": "#texture1"},
				"south": {"uv": [9, 9, 9.5, 10.5], "texture": "#texture1"},
				"west": {"uv": [14, 9, 15, 10.5], "texture": "#texture1"},
				"up": {"uv": [9, 14, 9.5, 15], "texture": "#texture1"},
				"down": {"uv": [9, 1, 9.5, 2], "texture": "#texture1"}
			}
		},
		{
			"name": "Box40",
			"from": [3.5, 5.5, 4.05],
			"to": [4.5, 6, 4.95],
			"rotation": {"angle": 45, "axis": "z", "origin": [3.5, 5.5, 4.05]},
			"faces": {
				"north": {"uv": [6, 10, 7, 10.5], "texture": "#texture1"},
				"east": {"uv": [1, 10, 2, 10.5], "texture": "#texture1"},
				"south": {"uv": [9, 10, 10, 10.5], "texture": "#texture1"},
				"west": {"uv": [14, 10, 15, 10.5], "texture": "#texture1"},
				"up": {"uv": [9, 14, 10, 15], "texture": "#texture1"},
				"down": {"uv": [9, 1, 10, 2], "texture": "#texture1"}
			}
		},
		{
			"name": "Box42",
			"from": [5, 5.5, 4.05],
			"to": [5.5, 6.5, 4.95],
			"rotation": {"angle": 22.5, "axis": "z", "origin": [5, 5.5, 4.05]},
			"faces": {
				"north": {"uv": [5, 9.5, 5.5, 10.5], "texture": "#texture4"},
				"east": {"uv": [1, 9.5, 2, 10.5], "texture": "#texture4"},
				"south": {"uv": [10.5, 9.5, 11, 10.5], "texture": "#texture4"},
				"west": {"uv": [14, 9.5, 15, 10.5], "texture": "#texture4"},
				"up": {"uv": [10.5, 14, 11, 15], "texture": "#texture4"},
				"down": {"uv": [10.5, 1, 11, 2], "texture": "#texture4"}
			}
		},
		{
			"name": "Box43",
			"from": [5.5, 4, 3.75],
			"to": [7.5, 7, 5.25],
			"faces": {
				"north": {"uv": [8.5, 9, 10.5, 12], "texture": "#texture1"},
				"east": {"uv": [10.75, 9, 12.25, 12], "texture": "#texture1"},
				"south": {"uv": [5.5, 9, 7.5, 12], "texture": "#texture1"},
				"west": {"uv": [3.75, 9, 5.25, 12], "texture": "#texture1"},
				"up": {"uv": [5.5, 3.75, 7.5, 5.25], "texture": "#texture1"},
				"down": {"uv": [5.5, 10.75, 7.5, 12.25], "texture": "#texture1"}
			}
		},
		{
			"name": "Box44",
			"from": [5, 5.5, 4.05],
			"to": [5.5, 6, 4.95],
			"faces": {
				"north": {"uv": [10.5, 10, 11, 10.5], "texture": "#texture4"},
				"east": {"uv": [11.05, 10, 11.95, 10.5], "texture": "#texture4"},
				"south": {"uv": [5, 10, 5.5, 10.5], "texture": "#texture4"},
				"west": {"uv": [4.05, 10, 4.95, 10.5], "texture": "#texture4"},
				"up": {"uv": [5, 4.05, 5.5, 4.95], "texture": "#texture4"},
				"down": {"uv": [5, 11.05, 5.5, 11.95], "texture": "#texture4"}
			}
		},
		{
			"name": "Box45",
			"from": [3.5, 6, 3.75],
			"to": [5.5, 7, 5.25],
			"faces": {
				"north": {"uv": [10.5, 9, 12.5, 10], "texture": "#texture1"},
				"east": {"uv": [10.75, 9, 12.25, 10], "texture": "#texture1"},
				"south": {"uv": [3.5, 9, 5.5, 10], "texture": "#texture1"},
				"west": {"uv": [3.75, 9, 5.25, 10], "texture": "#texture1"},
				"up": {"uv": [3.5, 3.75, 5.5, 5.25], "texture": "#texture1"},
				"down": {"uv": [3.5, 10.75, 5.5, 12.25], "texture": "#texture1"}
			}
		},
		{
			"name": "Box46",
			"from": [4.5, 7, 3.5],
			"to": [10, 10, 5.5],
			"faces": {
				"north": {"uv": [6, 6, 11.5, 9], "texture": "#texture4"},
				"east": {"uv": [10.5, 6, 12.5, 9], "texture": "#texture4"},
				"south": {"uv": [4.5, 6, 10, 9], "texture": "#texture4"},
				"west": {"uv": [3.5, 6, 5.5, 9], "texture": "#texture4"},
				"up": {"uv": [4.5, 3.5, 10, 5.5], "texture": "#texture4"},
				"down": {"uv": [4.5, 10.5, 10, 12.5], "texture": "#texture4"}
			}
		},
		{
			"name": "Box47",
			"from": [5.5, 3.75, 4],
			"to": [7, 4.25, 5],
			"faces": {
				"north": {"uv": [9, 11.75, 10.5, 12.25], "texture": "#texture1"},
				"east": {"uv": [11, 11.75, 12, 12.25], "texture": "#texture1"},
				"south": {"uv": [5.5, 11.75, 7, 12.25], "texture": "#texture1"},
				"west": {"uv": [4, 11.75, 5, 12.25], "texture": "#texture1"},
				"up": {"uv": [5.5, 4, 7, 5], "texture": "#texture1"},
				"down": {"uv": [5.5, 11, 7, 12], "texture": "#texture1"}
			}
		},
		{
			"name": "Box48",
			"from": [5.85, 5.5, 5],
			"to": [6.85, 6.5, 5.5],
			"rotation": {"angle": -45, "axis": "z", "origin": [5.85, 5.5, 5]},
			"faces": {
				"north": {"uv": [9.5, 13.5, 11, 15], "texture": "#texture3"},
				"east": {"uv": [1, 13.5, 2, 15], "texture": "#texture3"},
				"south": {"uv": [5, 13.5, 6.5, 15], "texture": "#texture3"},
				"west": {"uv": [14, 13.5, 15, 15], "texture": "#texture3"},
				"up": {"uv": [5, 14, 6.5, 15], "texture": "#texture3"},
				"down": {"uv": [5, 1, 6.5, 2], "texture": "#texture3"}
			}
		},
		{
			"name": "Box48",
			"from": [5.85, 5.5, 3.5],
			"to": [6.85, 6.5, 4],
			"rotation": {"angle": -45, "axis": "z", "origin": [5.85, 5.5, 3.5]},
			"faces": {
				"north": {"uv": [9.5, 13.5, 11, 15], "texture": "#texture3"},
				"east": {"uv": [1, 13.5, 2, 15], "texture": "#texture3"},
				"south": {"uv": [5, 13.5, 6.5, 15], "texture": "#texture3"},
				"west": {"uv": [14, 13.5, 15, 15], "texture": "#texture3"},
				"up": {"uv": [5, 14, 6.5, 15], "texture": "#texture3"},
				"down": {"uv": [5, 1, 6.5, 2], "texture": "#texture3"}
			}
		},
		{
			"name": "Box50",
			"from": [-1.5, 10, 4],
			"to": [1.5, 10.5, 5],
			"faces": {
				"north": {"uv": [14.5, 5.5, 16, 6], "texture": "#texture3"},
				"east": {"uv": [11, 5.5, 12, 6], "texture": "#texture3"},
				"south": {"uv": [0, 5.5, 1.5, 6], "texture": "#texture3"},
				"west": {"uv": [4, 5.5, 5, 6], "texture": "#texture3"},
				"up": {"uv": [0, 4, 1.5, 5], "texture": "#texture3"},
				"down": {"uv": [0, 11, 1.5, 12], "texture": "#texture3"}
			}
		},
		{
			"name": "Box50",
			"from": [5.5, 10, 4],
			"to": [9.5, 10.5, 5],
			"faces": {
				"north": {"uv": [6.5, 5.5, 10.5, 6], "texture": "#texture3"},
				"east": {"uv": [11, 5.5, 12, 6], "texture": "#texture3"},
				"south": {"uv": [5.5, 5.5, 9.5, 6], "texture": "#texture3"},
				"west": {"uv": [4, 5.5, 5, 6], "texture": "#texture3"},
				"up": {"uv": [5.5, 4, 9.5, 5], "texture": "#texture3"},
				"down": {"uv": [5.5, 11, 9.5, 12], "texture": "#texture3"}
			}
		},
		{
			"name": "Box52",
			"from": [1.2, 6, 4.25],
			"to": [2.7, 6.5, 4.75],
			"faces": {
				"north": {"uv": [13.3, 9.5, 14.8, 10], "texture": "#texture2"},
				"east": {"uv": [11.25, 9.5, 11.75, 10], "texture": "#texture2"},
				"south": {"uv": [1.2, 9.5, 2.7, 10], "texture": "#texture2"},
				"west": {"uv": [4.25, 9.5, 4.75, 10], "texture": "#texture2"},
				"up": {"uv": [1.2, 4.25, 2.7, 4.75], "texture": "#texture2"},
				"down": {"uv": [1.2, 11.25, 2.7, 11.75], "texture": "#texture2"}
			}
		},
		{
			"name": "Box53",
			"from": [1.2, 6.5, 4.25],
			"to": [2.2, 7.5, 4.75],
			"rotation": {"angle": -22.5, "axis": "z", "origin": [1.2, 6.5, 4.25]},
			"faces": {
				"north": {"uv": [14, 9, 14.5, 10], "texture": "#texture2"},
				"east": {"uv": [1, 9, 2, 10], "texture": "#texture2"},
				"south": {"uv": [1.5, 9, 2, 10], "texture": "#texture2"},
				"west": {"uv": [14, 9, 15, 10], "texture": "#texture2"},
				"up": {"uv": [1.5, 14, 2, 15], "texture": "#texture2"},
				"down": {"uv": [1.5, 1, 2, 2], "texture": "#texture2"}
			}
		},
		{
			"name": "Box54",
			"from": [19, 8, 4],
			"to": [19.001, 9, 5],
			"faces": {
				"north": {"uv": [12.999, 7, 13, 8], "texture": "#texture2"},
				"east": {"uv": [11, 7, 12, 8], "texture": "#texture2"},
				"south": {"uv": [3, 7, 3.001, 8], "texture": "#texture2"},
				"west": {"uv": [4, 7, 5, 8], "texture": "#texture2"},
				"up": {"uv": [3, 4, 3.001, 5], "texture": "#texture2"},
				"down": {"uv": [3, 11, 3.001, 12], "texture": "#texture2"}
			}
		},
		{
			"name": "Box54",
			"from": [-0.5, 3, 4],
			"to": [0, 8, 5],
			"rotation": {"angle": -22.5, "axis": "z", "origin": [-0.5, 3, 4]},
			"faces": {
				"north": {"uv": [0, 8.5, 0.5, 13], "texture": "#texture3"},
				"east": {"uv": [1, 8.5, 2, 13], "texture": "#texture3"},
				"south": {"uv": [15.5, 8.5, 16, 13], "texture": "#texture3"},
				"west": {"uv": [14, 8.5, 15, 13], "texture": "#texture3"},
				"up": {"uv": [15.5, 14, 16, 15], "texture": "#texture3"},
				"down": {"uv": [15.5, 1, 16, 2], "texture": "#texture3"}
			}
		}
	],
	"display": {
		"thirdperson_righthand": {
			"rotation": [0, 90, 0],
			"translation": [2.0869, 0.6956, -2.782],
			"scale": [0.6, 0.6, 0.6]
		},
		"thirdperson_lefthand": {
			"rotation": [0, -90, 0],
			"translation": [-2.086, 0.6956, -2.782],
			"scale": [0.6, 0.6, 0.6]
		},
		"firstperson_righthand": {
			"rotation": [0, 90, 0],
			"translation": [2.0869, 2.0869, -6.26]
		},
		"firstperson_lefthand": {
			"rotation": [0, -90, 0],
			"translation": [2.0869, 2.0869, -6.26]
		},
		"ground": {
			"rotation": [-90, 0, 0]
		},
		"gui": {
			"rotation": [20, -142, 33],
			"translation": [-2.086, 1.3913, 0],
			"scale": [0.7, 0.7, 0.7]
		},
		"head": {
			"rotation": [0, 180, 0],
			"translation": [0, 1.25, -2.75],
			"scale": [0.8, 0.8, 0.8]
		}
	}
}