{
	"credit": "Made with Blockbench",
	"texture_size": [32, 32],
	"textures": {
		"0": "item/radgamersniper",
		"particle": "item/radgamersniper"
	},
	"elements": [
		{
			"from": [7, 5, -2],
			"to": [9, 6, 3],
			"rotation": {"angle": 0, "axis": "y", "origin": [8.75, 7.25, 8.75]},
			"faces": {
				"north": {"uv": [6.5, 12.5, 7.5, 13], "texture": "#0"},
				"east": {"uv": [11, 4, 13.5, 4.5], "texture": "#0"},
				"south": {"uv": [7.5, 12.5, 8.5, 13], "texture": "#0"},
				"west": {"uv": [11, 4.5, 13.5, 5], "texture": "#0"},
				"up": {"uv": [7, 12.5, 6, 10], "texture": "#0"},
				"down": {"uv": [8, 10, 7, 12.5], "texture": "#0"}
			}
		},
		{
			"from": [7, 9, 5],
			"to": [9, 11, 15],
			"rotation": {"angle": 0, "axis": "y", "origin": [8.75, 7.25, 8.75]},
			"faces": {
				"north": {"uv": [11.5, 1, 12.5, 2], "texture": "#0"},
				"east": {"uv": [2, 2, 7, 3], "texture": "#0"},
				"south": {"uv": [11.5, 5, 12.5, 6], "texture": "#0"},
				"west": {"uv": [2, 3, 7, 4], "texture": "#0"},
				"up": {"uv": [3, 9, 2, 4], "texture": "#0"},
				"down": {"uv": [4, 4, 3, 9], "texture": "#0"}
			}
		},
		{
			"from": [7, 8, 7.5],
			"to": [9, 9, 8.5],
			"rotation": {"angle": 0, "axis": "y", "origin": [8.75, 7.25, 8.75]},
			"faces": {
				"north": {"uv": [8.5, 12.5, 9.5, 13], "texture": "#0"},
				"east": {"uv": [9.5, 12.5, 10, 13], "texture": "#0"},
				"south": {"uv": [0, 13, 1, 13.5], "texture": "#0"},
				"west": {"uv": [13, 7, 13.5, 7.5], "texture": "#0"},
				"up": {"uv": [2, 13.5, 1, 13], "texture": "#0"},
				"down": {"uv": [3, 13, 2, 13.5], "texture": "#0"}
			}
		},
		{
			"from": [7, 8, 11.5],
			"to": [9, 9, 12.5],
			"rotation": {"angle": 0, "axis": "y", "origin": [8.75, 7.25, 8.75]},
			"faces": {
				"north": {"uv": [13, 2, 14, 2.5], "texture": "#0"},
				"east": {"uv": [7.5, 13, 8, 13.5], "texture": "#0"},
				"south": {"uv": [13, 2.5, 14, 3], "texture": "#0"},
				"west": {"uv": [13, 7.5, 13.5, 8], "texture": "#0"},
				"up": {"uv": [4, 13.5, 3, 13], "texture": "#0"},
				"down": {"uv": [14, 3, 13, 3.5], "texture": "#0"}
			}
		},
		{
			"from": [7.5, 11, 9.5],
			"to": [8.5, 12, 10.5],
			"rotation": {"angle": 0, "axis": "y", "origin": [8.75, 7.25, 8.75]},
			"faces": {
				"north": {"uv": [8, 13, 8.5, 13.5], "texture": "#0"},
				"east": {"uv": [13, 8, 13.5, 8.5], "texture": "#0"},
				"south": {"uv": [8.5, 13, 9, 13.5], "texture": "#0"},
				"west": {"uv": [13, 8.5, 13.5, 9], "texture": "#0"},
				"up": {"uv": [9.5, 13.5, 9, 13], "texture": "#0"},
				"down": {"uv": [13.5, 9, 13, 9.5], "texture": "#0"}
			}
		},
		{
			"from": [9, 9.5, 9.5],
			"to": [10, 10.5, 10.5],
			"rotation": {"angle": 0, "axis": "y", "origin": [8.75, 7.25, 8.75]},
			"faces": {
				"north": {"uv": [9.5, 13, 10, 13.5], "texture": "#0"},
				"east": {"uv": [13, 9.5, 13.5, 10], "texture": "#0"},
				"south": {"uv": [10, 13, 10.5, 13.5], "texture": "#0"},
				"west": {"uv": [10.5, 13, 11, 13.5], "texture": "#0"},
				"up": {"uv": [13.5, 11.5, 13, 11], "texture": "#0"},
				"down": {"uv": [13.5, 11.5, 13, 12], "texture": "#0"}
			}
		},
		{
			"from": [7, 6, -4],
			"to": [9, 8, 14],
			"rotation": {"angle": 0, "axis": "y", "origin": [8.75, 7.25, 8.75]},
			"faces": {
				"north": {"uv": [8, 5, 9, 6], "texture": "#0"},
				"east": {"uv": [0, 0, 9, 1], "texture": "#0"},
				"south": {"uv": [11.5, 0, 12.5, 1], "texture": "#0"},
				"west": {"uv": [0, 1, 9, 2], "texture": "#0"},
				"up": {"uv": [1, 11, 0, 2], "texture": "#0"},
				"down": {"uv": [2, 2, 1, 11], "texture": "#0"}
			}
		},
		{
			"from": [7.5, 6.5, -5],
			"to": [8.5, 7.5, -4],
			"rotation": {"angle": 0, "axis": "y", "origin": [8.75, 7.25, 8.75]},
			"faces": {
				"north": {"uv": [12, 13, 12.5, 13.5], "texture": "#0"},
				"east": {"uv": [13, 12, 13.5, 12.5], "texture": "#0"},
				"south": {"uv": [12.5, 13, 13, 13.5], "texture": "#0"},
				"west": {"uv": [13, 12.5, 13.5, 13], "texture": "#0"},
				"up": {"uv": [13.5, 13.5, 13, 13], "texture": "#0"},
				"down": {"uv": [0.5, 13.5, 0, 14], "texture": "#0"}
			}
		},
		{
			"from": [7, 6, -11],
			"to": [9, 8, -5],
			"rotation": {"angle": 0, "axis": "y", "origin": [8.75, 7.25, 8.75]},
			"faces": {
				"north": {"uv": [11.5, 6, 12.5, 7], "texture": "#0"},
				"east": {"uv": [6, 6, 9, 7], "texture": "#0"},
				"south": {"uv": [2, 12, 3, 13], "texture": "#0"},
				"west": {"uv": [7, 2, 10, 3], "texture": "#0"},
				"up": {"uv": [7, 10, 6, 7], "texture": "#0"},
				"down": {"uv": [8, 7, 7, 10], "texture": "#0"}
			}
		},
		{
			"from": [7, 4, 6],
			"to": [9, 6, 14],
			"rotation": {"angle": 0, "axis": "y", "origin": [8.75, 7.25, 8.75]},
			"faces": {
				"north": {"uv": [12, 2, 13, 3], "texture": "#0"},
				"east": {"uv": [4, 4, 8, 5], "texture": "#0"},
				"south": {"uv": [3, 12, 4, 13], "texture": "#0"},
				"west": {"uv": [4, 5, 8, 6], "texture": "#0"},
				"up": {"uv": [5, 10, 4, 6], "texture": "#0"},
				"down": {"uv": [6, 6, 5, 10], "texture": "#0"}
			}
		},
		{
			"from": [7, 3, 9],
			"to": [9, 4, 14],
			"rotation": {"angle": 0, "axis": "y", "origin": [8.75, 7.25, 8.75]},
			"faces": {
				"north": {"uv": [13, 3.5, 14, 4], "texture": "#0"},
				"east": {"uv": [11, 10, 13.5, 10.5], "texture": "#0"},
				"south": {"uv": [4, 13, 5, 13.5], "texture": "#0"},
				"west": {"uv": [11, 10.5, 13.5, 11], "texture": "#0"},
				"up": {"uv": [11, 9.5, 10, 7], "texture": "#0"},
				"down": {"uv": [9, 10, 8, 12.5], "texture": "#0"}
			}
		},
		{
			"from": [7.5, 4, 14.5],
			"to": [8.5, 5, 15.5],
			"rotation": {"angle": 0, "axis": "y", "origin": [8.75, 7.25, 8.75]},
			"faces": {
				"north": {"uv": [13.5, 0, 14, 0.5], "texture": "#0"},
				"east": {"uv": [0.5, 13.5, 1, 14], "texture": "#0"},
				"south": {"uv": [13.5, 0.5, 14, 1], "texture": "#0"},
				"west": {"uv": [1, 13.5, 1.5, 14], "texture": "#0"},
				"up": {"uv": [2, 14, 1.5, 13.5], "texture": "#0"},
				"down": {"uv": [2.5, 13.5, 2, 14], "texture": "#0"}
			}
		},
		{
			"from": [7, 1, 16],
			"to": [9, 5, 18],
			"rotation": {"angle": 0, "axis": "y", "origin": [8.75, 7.25, 8.75]},
			"faces": {
				"north": {"uv": [10, 2, 11, 4], "texture": "#0"},
				"east": {"uv": [10.5, 0, 11.5, 2], "texture": "#0"},
				"south": {"uv": [10.5, 5, 11.5, 7], "texture": "#0"},
				"west": {"uv": [0, 11, 1, 13], "texture": "#0"},
				"up": {"uv": [13, 4, 12, 3], "texture": "#0"},
				"down": {"uv": [13, 7, 12, 8], "texture": "#0"}
			}
		},
		{
			"from": [7, 5, 14],
			"to": [9, 7, 20],
			"rotation": {"angle": 0, "axis": "y", "origin": [8.75, 7.25, 8.75]},
			"faces": {
				"north": {"uv": [12, 8, 13, 9], "texture": "#0"},
				"east": {"uv": [7, 3, 10, 4], "texture": "#0"},
				"south": {"uv": [12, 9, 13, 10], "texture": "#0"},
				"west": {"uv": [8, 4, 11, 5], "texture": "#0"},
				"up": {"uv": [9, 10, 8, 7], "texture": "#0"},
				"down": {"uv": [3, 9, 2, 12], "texture": "#0"}
			}
		},
		{
			"from": [7, 2.5, 14],
			"to": [9, 3.5, 16],
			"rotation": {"angle": 0, "axis": "y", "origin": [8.75, 7.25, 8.75]},
			"faces": {
				"north": {"uv": [5, 13, 6, 13.5], "texture": "#0"},
				"east": {"uv": [13, 5, 14, 5.5], "texture": "#0"},
				"south": {"uv": [13, 5.5, 14, 6], "texture": "#0"},
				"west": {"uv": [13, 6, 14, 6.5], "texture": "#0"},
				"up": {"uv": [11, 13, 10, 12], "texture": "#0"},
				"down": {"uv": [13, 11, 12, 12], "texture": "#0"}
			}
		},
		{
			"from": [7, 4, 20],
			"to": [9, 8, 23],
			"rotation": {"angle": 0, "axis": "y", "origin": [8.75, 7.25, 8.75]},
			"faces": {
				"north": {"uv": [1, 11, 2, 13], "texture": "#0"},
				"east": {"uv": [9, 0, 10.5, 2], "texture": "#0"},
				"south": {"uv": [11, 2, 12, 4], "texture": "#0"},
				"west": {"uv": [9, 5, 10.5, 7], "texture": "#0"},
				"up": {"uv": [12, 8.5, 11, 7], "texture": "#0"},
				"down": {"uv": [12, 8.5, 11, 10], "texture": "#0"}
			}
		},
		{
			"from": [7, 2, 23],
			"to": [9, 8, 25],
			"rotation": {"angle": 0, "axis": "y", "origin": [8.75, 7.25, 8.75]},
			"faces": {
				"north": {"uv": [3, 9, 4, 12], "texture": "#0"},
				"east": {"uv": [9, 7, 10, 10], "texture": "#0"},
				"south": {"uv": [4, 10, 5, 13], "texture": "#0"},
				"west": {"uv": [5, 10, 6, 13], "texture": "#0"},
				"up": {"uv": [13, 13, 12, 12], "texture": "#0"},
				"down": {"uv": [13.5, 0, 12.5, 1], "texture": "#0"}
			}
		},
		{
			"from": [7, 2.5, 25],
			"to": [9, 7.5, 26],
			"rotation": {"angle": 0, "axis": "y", "origin": [8.75, 7.25, 8.75]},
			"faces": {
				"north": {"uv": [9, 10, 10, 12.5], "texture": "#0"},
				"east": {"uv": [11, 11, 11.5, 13.5], "texture": "#0"},
				"south": {"uv": [10, 9.5, 11, 12], "texture": "#0"},
				"west": {"uv": [11.5, 11, 12, 13.5], "texture": "#0"},
				"up": {"uv": [7.5, 13.5, 6.5, 13], "texture": "#0"},
				"down": {"uv": [14, 6.5, 13, 7], "texture": "#0"}
			}
		},
		{
			"from": [9, 6, 14],
			"to": [10, 7, 15],
			"rotation": {"angle": 0, "axis": "y", "origin": [8.75, 7.25, 8.75]},
			"faces": {
				"north": {"uv": [2.5, 13.5, 3, 14], "texture": "#0"},
				"east": {"uv": [3, 13.5, 3.5, 14], "texture": "#0"},
				"south": {"uv": [3.5, 13.5, 4, 14], "texture": "#0"},
				"west": {"uv": [4, 13.5, 4.5, 14], "texture": "#0"},
				"up": {"uv": [14, 4.5, 13.5, 4], "texture": "#0"},
				"down": {"uv": [5, 13.5, 4.5, 14], "texture": "#0"}
			}
		},
		{
			"from": [7.5, 7, 14],
			"to": [8.5, 8, 18],
			"rotation": {"angle": 0, "axis": "y", "origin": [8.75, 7.25, 8.75]},
			"faces": {
				"north": {"uv": [13.5, 4.5, 14, 5], "texture": "#0"},
				"east": {"uv": [12.5, 1, 14.5, 1.5], "texture": "#0"},
				"south": {"uv": [5, 13.5, 5.5, 14], "texture": "#0"},
				"west": {"uv": [12.5, 1.5, 14.5, 2], "texture": "#0"},
				"up": {"uv": [13, 7, 12.5, 5], "texture": "#0"},
				"down": {"uv": [6.5, 12.5, 6, 14.5], "texture": "#0"}
			}
		}
	],
	"overrides": [
		{"predicate": {"pulling": 1}, "model": "item/crossbow_pulling_0"},
		{"predicate": {"pulling": 1, "pull": 0.58}, "model": "item/crossbow_pulling_1"},
		{"predicate": {"pulling": 1, "pull": 1}, "model": "item/crossbow_pulling_2"},
		{"predicate": {"charged": 1}, "model": "item/crossbow_arrow"},
		{"predicate": {"charged": 1, "firework": 1}, "model": "item/crossbow_firework"}
	],
	"display": {
		"thirdperson_righthand": {
			"translation": [0.25, 1.6, -5.5],
			"scale": [0.6, 0.6, 0.6]
		},
		"thirdperson_lefthand": {
			"translation": [0.25, 1.6, -5.5],
			"scale": [0.6, 0.6, 0.6]
		},
		"firstperson_righthand": {
			"translation": [-1, 4, -1.75],
			"scale": [0.68195, 0.68, 0.68]
		},
		"firstperson_lefthand": {
			"translation": [-1, 4, -1.75],
			"scale": [0.68195, 0.68, 0.68]
		},
		"ground": {
			"rotation": [0, 0, 90],
			"translation": [-1, -1, 0],
			"scale": [0.7, 0.7, 0.7]
		},
		"gui": {
			"rotation": [41, 122.5, 0],
			"scale": [0.8, 0.8, 0.8]
		},
		"head": {
			"rotation": [0, 90, 0],
			"translation": [-0.75, 3.25, 0]
		},
		"fixed": {
			"rotation": [0, 90, 0],
			"translation": [0, 1, -1.5],
			"scale": [1.5, 1.5, 1.5]
		}
	}
}