{
	"credit": "Designed by Sgeorge1970 with Cubik Studio - https://cubik.studio",
	"textures": {
		"texture": "colors/gray - 5fifth",
		"texture2": "blocks/anvil_base",
		"texture1": "blocks/iron_block",
		"texture3": "colors/drob"
	},
	"elements": [
		{
			"name": "Box1",
			"from": [-15.5, 7, 4.5],
			"to": [-7, 9, 6.5],
			"faces": {
				"north": {"uv": [7, 7, 15.5, 9], "texture": "#texture2"},
				"east": {"uv": [9.5, 7, 11.5, 9], "texture": "#texture2"},
				"south": {"uv": [0.5, 7, 9, 9], "texture": "#texture2"},
				"west": {"uv": [4.5, 7, 6.5, 9], "texture": "#texture2"},
				"up": {"uv": [0.5, 4.5, 9, 6.5], "texture": "#texture2"},
				"down": {"uv": [0.5, 9.5, 9, 11.5], "texture": "#texture2"}
			}
		},
		{
			"name": "Box2",
			"from": [-7, 6, 3.5],
			"to": [3, 9.5, 7.5],
			"faces": {
				"north": {"uv": [2, 6.5, 12, 10], "texture": "#texture2"},
				"east": {"uv": [8.5, 6.5, 12.5, 10], "texture": "#texture2"},
				"south": {"uv": [4, 6.5, 14, 10], "texture": "#texture2"},
				"west": {"uv": [3.5, 6.5, 7.5, 10], "texture": "#texture2"},
				"up": {"uv": [4, 3.5, 14, 7.5], "texture": "#texture2"},
				"down": {"uv": [4, 8.5, 14, 12.5], "texture": "#texture2"}
			}
		},
		{
			"name": "Box3",
			"from": [-8, 9, 4.5],
			"to": [-7, 11, 6.5],
			"faces": {
				"north": {"uv": [12, 5, 13, 8], "texture": "#texture2"},
				"east": {"uv": [9.5, 5, 11.5, 8], "texture": "#texture2"},
				"south": {"uv": [3, 5, 4, 8], "texture": "#texture2"},
				"west": {"uv": [4.5, 5, 6.5, 8], "texture": "#texture2"},
				"up": {"uv": [3, 4.5, 4, 6.5], "texture": "#texture2"},
				"down": {"uv": [3, 9.5, 4, 11.5], "texture": "#texture2"}
			}
		},
		{
			"name": "Box7",
			"from": [-6.5, 6.5, 7.5],
			"to": [2.5, 9, 8],
			"faces": {
				"north": {"uv": [2.5, 7, 11.5, 9.5], "texture": "#texture2"},
				"east": {"uv": [8, 7, 8.5, 9.5], "texture": "#texture2"},
				"south": {"uv": [4.5, 7, 13.5, 9.5], "texture": "#texture2"},
				"west": {"uv": [7.5, 7, 8, 9.5], "texture": "#texture2"},
				"up": {"uv": [4.5, 7.5, 13.5, 8], "texture": "#texture2"},
				"down": {"uv": [4.5, 8, 13.5, 8.5], "texture": "#texture2"}
			}
		},
		{
			"name": "Box8",
			"from": [-6.5, 7, 8],
			"to": [2.5, 8.5, 8.5],
			"faces": {
				"north": {"uv": [2.5, 7.5, 11.5, 9], "texture": "#texture"},
				"east": {"uv": [7.5, 7.5, 8, 9], "texture": "#texture"},
				"south": {"uv": [4.5, 7.5, 13.5, 9], "texture": "#texture"},
				"west": {"uv": [8, 7.5, 8.5, 9], "texture": "#texture"},
				"up": {"uv": [4.5, 8, 13.5, 8.5], "texture": "#texture"},
				"down": {"uv": [4.5, 7.5, 13.5, 8], "texture": "#texture"}
			}
		},
		{
			"name": "Box7",
			"from": [-6.5, 6.5, 3],
			"to": [2.5, 9, 3.5],
			"faces": {
				"north": {"uv": [2.5, 7, 11.5, 9.5], "texture": "#texture2"},
				"east": {"uv": [8, 7, 8.5, 9.5], "texture": "#texture2"},
				"south": {"uv": [4.5, 7, 13.5, 9.5], "texture": "#texture2"},
				"west": {"uv": [7.5, 7, 8, 9.5], "texture": "#texture2"},
				"up": {"uv": [4.5, 7.5, 13.5, 8], "texture": "#texture2"},
				"down": {"uv": [4.5, 8, 13.5, 8.5], "texture": "#texture2"}
			}
		},
		{
			"name": "Box8",
			"from": [-6, 7, 2.5],
			"to": [2, 8.5, 3],
			"faces": {
				"north": {"uv": [3, 7.5, 11, 9], "texture": "#texture"},
				"east": {"uv": [7.5, 7.5, 8, 9], "texture": "#texture"},
				"south": {"uv": [5, 7.5, 13, 9], "texture": "#texture"},
				"west": {"uv": [8, 7.5, 8.5, 9], "texture": "#texture"},
				"up": {"uv": [5, 8, 13, 8.5], "texture": "#texture"},
				"down": {"uv": [5, 7.5, 13, 8], "texture": "#texture"}
			}
		},
		{
			"name": "Box11",
			"from": [-5.5, 8.5, 8],
			"to": [-5, 9, 8.5],
			"faces": {
				"north": {"uv": [10, 7, 10.5, 7.5], "texture": "#texture"},
				"east": {"uv": [7.5, 7, 8, 7.5], "texture": "#texture"},
				"south": {"uv": [5.5, 7, 6, 7.5], "texture": "#texture"},
				"west": {"uv": [8, 7, 8.5, 7.5], "texture": "#texture"},
				"up": {"uv": [5.5, 8, 6, 8.5], "texture": "#texture"},
				"down": {"uv": [5.5, 7.5, 6, 8], "texture": "#texture"}
			}
		},
		{
			"name": "Box11",
			"from": [-4.5, 8.5, 8],
			"to": [-4, 9, 8.5],
			"faces": {
				"north": {"uv": [9, 7, 9.5, 7.5], "texture": "#texture"},
				"east": {"uv": [7.5, 7, 8, 7.5], "texture": "#texture"},
				"south": {"uv": [6.5, 7, 7, 7.5], "texture": "#texture"},
				"west": {"uv": [8, 7, 8.5, 7.5], "texture": "#texture"},
				"up": {"uv": [6.5, 8, 7, 8.5], "texture": "#texture"},
				"down": {"uv": [6.5, 7.5, 7, 8], "texture": "#texture"}
			}
		},
		{
			"name": "Box11",
			"from": [-3.5, 8.5, 8],
			"to": [-3, 9, 8.5],
			"faces": {
				"north": {"uv": [8, 7, 8.5, 7.5], "texture": "#texture"},
				"east": {"uv": [7.5, 7, 8, 7.5], "texture": "#texture"},
				"south": {"uv": [7.5, 7, 8, 7.5], "texture": "#texture"},
				"west": {"uv": [8, 7, 8.5, 7.5], "texture": "#texture"},
				"up": {"uv": [7.5, 8, 8, 8.5], "texture": "#texture"},
				"down": {"uv": [7.5, 7.5, 8, 8], "texture": "#texture"}
			}
		},
		{
			"name": "Box11",
			"from": [-2.5, 8.5, 8],
			"to": [-2, 9, 8.5],
			"faces": {
				"north": {"uv": [7, 7, 7.5, 7.5], "texture": "#texture"},
				"east": {"uv": [7.5, 7, 8, 7.5], "texture": "#texture"},
				"south": {"uv": [8.5, 7, 9, 7.5], "texture": "#texture"},
				"west": {"uv": [8, 7, 8.5, 7.5], "texture": "#texture"},
				"up": {"uv": [8.5, 8, 9, 8.5], "texture": "#texture"},
				"down": {"uv": [8.5, 7.5, 9, 8], "texture": "#texture"}
			}
		},
		{
			"name": "Box11",
			"from": [-1.5, 8.5, 8],
			"to": [-1, 9, 8.5],
			"faces": {
				"north": {"uv": [6, 7, 6.5, 7.5], "texture": "#texture"},
				"east": {"uv": [7.5, 7, 8, 7.5], "texture": "#texture"},
				"south": {"uv": [9.5, 7, 10, 7.5], "texture": "#texture"},
				"west": {"uv": [8, 7, 8.5, 7.5], "texture": "#texture"},
				"up": {"uv": [9.5, 8, 10, 8.5], "texture": "#texture"},
				"down": {"uv": [9.5, 7.5, 10, 8], "texture": "#texture"}
			}
		},
		{
			"name": "Box11",
			"from": [-0.5, 8.5, 8],
			"to": [0, 9, 8.5],
			"faces": {
				"north": {"uv": [5, 7, 5.5, 7.5], "texture": "#texture"},
				"east": {"uv": [7.5, 7, 8, 7.5], "texture": "#texture"},
				"south": {"uv": [10.5, 7, 11, 7.5], "texture": "#texture"},
				"west": {"uv": [8, 7, 8.5, 7.5], "texture": "#texture"},
				"up": {"uv": [10.5, 8, 11, 8.5], "texture": "#texture"},
				"down": {"uv": [10.5, 7.5, 11, 8], "texture": "#texture"}
			}
		},
		{
			"name": "Box11",
			"from": [0.5, 8.5, 8],
			"to": [1, 9, 8.5],
			"faces": {
				"north": {"uv": [4, 7, 4.5, 7.5], "texture": "#texture"},
				"east": {"uv": [7.5, 7, 8, 7.5], "texture": "#texture"},
				"south": {"uv": [11.5, 7, 12, 7.5], "texture": "#texture"},
				"west": {"uv": [8, 7, 8.5, 7.5], "texture": "#texture"},
				"up": {"uv": [11.5, 8, 12, 8.5], "texture": "#texture"},
				"down": {"uv": [11.5, 7.5, 12, 8], "texture": "#texture"}
			}
		},
		{
			"name": "Box11",
			"from": [0.5, 6.5, 8],
			"to": [1, 7, 8.5],
			"faces": {
				"north": {"uv": [4, 9, 4.5, 9.5], "texture": "#texture"},
				"east": {"uv": [7.5, 9, 8, 9.5], "texture": "#texture"},
				"south": {"uv": [11.5, 9, 12, 9.5], "texture": "#texture"},
				"west": {"uv": [8, 9, 8.5, 9.5], "texture": "#texture"},
				"up": {"uv": [11.5, 8, 12, 8.5], "texture": "#texture"},
				"down": {"uv": [11.5, 7.5, 12, 8], "texture": "#texture"}
			}
		},
		{
			"name": "Box11",
			"from": [-0.5, 6.5, 8],
			"to": [0, 7, 8.5],
			"faces": {
				"north": {"uv": [5, 9, 5.5, 9.5], "texture": "#texture"},
				"east": {"uv": [7.5, 9, 8, 9.5], "texture": "#texture"},
				"south": {"uv": [10.5, 9, 11, 9.5], "texture": "#texture"},
				"west": {"uv": [8, 9, 8.5, 9.5], "texture": "#texture"},
				"up": {"uv": [10.5, 8, 11, 8.5], "texture": "#texture"},
				"down": {"uv": [10.5, 7.5, 11, 8], "texture": "#texture"}
			}
		},
		{
			"name": "Box11",
			"from": [-1.5, 6.5, 8],
			"to": [-1, 7, 8.5],
			"faces": {
				"north": {"uv": [6, 9, 6.5, 9.5], "texture": "#texture"},
				"east": {"uv": [7.5, 9, 8, 9.5], "texture": "#texture"},
				"south": {"uv": [9.5, 9, 10, 9.5], "texture": "#texture"},
				"west": {"uv": [8, 9, 8.5, 9.5], "texture": "#texture"},
				"up": {"uv": [9.5, 8, 10, 8.5], "texture": "#texture"},
				"down": {"uv": [9.5, 7.5, 10, 8], "texture": "#texture"}
			}
		},
		{
			"name": "Box11",
			"from": [-2.5, 6.5, 8],
			"to": [-2, 7, 8.5],
			"faces": {
				"north": {"uv": [7, 9, 7.5, 9.5], "texture": "#texture"},
				"east": {"uv": [7.5, 9, 8, 9.5], "texture": "#texture"},
				"south": {"uv": [8.5, 9, 9, 9.5], "texture": "#texture"},
				"west": {"uv": [8, 9, 8.5, 9.5], "texture": "#texture"},
				"up": {"uv": [8.5, 8, 9, 8.5], "texture": "#texture"},
				"down": {"uv": [8.5, 7.5, 9, 8], "texture": "#texture"}
			}
		},
		{
			"name": "Box11",
			"from": [-3.5, 6.5, 8],
			"to": [-3, 7, 8.5],
			"faces": {
				"north": {"uv": [8, 9, 8.5, 9.5], "texture": "#texture"},
				"east": {"uv": [7.5, 9, 8, 9.5], "texture": "#texture"},
				"south": {"uv": [7.5, 9, 8, 9.5], "texture": "#texture"},
				"west": {"uv": [8, 9, 8.5, 9.5], "texture": "#texture"},
				"up": {"uv": [7.5, 8, 8, 8.5], "texture": "#texture"},
				"down": {"uv": [7.5, 7.5, 8, 8], "texture": "#texture"}
			}
		},
		{
			"name": "Box11",
			"from": [-4.5, 6.5, 8],
			"to": [-4, 7, 8.5],
			"faces": {
				"north": {"uv": [9, 9, 9.5, 9.5], "texture": "#texture"},
				"east": {"uv": [7.5, 9, 8, 9.5], "texture": "#texture"},
				"south": {"uv": [6.5, 9, 7, 9.5], "texture": "#texture"},
				"west": {"uv": [8, 9, 8.5, 9.5], "texture": "#texture"},
				"up": {"uv": [6.5, 8, 7, 8.5], "texture": "#texture"},
				"down": {"uv": [6.5, 7.5, 7, 8], "texture": "#texture"}
			}
		},
		{
			"name": "Box11",
			"from": [-5.5, 6.5, 8],
			"to": [-5, 7, 8.5],
			"faces": {
				"north": {"uv": [10, 9, 10.5, 9.5], "texture": "#texture"},
				"east": {"uv": [7.5, 9, 8, 9.5], "texture": "#texture"},
				"south": {"uv": [5.5, 9, 6, 9.5], "texture": "#texture"},
				"west": {"uv": [8, 9, 8.5, 9.5], "texture": "#texture"},
				"up": {"uv": [5.5, 8, 6, 8.5], "texture": "#texture"},
				"down": {"uv": [5.5, 7.5, 6, 8], "texture": "#texture"}
			}
		},
		{
			"name": "Box11",
			"from": [-5.5, 8.5, 2.5],
			"to": [-5, 9, 3],
			"faces": {
				"north": {"uv": [10, 7, 10.5, 7.5], "texture": "#texture"},
				"east": {"uv": [7.5, 7, 8, 7.5], "texture": "#texture"},
				"south": {"uv": [5.5, 7, 6, 7.5], "texture": "#texture"},
				"west": {"uv": [8, 7, 8.5, 7.5], "texture": "#texture"},
				"up": {"uv": [5.5, 8, 6, 8.5], "texture": "#texture"},
				"down": {"uv": [5.5, 7.5, 6, 8], "texture": "#texture"}
			}
		},
		{
			"name": "Box11",
			"from": [-4.5, 8.5, 2.5],
			"to": [-4, 9, 3],
			"faces": {
				"north": {"uv": [10, 7, 10.5, 7.5], "texture": "#texture"},
				"east": {"uv": [7.5, 7, 8, 7.5], "texture": "#texture"},
				"south": {"uv": [5.5, 7, 6, 7.5], "texture": "#texture"},
				"west": {"uv": [8, 7, 8.5, 7.5], "texture": "#texture"},
				"up": {"uv": [5.5, 8, 6, 8.5], "texture": "#texture"},
				"down": {"uv": [5.5, 7.5, 6, 8], "texture": "#texture"}
			}
		},
		{
			"name": "Box11",
			"from": [-3.5, 8.5, 2.5],
			"to": [-3, 9, 3],
			"faces": {
				"north": {"uv": [10, 7, 10.5, 7.5], "texture": "#texture"},
				"east": {"uv": [7.5, 7, 8, 7.5], "texture": "#texture"},
				"south": {"uv": [5.5, 7, 6, 7.5], "texture": "#texture"},
				"west": {"uv": [8, 7, 8.5, 7.5], "texture": "#texture"},
				"up": {"uv": [5.5, 8, 6, 8.5], "texture": "#texture"},
				"down": {"uv": [5.5, 7.5, 6, 8], "texture": "#texture"}
			}
		},
		{
			"name": "Box11",
			"from": [-2.5, 8.5, 2.5],
			"to": [-2, 9, 3],
			"faces": {
				"north": {"uv": [10, 7, 10.5, 7.5], "texture": "#texture"},
				"east": {"uv": [7.5, 7, 8, 7.5], "texture": "#texture"},
				"south": {"uv": [5.5, 7, 6, 7.5], "texture": "#texture"},
				"west": {"uv": [8, 7, 8.5, 7.5], "texture": "#texture"},
				"up": {"uv": [5.5, 8, 6, 8.5], "texture": "#texture"},
				"down": {"uv": [5.5, 7.5, 6, 8], "texture": "#texture"}
			}
		},
		{
			"name": "Box11",
			"from": [-1.5, 8.5, 2.5],
			"to": [-1, 9, 3],
			"faces": {
				"north": {"uv": [10, 7, 10.5, 7.5], "texture": "#texture"},
				"east": {"uv": [7.5, 7, 8, 7.5], "texture": "#texture"},
				"south": {"uv": [5.5, 7, 6, 7.5], "texture": "#texture"},
				"west": {"uv": [8, 7, 8.5, 7.5], "texture": "#texture"},
				"up": {"uv": [5.5, 8, 6, 8.5], "texture": "#texture"},
				"down": {"uv": [5.5, 7.5, 6, 8], "texture": "#texture"}
			}
		},
		{
			"name": "Box11",
			"from": [-0.5, 8.5, 2.5],
			"to": [0, 9, 3],
			"faces": {
				"north": {"uv": [10, 7, 10.5, 7.5], "texture": "#texture"},
				"east": {"uv": [7.5, 7, 8, 7.5], "texture": "#texture"},
				"south": {"uv": [5.5, 7, 6, 7.5], "texture": "#texture"},
				"west": {"uv": [8, 7, 8.5, 7.5], "texture": "#texture"},
				"up": {"uv": [5.5, 8, 6, 8.5], "texture": "#texture"},
				"down": {"uv": [5.5, 7.5, 6, 8], "texture": "#texture"}
			}
		},
		{
			"name": "Box11",
			"from": [0.5, 8.5, 2.5],
			"to": [1, 9, 3],
			"faces": {
				"north": {"uv": [10, 7, 10.5, 7.5], "texture": "#texture"},
				"east": {"uv": [7.5, 7, 8, 7.5], "texture": "#texture"},
				"south": {"uv": [5.5, 7, 6, 7.5], "texture": "#texture"},
				"west": {"uv": [8, 7, 8.5, 7.5], "texture": "#texture"},
				"up": {"uv": [5.5, 8, 6, 8.5], "texture": "#texture"},
				"down": {"uv": [5.5, 7.5, 6, 8], "texture": "#texture"}
			}
		},
		{
			"name": "Box11",
			"from": [0.5, 6.5, 2.5],
			"to": [1, 7, 3],
			"faces": {
				"north": {"uv": [10, 7, 10.5, 7.5], "texture": "#texture"},
				"east": {"uv": [7.5, 7, 8, 7.5], "texture": "#texture"},
				"south": {"uv": [5.5, 7, 6, 7.5], "texture": "#texture"},
				"west": {"uv": [8, 7, 8.5, 7.5], "texture": "#texture"},
				"up": {"uv": [5.5, 8, 6, 8.5], "texture": "#texture"},
				"down": {"uv": [5.5, 7.5, 6, 8], "texture": "#texture"}
			}
		},
		{
			"name": "Box11",
			"from": [-0.5, 6.5, 2.5],
			"to": [0, 7, 3],
			"faces": {
				"north": {"uv": [10, 7, 10.5, 7.5], "texture": "#texture"},
				"east": {"uv": [7.5, 7, 8, 7.5], "texture": "#texture"},
				"south": {"uv": [5.5, 7, 6, 7.5], "texture": "#texture"},
				"west": {"uv": [8, 7, 8.5, 7.5], "texture": "#texture"},
				"up": {"uv": [5.5, 8, 6, 8.5], "texture": "#texture"},
				"down": {"uv": [5.5, 7.5, 6, 8], "texture": "#texture"}
			}
		},
		{
			"name": "Box11",
			"from": [-1.5, 6.5, 2.5],
			"to": [-1, 7, 3],
			"faces": {
				"north": {"uv": [10, 7, 10.5, 7.5], "texture": "#texture"},
				"east": {"uv": [7.5, 7, 8, 7.5], "texture": "#texture"},
				"south": {"uv": [5.5, 7, 6, 7.5], "texture": "#texture"},
				"west": {"uv": [8, 7, 8.5, 7.5], "texture": "#texture"},
				"up": {"uv": [5.5, 8, 6, 8.5], "texture": "#texture"},
				"down": {"uv": [5.5, 7.5, 6, 8], "texture": "#texture"}
			}
		},
		{
			"name": "Box11",
			"from": [-2.5, 6.5, 2.5],
			"to": [-2, 7, 3],
			"faces": {
				"north": {"uv": [10, 7, 10.5, 7.5], "texture": "#texture"},
				"east": {"uv": [7.5, 7, 8, 7.5], "texture": "#texture"},
				"south": {"uv": [5.5, 7, 6, 7.5], "texture": "#texture"},
				"west": {"uv": [8, 7, 8.5, 7.5], "texture": "#texture"},
				"up": {"uv": [5.5, 8, 6, 8.5], "texture": "#texture"},
				"down": {"uv": [5.5, 7.5, 6, 8], "texture": "#texture"}
			}
		},
		{
			"name": "Box11",
			"from": [-3.5, 6.5, 2.5],
			"to": [-3, 7, 3],
			"faces": {
				"north": {"uv": [10, 7, 10.5, 7.5], "texture": "#texture"},
				"east": {"uv": [7.5, 7, 8, 7.5], "texture": "#texture"},
				"south": {"uv": [5.5, 7, 6, 7.5], "texture": "#texture"},
				"west": {"uv": [8, 7, 8.5, 7.5], "texture": "#texture"},
				"up": {"uv": [5.5, 8, 6, 8.5], "texture": "#texture"},
				"down": {"uv": [5.5, 7.5, 6, 8], "texture": "#texture"}
			}
		},
		{
			"name": "Box11",
			"from": [-4.5, 6.5, 2.5],
			"to": [-4, 7, 3],
			"faces": {
				"north": {"uv": [10, 7, 10.5, 7.5], "texture": "#texture"},
				"east": {"uv": [7.5, 7, 8, 7.5], "texture": "#texture"},
				"south": {"uv": [5.5, 7, 6, 7.5], "texture": "#texture"},
				"west": {"uv": [8, 7, 8.5, 7.5], "texture": "#texture"},
				"up": {"uv": [5.5, 8, 6, 8.5], "texture": "#texture"},
				"down": {"uv": [5.5, 7.5, 6, 8], "texture": "#texture"}
			}
		},
		{
			"name": "Box11",
			"from": [-5.5, 6.5, 2.5],
			"to": [-5, 7, 3],
			"faces": {
				"north": {"uv": [10, 7, 10.5, 7.5], "texture": "#texture"},
				"east": {"uv": [7.5, 7, 8, 7.5], "texture": "#texture"},
				"south": {"uv": [5.5, 7, 6, 7.5], "texture": "#texture"},
				"west": {"uv": [8, 7, 8.5, 7.5], "texture": "#texture"},
				"up": {"uv": [5.5, 8, 6, 8.5], "texture": "#texture"},
				"down": {"uv": [5.5, 7.5, 6, 8], "texture": "#texture"}
			}
		},
		{
			"name": "Box46",
			"from": [-6.5, 9.5, 4],
			"to": [2.5, 10, 7],
			"faces": {
				"north": {"uv": [2.5, 6, 11.5, 6.5], "texture": "#texture"},
				"east": {"uv": [9, 6, 12, 6.5], "texture": "#texture"},
				"south": {"uv": [4.5, 6, 13.5, 6.5], "texture": "#texture"},
				"west": {"uv": [4, 6, 7, 6.5], "texture": "#texture"},
				"up": {"uv": [4.5, 4, 13.5, 7], "texture": "#texture"},
				"down": {"uv": [4.5, 9, 13.5, 12], "texture": "#texture"}
			}
		},
		{
			"name": "Box47",
			"from": [-6.5, 5.5, 4],
			"to": [2.5, 6, 7],
			"faces": {
				"north": {"uv": [2.5, 10, 11.5, 10.5], "texture": "#texture"},
				"east": {"uv": [9, 10, 12, 10.5], "texture": "#texture"},
				"south": {"uv": [4.5, 10, 13.5, 10.5], "texture": "#texture"},
				"west": {"uv": [4, 10, 7, 10.5], "texture": "#texture"},
				"up": {"uv": [4.5, 4, 13.5, 7], "texture": "#texture"},
				"down": {"uv": [4.5, 9, 13.5, 12], "texture": "#texture"}
			}
		},
		{
			"name": "Box48",
			"from": [3, 6.5, 4],
			"to": [3.5, 9, 7],
			"faces": {
				"north": {"uv": [1.5, 7, 2, 9.5], "texture": "#texture"},
				"east": {"uv": [9, 7, 12, 9.5], "texture": "#texture"},
				"south": {"uv": [14, 7, 14.5, 9.5], "texture": "#texture"},
				"west": {"uv": [4, 7, 7, 9.5], "texture": "#texture"},
				"up": {"uv": [14, 4, 14.5, 7], "texture": "#texture"},
				"down": {"uv": [14, 9, 14.5, 12], "texture": "#texture"}
			}
		},
		{
			"name": "Box49",
			"from": [3.5, 5.5, 3.5],
			"to": [9.5, 9.5, 7.5],
			"faces": {
				"north": {"uv": [11.5, 6.5, 16, 10.5], "texture": "#texture"},
				"east": {"uv": [8.5, 6.5, 12.5, 10.5], "texture": "#texture"},
				"south": {"uv": [0, 6.5, 4.5, 10.5], "texture": "#texture"},
				"west": {"uv": [3.5, 6.5, 7.5, 10.5], "texture": "#texture"},
				"up": {"uv": [0, 3.5, 4.5, 7.5], "texture": "#texture"},
				"down": {"uv": [0, 8.5, 4.5, 12.5], "texture": "#texture"}
			}
		},
		{
			"name": "Box50",
			"from": [9.5, 6.5, 3.5],
			"to": [15.5, 9.5, 7.5],
			"faces": {
				"north": {"uv": [5.5, 6.5, 11.5, 9.5], "texture": "#texture"},
				"east": {"uv": [8.5, 6.5, 12.5, 9.5], "texture": "#texture"},
				"south": {"uv": [4.5, 6.5, 10.5, 9.5], "texture": "#texture"},
				"west": {"uv": [3.5, 6.5, 7.5, 9.5], "texture": "#texture"},
				"up": {"uv": [4.5, 3.5, 10.5, 7.5], "texture": "#texture"},
				"down": {"uv": [4.5, 8.5, 10.5, 12.5], "texture": "#texture"}
			}
		},
		{
			"name": "Box51",
			"from": [4, 3, 3.5],
			"to": [8, 5.5, 7.5],
			"faces": {
				"north": {"uv": [13, 10.5, 16, 13], "texture": "#texture"},
				"east": {"uv": [8.5, 10.5, 12.5, 13], "texture": "#texture"},
				"south": {"uv": [0, 10.5, 3, 13], "texture": "#texture"},
				"west": {"uv": [3.5, 10.5, 7.5, 13], "texture": "#texture"},
				"up": {"uv": [0, 3.5, 3, 7.5], "texture": "#texture"},
				"down": {"uv": [0, 8.5, 3, 12.5], "texture": "#texture"}
			}
		},
		{
			"name": "Box52",
			"from": [8, 3.5, 3.5],
			"to": [9.5, 5.5, 7.5],
			"faces": {
				"north": {"uv": [11.5, 10.5, 13, 12.5], "texture": "#texture"},
				"east": {"uv": [8.5, 10.5, 12.5, 12.5], "texture": "#texture"},
				"south": {"uv": [3, 10.5, 4.5, 12.5], "texture": "#texture"},
				"west": {"uv": [3.5, 10.5, 7.5, 12.5], "texture": "#texture"},
				"up": {"uv": [3, 3.5, 4.5, 7.5], "texture": "#texture"},
				"down": {"uv": [3, 8.5, 4.5, 12.5], "texture": "#texture"}
			}
		},
		{
			"name": "Box54",
			"from": [13.5, 0.5, 4.5],
			"to": [16, 6.5, 6.5],
			"rotation": {"angle": 22.5, "axis": "z", "origin": [13.5, 0.5, 4.5]},
			"faces": {
				"north": {"uv": [5.5, 12, 7.5, 16], "texture": "#texture2"},
				"east": {"uv": [1, 12, 2, 16], "texture": "#texture2"},
				"south": {"uv": [8.5, 12, 10.5, 16], "texture": "#texture2"},
				"west": {"uv": [14, 12, 15, 16], "texture": "#texture2"},
				"up": {"uv": [8.5, 14, 10.5, 15], "texture": "#texture2"},
				"down": {"uv": [8.5, 1, 10.5, 2], "texture": "#texture2"}
			}
		},
		{
			"name": "Box55",
			"from": [9.5, 5.5, 4.5],
			"to": [13, 6.5, 6.5],
			"faces": {
				"north": {"uv": [8, 9.5, 11.5, 10.5], "texture": "#texture"},
				"east": {"uv": [9.5, 9.5, 11.5, 10.5], "texture": "#texture"},
				"south": {"uv": [4.5, 9.5, 8, 10.5], "texture": "#texture"},
				"west": {"uv": [4.5, 9.5, 6.5, 10.5], "texture": "#texture"},
				"up": {"uv": [4.5, 4.5, 8, 6.5], "texture": "#texture"},
				"down": {"uv": [4.5, 9.5, 8, 11.5], "texture": "#texture"}
			}
		},
		{
			"name": "Box56",
			"from": [8, 3, 4],
			"to": [12.5, 3.5, 7],
			"faces": {
				"north": {"uv": [8.5, 12.5, 13, 13], "texture": "#texture"},
				"east": {"uv": [9, 12.5, 12, 13], "texture": "#texture"},
				"south": {"uv": [3, 12.5, 7.5, 13], "texture": "#texture"},
				"west": {"uv": [4, 12.5, 7, 13], "texture": "#texture"},
				"up": {"uv": [3, 4, 7.5, 7], "texture": "#texture"},
				"down": {"uv": [3, 9, 7.5, 12], "texture": "#texture"}
			}
		},
		{
			"name": "Box58",
			"from": [10.5, 4.5, 5],
			"to": [11, 6, 6],
			"rotation": {"angle": -22.5, "axis": "z", "origin": [10.5, 4.5, 5]},
			"faces": {
				"north": {"uv": [1.5, 14.5, 2, 16], "texture": "#texture2"},
				"east": {"uv": [1, 14.5, 2, 16], "texture": "#texture2"},
				"south": {"uv": [14, 14.5, 14.5, 16], "texture": "#texture2"},
				"west": {"uv": [14, 14.5, 15, 16], "texture": "#texture2"},
				"up": {"uv": [14, 14, 14.5, 15], "texture": "#texture2"},
				"down": {"uv": [14, 1, 14.5, 2], "texture": "#texture2"}
			}
		},
		{
			"name": "Box59",
			"from": [3.5, 7, 7.5],
			"to": [15.5, 8.5, 8],
			"faces": {
				"north": {"uv": [5.5, 7.5, 16, 9], "texture": "#texture"},
				"east": {"uv": [8, 7.5, 8.5, 9], "texture": "#texture"},
				"south": {"uv": [0, 7.5, 10.5, 9], "texture": "#texture"},
				"west": {"uv": [7.5, 7.5, 8, 9], "texture": "#texture"},
				"up": {"uv": [0, 7.5, 10.5, 8], "texture": "#texture"},
				"down": {"uv": [0, 8, 10.5, 8.5], "texture": "#texture"}
			}
		},
		{
			"name": "Box59",
			"from": [3.5, 7, 3],
			"to": [15.5, 8.5, 3.5],
			"faces": {
				"north": {"uv": [5.5, 7.5, 16, 9], "texture": "#texture"},
				"east": {"uv": [12.5, 7.5, 13, 9], "texture": "#texture"},
				"south": {"uv": [0, 7.5, 10.5, 9], "texture": "#texture"},
				"west": {"uv": [3, 7.5, 3.5, 9], "texture": "#texture"},
				"up": {"uv": [0, 3, 10.5, 3.5], "texture": "#texture"},
				"down": {"uv": [0, 12.5, 10.5, 13], "texture": "#texture"}
			}
		},
		{
			"name": "Box61",
			"from": [4.5, 0, 4.5],
			"to": [7.5, 3, 6.5],
			"faces": {
				"north": {"uv": [13.5, 13, 16, 16], "texture": "#texture2"},
				"east": {"uv": [9.5, 13, 11.5, 16], "texture": "#texture2"},
				"south": {"uv": [0, 13, 2.5, 16], "texture": "#texture2"},
				"west": {"uv": [4.5, 13, 6.5, 16], "texture": "#texture2"},
				"up": {"uv": [0, 4.5, 2.5, 6.5], "texture": "#texture2"},
				"down": {"uv": [0, 9.5, 2.5, 11.5], "texture": "#texture2"}
			}
		},
		{
			"name": "Box62",
			"from": [3.5, -2, 4.5],
			"to": [6.5, 1.5, 6.5],
			"rotation": {"angle": -22.5, "axis": "z", "origin": [3.5, -2, 4.5]},
			"faces": {
				"north": {"uv": [13.5, 0.5, 16, 4.5], "texture": "#texture2"},
				"east": {"uv": [1, 0.5, 2, 4.5], "texture": "#texture2"},
				"south": {"uv": [0, 0.5, 2.5, 4.5], "texture": "#texture2"},
				"west": {"uv": [14, 0.5, 15, 4.5], "texture": "#texture2"},
				"up": {"uv": [0, 14, 2.5, 15], "texture": "#texture2"},
				"down": {"uv": [0, 1, 2.5, 2], "texture": "#texture2"}
			}
		},
		{
			"name": "Box63",
			"from": [15.5, 7.5, 4],
			"to": [19.5, 9.5, 7],
			"faces": {
				"north": {"uv": [1.5, 6.5, 5.5, 8.5], "texture": "#texture2"},
				"east": {"uv": [9, 6.5, 12, 8.5], "texture": "#texture2"},
				"south": {"uv": [10.5, 6.5, 14.5, 8.5], "texture": "#texture2"},
				"west": {"uv": [4, 6.5, 7, 8.5], "texture": "#texture2"},
				"up": {"uv": [10.5, 4, 14.5, 7], "texture": "#texture2"},
				"down": {"uv": [10.5, 9, 14.5, 12], "texture": "#texture2"}
			}
		},
		{
			"name": "Box64",
			"from": [19.5, 6.5, 3.5],
			"to": [27.5, 9.5, 7.5],
			"faces": {
				"north": {"uv": [0, 6.5, 1.5, 9.5], "texture": "#texture2"},
				"east": {"uv": [8.5, 6.5, 12.5, 9.5], "texture": "#texture2"},
				"south": {"uv": [14.5, 6.5, 16, 9.5], "texture": "#texture2"},
				"west": {"uv": [3.5, 6.5, 7.5, 9.5], "texture": "#texture2"},
				"up": {"uv": [14.5, 3.5, 16, 7.5], "texture": "#texture2"},
				"down": {"uv": [14.5, 8.5, 16, 12.5], "texture": "#texture2"}
			}
		},
		{
			"name": "Box65",
			"from": [20.5, 6.5, 4],
			"to": [28, 9.5, 6.5],
			"rotation": {"angle": -22.5, "axis": "z", "origin": [20.5, 6.5, 4]},
			"faces": {
				"north": {"uv": [0, 9.5, 1.5, 10.5], "texture": "#texture"},
				"east": {"uv": [1, 9.5, 2, 10.5], "texture": "#texture"},
				"south": {"uv": [14.5, 9.5, 16, 10.5], "texture": "#texture"},
				"west": {"uv": [14, 9.5, 15, 10.5], "texture": "#texture"},
				"up": {"uv": [14.5, 14, 16, 15], "texture": "#texture"},
				"down": {"uv": [14.5, 1, 16, 2], "texture": "#texture"}
			}
		},
		{
			"name": "Box66",
			"from": [30.5, 4.5, 3.5],
			"to": [32, 9, 7.5],
			"faces": {
				"north": {"uv": [5, 7, 6.5, 11.5], "texture": "#texture2"},
				"east": {"uv": [8.5, 7, 12.5, 11.5], "texture": "#texture2"},
				"south": {"uv": [9.5, 7, 11, 11.5], "texture": "#texture2"},
				"west": {"uv": [3.5, 7, 7.5, 11.5], "texture": "#texture2"},
				"up": {"uv": [9.5, 3.5, 11, 7.5], "texture": "#texture2"},
				"down": {"uv": [9.5, 8.5, 11, 12.5], "texture": "#texture2"}
			}
		},
		{
			"name": "Box67",
			"from": [27.5, 4, 3.5],
			"to": [30.5, 9.5, 7.5],
			"faces": {
				"north": {"uv": [6.5, 6.5, 9.5, 12], "texture": "#texture2"},
				"east": {"uv": [8.5, 6.5, 12.5, 12], "texture": "#texture2"},
				"south": {"uv": [6.5, 6.5, 9.5, 12], "texture": "#texture2"},
				"west": {"uv": [3.5, 6.5, 7.5, 12], "texture": "#texture2"},
				"up": {"uv": [6.5, 3.5, 9.5, 7.5], "texture": "#texture2"},
				"down": {"uv": [6.5, 8.5, 9.5, 12.5], "texture": "#texture2"}
			}
		},
		{
			"name": "Box68",
			"from": [30.5, 4, 3.5],
			"to": [32, 4.5, 7.5],
			"rotation": {"angle": 22.5, "axis": "z", "origin": [30.5, 4, 3.5]},
			"faces": {
				"north": {"uv": [5, 11.5, 6.5, 12], "texture": "#texture2"},
				"east": {"uv": [1, 11.5, 2, 12], "texture": "#texture2"},
				"south": {"uv": [9.5, 11.5, 11, 12], "texture": "#texture2"},
				"west": {"uv": [14, 11.5, 15, 12], "texture": "#texture2"},
				"up": {"uv": [9.5, 14, 11, 15], "texture": "#texture2"},
				"down": {"uv": [9.5, 1, 11, 2], "texture": "#texture2"}
			}
		},
		{
			"name": "Box68",
			"from": [30.5, 9, 3.5],
			"to": [32, 9.5, 7.5],
			"rotation": {"angle": -22.5, "axis": "z", "origin": [30.5, 9, 3.5]},
			"faces": {
				"north": {"uv": [5, 11.5, 6.5, 12], "texture": "#texture2"},
				"east": {"uv": [1, 11.5, 2, 12], "texture": "#texture2"},
				"south": {"uv": [9.5, 11.5, 11, 12], "texture": "#texture2"},
				"west": {"uv": [14, 11.5, 15, 12], "texture": "#texture2"},
				"up": {"uv": [9.5, 14, 11, 15], "texture": "#texture2"},
				"down": {"uv": [9.5, 1, 11, 2], "texture": "#texture2"}
			}
		},
		{
			"name": "Box70",
			"from": [30.5, 9, 3.5],
			"to": [31, 9.5, 7.5],
			"faces": {
				"north": {"uv": [6, 6.5, 6.5, 7], "texture": "#texture"},
				"east": {"uv": [1, 6.5, 2, 7], "texture": "#texture"},
				"south": {"uv": [9.5, 6.5, 10, 7], "texture": "#texture"},
				"west": {"uv": [14, 6.5, 15, 7], "texture": "#texture"},
				"up": {"uv": [9.5, 14, 10, 15], "texture": "#texture"},
				"down": {"uv": [9.5, 1, 10, 2], "texture": "#texture"}
			}
		},
		{
			"name": "Box72",
			"from": [27.5, 3.5, 3.5],
			"to": [30.5, 4, 7.5],
			"faces": {
				"north": {"uv": [6.5, 12, 9.5, 12.5], "texture": "#texture"},
				"east": {"uv": [8.5, 12, 12.5, 12.5], "texture": "#texture"},
				"south": {"uv": [6.5, 12, 9.5, 12.5], "texture": "#texture"},
				"west": {"uv": [3.5, 12, 7.5, 12.5], "texture": "#texture"},
				"up": {"uv": [6.5, 3.5, 9.5, 7.5], "texture": "#texture"},
				"down": {"uv": [6.5, 8.5, 9.5, 12.5], "texture": "#texture"}
			}
		},
		{
			"name": "Box73",
			"from": [-6.5, 5.5, 5],
			"to": [-6, 6, 6],
			"rotation": {"angle": -45, "axis": "z", "origin": [-6.5, 5.5, 5]},
			"faces": {
				"north": {"uv": [11, 11.5, 11.5, 12], "texture": "#texture"},
				"east": {"uv": [1, 11.5, 2, 12], "texture": "#texture"},
				"south": {"uv": [4.5, 11.5, 5, 12], "texture": "#texture"},
				"west": {"uv": [14, 11.5, 15, 12], "texture": "#texture"},
				"up": {"uv": [4.5, 14, 5, 15], "texture": "#texture"},
				"down": {"uv": [4.5, 1, 5, 2], "texture": "#texture"}
			}
		},
		{
			"name": "Box73",
			"from": [-6, 5.5, 5],
			"to": [-5.5, 6, 6],
			"rotation": {"angle": -45, "axis": "z", "origin": [-6, 5.5, 5]},
			"faces": {
				"north": {"uv": [11, 11.5, 11.5, 12], "texture": "#texture"},
				"east": {"uv": [1, 11.5, 2, 12], "texture": "#texture"},
				"south": {"uv": [4.5, 11.5, 5, 12], "texture": "#texture"},
				"west": {"uv": [14, 11.5, 15, 12], "texture": "#texture"},
				"up": {"uv": [4.5, 14, 5, 15], "texture": "#texture"},
				"down": {"uv": [4.5, 1, 5, 2], "texture": "#texture"}
			}
		},
		{
			"name": "Box73",
			"from": [-5.5, 5.5, 5],
			"to": [-5, 6, 6],
			"rotation": {"angle": -45, "axis": "z", "origin": [-5.5, 5.5, 5]},
			"faces": {
				"north": {"uv": [11, 11.5, 11.5, 12], "texture": "#texture"},
				"east": {"uv": [1, 11.5, 2, 12], "texture": "#texture"},
				"south": {"uv": [4.5, 11.5, 5, 12], "texture": "#texture"},
				"west": {"uv": [14, 11.5, 15, 12], "texture": "#texture"},
				"up": {"uv": [4.5, 14, 5, 15], "texture": "#texture"},
				"down": {"uv": [4.5, 1, 5, 2], "texture": "#texture"}
			}
		},
		{
			"name": "Box73",
			"from": [-5, 5.5, 5],
			"to": [-4.5, 6, 6],
			"rotation": {"angle": -45, "axis": "z", "origin": [-5, 5.5, 5]},
			"faces": {
				"north": {"uv": [11, 11.5, 11.5, 12], "texture": "#texture"},
				"east": {"uv": [1, 11.5, 2, 12], "texture": "#texture"},
				"south": {"uv": [4.5, 11.5, 5, 12], "texture": "#texture"},
				"west": {"uv": [14, 11.5, 15, 12], "texture": "#texture"},
				"up": {"uv": [4.5, 14, 5, 15], "texture": "#texture"},
				"down": {"uv": [4.5, 1, 5, 2], "texture": "#texture"}
			}
		},
		{
			"name": "Box73",
			"from": [-4.5, 5.5, 5],
			"to": [-4, 6, 6],
			"rotation": {"angle": -45, "axis": "z", "origin": [-4.5, 5.5, 5]},
			"faces": {
				"north": {"uv": [11, 11.5, 11.5, 12], "texture": "#texture"},
				"east": {"uv": [1, 11.5, 2, 12], "texture": "#texture"},
				"south": {"uv": [4.5, 11.5, 5, 12], "texture": "#texture"},
				"west": {"uv": [14, 11.5, 15, 12], "texture": "#texture"},
				"up": {"uv": [4.5, 14, 5, 15], "texture": "#texture"},
				"down": {"uv": [4.5, 1, 5, 2], "texture": "#texture"}
			}
		},
		{
			"name": "Box73",
			"from": [-4, 5.5, 5],
			"to": [-3.5, 6, 6],
			"rotation": {"angle": -45, "axis": "z", "origin": [-4, 5.5, 5]},
			"faces": {
				"north": {"uv": [11, 11.5, 11.5, 12], "texture": "#texture"},
				"east": {"uv": [1, 11.5, 2, 12], "texture": "#texture"},
				"south": {"uv": [4.5, 11.5, 5, 12], "texture": "#texture"},
				"west": {"uv": [14, 11.5, 15, 12], "texture": "#texture"},
				"up": {"uv": [4.5, 14, 5, 15], "texture": "#texture"},
				"down": {"uv": [4.5, 1, 5, 2], "texture": "#texture"}
			}
		},
		{
			"name": "Box73",
			"from": [-3.5, 5.5, 5],
			"to": [-3, 6, 6],
			"rotation": {"angle": -45, "axis": "z", "origin": [-3.5, 5.5, 5]},
			"faces": {
				"north": {"uv": [11, 11.5, 11.5, 12], "texture": "#texture"},
				"east": {"uv": [1, 11.5, 2, 12], "texture": "#texture"},
				"south": {"uv": [4.5, 11.5, 5, 12], "texture": "#texture"},
				"west": {"uv": [14, 11.5, 15, 12], "texture": "#texture"},
				"up": {"uv": [4.5, 14, 5, 15], "texture": "#texture"},
				"down": {"uv": [4.5, 1, 5, 2], "texture": "#texture"}
			}
		},
		{
			"name": "Box73",
			"from": [-3, 5.5, 5],
			"to": [-2.5, 6, 6],
			"rotation": {"angle": -45, "axis": "z", "origin": [-3, 5.5, 5]},
			"faces": {
				"north": {"uv": [11, 11.5, 11.5, 12], "texture": "#texture"},
				"east": {"uv": [1, 11.5, 2, 12], "texture": "#texture"},
				"south": {"uv": [4.5, 11.5, 5, 12], "texture": "#texture"},
				"west": {"uv": [14, 11.5, 15, 12], "texture": "#texture"},
				"up": {"uv": [4.5, 14, 5, 15], "texture": "#texture"},
				"down": {"uv": [4.5, 1, 5, 2], "texture": "#texture"}
			}
		},
		{
			"name": "Box73",
			"from": [-2.5, 5.5, 5],
			"to": [-2, 6, 6],
			"rotation": {"angle": -45, "axis": "z", "origin": [-2.5, 5.5, 5]},
			"faces": {
				"north": {"uv": [11, 11.5, 11.5, 12], "texture": "#texture"},
				"east": {"uv": [1, 11.5, 2, 12], "texture": "#texture"},
				"south": {"uv": [4.5, 11.5, 5, 12], "texture": "#texture"},
				"west": {"uv": [14, 11.5, 15, 12], "texture": "#texture"},
				"up": {"uv": [4.5, 14, 5, 15], "texture": "#texture"},
				"down": {"uv": [4.5, 1, 5, 2], "texture": "#texture"}
			}
		},
		{
			"name": "Box73",
			"from": [-2, 5.5, 5],
			"to": [-1.5, 6, 6],
			"rotation": {"angle": -45, "axis": "z", "origin": [-2, 5.5, 5]},
			"faces": {
				"north": {"uv": [11, 11.5, 11.5, 12], "texture": "#texture"},
				"east": {"uv": [1, 11.5, 2, 12], "texture": "#texture"},
				"south": {"uv": [4.5, 11.5, 5, 12], "texture": "#texture"},
				"west": {"uv": [14, 11.5, 15, 12], "texture": "#texture"},
				"up": {"uv": [4.5, 14, 5, 15], "texture": "#texture"},
				"down": {"uv": [4.5, 1, 5, 2], "texture": "#texture"}
			}
		},
		{
			"name": "Box73",
			"from": [-1.5, 5.5, 5],
			"to": [-1, 6, 6],
			"rotation": {"angle": -45, "axis": "z", "origin": [-1.5, 5.5, 5]},
			"faces": {
				"north": {"uv": [11, 11.5, 11.5, 12], "texture": "#texture"},
				"east": {"uv": [1, 11.5, 2, 12], "texture": "#texture"},
				"south": {"uv": [4.5, 11.5, 5, 12], "texture": "#texture"},
				"west": {"uv": [14, 11.5, 15, 12], "texture": "#texture"},
				"up": {"uv": [4.5, 14, 5, 15], "texture": "#texture"},
				"down": {"uv": [4.5, 1, 5, 2], "texture": "#texture"}
			}
		},
		{
			"name": "Box73",
			"from": [-1, 5.5, 5],
			"to": [-0.5, 6, 6],
			"rotation": {"angle": -45, "axis": "z", "origin": [-1, 5.5, 5]},
			"faces": {
				"north": {"uv": [11, 11.5, 11.5, 12], "texture": "#texture"},
				"east": {"uv": [1, 11.5, 2, 12], "texture": "#texture"},
				"south": {"uv": [4.5, 11.5, 5, 12], "texture": "#texture"},
				"west": {"uv": [14, 11.5, 15, 12], "texture": "#texture"},
				"up": {"uv": [4.5, 14, 5, 15], "texture": "#texture"},
				"down": {"uv": [4.5, 1, 5, 2], "texture": "#texture"}
			}
		},
		{
			"name": "Box73",
			"from": [-0.5, 5.5, 5],
			"to": [0, 6, 6],
			"rotation": {"angle": -45, "axis": "z", "origin": [-0.5, 5.5, 5]},
			"faces": {
				"north": {"uv": [11, 11.5, 11.5, 12], "texture": "#texture"},
				"east": {"uv": [1, 11.5, 2, 12], "texture": "#texture"},
				"south": {"uv": [4.5, 11.5, 5, 12], "texture": "#texture"},
				"west": {"uv": [14, 11.5, 15, 12], "texture": "#texture"},
				"up": {"uv": [4.5, 14, 5, 15], "texture": "#texture"},
				"down": {"uv": [4.5, 1, 5, 2], "texture": "#texture"}
			}
		},
		{
			"name": "Box73",
			"from": [0, 5.5, 5],
			"to": [0.5, 6, 6],
			"rotation": {"angle": -45, "axis": "z", "origin": [0, 5.5, 5]},
			"faces": {
				"north": {"uv": [11, 11.5, 11.5, 12], "texture": "#texture"},
				"east": {"uv": [1, 11.5, 2, 12], "texture": "#texture"},
				"south": {"uv": [4.5, 11.5, 5, 12], "texture": "#texture"},
				"west": {"uv": [14, 11.5, 15, 12], "texture": "#texture"},
				"up": {"uv": [4.5, 14, 5, 15], "texture": "#texture"},
				"down": {"uv": [4.5, 1, 5, 2], "texture": "#texture"}
			}
		},
		{
			"name": "Box73",
			"from": [0.5, 5.5, 5],
			"to": [1, 6, 6],
			"rotation": {"angle": -45, "axis": "z", "origin": [0.5, 5.5, 5]},
			"faces": {
				"north": {"uv": [11, 11.5, 11.5, 12], "texture": "#texture"},
				"east": {"uv": [1, 11.5, 2, 12], "texture": "#texture"},
				"south": {"uv": [4.5, 11.5, 5, 12], "texture": "#texture"},
				"west": {"uv": [14, 11.5, 15, 12], "texture": "#texture"},
				"up": {"uv": [4.5, 14, 5, 15], "texture": "#texture"},
				"down": {"uv": [4.5, 1, 5, 2], "texture": "#texture"}
			}
		},
		{
			"name": "Box73",
			"from": [1, 5.5, 5],
			"to": [1.5, 6, 6],
			"rotation": {"angle": -45, "axis": "z", "origin": [1, 5.5, 5]},
			"faces": {
				"north": {"uv": [11, 11.5, 11.5, 12], "texture": "#texture"},
				"east": {"uv": [1, 11.5, 2, 12], "texture": "#texture"},
				"south": {"uv": [4.5, 11.5, 5, 12], "texture": "#texture"},
				"west": {"uv": [14, 11.5, 15, 12], "texture": "#texture"},
				"up": {"uv": [4.5, 14, 5, 15], "texture": "#texture"},
				"down": {"uv": [4.5, 1, 5, 2], "texture": "#texture"}
			}
		},
		{
			"name": "Box73",
			"from": [1.5, 5.5, 5],
			"to": [2, 6, 6],
			"rotation": {"angle": -45, "axis": "z", "origin": [1.5, 5.5, 5]},
			"faces": {
				"north": {"uv": [11, 11.5, 11.5, 12], "texture": "#texture"},
				"east": {"uv": [1, 11.5, 2, 12], "texture": "#texture"},
				"south": {"uv": [4.5, 11.5, 5, 12], "texture": "#texture"},
				"west": {"uv": [14, 11.5, 15, 12], "texture": "#texture"},
				"up": {"uv": [4.5, 14, 5, 15], "texture": "#texture"},
				"down": {"uv": [4.5, 1, 5, 2], "texture": "#texture"}
			}
		},
		{
			"name": "Box73",
			"from": [-6.5, 10, 5],
			"to": [-6, 10.5, 6],
			"rotation": {"angle": -45, "axis": "z", "origin": [-6.5, 10, 5]},
			"faces": {
				"north": {"uv": [11, 11.5, 11.5, 12], "texture": "#texture"},
				"east": {"uv": [1, 11.5, 2, 12], "texture": "#texture"},
				"south": {"uv": [4.5, 11.5, 5, 12], "texture": "#texture"},
				"west": {"uv": [14, 11.5, 15, 12], "texture": "#texture"},
				"up": {"uv": [4.5, 14, 5, 15], "texture": "#texture"},
				"down": {"uv": [4.5, 1, 5, 2], "texture": "#texture"}
			}
		},
		{
			"name": "Box73",
			"from": [-6, 10, 5],
			"to": [-5.5, 10.5, 6],
			"rotation": {"angle": -45, "axis": "z", "origin": [-6, 10, 5]},
			"faces": {
				"north": {"uv": [11, 11.5, 11.5, 12], "texture": "#texture"},
				"east": {"uv": [1, 11.5, 2, 12], "texture": "#texture"},
				"south": {"uv": [4.5, 11.5, 5, 12], "texture": "#texture"},
				"west": {"uv": [14, 11.5, 15, 12], "texture": "#texture"},
				"up": {"uv": [4.5, 14, 5, 15], "texture": "#texture"},
				"down": {"uv": [4.5, 1, 5, 2], "texture": "#texture"}
			}
		},
		{
			"name": "Box73",
			"from": [-5.5, 10, 5],
			"to": [-5, 10.5, 6],
			"rotation": {"angle": -45, "axis": "z", "origin": [-5.5, 10, 5]},
			"faces": {
				"north": {"uv": [11, 11.5, 11.5, 12], "texture": "#texture"},
				"east": {"uv": [1, 11.5, 2, 12], "texture": "#texture"},
				"south": {"uv": [4.5, 11.5, 5, 12], "texture": "#texture"},
				"west": {"uv": [14, 11.5, 15, 12], "texture": "#texture"},
				"up": {"uv": [4.5, 14, 5, 15], "texture": "#texture"},
				"down": {"uv": [4.5, 1, 5, 2], "texture": "#texture"}
			}
		},
		{
			"name": "Box73",
			"from": [-5, 10, 5],
			"to": [-4.5, 10.5, 6],
			"rotation": {"angle": -45, "axis": "z", "origin": [-5, 10, 5]},
			"faces": {
				"north": {"uv": [11, 11.5, 11.5, 12], "texture": "#texture"},
				"east": {"uv": [1, 11.5, 2, 12], "texture": "#texture"},
				"south": {"uv": [4.5, 11.5, 5, 12], "texture": "#texture"},
				"west": {"uv": [14, 11.5, 15, 12], "texture": "#texture"},
				"up": {"uv": [4.5, 14, 5, 15], "texture": "#texture"},
				"down": {"uv": [4.5, 1, 5, 2], "texture": "#texture"}
			}
		},
		{
			"name": "Box73",
			"from": [-4.5, 10, 5],
			"to": [-4, 10.5, 6],
			"rotation": {"angle": -45, "axis": "z", "origin": [-4.5, 10, 5]},
			"faces": {
				"north": {"uv": [11, 11.5, 11.5, 12], "texture": "#texture"},
				"east": {"uv": [1, 11.5, 2, 12], "texture": "#texture"},
				"south": {"uv": [4.5, 11.5, 5, 12], "texture": "#texture"},
				"west": {"uv": [14, 11.5, 15, 12], "texture": "#texture"},
				"up": {"uv": [4.5, 14, 5, 15], "texture": "#texture"},
				"down": {"uv": [4.5, 1, 5, 2], "texture": "#texture"}
			}
		},
		{
			"name": "Box73",
			"from": [-4, 10, 5],
			"to": [-3.5, 10.5, 6],
			"rotation": {"angle": -45, "axis": "z", "origin": [-4, 10, 5]},
			"faces": {
				"north": {"uv": [11, 11.5, 11.5, 12], "texture": "#texture"},
				"east": {"uv": [1, 11.5, 2, 12], "texture": "#texture"},
				"south": {"uv": [4.5, 11.5, 5, 12], "texture": "#texture"},
				"west": {"uv": [14, 11.5, 15, 12], "texture": "#texture"},
				"up": {"uv": [4.5, 14, 5, 15], "texture": "#texture"},
				"down": {"uv": [4.5, 1, 5, 2], "texture": "#texture"}
			}
		},
		{
			"name": "Box73",
			"from": [-3.5, 10, 5],
			"to": [-3, 10.5, 6],
			"rotation": {"angle": -45, "axis": "z", "origin": [-3.5, 10, 5]},
			"faces": {
				"north": {"uv": [11, 11.5, 11.5, 12], "texture": "#texture"},
				"east": {"uv": [1, 11.5, 2, 12], "texture": "#texture"},
				"south": {"uv": [4.5, 11.5, 5, 12], "texture": "#texture"},
				"west": {"uv": [14, 11.5, 15, 12], "texture": "#texture"},
				"up": {"uv": [4.5, 14, 5, 15], "texture": "#texture"},
				"down": {"uv": [4.5, 1, 5, 2], "texture": "#texture"}
			}
		},
		{
			"name": "Box73",
			"from": [-3, 10, 5],
			"to": [-2.5, 10.5, 6],
			"rotation": {"angle": -45, "axis": "z", "origin": [-3, 10, 5]},
			"faces": {
				"north": {"uv": [11, 11.5, 11.5, 12], "texture": "#texture"},
				"east": {"uv": [1, 11.5, 2, 12], "texture": "#texture"},
				"south": {"uv": [4.5, 11.5, 5, 12], "texture": "#texture"},
				"west": {"uv": [14, 11.5, 15, 12], "texture": "#texture"},
				"up": {"uv": [4.5, 14, 5, 15], "texture": "#texture"},
				"down": {"uv": [4.5, 1, 5, 2], "texture": "#texture"}
			}
		},
		{
			"name": "Box73",
			"from": [-2.5, 10, 5],
			"to": [-2, 10.5, 6],
			"rotation": {"angle": -45, "axis": "z", "origin": [-2.5, 10, 5]},
			"faces": {
				"north": {"uv": [11, 11.5, 11.5, 12], "texture": "#texture"},
				"east": {"uv": [1, 11.5, 2, 12], "texture": "#texture"},
				"south": {"uv": [4.5, 11.5, 5, 12], "texture": "#texture"},
				"west": {"uv": [14, 11.5, 15, 12], "texture": "#texture"},
				"up": {"uv": [4.5, 14, 5, 15], "texture": "#texture"},
				"down": {"uv": [4.5, 1, 5, 2], "texture": "#texture"}
			}
		},
		{
			"name": "Box73",
			"from": [-2, 10, 5],
			"to": [-1.5, 10.5, 6],
			"rotation": {"angle": -45, "axis": "z", "origin": [-2, 10, 5]},
			"faces": {
				"north": {"uv": [11, 11.5, 11.5, 12], "texture": "#texture"},
				"east": {"uv": [1, 11.5, 2, 12], "texture": "#texture"},
				"south": {"uv": [4.5, 11.5, 5, 12], "texture": "#texture"},
				"west": {"uv": [14, 11.5, 15, 12], "texture": "#texture"},
				"up": {"uv": [4.5, 14, 5, 15], "texture": "#texture"},
				"down": {"uv": [4.5, 1, 5, 2], "texture": "#texture"}
			}
		},
		{
			"name": "Box73",
			"from": [-1.5, 10, 5],
			"to": [-1, 10.5, 6],
			"rotation": {"angle": -45, "axis": "z", "origin": [-1.5, 10, 5]},
			"faces": {
				"north": {"uv": [11, 11.5, 11.5, 12], "texture": "#texture"},
				"east": {"uv": [1, 11.5, 2, 12], "texture": "#texture"},
				"south": {"uv": [4.5, 11.5, 5, 12], "texture": "#texture"},
				"west": {"uv": [14, 11.5, 15, 12], "texture": "#texture"},
				"up": {"uv": [4.5, 14, 5, 15], "texture": "#texture"},
				"down": {"uv": [4.5, 1, 5, 2], "texture": "#texture"}
			}
		},
		{
			"name": "Box73",
			"from": [-1, 10, 5],
			"to": [-0.5, 10.5, 6],
			"rotation": {"angle": -45, "axis": "z", "origin": [-1, 10, 5]},
			"faces": {
				"north": {"uv": [11, 11.5, 11.5, 12], "texture": "#texture"},
				"east": {"uv": [1, 11.5, 2, 12], "texture": "#texture"},
				"south": {"uv": [4.5, 11.5, 5, 12], "texture": "#texture"},
				"west": {"uv": [14, 11.5, 15, 12], "texture": "#texture"},
				"up": {"uv": [4.5, 14, 5, 15], "texture": "#texture"},
				"down": {"uv": [4.5, 1, 5, 2], "texture": "#texture"}
			}
		},
		{
			"name": "Box73",
			"from": [-0.5, 10, 5],
			"to": [0, 10.5, 6],
			"rotation": {"angle": -45, "axis": "z", "origin": [-0.5, 10, 5]},
			"faces": {
				"north": {"uv": [11, 11.5, 11.5, 12], "texture": "#texture"},
				"east": {"uv": [1, 11.5, 2, 12], "texture": "#texture"},
				"south": {"uv": [4.5, 11.5, 5, 12], "texture": "#texture"},
				"west": {"uv": [14, 11.5, 15, 12], "texture": "#texture"},
				"up": {"uv": [4.5, 14, 5, 15], "texture": "#texture"},
				"down": {"uv": [4.5, 1, 5, 2], "texture": "#texture"}
			}
		},
		{
			"name": "Box73",
			"from": [0, 10, 5],
			"to": [0.5, 10.5, 6],
			"rotation": {"angle": -45, "axis": "z", "origin": [0, 10, 5]},
			"faces": {
				"north": {"uv": [11, 11.5, 11.5, 12], "texture": "#texture"},
				"east": {"uv": [1, 11.5, 2, 12], "texture": "#texture"},
				"south": {"uv": [4.5, 11.5, 5, 12], "texture": "#texture"},
				"west": {"uv": [14, 11.5, 15, 12], "texture": "#texture"},
				"up": {"uv": [4.5, 14, 5, 15], "texture": "#texture"},
				"down": {"uv": [4.5, 1, 5, 2], "texture": "#texture"}
			}
		},
		{
			"name": "Box73",
			"from": [0.5, 10, 5],
			"to": [1, 10.5, 6],
			"rotation": {"angle": -45, "axis": "z", "origin": [0.5, 10, 5]},
			"faces": {
				"north": {"uv": [11, 11.5, 11.5, 12], "texture": "#texture"},
				"east": {"uv": [1, 11.5, 2, 12], "texture": "#texture"},
				"south": {"uv": [4.5, 11.5, 5, 12], "texture": "#texture"},
				"west": {"uv": [14, 11.5, 15, 12], "texture": "#texture"},
				"up": {"uv": [4.5, 14, 5, 15], "texture": "#texture"},
				"down": {"uv": [4.5, 1, 5, 2], "texture": "#texture"}
			}
		},
		{
			"name": "Box73",
			"from": [1, 10, 5],
			"to": [1.5, 10.5, 6],
			"rotation": {"angle": -45, "axis": "z", "origin": [1, 10, 5]},
			"faces": {
				"north": {"uv": [11, 11.5, 11.5, 12], "texture": "#texture"},
				"east": {"uv": [1, 11.5, 2, 12], "texture": "#texture"},
				"south": {"uv": [4.5, 11.5, 5, 12], "texture": "#texture"},
				"west": {"uv": [14, 11.5, 15, 12], "texture": "#texture"},
				"up": {"uv": [4.5, 14, 5, 15], "texture": "#texture"},
				"down": {"uv": [4.5, 1, 5, 2], "texture": "#texture"}
			}
		},
		{
			"name": "Box73",
			"from": [1.5, 10, 5],
			"to": [2, 10.5, 6],
			"rotation": {"angle": -45, "axis": "z", "origin": [1.5, 10, 5]},
			"faces": {
				"north": {"uv": [11, 11.5, 11.5, 12], "texture": "#texture"},
				"east": {"uv": [1, 11.5, 2, 12], "texture": "#texture"},
				"south": {"uv": [4.5, 11.5, 5, 12], "texture": "#texture"},
				"west": {"uv": [14, 11.5, 15, 12], "texture": "#texture"},
				"up": {"uv": [4.5, 14, 5, 15], "texture": "#texture"},
				"down": {"uv": [4.5, 1, 5, 2], "texture": "#texture"}
			}
		},
		{
			"name": "Box107",
			"from": [4, 9.5, 4],
			"to": [15.5, 10, 7],
			"faces": {
				"north": {"uv": [5.5, 6, 16, 6.5], "texture": "#texture"},
				"east": {"uv": [9, 6, 12, 6.5], "texture": "#texture"},
				"south": {"uv": [0, 6, 10.5, 6.5], "texture": "#texture"},
				"west": {"uv": [4, 6, 7, 6.5], "texture": "#texture"},
				"up": {"uv": [0, 4, 10.5, 7], "texture": "#texture"},
				"down": {"uv": [0, 9, 10.5, 12], "texture": "#texture"}
			}
		},
		{
			"name": "Box73",
			"from": [4, 10, 5],
			"to": [4.5, 10.5, 6],
			"rotation": {"angle": -45, "axis": "z", "origin": [4, 10, 5]},
			"faces": {
				"north": {"uv": [11, 11.5, 11.5, 12], "texture": "#texture"},
				"east": {"uv": [1, 11.5, 2, 12], "texture": "#texture"},
				"south": {"uv": [4.5, 11.5, 5, 12], "texture": "#texture"},
				"west": {"uv": [14, 11.5, 15, 12], "texture": "#texture"},
				"up": {"uv": [4.5, 14, 5, 15], "texture": "#texture"},
				"down": {"uv": [4.5, 1, 5, 2], "texture": "#texture"}
			}
		},
		{
			"name": "Box73",
			"from": [4.5, 10, 5],
			"to": [5, 10.5, 6],
			"rotation": {"angle": -45, "axis": "z", "origin": [4.5, 10, 5]},
			"faces": {
				"north": {"uv": [11, 11.5, 11.5, 12], "texture": "#texture"},
				"east": {"uv": [1, 11.5, 2, 12], "texture": "#texture"},
				"south": {"uv": [4.5, 11.5, 5, 12], "texture": "#texture"},
				"west": {"uv": [14, 11.5, 15, 12], "texture": "#texture"},
				"up": {"uv": [4.5, 14, 5, 15], "texture": "#texture"},
				"down": {"uv": [4.5, 1, 5, 2], "texture": "#texture"}
			}
		},
		{
			"name": "Box73",
			"from": [5, 10, 5],
			"to": [5.5, 10.5, 6],
			"rotation": {"angle": -45, "axis": "z", "origin": [5, 10, 5]},
			"faces": {
				"north": {"uv": [11, 11.5, 11.5, 12], "texture": "#texture"},
				"east": {"uv": [1, 11.5, 2, 12], "texture": "#texture"},
				"south": {"uv": [4.5, 11.5, 5, 12], "texture": "#texture"},
				"west": {"uv": [14, 11.5, 15, 12], "texture": "#texture"},
				"up": {"uv": [4.5, 14, 5, 15], "texture": "#texture"},
				"down": {"uv": [4.5, 1, 5, 2], "texture": "#texture"}
			}
		},
		{
			"name": "Box73",
			"from": [5.5, 10, 5],
			"to": [6, 10.5, 6],
			"rotation": {"angle": -45, "axis": "z", "origin": [5.5, 10, 5]},
			"faces": {
				"north": {"uv": [11, 11.5, 11.5, 12], "texture": "#texture"},
				"east": {"uv": [1, 11.5, 2, 12], "texture": "#texture"},
				"south": {"uv": [4.5, 11.5, 5, 12], "texture": "#texture"},
				"west": {"uv": [14, 11.5, 15, 12], "texture": "#texture"},
				"up": {"uv": [4.5, 14, 5, 15], "texture": "#texture"},
				"down": {"uv": [4.5, 1, 5, 2], "texture": "#texture"}
			}
		},
		{
			"name": "Box73",
			"from": [6, 10, 5],
			"to": [6.5, 10.5, 6],
			"rotation": {"angle": -45, "axis": "z", "origin": [6, 10, 5]},
			"faces": {
				"north": {"uv": [11, 11.5, 11.5, 12], "texture": "#texture"},
				"east": {"uv": [1, 11.5, 2, 12], "texture": "#texture"},
				"south": {"uv": [4.5, 11.5, 5, 12], "texture": "#texture"},
				"west": {"uv": [14, 11.5, 15, 12], "texture": "#texture"},
				"up": {"uv": [4.5, 14, 5, 15], "texture": "#texture"},
				"down": {"uv": [4.5, 1, 5, 2], "texture": "#texture"}
			}
		},
		{
			"name": "Box73",
			"from": [6.5, 10, 5],
			"to": [7, 10.5, 6],
			"rotation": {"angle": -45, "axis": "z", "origin": [6.5, 10, 5]},
			"faces": {
				"north": {"uv": [11, 11.5, 11.5, 12], "texture": "#texture"},
				"east": {"uv": [1, 11.5, 2, 12], "texture": "#texture"},
				"south": {"uv": [4.5, 11.5, 5, 12], "texture": "#texture"},
				"west": {"uv": [14, 11.5, 15, 12], "texture": "#texture"},
				"up": {"uv": [4.5, 14, 5, 15], "texture": "#texture"},
				"down": {"uv": [4.5, 1, 5, 2], "texture": "#texture"}
			}
		},
		{
			"name": "Box73",
			"from": [7, 10, 5],
			"to": [7.5, 10.5, 6],
			"rotation": {"angle": -45, "axis": "z", "origin": [7, 10, 5]},
			"faces": {
				"north": {"uv": [11, 11.5, 11.5, 12], "texture": "#texture"},
				"east": {"uv": [1, 11.5, 2, 12], "texture": "#texture"},
				"south": {"uv": [4.5, 11.5, 5, 12], "texture": "#texture"},
				"west": {"uv": [14, 11.5, 15, 12], "texture": "#texture"},
				"up": {"uv": [4.5, 14, 5, 15], "texture": "#texture"},
				"down": {"uv": [4.5, 1, 5, 2], "texture": "#texture"}
			}
		},
		{
			"name": "Box73",
			"from": [7.5, 10, 5],
			"to": [8, 10.5, 6],
			"rotation": {"angle": -45, "axis": "z", "origin": [7.5, 10, 5]},
			"faces": {
				"north": {"uv": [11, 11.5, 11.5, 12], "texture": "#texture"},
				"east": {"uv": [1, 11.5, 2, 12], "texture": "#texture"},
				"south": {"uv": [4.5, 11.5, 5, 12], "texture": "#texture"},
				"west": {"uv": [14, 11.5, 15, 12], "texture": "#texture"},
				"up": {"uv": [4.5, 14, 5, 15], "texture": "#texture"},
				"down": {"uv": [4.5, 1, 5, 2], "texture": "#texture"}
			}
		},
		{
			"name": "Box73",
			"from": [8, 10, 5],
			"to": [8.5, 10.5, 6],
			"rotation": {"angle": -45, "axis": "z", "origin": [8, 10, 5]},
			"faces": {
				"north": {"uv": [11, 11.5, 11.5, 12], "texture": "#texture"},
				"east": {"uv": [1, 11.5, 2, 12], "texture": "#texture"},
				"south": {"uv": [4.5, 11.5, 5, 12], "texture": "#texture"},
				"west": {"uv": [14, 11.5, 15, 12], "texture": "#texture"},
				"up": {"uv": [4.5, 14, 5, 15], "texture": "#texture"},
				"down": {"uv": [4.5, 1, 5, 2], "texture": "#texture"}
			}
		},
		{
			"name": "Box73",
			"from": [8.5, 10, 5],
			"to": [9, 10.5, 6],
			"rotation": {"angle": -45, "axis": "z", "origin": [8.5, 10, 5]},
			"faces": {
				"north": {"uv": [11, 11.5, 11.5, 12], "texture": "#texture"},
				"east": {"uv": [1, 11.5, 2, 12], "texture": "#texture"},
				"south": {"uv": [4.5, 11.5, 5, 12], "texture": "#texture"},
				"west": {"uv": [14, 11.5, 15, 12], "texture": "#texture"},
				"up": {"uv": [4.5, 14, 5, 15], "texture": "#texture"},
				"down": {"uv": [4.5, 1, 5, 2], "texture": "#texture"}
			}
		},
		{
			"name": "Box73",
			"from": [9, 10, 5],
			"to": [9.5, 10.5, 6],
			"rotation": {"angle": -45, "axis": "z", "origin": [9, 10, 5]},
			"faces": {
				"north": {"uv": [11, 11.5, 11.5, 12], "texture": "#texture"},
				"east": {"uv": [1, 11.5, 2, 12], "texture": "#texture"},
				"south": {"uv": [4.5, 11.5, 5, 12], "texture": "#texture"},
				"west": {"uv": [14, 11.5, 15, 12], "texture": "#texture"},
				"up": {"uv": [4.5, 14, 5, 15], "texture": "#texture"},
				"down": {"uv": [4.5, 1, 5, 2], "texture": "#texture"}
			}
		},
		{
			"name": "Box73",
			"from": [9.5, 10, 5],
			"to": [10, 10.5, 6],
			"rotation": {"angle": -45, "axis": "z", "origin": [9.5, 10, 5]},
			"faces": {
				"north": {"uv": [11, 11.5, 11.5, 12], "texture": "#texture"},
				"east": {"uv": [1, 11.5, 2, 12], "texture": "#texture"},
				"south": {"uv": [4.5, 11.5, 5, 12], "texture": "#texture"},
				"west": {"uv": [14, 11.5, 15, 12], "texture": "#texture"},
				"up": {"uv": [4.5, 14, 5, 15], "texture": "#texture"},
				"down": {"uv": [4.5, 1, 5, 2], "texture": "#texture"}
			}
		},
		{
			"name": "Box73",
			"from": [10, 10, 5],
			"to": [10.5, 10.5, 6],
			"rotation": {"angle": -45, "axis": "z", "origin": [10, 10, 5]},
			"faces": {
				"north": {"uv": [11, 11.5, 11.5, 12], "texture": "#texture"},
				"east": {"uv": [1, 11.5, 2, 12], "texture": "#texture"},
				"south": {"uv": [4.5, 11.5, 5, 12], "texture": "#texture"},
				"west": {"uv": [14, 11.5, 15, 12], "texture": "#texture"},
				"up": {"uv": [4.5, 14, 5, 15], "texture": "#texture"},
				"down": {"uv": [4.5, 1, 5, 2], "texture": "#texture"}
			}
		},
		{
			"name": "Box73",
			"from": [10.5, 10, 5],
			"to": [11, 10.5, 6],
			"rotation": {"angle": -45, "axis": "z", "origin": [10.5, 10, 5]},
			"faces": {
				"north": {"uv": [11, 11.5, 11.5, 12], "texture": "#texture"},
				"east": {"uv": [1, 11.5, 2, 12], "texture": "#texture"},
				"south": {"uv": [4.5, 11.5, 5, 12], "texture": "#texture"},
				"west": {"uv": [14, 11.5, 15, 12], "texture": "#texture"},
				"up": {"uv": [4.5, 14, 5, 15], "texture": "#texture"},
				"down": {"uv": [4.5, 1, 5, 2], "texture": "#texture"}
			}
		},
		{
			"name": "Box73",
			"from": [11, 10, 5],
			"to": [11.5, 10.5, 6],
			"rotation": {"angle": -45, "axis": "z", "origin": [11, 10, 5]},
			"faces": {
				"north": {"uv": [11, 11.5, 11.5, 12], "texture": "#texture"},
				"east": {"uv": [1, 11.5, 2, 12], "texture": "#texture"},
				"south": {"uv": [4.5, 11.5, 5, 12], "texture": "#texture"},
				"west": {"uv": [14, 11.5, 15, 12], "texture": "#texture"},
				"up": {"uv": [4.5, 14, 5, 15], "texture": "#texture"},
				"down": {"uv": [4.5, 1, 5, 2], "texture": "#texture"}
			}
		},
		{
			"name": "Box73",
			"from": [11.5, 10, 5],
			"to": [12, 10.5, 6],
			"rotation": {"angle": -45, "axis": "z", "origin": [11.5, 10, 5]},
			"faces": {
				"north": {"uv": [11, 11.5, 11.5, 12], "texture": "#texture"},
				"east": {"uv": [1, 11.5, 2, 12], "texture": "#texture"},
				"south": {"uv": [4.5, 11.5, 5, 12], "texture": "#texture"},
				"west": {"uv": [14, 11.5, 15, 12], "texture": "#texture"},
				"up": {"uv": [4.5, 14, 5, 15], "texture": "#texture"},
				"down": {"uv": [4.5, 1, 5, 2], "texture": "#texture"}
			}
		},
		{
			"name": "Box73",
			"from": [12, 10, 5],
			"to": [12.5, 10.5, 6],
			"rotation": {"angle": -45, "axis": "z", "origin": [12, 10, 5]},
			"faces": {
				"north": {"uv": [11, 11.5, 11.5, 12], "texture": "#texture"},
				"east": {"uv": [1, 11.5, 2, 12], "texture": "#texture"},
				"south": {"uv": [4.5, 11.5, 5, 12], "texture": "#texture"},
				"west": {"uv": [14, 11.5, 15, 12], "texture": "#texture"},
				"up": {"uv": [4.5, 14, 5, 15], "texture": "#texture"},
				"down": {"uv": [4.5, 1, 5, 2], "texture": "#texture"}
			}
		},
		{
			"name": "Box73",
			"from": [12.5, 10, 5],
			"to": [13, 10.5, 6],
			"rotation": {"angle": -45, "axis": "z", "origin": [12.5, 10, 5]},
			"faces": {
				"north": {"uv": [11, 11.5, 11.5, 12], "texture": "#texture"},
				"east": {"uv": [1, 11.5, 2, 12], "texture": "#texture"},
				"south": {"uv": [4.5, 11.5, 5, 12], "texture": "#texture"},
				"west": {"uv": [14, 11.5, 15, 12], "texture": "#texture"},
				"up": {"uv": [4.5, 14, 5, 15], "texture": "#texture"},
				"down": {"uv": [4.5, 1, 5, 2], "texture": "#texture"}
			}
		},
		{
			"name": "Box73",
			"from": [13, 10, 5],
			"to": [13.5, 10.5, 6],
			"rotation": {"angle": -45, "axis": "z", "origin": [13, 10, 5]},
			"faces": {
				"north": {"uv": [11, 11.5, 11.5, 12], "texture": "#texture"},
				"east": {"uv": [1, 11.5, 2, 12], "texture": "#texture"},
				"south": {"uv": [4.5, 11.5, 5, 12], "texture": "#texture"},
				"west": {"uv": [14, 11.5, 15, 12], "texture": "#texture"},
				"up": {"uv": [4.5, 14, 5, 15], "texture": "#texture"},
				"down": {"uv": [4.5, 1, 5, 2], "texture": "#texture"}
			}
		},
		{
			"name": "Box135",
			"from": [7, 10, 4.5],
			"to": [9.5, 10.5, 6.5],
			"faces": {
				"north": {"uv": [5.5, 5.5, 7.5, 6], "texture": "#texture2"},
				"east": {"uv": [9.5, 5.5, 11.5, 6], "texture": "#texture2"},
				"south": {"uv": [8.5, 5.5, 10.5, 6], "texture": "#texture2"},
				"west": {"uv": [4.5, 5.5, 6.5, 6], "texture": "#texture2"},
				"up": {"uv": [8.5, 4.5, 10.5, 6.5], "texture": "#texture2"},
				"down": {"uv": [8.5, 9.5, 10.5, 11.5], "texture": "#texture2"}
			}
		},
		{
			"name": "Box137",
			"from": [20, 9.5, 4],
			"to": [31, 10, 7],
			"faces": {
				"north": {"uv": [0, 6, 1, 6.5], "texture": "#texture2"},
				"east": {"uv": [9, 6, 12, 6.5], "texture": "#texture2"},
				"south": {"uv": [15, 6, 16, 6.5], "texture": "#texture2"},
				"west": {"uv": [4, 6, 7, 6.5], "texture": "#texture2"},
				"up": {"uv": [15, 4, 16, 7], "texture": "#texture2"},
				"down": {"uv": [15, 9, 16, 12], "texture": "#texture2"}
			}
		},
		{
			"name": "Box124",
			"from": [-10.5, 8, 5],
			"to": [-9.5, 11, 6],
			"rotation": {"angle": -22.5, "axis": "z", "origin": [-10.5, 8, 5]},
			"faces": {
				"north": {"uv": [13, 5, 14, 8], "texture": "#texture2"},
				"east": {"uv": [1, 5, 2, 8], "texture": "#texture2"},
				"south": {"uv": [2, 5, 3, 8], "texture": "#texture2"},
				"west": {"uv": [14, 5, 15, 8], "texture": "#texture2"},
				"up": {"uv": [2, 14, 3, 15], "texture": "#texture2"},
				"down": {"uv": [2, 1, 3, 2], "texture": "#texture2"}
			}
		},
		{
			"name": "Box125",
			"from": [-9.5, 10, 5],
			"to": [-8, 11, 6],
			"faces": {
				"north": {"uv": [13, 5, 14.5, 6], "texture": "#texture2"},
				"east": {"uv": [10, 5, 11, 6], "texture": "#texture2"},
				"south": {"uv": [1.5, 5, 3, 6], "texture": "#texture2"},
				"west": {"uv": [5, 5, 6, 6], "texture": "#texture2"},
				"up": {"uv": [1.5, 5, 3, 6], "texture": "#texture2"},
				"down": {"uv": [1.5, 10, 3, 11], "texture": "#texture2"}
			}
		},
		{
			"name": "Box11",
			"from": [-5.5, 7, 8.5],
			"to": [-5, 8.5, 9],
			"faces": {
				"north": {"uv": [10, 7.5, 10.5, 9], "texture": "#texture"},
				"east": {"uv": [7, 7.5, 7.5, 9], "texture": "#texture"},
				"south": {"uv": [5.5, 7.5, 6, 9], "texture": "#texture"},
				"west": {"uv": [8.5, 7.5, 9, 9], "texture": "#texture"},
				"up": {"uv": [5.5, 8.5, 6, 9], "texture": "#texture"},
				"down": {"uv": [5.5, 7, 6, 7.5], "texture": "#texture"}
			}
		},
		{
			"name": "Box11",
			"from": [-4.5, 7, 8.5],
			"to": [-4, 8.5, 9],
			"faces": {
				"north": {"uv": [9, 7.5, 9.5, 9], "texture": "#texture"},
				"east": {"uv": [7, 7.5, 7.5, 9], "texture": "#texture"},
				"south": {"uv": [6.5, 7.5, 7, 9], "texture": "#texture"},
				"west": {"uv": [8.5, 7.5, 9, 9], "texture": "#texture"},
				"up": {"uv": [6.5, 8.5, 7, 9], "texture": "#texture"},
				"down": {"uv": [6.5, 7, 7, 7.5], "texture": "#texture"}
			}
		},
		{
			"name": "Box11",
			"from": [-3.5, 7, 8.5],
			"to": [-3, 8.5, 9],
			"faces": {
				"north": {"uv": [8, 7.5, 8.5, 9], "texture": "#texture"},
				"east": {"uv": [7, 7.5, 7.5, 9], "texture": "#texture"},
				"south": {"uv": [7.5, 7.5, 8, 9], "texture": "#texture"},
				"west": {"uv": [8.5, 7.5, 9, 9], "texture": "#texture"},
				"up": {"uv": [7.5, 8.5, 8, 9], "texture": "#texture"},
				"down": {"uv": [7.5, 7, 8, 7.5], "texture": "#texture"}
			}
		},
		{
			"name": "Box11",
			"from": [-2.5, 7, 8.5],
			"to": [-2, 8.5, 9],
			"faces": {
				"north": {"uv": [7, 7.5, 7.5, 9], "texture": "#texture"},
				"east": {"uv": [7, 7.5, 7.5, 9], "texture": "#texture"},
				"south": {"uv": [8.5, 7.5, 9, 9], "texture": "#texture"},
				"west": {"uv": [8.5, 7.5, 9, 9], "texture": "#texture"},
				"up": {"uv": [8.5, 8.5, 9, 9], "texture": "#texture"},
				"down": {"uv": [8.5, 7, 9, 7.5], "texture": "#texture"}
			}
		},
		{
			"name": "Box11",
			"from": [-1.5, 7, 8.5],
			"to": [-1, 8.5, 9],
			"faces": {
				"north": {"uv": [6, 7.5, 6.5, 9], "texture": "#texture"},
				"east": {"uv": [7, 7.5, 7.5, 9], "texture": "#texture"},
				"south": {"uv": [9.5, 7.5, 10, 9], "texture": "#texture"},
				"west": {"uv": [8.5, 7.5, 9, 9], "texture": "#texture"},
				"up": {"uv": [9.5, 8.5, 10, 9], "texture": "#texture"},
				"down": {"uv": [9.5, 7, 10, 7.5], "texture": "#texture"}
			}
		},
		{
			"name": "Box11",
			"from": [-0.5, 7, 8.5],
			"to": [0, 8.5, 9],
			"faces": {
				"north": {"uv": [5, 7.5, 5.5, 9], "texture": "#texture"},
				"east": {"uv": [7, 7.5, 7.5, 9], "texture": "#texture"},
				"south": {"uv": [10.5, 7.5, 11, 9], "texture": "#texture"},
				"west": {"uv": [8.5, 7.5, 9, 9], "texture": "#texture"},
				"up": {"uv": [10.5, 8.5, 11, 9], "texture": "#texture"},
				"down": {"uv": [10.5, 7, 11, 7.5], "texture": "#texture"}
			}
		},
		{
			"name": "Box11",
			"from": [0.5, 7, 8.5],
			"to": [1, 8.5, 9],
			"faces": {
				"north": {"uv": [4, 7.5, 4.5, 9], "texture": "#texture"},
				"east": {"uv": [7, 7.5, 7.5, 9], "texture": "#texture"},
				"south": {"uv": [11.5, 7.5, 12, 9], "texture": "#texture"},
				"west": {"uv": [8.5, 7.5, 9, 9], "texture": "#texture"},
				"up": {"uv": [11.5, 8.5, 12, 9], "texture": "#texture"},
				"down": {"uv": [11.5, 7, 12, 7.5], "texture": "#texture"}
			}
		},
		{
			"name": "Box11",
			"from": [0.5, 7, 2],
			"to": [1, 8.5, 2.5],
			"faces": {
				"north": {"uv": [4, 7.5, 4.5, 9], "texture": "#texture"},
				"east": {"uv": [13.5, 7.5, 14, 9], "texture": "#texture"},
				"south": {"uv": [11.5, 7.5, 12, 9], "texture": "#texture"},
				"west": {"uv": [2, 7.5, 2.5, 9], "texture": "#texture"},
				"up": {"uv": [11.5, 2, 12, 2.5], "texture": "#texture"},
				"down": {"uv": [11.5, 13.5, 12, 14], "texture": "#texture"}
			}
		},
		{
			"name": "Box11",
			"from": [-0.5, 7, 2],
			"to": [0, 8.5, 2.5],
			"faces": {
				"north": {"uv": [5, 7.5, 5.5, 9], "texture": "#texture"},
				"east": {"uv": [13.5, 7.5, 14, 9], "texture": "#texture"},
				"south": {"uv": [10.5, 7.5, 11, 9], "texture": "#texture"},
				"west": {"uv": [2, 7.5, 2.5, 9], "texture": "#texture"},
				"up": {"uv": [10.5, 2, 11, 2.5], "texture": "#texture"},
				"down": {"uv": [10.5, 13.5, 11, 14], "texture": "#texture"}
			}
		},
		{
			"name": "Box11",
			"from": [-1.5, 7, 2],
			"to": [-1, 8.5, 2.5],
			"faces": {
				"north": {"uv": [6, 7.5, 6.5, 9], "texture": "#texture"},
				"east": {"uv": [13.5, 7.5, 14, 9], "texture": "#texture"},
				"south": {"uv": [9.5, 7.5, 10, 9], "texture": "#texture"},
				"west": {"uv": [2, 7.5, 2.5, 9], "texture": "#texture"},
				"up": {"uv": [9.5, 2, 10, 2.5], "texture": "#texture"},
				"down": {"uv": [9.5, 13.5, 10, 14], "texture": "#texture"}
			}
		},
		{
			"name": "Box11",
			"from": [-2.5, 7, 2],
			"to": [-2, 8.5, 2.5],
			"faces": {
				"north": {"uv": [7, 7.5, 7.5, 9], "texture": "#texture"},
				"east": {"uv": [13.5, 7.5, 14, 9], "texture": "#texture"},
				"south": {"uv": [8.5, 7.5, 9, 9], "texture": "#texture"},
				"west": {"uv": [2, 7.5, 2.5, 9], "texture": "#texture"},
				"up": {"uv": [8.5, 2, 9, 2.5], "texture": "#texture"},
				"down": {"uv": [8.5, 13.5, 9, 14], "texture": "#texture"}
			}
		},
		{
			"name": "Box11",
			"from": [-3.5, 7, 2],
			"to": [-3, 8.5, 2.5],
			"faces": {
				"north": {"uv": [8, 7.5, 8.5, 9], "texture": "#texture"},
				"east": {"uv": [13.5, 7.5, 14, 9], "texture": "#texture"},
				"south": {"uv": [7.5, 7.5, 8, 9], "texture": "#texture"},
				"west": {"uv": [2, 7.5, 2.5, 9], "texture": "#texture"},
				"up": {"uv": [7.5, 2, 8, 2.5], "texture": "#texture"},
				"down": {"uv": [7.5, 13.5, 8, 14], "texture": "#texture"}
			}
		},
		{
			"name": "Box11",
			"from": [-4.5, 7, 2],
			"to": [-4, 8.5, 2.5],
			"faces": {
				"north": {"uv": [9, 7.5, 9.5, 9], "texture": "#texture"},
				"east": {"uv": [13.5, 7.5, 14, 9], "texture": "#texture"},
				"south": {"uv": [6.5, 7.5, 7, 9], "texture": "#texture"},
				"west": {"uv": [2, 7.5, 2.5, 9], "texture": "#texture"},
				"up": {"uv": [6.5, 2, 7, 2.5], "texture": "#texture"},
				"down": {"uv": [6.5, 13.5, 7, 14], "texture": "#texture"}
			}
		},
		{
			"name": "Box11",
			"from": [-5.5, 7, 2],
			"to": [-5, 8.5, 2.5],
			"faces": {
				"north": {"uv": [10, 7.5, 10.5, 9], "texture": "#texture"},
				"east": {"uv": [13.5, 7.5, 14, 9], "texture": "#texture"},
				"south": {"uv": [5.5, 7.5, 6, 9], "texture": "#texture"},
				"west": {"uv": [2, 7.5, 2.5, 9], "texture": "#texture"},
				"up": {"uv": [5.5, 2, 6, 2.5], "texture": "#texture"},
				"down": {"uv": [5.5, 13.5, 6, 14], "texture": "#texture"}
			}
		},
		{
			"name": "Box135",
			"from": [7.5, 10.5, 4],
			"to": [12, 12.5, 4.5],
			"faces": {
				"north": {"uv": [4, 3.5, 8.5, 5.5], "texture": "#texture"},
				"east": {"uv": [11.5, 3.5, 12, 5.5], "texture": "#texture"},
				"south": {"uv": [7.5, 3.5, 12, 5.5], "texture": "#texture"},
				"west": {"uv": [4, 3.5, 4.5, 5.5], "texture": "#texture"},
				"up": {"uv": [7.5, 4, 12, 4.5], "texture": "#texture"},
				"down": {"uv": [7.5, 11.5, 12, 12], "texture": "#texture"}
			}
		},
		{
			"name": "Box137",
			"from": [7.5, 12.5, 4.5],
			"to": [13, 13, 6.5],
			"faces": {
				"north": {"uv": [3, 3, 8.5, 3.5], "texture": "#texture"},
				"east": {"uv": [9.5, 3, 11.5, 3.5], "texture": "#texture"},
				"south": {"uv": [7.5, 3, 13, 3.5], "texture": "#texture"},
				"west": {"uv": [4.5, 3, 6.5, 3.5], "texture": "#texture"},
				"up": {"uv": [7.5, 4.5, 13, 6.5], "texture": "#texture"},
				"down": {"uv": [7.5, 9.5, 13, 11.5], "texture": "#texture"}
			}
		},
		{
			"name": "Box135",
			"from": [7.5, 10.5, 6.5],
			"to": [12, 12.5, 7],
			"faces": {
				"north": {"uv": [4, 3.5, 8.5, 5.5], "texture": "#texture"},
				"east": {"uv": [9, 3.5, 9.5, 5.5], "texture": "#texture"},
				"south": {"uv": [7.5, 3.5, 12, 5.5], "texture": "#texture"},
				"west": {"uv": [6.5, 3.5, 7, 5.5], "texture": "#texture"},
				"up": {"uv": [7.5, 6.5, 12, 7], "texture": "#texture"},
				"down": {"uv": [7.5, 9, 12, 9.5], "texture": "#texture"}
			}
		},
		{
			"name": "Box144",
			"from": [6.5, 13, 5],
			"to": [8.5, 13.5, 6],
			"faces": {
				"north": {"uv": [7.5, 2.5, 9.5, 3], "texture": "#texture"},
				"east": {"uv": [10, 2.5, 11, 3], "texture": "#texture"},
				"south": {"uv": [6.5, 2.5, 8.5, 3], "texture": "#texture"},
				"west": {"uv": [5, 2.5, 6, 3], "texture": "#texture"},
				"up": {"uv": [6.5, 5, 8.5, 6], "texture": "#texture"},
				"down": {"uv": [6.5, 10, 8.5, 11], "texture": "#texture"}
			}
		},
		{
			"name": "Box145",
			"from": [8, 11, 7],
			"to": [11.5, 12.5, 7.5],
			"faces": {
				"north": {"uv": [4.5, 3.5, 8, 5], "texture": "#texture"},
				"east": {"uv": [8.5, 3.5, 9, 5], "texture": "#texture"},
				"south": {"uv": [8, 3.5, 11.5, 5], "texture": "#texture"},
				"west": {"uv": [7, 3.5, 7.5, 5], "texture": "#texture"},
				"up": {"uv": [8, 7, 11.5, 7.5], "texture": "#texture"},
				"down": {"uv": [8, 8.5, 11.5, 9], "texture": "#texture"}
			}
		},
		{
			"name": "Box145",
			"from": [8, 11, 3.5],
			"to": [11.5, 12.5, 4],
			"faces": {
				"north": {"uv": [4.5, 3.5, 8, 5], "texture": "#texture"},
				"east": {"uv": [12, 3.5, 12.5, 5], "texture": "#texture"},
				"south": {"uv": [8, 3.5, 11.5, 5], "texture": "#texture"},
				"west": {"uv": [3.5, 3.5, 4, 5], "texture": "#texture"},
				"up": {"uv": [8, 3.5, 11.5, 4], "texture": "#texture"},
				"down": {"uv": [8, 12, 11.5, 12.5], "texture": "#texture"}
			}
		},
		{
			"name": "Box137",
			"from": [7.5, 10.5, 4],
			"to": [12, 11, 7],
			"faces": {
				"north": {"uv": [4, 5, 8.5, 5.5], "texture": "#texture"},
				"east": {"uv": [9, 5, 12, 5.5], "texture": "#texture"},
				"south": {"uv": [7.5, 5, 12, 5.5], "texture": "#texture"},
				"west": {"uv": [4, 5, 7, 5.5], "texture": "#texture"},
				"up": {"uv": [7.5, 4, 12, 7], "texture": "#texture"},
				"down": {"uv": [7.5, 9, 12, 12], "texture": "#texture"}
			}
		},
		{
			"name": "Box148",
			"from": [10.5, 11, 4.5],
			"to": [11, 12.5, 6.5],
			"faces": {
				"north": {"uv": [5, 3.5, 5.5, 5], "texture": "#texture1"},
				"east": {"uv": [9.5, 3.5, 11.5, 5], "texture": "#texture1"},
				"south": {"uv": [10.5, 3.5, 11, 5], "texture": "#texture1"},
				"west": {"uv": [4.5, 3.5, 6.5, 5], "texture": "#texture1"},
				"up": {"uv": [10.5, 4.5, 11, 6.5], "texture": "#texture1"},
				"down": {"uv": [10.5, 9.5, 11, 11.5], "texture": "#texture1"}
			}
		},
		{
			"name": "Box148",
			"from": [8.5, 11, 4.5],
			"to": [9, 12.5, 6.5],
			"faces": {
				"north": {"uv": [7, 3.5, 7.5, 5], "texture": "#texture1"},
				"east": {"uv": [9.5, 3.5, 11.5, 5], "texture": "#texture1"},
				"south": {"uv": [8.5, 3.5, 9, 5], "texture": "#texture1"},
				"west": {"uv": [4.5, 3.5, 6.5, 5], "texture": "#texture1"},
				"up": {"uv": [8.5, 4.5, 9, 6.5], "texture": "#texture1"},
				"down": {"uv": [8.5, 9.5, 9, 11.5], "texture": "#texture1"}
			}
		},
		{
			"name": "Box151",
			"from": [8.5, 13, 5],
			"to": [11.5, 13.5, 5.5],
			"faces": {
				"north": {"uv": [4.5, 2.5, 7.5, 3], "texture": "#texture3"},
				"east": {"uv": [10.5, 2.5, 11, 3], "texture": "#texture3"},
				"south": {"uv": [8.5, 2.5, 11.5, 3], "texture": "#texture3"},
				"west": {"uv": [5, 2.5, 5.5, 3], "texture": "#texture3"},
				"up": {"uv": [8.5, 5, 11.5, 5.5], "texture": "#texture3"},
				"down": {"uv": [8.5, 10.5, 11.5, 11], "texture": "#texture3"}
			}
		}
	],
	"display": {
		"thirdperson_righthand": {
			"rotation": [0, -90, 0],
			"translation": [-1.141, 1.75, -1.0534],
			"scale": [0.3739, 0.4782, 0.4173]
		},
		"thirdperson_lefthand": {
			"rotation": [0, 90, 0],
			"translation": [1.109, 1.75, -1.0534],
			"scale": [0.3739, 0.4782, 0.4173]
		},
		"firstperson_righthand": {
			"rotation": [0, -90, 0],
			"translation": [1.807, 2.1739, -6.955],
			"scale": [1.2434, 0.8956, 0.7565]
		},
		"firstperson_lefthand": {
			"rotation": [0, 105, 0],
			"translation": [8.057, 2.1739, -6.955],
			"scale": [1.2434, 0.8956, 0.7565]
		},
		"ground": {
			"rotation": [90, 0, 0],
			"scale": [0.7565, 1, 0.5826]
		},
		"gui": {
			"rotation": [43, 56, 0],
			"translation": [2.0869, 0, 0],
			"scale": [0.4086, 0.4086, 0.3043]
		},
		"head": {
			"translation": [0, 4.5, 2],
			"scale": [0.8, 0.8, 0.8]
		},
		"fixed": {
			"translation": [3.4782, 0, 1],
			"scale": [0.6521, 0.6869, 0.4782]
		}
	}
}