{
	"credit": "Made with Blockbench",
	"texture_size": [32, 32],
	"textures": {
		"0": "item/zombie_soaker",
		"particle": "item/zombie_soaker"
	},
	"elements": [
		{
			"from": [7, 2, 6],
			"to": [9, 4, 13],
			"rotation": {"angle": 0, "axis": "y", "origin": [0, -4, 2]},
			"faces": {
				"north": {"uv": [3.5, 8.5, 4.5, 9.5], "texture": "#0"},
				"east": {"uv": [0, 8.5, 3.5, 9.5], "texture": "#0"},
				"south": {"uv": [8, 8.5, 9, 9.5], "texture": "#0"},
				"west": {"uv": [4.5, 8.5, 8, 9.5], "texture": "#0"},
				"up": {"uv": [4.5, 8.5, 3.5, 5], "texture": "#0"},
				"down": {"uv": [5.5, 5, 4.5, 8.5], "texture": "#0"}
			}
		},
		{
			"from": [7.5, 3, 13],
			"to": [8.5, 4, 15],
			"rotation": {"angle": 0, "axis": "y", "origin": [0, -4, 2]},
			"faces": {
				"north": {"uv": [7.5, 1, 8, 1.5], "texture": "#0"},
				"east": {"uv": [6.5, 1, 7.5, 1.5], "texture": "#0"},
				"south": {"uv": [9, 1, 9.5, 1.5], "texture": "#0"},
				"west": {"uv": [8, 1, 9, 1.5], "texture": "#0"},
				"up": {"uv": [8, 1, 7.5, 0], "texture": "#0"},
				"down": {"uv": [8.5, 0, 8, 1], "texture": "#0"}
			}
		},
		{
			"from": [7.5, 2, 15],
			"to": [8.5, 4, 17],
			"rotation": {"angle": 0, "axis": "y", "origin": [0, -4, 2]},
			"faces": {
				"north": {"uv": [1, 6, 1.5, 7], "texture": "#0"},
				"east": {"uv": [0, 6, 1, 7], "texture": "#0"},
				"south": {"uv": [2.5, 6, 3, 7], "texture": "#0"},
				"west": {"uv": [1.5, 6, 2.5, 7], "texture": "#0"},
				"up": {"uv": [1.5, 6, 1, 5], "texture": "#0"},
				"down": {"uv": [2, 5, 1.5, 6], "texture": "#0"}
			}
		},
		{
			"from": [6.5, 4, 8],
			"to": [9.5, 7, 14],
			"rotation": {"angle": 0, "axis": "y", "origin": [0, -4, 2]},
			"faces": {
				"north": {"uv": [3, 3, 4.5, 4.5], "texture": "#0"},
				"east": {"uv": [0, 3, 3, 4.5], "texture": "#0"},
				"south": {"uv": [7.5, 3, 9, 4.5], "texture": "#0"},
				"west": {"uv": [4.5, 3, 7.5, 4.5], "texture": "#0"},
				"up": {"uv": [4.5, 3, 3, 0], "texture": "#0"},
				"down": {"uv": [6, 0, 4.5, 3], "texture": "#0"}
			}
		},
		{
			"from": [7.5, 2.5, 3],
			"to": [8.5, 3.5, 6],
			"rotation": {"angle": 0, "axis": "y", "origin": [0, -4, 2]},
			"faces": {
				"north": {"uv": [7.5, 6.5, 8, 7], "texture": "#0"},
				"east": {"uv": [6, 6.5, 7.5, 7], "texture": "#0"},
				"south": {"uv": [9.5, 6.5, 10, 7], "texture": "#0"},
				"west": {"uv": [8, 6.5, 9.5, 7], "texture": "#0"},
				"up": {"uv": [8, 6.5, 7.5, 5], "texture": "#0"},
				"down": {"uv": [8.5, 5, 8, 6.5], "texture": "#0"}
			}
		},
		{
			"from": [7.35, 2.35, 0.85],
			"to": [8.65, 3.65, 3.15],
			"rotation": {"angle": 0, "axis": "y", "origin": [0, -4, 2]},
			"faces": {
				"north": {"uv": [10, 2, 10.5, 2.5], "texture": "#0"},
				"east": {"uv": [9, 2, 10, 2.5], "texture": "#0"},
				"south": {"uv": [11.5, 2, 12, 2.5], "texture": "#0"},
				"west": {"uv": [10.5, 2, 11.5, 2.5], "texture": "#0"},
				"up": {"uv": [10.5, 2, 10, 1], "texture": "#0"},
				"down": {"uv": [11, 1, 10.5, 2], "texture": "#0"}
			}
		},
		{
			"from": [7.5, -1, 12],
			"to": [8.5, 2, 13],
			"rotation": {"angle": -22.5, "axis": "x", "origin": [8, 2, 11]},
			"faces": {
				"north": {"uv": [0.5, 0.5, 1, 2], "texture": "#0"},
				"east": {"uv": [0, 0.5, 0.5, 2], "texture": "#0"},
				"south": {"uv": [1.5, 0.5, 2, 2], "texture": "#0"},
				"west": {"uv": [1, 0.5, 1.5, 2], "texture": "#0"},
				"up": {"uv": [1, 0.5, 0.5, 0], "texture": "#0"},
				"down": {"uv": [1.5, 0, 1, 0.5], "texture": "#0"}
			}
		},
		{
			"from": [8, 1, 11],
			"to": [8, 2, 13],
			"rotation": {"angle": 0, "axis": "y", "origin": [0, -4, 3]},
			"faces": {
				"north": {"uv": [9.5, 10, 9.5, 10.5], "texture": "#0"},
				"east": {"uv": [8.5, 10, 9.5, 10.5], "texture": "#0"},
				"south": {"uv": [10.5, 10, 10.5, 10.5], "texture": "#0"},
				"west": {"uv": [9.5, 10, 10.5, 10.5], "texture": "#0"},
				"up": {"uv": [9.5, 10, 9.5, 9], "texture": "#0"},
				"down": {"uv": [9.5, 9, 9.5, 10], "texture": "#0"}
			}
		},
		{
			"from": [7.75, 0, 7],
			"to": [8.75, 2, 8],
			"rotation": {"angle": 0, "axis": "y", "origin": [0, -4, 2]},
			"faces": {
				"north": {"uv": [9.5, 5, 10, 6], "texture": "#0"},
				"east": {"uv": [9, 5, 9.5, 6], "texture": "#0"},
				"south": {"uv": [10.5, 5, 11, 6], "texture": "#0"},
				"west": {"uv": [10, 5, 10.5, 6], "texture": "#0"},
				"up": {"uv": [10, 5, 9.5, 4.5], "texture": "#0"},
				"down": {"uv": [10.5, 4.5, 10, 5], "texture": "#0"}
			}
		}
	],
	"display": {
		"thirdperson_righthand": {
			"translation": [0, 6.5, -3.25]
		},
		"thirdperson_lefthand": {
			"translation": [0, 6.5, -3.25]
		},
		"firstperson_righthand": {
			"translation": [-0.62, 6.2, -0.37],
			"scale": [0.8, 0.8, 0.8]
		},
		"firstperson_lefthand": {
			"translation": [-0.62, 6.2, -0.37],
			"scale": [0.8, 0.8, 0.8]
		},
		"ground": {
			"translation": [0, 5.5, 0]
		},
		"gui": {
			"rotation": [30, 225, 0],
			"translation": [0.75, 4.25, 0],
			"scale": [1.31, 1.31, 1.31]
		},
		"head": {
			"rotation": [0, 90, 0],
			"translation": [0, 4.5, 0]
		},
		"fixed": {
			"rotation": [0, 90, 0],
			"translation": [-2, 9, -1],
			"scale": [2, 2, 2]
		}
	}
}