{
	"credit": "Made with Blockbench",
	"texture_size": [32, 32],
	"textures": {
		"0": "item/flame_thrower",
		"particle": "item/flame_thrower"
	},
	"elements": [
		{
			"from": [7, 3, 8],
			"to": [9, 5, 14],
			"rotation": {"angle": 0, "axis": "y", "origin": [0, 2, 0]},
			"faces": {
				"north": {"uv": [3, 11, 4, 12], "texture": "#0"},
				"east": {"uv": [0, 11, 3, 12], "texture": "#0"},
				"south": {"uv": [7, 11, 8, 12], "texture": "#0"},
				"west": {"uv": [4, 11, 7, 12], "texture": "#0"},
				"up": {"uv": [4, 11, 3, 8], "texture": "#0"},
				"down": {"uv": [5, 8, 4, 11], "texture": "#0"}
			}
		},
		{
			"from": [7, 0, 9],
			"to": [9, 3, 11],
			"rotation": {"angle": 0, "axis": "y", "origin": [0, 2, 0]},
			"faces": {
				"north": {"uv": [8.5, 13, 9.5, 14.5], "texture": "#0"},
				"east": {"uv": [7.5, 13, 8.5, 14.5], "texture": "#0"},
				"south": {"uv": [10.5, 13, 11.5, 14.5], "texture": "#0"},
				"west": {"uv": [9.5, 13, 10.5, 14.5], "texture": "#0"},
				"up": {"uv": [9.5, 13, 8.5, 12], "texture": "#0"},
				"down": {"uv": [10.5, 12, 9.5, 13], "texture": "#0"}
			}
		},
		{
			"from": [8, 2, 11],
			"to": [8, 3, 13],
			"rotation": {"angle": 0, "axis": "y", "origin": [0, 2, 0]},
			"faces": {
				"north": {"uv": [4.5, 4.5, 4.5, 5], "texture": "#0"},
				"east": {"uv": [3.5, 4.5, 4.5, 5], "texture": "#0"},
				"south": {"uv": [5.5, 4.5, 5.5, 5], "texture": "#0"},
				"west": {"uv": [4.5, 4.5, 5.5, 5], "texture": "#0"},
				"up": {"uv": [4.5, 4.5, 4.5, 3.5], "texture": "#0"},
				"down": {"uv": [4.5, 3.5, 4.5, 4.5], "texture": "#0"}
			}
		},
		{
			"from": [6.5, 5, 7],
			"to": [9.5, 8, 13],
			"rotation": {"angle": 0, "axis": "y", "origin": [0, 2, 0]},
			"faces": {
				"north": {"uv": [10, 3, 11.5, 4.5], "texture": "#0"},
				"east": {"uv": [7, 3, 10, 4.5], "texture": "#0"},
				"south": {"uv": [14.5, 3, 16, 4.5], "texture": "#0"},
				"west": {"uv": [11.5, 3, 14.5, 4.5], "texture": "#0"},
				"up": {"uv": [11.5, 3, 10, 0], "texture": "#0"},
				"down": {"uv": [13, 0, 11.5, 3], "texture": "#0"}
			}
		},
		{
			"from": [7, 5.5, 5],
			"to": [9, 7.5, 7],
			"rotation": {"angle": 0, "axis": "y", "origin": [0, 2, 1]},
			"faces": {
				"north": {"uv": [13, 13, 14, 14], "texture": "#0"},
				"east": {"uv": [12, 13, 13, 14], "texture": "#0"},
				"south": {"uv": [15, 13, 16, 14], "texture": "#0"},
				"west": {"uv": [14, 13, 15, 14], "texture": "#0"},
				"up": {"uv": [14, 13, 13, 12], "texture": "#0"},
				"down": {"uv": [15, 12, 14, 13], "texture": "#0"}
			}
		},
		{
			"from": [8, 5, 3],
			"to": [8, 7, 5],
			"rotation": {"angle": 0, "axis": "x", "origin": [8, 9, 5]},
			"faces": {
				"north": {"uv": [8, 1, 8, 2], "texture": "#0"},
				"east": {"uv": [7, 1, 8, 2], "texture": "#0"},
				"south": {"uv": [9, 1, 9, 2], "texture": "#0"},
				"west": {"uv": [8, 1, 9, 2], "texture": "#0"},
				"up": {"uv": [8, 1, 8, 0], "texture": "#0"},
				"down": {"uv": [8, 0, 8, 1], "texture": "#0"}
			}
		},
		{
			"from": [7.5, 4, 2],
			"to": [8.5, 5, 8],
			"rotation": {"angle": 0, "axis": "y", "origin": [0, 2, 0]},
			"faces": {
				"north": {"uv": [11.5, 11, 12, 11.5], "texture": "#0"},
				"east": {"uv": [8.5, 11, 11.5, 11.5], "texture": "#0"},
				"south": {"uv": [15, 11, 15.5, 11.5], "texture": "#0"},
				"west": {"uv": [12, 11, 15, 11.5], "texture": "#0"},
				"up": {"uv": [12, 11, 11.5, 8], "texture": "#0"},
				"down": {"uv": [12.5, 8, 12, 11], "texture": "#0"}
			}
		},
		{
			"from": [7.5, 2, 5],
			"to": [8.5, 3, 9],
			"rotation": {"angle": 0, "axis": "y", "origin": [0, 2, 0]},
			"faces": {
				"north": {"uv": [2, 5.5, 2.5, 6], "texture": "#0"},
				"east": {"uv": [0, 5.5, 2, 6], "texture": "#0"},
				"south": {"uv": [4.5, 5.5, 5, 6], "texture": "#0"},
				"west": {"uv": [2.5, 5.5, 4.5, 6], "texture": "#0"},
				"up": {"uv": [2.5, 5.5, 2, 3.5], "texture": "#0"},
				"down": {"uv": [3, 3.5, 2.5, 5.5], "texture": "#0"}
			}
		},
		{
			"from": [7.5, 3, 6],
			"to": [8.5, 4, 7],
			"rotation": {"angle": 0, "axis": "y", "origin": [0, 2, 0]},
			"faces": {
				"north": {"uv": [0.5, 8.5, 1, 9], "texture": "#0"},
				"east": {"uv": [0, 8.5, 0.5, 9], "texture": "#0"},
				"south": {"uv": [1.5, 8.5, 2, 9], "texture": "#0"},
				"west": {"uv": [1, 8.5, 1.5, 9], "texture": "#0"},
				"up": {"uv": [1, 8.5, 0.5, 8], "texture": "#0"},
				"down": {"uv": [1.5, 8, 1, 8.5], "texture": "#0"}
			}
		},
		{
			"from": [7.5, 2, 3],
			"to": [8.5, 4, 4],
			"rotation": {"angle": 0, "axis": "y", "origin": [0, 2, 0]},
			"faces": {
				"north": {"uv": [7.5, 5.5, 8, 6.5], "texture": "#0"},
				"east": {"uv": [7, 5.5, 7.5, 6.5], "texture": "#0"},
				"south": {"uv": [8.5, 5.5, 9, 6.5], "texture": "#0"},
				"west": {"uv": [8, 5.5, 8.5, 6.5], "texture": "#0"},
				"up": {"uv": [8, 5.5, 7.5, 5], "texture": "#0"},
				"down": {"uv": [8.5, 5, 8, 5.5], "texture": "#0"}
			}
		},
		{
			"from": [8, 2, -5],
			"to": [8, 4, 8],
			"rotation": {"angle": 0, "axis": "y", "origin": [0, 2, 0]},
			"faces": {
				"north": {"uv": [6.5, 6.5, 6.5, 7.5], "texture": "#0"},
				"east": {"uv": [0, 6.5, 6.5, 7.5], "texture": "#0"},
				"south": {"uv": [13, 6.5, 13, 7.5], "texture": "#0"},
				"west": {"uv": [6.5, 6.5, 13, 7.5], "texture": "#0"},
				"up": {"uv": [6.5, 6.5, 6.5, 0], "texture": "#0"},
				"down": {"uv": [6.5, 0, 6.5, 6.5], "texture": "#0"}
			}
		},
		{
			"from": [7, 3.5, -2],
			"to": [9, 5.5, 2],
			"rotation": {"angle": 0, "axis": "y", "origin": [0, 2, 0]},
			"faces": {
				"north": {"uv": [2, 2, 3, 3], "texture": "#0"},
				"east": {"uv": [0, 2, 2, 3], "texture": "#0"},
				"south": {"uv": [5, 2, 6, 3], "texture": "#0"},
				"west": {"uv": [3, 2, 5, 3], "texture": "#0"},
				"up": {"uv": [3, 2, 2, 0], "texture": "#0"},
				"down": {"uv": [4, 0, 3, 2], "texture": "#0"}
			}
		},
		{
			"from": [7.5, 3, 14],
			"to": [8.5, 4, 18],
			"rotation": {"angle": 0, "axis": "y", "origin": [0, 2, 0]},
			"faces": {
				"north": {"uv": [7.5, 10, 8, 10.5], "texture": "#0"},
				"east": {"uv": [5.5, 10, 7.5, 10.5], "texture": "#0"},
				"south": {"uv": [10, 10, 10.5, 10.5], "texture": "#0"},
				"west": {"uv": [8, 10, 10, 10.5], "texture": "#0"},
				"up": {"uv": [8, 10, 7.5, 8], "texture": "#0"},
				"down": {"uv": [8.5, 8, 8, 10], "texture": "#0"}
			}
		},
		{
			"from": [7.5, 2, 15],
			"to": [8.5, 3, 18],
			"rotation": {"angle": 0, "axis": "y", "origin": [0, 2, 0]},
			"faces": {
				"north": {"uv": [1.5, 14, 2, 14.5], "texture": "#0"},
				"east": {"uv": [0, 14, 1.5, 14.5], "texture": "#0"},
				"south": {"uv": [3.5, 14, 4, 14.5], "texture": "#0"},
				"west": {"uv": [2, 14, 3.5, 14.5], "texture": "#0"},
				"up": {"uv": [2, 14, 1.5, 12.5], "texture": "#0"},
				"down": {"uv": [2.5, 12.5, 2, 14], "texture": "#0"}
			}
		}
	],
	"display": {
		"thirdperson_righthand": {
			"translation": [0, 6, -2.25]
		},
		"thirdperson_lefthand": {
			"translation": [0, 6, -2.25]
		},
		"firstperson_righthand": {
			"translation": [-0.62, 5.45, 0.88],
			"scale": [0.8, 0.8, 0.8]
		},
		"firstperson_lefthand": {
			"translation": [-0.62, 5.45, 0.88],
			"scale": [0.8, 0.8, 0.8]
		},
		"ground": {
			"translation": [0, 5, 0]
		},
		"gui": {
			"rotation": [30, 225, 0],
			"translation": [-0.86, 3.75, 0],
			"scale": [0.965, 0.965, 0.965]
		},
		"head": {
			"rotation": [0, 90, 0],
			"translation": [0, 4.5, 0]
		},
		"fixed": {
			"rotation": [0, 90, 0],
			"translation": [1, 8, -1],
			"scale": [2, 2, 2]
		}
	}
}