{
	"credit": "Made By Ubalube",
	"textures": {
		"texture": "guns/alien_metal",
		"texture1": "guns/alien_copper",
		"texture2": "guns/alien_red",
		"texture3": "guns/alien_metal_2",
		"texture4": "guns/alien_metal_3",
		"texture5": "guns/alien_spikes",
		"texture6": "guns/alien_spikes_glowing",
		"texture7": "guns/alien_steel",
		"particle": "blocks/e_particle"
	},
	"elements": [
		{
			"name": "Box1",
			"from": [-12.5, 5.5, 5.5],
			"to": [-1, 6.5, 7],
			"faces": {
				"north": {"uv": [1, 9.5, 12.5, 10.5], "texture": "#texture4"},
				"east": {"uv": [9, 9.5, 10.5, 10.5], "texture": "#texture4"},
				"south": {"uv": [3.5, 9.5, 15, 10.5], "texture": "#texture4"},
				"west": {"uv": [5.5, 9.5, 7, 10.5], "texture": "#texture4"},
				"up": {"uv": [3.5, 5.5, 15, 7], "texture": "#texture4"},
				"down": {"uv": [3.5, 9, 15, 10.5], "texture": "#texture4"}
			}
		},
		{
			"name": "Box2",
			"from": [-9.5, 4.5, 5.5],
			"to": [-1, 5.5, 7],
			"faces": {
				"north": {"uv": [1, 10.5, 9.5, 11.5], "texture": "#texture4"},
				"east": {"uv": [9, 10.5, 10.5, 11.5], "texture": "#texture4"},
				"south": {"uv": [6.5, 10.5, 15, 11.5], "texture": "#texture4"},
				"west": {"uv": [5.5, 10.5, 7, 11.5], "texture": "#texture4"},
				"up": {"uv": [6.5, 5.5, 15, 7], "texture": "#texture4"},
				"down": {"uv": [6.5, 9, 15, 10.5], "texture": "#texture4"}
			}
		},
		{
			"name": "Box3",
			"from": [-9, 5, 7],
			"to": [-1, 6.5, 7.5],
			"faces": {
				"north": {"uv": [1, 9.5, 9, 11], "texture": "#texture"},
				"east": {"uv": [8.5, 9.5, 9, 11], "texture": "#texture"},
				"south": {"uv": [7, 9.5, 15, 11], "texture": "#texture"},
				"west": {"uv": [7, 9.5, 7.5, 11], "texture": "#texture"},
				"up": {"uv": [7, 7, 15, 7.5], "texture": "#texture"},
				"down": {"uv": [7, 8.5, 15, 9], "texture": "#texture"}
			}
		},
		{
			"name": "Box3",
			"from": [-9, 5, 7],
			"to": [-1, 6.5, 7.5],
			"faces": {
				"north": {"uv": [1, 9.5, 9, 11], "texture": "#texture"},
				"east": {"uv": [8.5, 9.5, 9, 11], "texture": "#texture"},
				"south": {"uv": [7, 9.5, 15, 11], "texture": "#texture"},
				"west": {"uv": [7, 9.5, 7.5, 11], "texture": "#texture"},
				"up": {"uv": [7, 7, 15, 7.5], "texture": "#texture"},
				"down": {"uv": [7, 8.5, 15, 9], "texture": "#texture"}
			}
		},
		{
			"name": "Box3",
			"from": [-9, 5, 5],
			"to": [-1, 6.5, 5.5],
			"faces": {
				"north": {"uv": [1, 9.5, 9, 11], "texture": "#texture"},
				"east": {"uv": [10.5, 9.5, 11, 11], "texture": "#texture"},
				"south": {"uv": [7, 9.5, 15, 11], "texture": "#texture"},
				"west": {"uv": [5, 9.5, 5.5, 11], "texture": "#texture"},
				"up": {"uv": [7, 5, 15, 5.5], "texture": "#texture"},
				"down": {"uv": [7, 10.5, 15, 11], "texture": "#texture"}
			}
		},
		{
			"name": "Box6",
			"from": [-13, 5, 5.75],
			"to": [-12.5, 7, 6.75],
			"faces": {
				"north": {"uv": [12.5, 9, 13, 11], "texture": "#texture4"},
				"east": {"uv": [9.25, 9, 10.25, 11], "texture": "#texture4"},
				"south": {"uv": [3, 9, 3.5, 11], "texture": "#texture4"},
				"west": {"uv": [5.75, 9, 6.75, 11], "texture": "#texture4"},
				"up": {"uv": [3, 5.75, 3.5, 6.75], "texture": "#texture4"},
				"down": {"uv": [3, 9.25, 3.5, 10.25], "texture": "#texture4"}
			}
		},
		{
			"name": "Box6",
			"from": [-13, 8.5, 5.75],
			"to": [-12.5, 10.5, 6.75],
			"faces": {
				"north": {"uv": [12.5, 5.5, 13, 7.5], "texture": "#texture4"},
				"east": {"uv": [9.25, 5.5, 10.25, 7.5], "texture": "#texture4"},
				"south": {"uv": [3, 5.5, 3.5, 7.5], "texture": "#texture4"},
				"west": {"uv": [5.75, 5.5, 6.75, 7.5], "texture": "#texture4"},
				"up": {"uv": [3, 5.75, 3.5, 6.75], "texture": "#texture4"},
				"down": {"uv": [3, 9.25, 3.5, 10.25], "texture": "#texture4"}
			}
		},
		{
			"name": "Box1",
			"from": [-12.5, 9, 5.5],
			"to": [-1, 10, 7],
			"faces": {
				"north": {"uv": [1, 6, 12.5, 7], "texture": "#texture4"},
				"east": {"uv": [9, 6, 10.5, 7], "texture": "#texture4"},
				"south": {"uv": [3.5, 6, 15, 7], "texture": "#texture4"},
				"west": {"uv": [5.5, 6, 7, 7], "texture": "#texture4"},
				"up": {"uv": [3.5, 5.5, 15, 7], "texture": "#texture4"},
				"down": {"uv": [3.5, 9, 15, 10.5], "texture": "#texture4"}
			}
		},
		{
			"name": "Box2",
			"from": [-9.5, 10, 5.5],
			"to": [-1, 11, 7],
			"faces": {
				"north": {"uv": [1, 5, 9.5, 6], "texture": "#texture4"},
				"east": {"uv": [9, 5, 10.5, 6], "texture": "#texture4"},
				"south": {"uv": [6.5, 5, 15, 6], "texture": "#texture4"},
				"west": {"uv": [5.5, 5, 7, 6], "texture": "#texture4"},
				"up": {"uv": [6.5, 5.5, 15, 7], "texture": "#texture4"},
				"down": {"uv": [6.5, 9, 15, 10.5], "texture": "#texture4"}
			}
		},
		{
			"name": "Box3",
			"from": [-9, 9, 7],
			"to": [-1, 10.5, 7.5],
			"faces": {
				"north": {"uv": [1, 5.5, 9, 7], "texture": "#texture"},
				"east": {"uv": [8.5, 5.5, 9, 7], "texture": "#texture"},
				"south": {"uv": [7, 5.5, 15, 7], "texture": "#texture"},
				"west": {"uv": [7, 5.5, 7.5, 7], "texture": "#texture"},
				"up": {"uv": [7, 7, 15, 7.5], "texture": "#texture"},
				"down": {"uv": [7, 8.5, 15, 9], "texture": "#texture"}
			}
		},
		{
			"name": "Box3",
			"from": [-9, 9, 5],
			"to": [-1, 10.5, 5.5],
			"faces": {
				"north": {"uv": [1, 5.5, 9, 7], "texture": "#texture"},
				"east": {"uv": [10.5, 5.5, 11, 7], "texture": "#texture"},
				"south": {"uv": [7, 5.5, 15, 7], "texture": "#texture"},
				"west": {"uv": [5, 5.5, 5.5, 7], "texture": "#texture"},
				"up": {"uv": [7, 5, 15, 5.5], "texture": "#texture"},
				"down": {"uv": [7, 10.5, 15, 11], "texture": "#texture"}
			}
		},
		{
			"name": "Box12",
			"from": [-12, 6.5, 5.75],
			"to": [-11.5, 7.5, 6.75],
			"rotation": {"angle": -22.5, "axis": "z", "origin": [-12, 6.5, 5.75]},
			"faces": {
				"north": {"uv": [11.5, 8.5, 12, 9.5], "texture": "#texture5"},
				"east": {"uv": [9.5, 8.5, 10.5, 9.5], "texture": "#texture5"},
				"south": {"uv": [4, 8.5, 4.5, 9.5], "texture": "#texture5"},
				"west": {"uv": [5.5, 8.5, 6.5, 9.5], "texture": "#texture5"},
				"up": {"uv": [4, 5.5, 4.5, 6.5], "texture": "#texture5"},
				"down": {"uv": [4, 9.5, 4.5, 10.5], "texture": "#texture5"}
			}
		},
		{
			"name": "Box12",
			"from": [-11, 6.5, 5.75],
			"to": [-10.5, 7.5, 6.75],
			"rotation": {"angle": -22.5, "axis": "z", "origin": [-11, 6.5, 5.75]},
			"faces": {
				"north": {"uv": [11.5, 8.5, 12, 9.5], "texture": "#texture5"},
				"east": {"uv": [9.5, 8.5, 10.5, 9.5], "texture": "#texture5"},
				"south": {"uv": [4, 8.5, 4.5, 9.5], "texture": "#texture5"},
				"west": {"uv": [5.5, 8.5, 6.5, 9.5], "texture": "#texture5"},
				"up": {"uv": [4, 5.5, 4.5, 6.5], "texture": "#texture5"},
				"down": {"uv": [4, 9.5, 4.5, 10.5], "texture": "#texture5"}
			}
		},
		{
			"name": "Box12",
			"from": [-10, 6.5, 5.75],
			"to": [-9.5, 7.5, 6.75],
			"rotation": {"angle": -22.5, "axis": "z", "origin": [-10, 6.5, 5.75]},
			"faces": {
				"north": {"uv": [11.5, 8.5, 12, 9.5], "texture": "#texture5"},
				"east": {"uv": [9.5, 8.5, 10.5, 9.5], "texture": "#texture5"},
				"south": {"uv": [4, 8.5, 4.5, 9.5], "texture": "#texture5"},
				"west": {"uv": [5.5, 8.5, 6.5, 9.5], "texture": "#texture5"},
				"up": {"uv": [4, 5.5, 4.5, 6.5], "texture": "#texture5"},
				"down": {"uv": [4, 9.5, 4.5, 10.5], "texture": "#texture5"}
			}
		},
		{
			"name": "Box12",
			"from": [-9, 6.5, 5.75],
			"to": [-8.5, 7.5, 6.75],
			"rotation": {"angle": -22.5, "axis": "z", "origin": [-9, 6.5, 5.75]},
			"faces": {
				"north": {"uv": [11.5, 8.5, 12, 9.5], "texture": "#texture5"},
				"east": {"uv": [9.5, 8.5, 10.5, 9.5], "texture": "#texture5"},
				"south": {"uv": [4, 8.5, 4.5, 9.5], "texture": "#texture5"},
				"west": {"uv": [5.5, 8.5, 6.5, 9.5], "texture": "#texture5"},
				"up": {"uv": [4, 5.5, 4.5, 6.5], "texture": "#texture5"},
				"down": {"uv": [4, 9.5, 4.5, 10.5], "texture": "#texture5"}
			}
		},
		{
			"name": "Box12",
			"from": [-8, 6.5, 5.75],
			"to": [-7.5, 7.5, 6.75],
			"rotation": {"angle": -22.5, "axis": "z", "origin": [-8, 6.5, 5.75]},
			"faces": {
				"north": {"uv": [11.5, 8.5, 12, 9.5], "texture": "#texture5"},
				"east": {"uv": [9.5, 8.5, 10.5, 9.5], "texture": "#texture5"},
				"south": {"uv": [4, 8.5, 4.5, 9.5], "texture": "#texture5"},
				"west": {"uv": [5.5, 8.5, 6.5, 9.5], "texture": "#texture5"},
				"up": {"uv": [4, 5.5, 4.5, 6.5], "texture": "#texture5"},
				"down": {"uv": [4, 9.5, 4.5, 10.5], "texture": "#texture5"}
			}
		},
		{
			"name": "Box12",
			"from": [-7, 6.5, 5.75],
			"to": [-6.5, 7.5, 6.75],
			"rotation": {"angle": -22.5, "axis": "z", "origin": [-7, 6.5, 5.75]},
			"faces": {
				"north": {"uv": [11.5, 8.5, 12, 9.5], "texture": "#texture5"},
				"east": {"uv": [9.5, 8.5, 10.5, 9.5], "texture": "#texture5"},
				"south": {"uv": [4, 8.5, 4.5, 9.5], "texture": "#texture5"},
				"west": {"uv": [5.5, 8.5, 6.5, 9.5], "texture": "#texture5"},
				"up": {"uv": [4, 5.5, 4.5, 6.5], "texture": "#texture5"},
				"down": {"uv": [4, 9.5, 4.5, 10.5], "texture": "#texture5"}
			}
		},
		{
			"name": "Box12",
			"from": [-6, 6.5, 5.75],
			"to": [-5.5, 7.5, 6.75],
			"rotation": {"angle": -22.5, "axis": "z", "origin": [-6, 6.5, 5.75]},
			"faces": {
				"north": {"uv": [11.5, 8.5, 12, 9.5], "texture": "#texture5"},
				"east": {"uv": [9.5, 8.5, 10.5, 9.5], "texture": "#texture5"},
				"south": {"uv": [4, 8.5, 4.5, 9.5], "texture": "#texture5"},
				"west": {"uv": [5.5, 8.5, 6.5, 9.5], "texture": "#texture5"},
				"up": {"uv": [4, 5.5, 4.5, 6.5], "texture": "#texture5"},
				"down": {"uv": [4, 9.5, 4.5, 10.5], "texture": "#texture5"}
			}
		},
		{
			"name": "Box12",
			"from": [-5, 6.5, 5.75],
			"to": [-4.5, 7.5, 6.75],
			"rotation": {"angle": -22.5, "axis": "z", "origin": [-5, 6.5, 5.75]},
			"faces": {
				"north": {"uv": [11.5, 8.5, 12, 9.5], "texture": "#texture5"},
				"east": {"uv": [9.5, 8.5, 10.5, 9.5], "texture": "#texture5"},
				"south": {"uv": [4, 8.5, 4.5, 9.5], "texture": "#texture5"},
				"west": {"uv": [5.5, 8.5, 6.5, 9.5], "texture": "#texture5"},
				"up": {"uv": [4, 5.5, 4.5, 6.5], "texture": "#texture5"},
				"down": {"uv": [4, 9.5, 4.5, 10.5], "texture": "#texture5"}
			}
		},
		{
			"name": "Box12",
			"from": [-4, 6.5, 5.75],
			"to": [-3.5, 7.5, 6.75],
			"rotation": {"angle": -22.5, "axis": "z", "origin": [-4, 6.5, 5.75]},
			"faces": {
				"north": {"uv": [11.5, 8.5, 12, 9.5], "texture": "#texture5"},
				"east": {"uv": [9.5, 8.5, 10.5, 9.5], "texture": "#texture5"},
				"south": {"uv": [4, 8.5, 4.5, 9.5], "texture": "#texture5"},
				"west": {"uv": [5.5, 8.5, 6.5, 9.5], "texture": "#texture5"},
				"up": {"uv": [4, 5.5, 4.5, 6.5], "texture": "#texture5"},
				"down": {"uv": [4, 9.5, 4.5, 10.5], "texture": "#texture5"}
			}
		},
		{
			"name": "Box12",
			"from": [-3, 6.5, 5.75],
			"to": [-2.5, 7.5, 6.75],
			"rotation": {"angle": -22.5, "axis": "z", "origin": [-3, 6.5, 5.75]},
			"faces": {
				"north": {"uv": [11.5, 8.5, 12, 9.5], "texture": "#texture5"},
				"east": {"uv": [9.5, 8.5, 10.5, 9.5], "texture": "#texture5"},
				"south": {"uv": [4, 8.5, 4.5, 9.5], "texture": "#texture5"},
				"west": {"uv": [5.5, 8.5, 6.5, 9.5], "texture": "#texture5"},
				"up": {"uv": [4, 5.5, 4.5, 6.5], "texture": "#texture5"},
				"down": {"uv": [4, 9.5, 4.5, 10.5], "texture": "#texture5"}
			}
		},
		{
			"name": "Box12",
			"from": [-2, 6.5, 5.75],
			"to": [-1.5, 7.5, 6.75],
			"rotation": {"angle": -22.5, "axis": "z", "origin": [-2, 6.5, 5.75]},
			"faces": {
				"north": {"uv": [11.5, 8.5, 12, 9.5], "texture": "#texture5"},
				"east": {"uv": [9.5, 8.5, 10.5, 9.5], "texture": "#texture5"},
				"south": {"uv": [4, 8.5, 4.5, 9.5], "texture": "#texture5"},
				"west": {"uv": [5.5, 8.5, 6.5, 9.5], "texture": "#texture5"},
				"up": {"uv": [4, 5.5, 4.5, 6.5], "texture": "#texture5"},
				"down": {"uv": [4, 9.5, 4.5, 10.5], "texture": "#texture5"}
			}
		},
		{
			"name": "Box12",
			"from": [-12, 8, 5.75],
			"to": [-11.5, 9, 6.75],
			"rotation": {"angle": 22.5, "axis": "z", "origin": [-12, 9, 6.75]},
			"faces": {
				"north": {"uv": [4.5, 9.5, 4, 8.5], "texture": "#texture5"},
				"east": {"uv": [9.5, 8.5, 10.5, 9.5], "rotation": 180, "texture": "#texture5"},
				"south": {"uv": [12, 9.5, 11.5, 8.5], "texture": "#texture5"},
				"west": {"uv": [5.5, 8.5, 6.5, 9.5], "rotation": 180, "texture": "#texture5"},
				"up": {"uv": [4, 9.5, 4.5, 10.5], "texture": "#texture5"},
				"down": {"uv": [4, 5.5, 4.5, 6.5], "texture": "#texture5"}
			}
		},
		{
			"name": "Box12",
			"from": [-11, 8, 5.75],
			"to": [-10.5, 9, 6.75],
			"rotation": {"angle": 22.5, "axis": "z", "origin": [-11, 9, 6.75]},
			"faces": {
				"north": {"uv": [4.5, 9.5, 4, 8.5], "texture": "#texture5"},
				"east": {"uv": [9.5, 8.5, 10.5, 9.5], "rotation": 180, "texture": "#texture5"},
				"south": {"uv": [12, 9.5, 11.5, 8.5], "texture": "#texture5"},
				"west": {"uv": [5.5, 8.5, 6.5, 9.5], "rotation": 180, "texture": "#texture5"},
				"up": {"uv": [4, 9.5, 4.5, 10.5], "texture": "#texture5"},
				"down": {"uv": [4, 5.5, 4.5, 6.5], "texture": "#texture5"}
			}
		},
		{
			"name": "Box12",
			"from": [-10, 8, 5.75],
			"to": [-9.5, 9, 6.75],
			"rotation": {"angle": 22.5, "axis": "z", "origin": [-10, 9, 6.75]},
			"faces": {
				"north": {"uv": [4.5, 9.5, 4, 8.5], "texture": "#texture5"},
				"east": {"uv": [9.5, 8.5, 10.5, 9.5], "rotation": 180, "texture": "#texture5"},
				"south": {"uv": [12, 9.5, 11.5, 8.5], "texture": "#texture5"},
				"west": {"uv": [5.5, 8.5, 6.5, 9.5], "rotation": 180, "texture": "#texture5"},
				"up": {"uv": [4, 9.5, 4.5, 10.5], "texture": "#texture5"},
				"down": {"uv": [4, 5.5, 4.5, 6.5], "texture": "#texture5"}
			}
		},
		{
			"name": "Box12",
			"from": [-9, 8, 5.75],
			"to": [-8.5, 9, 6.75],
			"rotation": {"angle": 22.5, "axis": "z", "origin": [-9, 9, 6.75]},
			"faces": {
				"north": {"uv": [4.5, 9.5, 4, 8.5], "texture": "#texture5"},
				"east": {"uv": [9.5, 8.5, 10.5, 9.5], "rotation": 180, "texture": "#texture5"},
				"south": {"uv": [12, 9.5, 11.5, 8.5], "texture": "#texture5"},
				"west": {"uv": [5.5, 8.5, 6.5, 9.5], "rotation": 180, "texture": "#texture5"},
				"up": {"uv": [4, 9.5, 4.5, 10.5], "texture": "#texture5"},
				"down": {"uv": [4, 5.5, 4.5, 6.5], "texture": "#texture5"}
			}
		},
		{
			"name": "Box12",
			"from": [-8, 8, 5.75],
			"to": [-7.5, 9, 6.75],
			"rotation": {"angle": 22.5, "axis": "z", "origin": [-8, 9, 6.75]},
			"faces": {
				"north": {"uv": [4.5, 9.5, 4, 8.5], "texture": "#texture5"},
				"east": {"uv": [9.5, 8.5, 10.5, 9.5], "rotation": 180, "texture": "#texture5"},
				"south": {"uv": [12, 9.5, 11.5, 8.5], "texture": "#texture5"},
				"west": {"uv": [5.5, 8.5, 6.5, 9.5], "rotation": 180, "texture": "#texture5"},
				"up": {"uv": [4, 9.5, 4.5, 10.5], "texture": "#texture5"},
				"down": {"uv": [4, 5.5, 4.5, 6.5], "texture": "#texture5"}
			}
		},
		{
			"name": "Box12",
			"from": [-7, 8, 5.75],
			"to": [-6.5, 9, 6.75],
			"rotation": {"angle": 22.5, "axis": "z", "origin": [-7, 9, 6.75]},
			"faces": {
				"north": {"uv": [4.5, 9.5, 4, 8.5], "texture": "#texture5"},
				"east": {"uv": [9.5, 8.5, 10.5, 9.5], "rotation": 180, "texture": "#texture5"},
				"south": {"uv": [12, 9.5, 11.5, 8.5], "texture": "#texture5"},
				"west": {"uv": [5.5, 8.5, 6.5, 9.5], "rotation": 180, "texture": "#texture5"},
				"up": {"uv": [4, 9.5, 4.5, 10.5], "texture": "#texture5"},
				"down": {"uv": [4, 5.5, 4.5, 6.5], "texture": "#texture5"}
			}
		},
		{
			"name": "Box12",
			"from": [-6, 8, 5.75],
			"to": [-5.5, 9, 6.75],
			"rotation": {"angle": 22.5, "axis": "z", "origin": [-6, 9, 6.75]},
			"faces": {
				"north": {"uv": [4.5, 9.5, 4, 8.5], "texture": "#texture5"},
				"east": {"uv": [9.5, 8.5, 10.5, 9.5], "rotation": 180, "texture": "#texture5"},
				"south": {"uv": [12, 9.5, 11.5, 8.5], "texture": "#texture5"},
				"west": {"uv": [5.5, 8.5, 6.5, 9.5], "rotation": 180, "texture": "#texture5"},
				"up": {"uv": [4, 9.5, 4.5, 10.5], "texture": "#texture5"},
				"down": {"uv": [4, 5.5, 4.5, 6.5], "texture": "#texture5"}
			}
		},
		{
			"name": "Box12",
			"from": [-5, 8, 5.75],
			"to": [-4.5, 9, 6.75],
			"rotation": {"angle": 22.5, "axis": "z", "origin": [-5, 9, 6.75]},
			"faces": {
				"north": {"uv": [4.5, 9.5, 4, 8.5], "texture": "#texture5"},
				"east": {"uv": [9.5, 8.5, 10.5, 9.5], "rotation": 180, "texture": "#texture5"},
				"south": {"uv": [12, 9.5, 11.5, 8.5], "texture": "#texture5"},
				"west": {"uv": [5.5, 8.5, 6.5, 9.5], "rotation": 180, "texture": "#texture5"},
				"up": {"uv": [4, 9.5, 4.5, 10.5], "texture": "#texture5"},
				"down": {"uv": [4, 5.5, 4.5, 6.5], "texture": "#texture5"}
			}
		},
		{
			"name": "Box12",
			"from": [-4, 8, 5.75],
			"to": [-3.5, 9, 6.75],
			"rotation": {"angle": 22.5, "axis": "z", "origin": [-4, 9, 6.75]},
			"faces": {
				"north": {"uv": [4.5, 9.5, 4, 8.5], "texture": "#texture5"},
				"east": {"uv": [9.5, 8.5, 10.5, 9.5], "rotation": 180, "texture": "#texture5"},
				"south": {"uv": [12, 9.5, 11.5, 8.5], "texture": "#texture5"},
				"west": {"uv": [5.5, 8.5, 6.5, 9.5], "rotation": 180, "texture": "#texture5"},
				"up": {"uv": [4, 9.5, 4.5, 10.5], "texture": "#texture5"},
				"down": {"uv": [4, 5.5, 4.5, 6.5], "texture": "#texture5"}
			}
		},
		{
			"name": "Box12",
			"from": [-3, 8, 5.75],
			"to": [-2.5, 9, 6.75],
			"rotation": {"angle": 22.5, "axis": "z", "origin": [-3, 9, 6.75]},
			"faces": {
				"north": {"uv": [4.5, 9.5, 4, 8.5], "texture": "#texture5"},
				"east": {"uv": [9.5, 8.5, 10.5, 9.5], "rotation": 180, "texture": "#texture5"},
				"south": {"uv": [12, 9.5, 11.5, 8.5], "texture": "#texture5"},
				"west": {"uv": [5.5, 8.5, 6.5, 9.5], "rotation": 180, "texture": "#texture5"},
				"up": {"uv": [4, 9.5, 4.5, 10.5], "texture": "#texture5"},
				"down": {"uv": [4, 5.5, 4.5, 6.5], "texture": "#texture5"}
			}
		},
		{
			"name": "Box12",
			"from": [-2, 8, 5.75],
			"to": [-1.5, 9, 6.75],
			"rotation": {"angle": 22.5, "axis": "z", "origin": [-2, 9, 6.75]},
			"faces": {
				"north": {"uv": [4.5, 9.5, 4, 8.5], "texture": "#texture5"},
				"east": {"uv": [9.5, 8.5, 10.5, 9.5], "rotation": 180, "texture": "#texture5"},
				"south": {"uv": [12, 9.5, 11.5, 8.5], "texture": "#texture5"},
				"west": {"uv": [5.5, 8.5, 6.5, 9.5], "rotation": 180, "texture": "#texture5"},
				"up": {"uv": [4, 9.5, 4.5, 10.5], "texture": "#texture5"},
				"down": {"uv": [4, 5.5, 4.5, 6.5], "texture": "#texture5"}
			}
		},
		{
			"name": "Box44",
			"from": [-8.5, 9.25, 7.5],
			"to": [-7.5, 10.25, 10.5],
			"rotation": {"angle": -45, "axis": "x", "origin": [-8.5, 9.25, 7.5]},
			"faces": {
				"north": {"uv": [7.5, 5.5, 8.5, 6.5], "texture": "#texture6"},
				"east": {"uv": [5.5, 5.5, 8.5, 6.5], "texture": "#texture6"},
				"south": {"uv": [7.5, 5.5, 8.5, 6.5], "texture": "#texture6"},
				"west": {"uv": [7.5, 5.5, 10.5, 6.5], "texture": "#texture6"},
				"up": {"uv": [7.5, 7.5, 8.5, 10.5], "texture": "#texture6"},
				"down": {"uv": [7.5, 5.5, 8.5, 8.5], "texture": "#texture6"}
			}
		},
		{
			"name": "Box44",
			"from": [-2.5, 9.25, 7.5],
			"to": [-1.5, 10.25, 10.5],
			"rotation": {"angle": -45, "axis": "x", "origin": [-2.5, 9.25, 7.5]},
			"faces": {
				"north": {"uv": [7.5, 5.5, 8.5, 6.5], "texture": "#texture6"},
				"east": {"uv": [5.5, 5.5, 8.5, 6.5], "texture": "#texture6"},
				"south": {"uv": [7.5, 5.5, 8.5, 6.5], "texture": "#texture6"},
				"west": {"uv": [7.5, 5.5, 10.5, 6.5], "texture": "#texture6"},
				"up": {"uv": [7.5, 7.5, 8.5, 10.5], "texture": "#texture6"},
				"down": {"uv": [7.5, 5.5, 8.5, 8.5], "texture": "#texture6"}
			}
		},
		{
			"name": "Box44",
			"from": [-8.5, 5.25, 7.5],
			"to": [-7.5, 6.25, 10.5],
			"rotation": {"angle": 45, "axis": "x", "origin": [-7.5, 6.25, 7.5]},
			"faces": {
				"north": {"uv": [8.5, 6.5, 7.5, 5.5], "texture": "#texture6"},
				"east": {"uv": [7.5, 5.5, 10.5, 6.5], "rotation": 180, "texture": "#texture6"},
				"south": {"uv": [8.5, 6.5, 7.5, 5.5], "texture": "#texture6"},
				"west": {"uv": [5.5, 5.5, 8.5, 6.5], "rotation": 180, "texture": "#texture6"},
				"up": {"uv": [7.5, 5.5, 8.5, 8.5], "rotation": 180, "texture": "#texture6"},
				"down": {"uv": [7.5, 7.5, 8.5, 10.5], "rotation": 180, "texture": "#texture6"}
			}
		},
		{
			"name": "Box44",
			"from": [-2.5, 5.25, 7.5],
			"to": [-1.5, 6.25, 10.5],
			"rotation": {"angle": 45, "axis": "x", "origin": [-7.5, 6.25, 7.5]},
			"faces": {
				"north": {"uv": [8.5, 6.5, 7.5, 5.5], "texture": "#texture6"},
				"east": {"uv": [7.5, 5.5, 10.5, 6.5], "rotation": 180, "texture": "#texture6"},
				"south": {"uv": [8.5, 6.5, 7.5, 5.5], "texture": "#texture6"},
				"west": {"uv": [5.5, 5.5, 8.5, 6.5], "rotation": 180, "texture": "#texture6"},
				"up": {"uv": [7.5, 5.5, 8.5, 8.5], "rotation": 180, "texture": "#texture6"},
				"down": {"uv": [7.5, 7.5, 8.5, 10.5], "rotation": 180, "texture": "#texture6"}
			}
		},
		{
			"name": "Box44",
			"from": [-2.5, 5.25, 2],
			"to": [-1.5, 6.25, 5],
			"rotation": {"angle": -45, "axis": "x", "origin": [-2.5, 6.25, 5]},
			"faces": {
				"north": {"uv": [8.5, 6.5, 7.5, 5.5], "texture": "#texture6"},
				"east": {"uv": [5.5, 5.5, 8.5, 6.5], "rotation": 180, "texture": "#texture6"},
				"south": {"uv": [8.5, 6.5, 7.5, 5.5], "texture": "#texture6"},
				"west": {"uv": [7.5, 5.5, 10.5, 6.5], "rotation": 180, "texture": "#texture6"},
				"up": {"uv": [7.5, 5.5, 8.5, 8.5], "texture": "#texture6"},
				"down": {"uv": [7.5, 7.5, 8.5, 10.5], "texture": "#texture6"}
			}
		},
		{
			"name": "Box44",
			"from": [-8.5, 5.25, 2],
			"to": [-7.5, 6.25, 5],
			"rotation": {"angle": -45, "axis": "x", "origin": [-2.5, 6.25, 5]},
			"faces": {
				"north": {"uv": [8.5, 6.5, 7.5, 5.5], "texture": "#texture6"},
				"east": {"uv": [5.5, 5.5, 8.5, 6.5], "rotation": 180, "texture": "#texture6"},
				"south": {"uv": [8.5, 6.5, 7.5, 5.5], "texture": "#texture6"},
				"west": {"uv": [7.5, 5.5, 10.5, 6.5], "rotation": 180, "texture": "#texture6"},
				"up": {"uv": [7.5, 5.5, 8.5, 8.5], "texture": "#texture6"},
				"down": {"uv": [7.5, 7.5, 8.5, 10.5], "texture": "#texture6"}
			}
		},
		{
			"name": "Box44",
			"from": [-2.5, 9.25, 5],
			"to": [-1.5, 12.25, 6],
			"rotation": {"angle": -45, "axis": "x", "origin": [-1.5, 9.25, 5]},
			"faces": {
				"north": {"uv": [7.5, 5.5, 8.5, 8.5], "texture": "#texture6"},
				"east": {"uv": [7.5, 5.5, 10.5, 6.5], "rotation": 270, "texture": "#texture6"},
				"south": {"uv": [8.5, 10.5, 7.5, 7.5], "texture": "#texture6"},
				"west": {"uv": [5.5, 5.5, 8.5, 6.5], "rotation": 90, "texture": "#texture6"},
				"up": {"uv": [7.5, 5.5, 8.5, 6.5], "rotation": 180, "texture": "#texture6"},
				"down": {"uv": [8.5, 6.5, 7.5, 5.5], "rotation": 180, "texture": "#texture6"}
			}
		},
		{
			"name": "Box44",
			"from": [-8.5, 9.25, 5],
			"to": [-7.5, 12.25, 6],
			"rotation": {"angle": -45, "axis": "x", "origin": [-1.5, 9.25, 5]},
			"faces": {
				"north": {"uv": [7.5, 5.5, 8.5, 8.5], "texture": "#texture6"},
				"east": {"uv": [7.5, 5.5, 10.5, 6.5], "rotation": 270, "texture": "#texture6"},
				"south": {"uv": [8.5, 10.5, 7.5, 7.5], "texture": "#texture6"},
				"west": {"uv": [5.5, 5.5, 8.5, 6.5], "rotation": 90, "texture": "#texture6"},
				"up": {"uv": [7.5, 5.5, 8.5, 6.5], "rotation": 180, "texture": "#texture6"},
				"down": {"uv": [8.5, 6.5, 7.5, 5.5], "rotation": 180, "texture": "#texture6"}
			}
		},
		{
			"name": "Box52",
			"from": [-1, 5, 5.25],
			"to": [5, 6.5, 7.25],
			"faces": {
				"north": {"uv": [11, 9.5, 16, 11], "texture": "#texture"},
				"east": {"uv": [8.75, 9.5, 10.75, 11], "texture": "#texture"},
				"south": {"uv": [0, 9.5, 5, 11], "texture": "#texture"},
				"west": {"uv": [5.25, 9.5, 7.25, 11], "texture": "#texture"},
				"up": {"uv": [0, 5.25, 5, 7.25], "texture": "#texture"},
				"down": {"uv": [0, 8.75, 5, 10.75], "texture": "#texture"}
			}
		},
		{
			"name": "Box52",
			"from": [-1, 9, 5.25],
			"to": [5, 10.5, 7.25],
			"faces": {
				"north": {"uv": [11, 5.5, 16, 7], "texture": "#texture"},
				"east": {"uv": [8.75, 5.5, 10.75, 7], "texture": "#texture"},
				"south": {"uv": [0, 5.5, 5, 7], "texture": "#texture"},
				"west": {"uv": [5.25, 5.5, 7.25, 7], "texture": "#texture"},
				"up": {"uv": [0, 5.25, 5, 7.25], "texture": "#texture"},
				"down": {"uv": [0, 8.75, 5, 10.75], "texture": "#texture"}
			}
		},
		{
			"name": "Box54",
			"from": [-1, 6.5, 5.75],
			"to": [0, 7.5, 6.75],
			"rotation": {"angle": -22.5, "axis": "z", "origin": [-1, 6.5, 5.75]},
			"faces": {
				"north": {"uv": [1, 9.5, 0, 8.5], "rotation": 180, "texture": "#texture"},
				"east": {"uv": [1, 8.5, 2, 9.5], "texture": "#texture"},
				"south": {"uv": [16, 9.5, 15, 8.5], "rotation": 180, "texture": "#texture"},
				"west": {"uv": [14, 8.5, 15, 9.5], "texture": "#texture"},
				"up": {"uv": [16, 15, 15, 14], "rotation": 180, "texture": "#texture"},
				"down": {"uv": [16, 2, 15, 1], "rotation": 180, "texture": "#texture"}
			}
		},
		{
			"name": "Box54",
			"from": [-0.625, 7.375, 5.75],
			"to": [0.375, 8.375, 6.75],
			"rotation": {"angle": -45, "axis": "z", "origin": [-0.625, 7.375, 5.75]},
			"faces": {
				"north": {"uv": [1, 9.5, 0, 8.5], "rotation": 180, "texture": "#texture"},
				"east": {"uv": [1, 8.5, 2, 9.5], "texture": "#texture"},
				"south": {"uv": [16, 9.5, 15, 8.5], "rotation": 180, "texture": "#texture"},
				"west": {"uv": [14, 8.5, 15, 9.5], "texture": "#texture"},
				"up": {"uv": [16, 15, 15, 14], "rotation": 180, "texture": "#texture"},
				"down": {"uv": [16, 2, 15, 1], "rotation": 180, "texture": "#texture"}
			}
		},
		{
			"name": "Box54",
			"from": [-0.125, 7.375, 5.75],
			"to": [0.875, 9.375, 6.75],
			"faces": {
				"north": {"uv": [1, 9.5, 0, 8.5], "rotation": 180, "texture": "#texture"},
				"east": {"uv": [1, 8.5, 2, 9.5], "texture": "#texture"},
				"south": {"uv": [16, 9.5, 15, 8.5], "rotation": 180, "texture": "#texture"},
				"west": {"uv": [14, 8.5, 15, 9.5], "texture": "#texture"},
				"up": {"uv": [16, 15, 15, 14], "rotation": 180, "texture": "#texture"},
				"down": {"uv": [16, 2, 15, 1], "rotation": 180, "texture": "#texture"}
			}
		},
		{
			"name": "Box57",
			"from": [0, 6.5, 5.5],
			"to": [1, 9, 7],
			"faces": {
				"north": {"uv": [15, 7, 16, 9.5], "texture": "#texture"},
				"east": {"uv": [9, 7, 10.5, 9.5], "texture": "#texture"},
				"south": {"uv": [0, 7, 1, 9.5], "texture": "#texture"},
				"west": {"uv": [5.5, 7, 7, 9.5], "texture": "#texture"},
				"up": {"uv": [0, 5.5, 1, 7], "texture": "#texture"},
				"down": {"uv": [0, 9, 1, 10.5], "texture": "#texture"}
			}
		},
		{
			"name": "Box58",
			"from": [1, 6.5, 5.5],
			"to": [5, 9, 7],
			"faces": {
				"north": {"uv": [11, 7, 15, 9.5], "texture": "#texture"},
				"east": {"uv": [9, 7, 10.5, 9.5], "texture": "#texture"},
				"south": {"uv": [1, 7, 5, 9.5], "texture": "#texture"},
				"west": {"uv": [5.5, 7, 7, 9.5], "texture": "#texture"},
				"up": {"uv": [1, 5.5, 5, 7], "texture": "#texture"},
				"down": {"uv": [1, 9, 5, 10.5], "texture": "#texture"}
			}
		},
		{
			"name": "Box59",
			"from": [0.5, 6.5, 5.25],
			"to": [1.5, 8, 7.25],
			"faces": {
				"north": {"uv": [14.5, 8, 15.5, 9.5], "texture": "#texture"},
				"east": {"uv": [8.75, 8, 10.75, 9.5], "texture": "#texture"},
				"south": {"uv": [0.5, 8, 1.5, 9.5], "texture": "#texture"},
				"west": {"uv": [5.25, 8, 7.25, 9.5], "texture": "#texture"},
				"up": {"uv": [0.5, 5.25, 1.5, 7.25], "texture": "#texture"},
				"down": {"uv": [0.5, 8.75, 1.5, 10.75], "texture": "#texture"}
			}
		},
		{
			"name": "Box59",
			"from": [0.5, 8, 5.25],
			"to": [1.5, 9.5, 7.25],
			"rotation": {"angle": -22.5, "axis": "z", "origin": [0.5, 8, 5.25]},
			"faces": {
				"north": {"uv": [14.5, 6.5, 15.5, 8], "texture": "#texture"},
				"east": {"uv": [9, 6.5, 11, 8], "texture": "#texture"},
				"south": {"uv": [0.5, 6.5, 1.5, 8], "texture": "#texture"},
				"west": {"uv": [5, 6.5, 7, 8], "texture": "#texture"},
				"up": {"uv": [0.5, 5, 1.5, 7], "texture": "#texture"},
				"down": {"uv": [0.5, 9, 1.5, 11], "texture": "#texture"}
			}
		},
		{
			"name": "Box61",
			"from": [2, 1, 5.5],
			"to": [5, 5, 7],
			"faces": {
				"north": {"uv": [11, 11, 14, 15], "texture": "#texture"},
				"east": {"uv": [9, 11, 10.5, 15], "texture": "#texture"},
				"south": {"uv": [2, 11, 5, 15], "texture": "#texture"},
				"west": {"uv": [5.5, 11, 7, 15], "texture": "#texture"},
				"up": {"uv": [2, 5.5, 5, 7], "texture": "#texture"},
				"down": {"uv": [2, 9, 5, 10.5], "texture": "#texture"}
			}
		},
		{
			"name": "Box62",
			"from": [3, -3.5, 5.5],
			"to": [5, 1, 7],
			"faces": {
				"north": {"uv": [11, 15, 13, 16], "texture": "#texture"},
				"east": {"uv": [9, 15, 10.5, 16], "texture": "#texture"},
				"south": {"uv": [3, 15, 5, 16], "texture": "#texture"},
				"west": {"uv": [5.5, 15, 7, 16], "texture": "#texture"},
				"up": {"uv": [3, 5.5, 5, 7], "texture": "#texture"},
				"down": {"uv": [3, 9, 5, 10.5], "texture": "#texture"}
			}
		},
		{
			"name": "Box63",
			"from": [5, -3.5, 5.5],
			"to": [6, 2, 7],
			"faces": {
				"north": {"uv": [10, 14, 11, 16], "texture": "#texture"},
				"east": {"uv": [9, 14, 10.5, 16], "texture": "#texture"},
				"south": {"uv": [5, 14, 6, 16], "texture": "#texture"},
				"west": {"uv": [5.5, 14, 7, 16], "texture": "#texture"},
				"up": {"uv": [5, 5.5, 6, 7], "texture": "#texture"},
				"down": {"uv": [5, 9, 6, 10.5], "texture": "#texture"}
			}
		},
		{
			"name": "Box64",
			"from": [5, 2, 5.75],
			"to": [5.5, 3, 6.75],
			"faces": {
				"north": {"uv": [10.5, 13, 11, 14], "texture": "#texture"},
				"east": {"uv": [9.25, 13, 10.25, 14], "texture": "#texture"},
				"south": {"uv": [5, 13, 5.5, 14], "texture": "#texture"},
				"west": {"uv": [5.75, 13, 6.75, 14], "texture": "#texture"},
				"up": {"uv": [5, 5.75, 5.5, 6.75], "texture": "#texture"},
				"down": {"uv": [5, 9.25, 5.5, 10.25], "texture": "#texture"}
			}
		},
		{
			"name": "Box65",
			"from": [2.5, 0, 5.75],
			"to": [3, 1, 6.75],
			"faces": {
				"north": {"uv": [13, 15, 13.5, 16], "texture": "#texture"},
				"east": {"uv": [9.25, 15, 10.25, 16], "texture": "#texture"},
				"south": {"uv": [2.5, 15, 3, 16], "texture": "#texture"},
				"west": {"uv": [5.75, 15, 6.75, 16], "texture": "#texture"},
				"up": {"uv": [2.5, 5.75, 3, 6.75], "texture": "#texture"},
				"down": {"uv": [2.5, 9.25, 3, 10.25], "texture": "#texture"}
			}
		},
		{
			"name": "Box66",
			"from": [6, -3.5, 5.25],
			"to": [8.5, -2.5, 7.25],
			"rotation": {"angle": 45, "axis": "z", "origin": [6, -3.5, 5.25]},
			"faces": {
				"north": {"uv": [7.5, 2.5, 10, 3.5], "texture": "#texture7"},
				"east": {"uv": [1, 2.5, 2, 3.5], "texture": "#texture7"},
				"south": {"uv": [6, 2.5, 8.5, 3.5], "texture": "#texture7"},
				"west": {"uv": [14, 2.5, 15, 3.5], "texture": "#texture7"},
				"up": {"uv": [6, 14, 8.5, 15], "texture": "#texture7"},
				"down": {"uv": [6, 1, 8.5, 2], "texture": "#texture7"}
			}
		},
		{
			"name": "Box67",
			"from": [6, -2.5, 5.25],
			"to": [7, -0.5, 7.25],
			"faces": {
				"north": {"uv": [9, 0.5, 10, 2.5], "texture": "#texture7"},
				"east": {"uv": [8.75, 0.5, 10.75, 2.5], "texture": "#texture7"},
				"south": {"uv": [6, 0.5, 7, 2.5], "texture": "#texture7"},
				"west": {"uv": [5.25, 0.5, 7.25, 2.5], "texture": "#texture7"},
				"up": {"uv": [6, 5.25, 7, 7.25], "texture": "#texture7"},
				"down": {"uv": [6, 8.75, 7, 10.75], "texture": "#texture7"}
			}
		},
		{
			"name": "Box68",
			"from": [7, -2, 5.25],
			"to": [8, -0.5, 7.25],
			"faces": {
				"north": {"uv": [8, 0.5, 9, 2], "texture": "#texture7"},
				"east": {"uv": [8.75, 0.5, 10.75, 2], "texture": "#texture7"},
				"south": {"uv": [7, 0.5, 8, 2], "texture": "#texture7"},
				"west": {"uv": [5.25, 0.5, 7.25, 2], "texture": "#texture7"},
				"up": {"uv": [7, 5.25, 8, 7.25], "texture": "#texture7"},
				"down": {"uv": [7, 8.75, 8, 10.75], "texture": "#texture7"}
			}
		},
		{
			"name": "Box69",
			"from": [8, -1.5, 5.25],
			"to": [13.5, -0.5, 7.25],
			"rotation": {"angle": 22.5, "axis": "z", "origin": [8, -1.5, 5.25]},
			"faces": {
				"north": {"uv": [2.5, 0.5, 8, 1.5], "texture": "#texture7"},
				"east": {"uv": [1, 0.5, 2, 1.5], "texture": "#texture7"},
				"south": {"uv": [8, 0.5, 13.5, 1.5], "texture": "#texture7"},
				"west": {"uv": [14, 0.5, 15, 1.5], "texture": "#texture7"},
				"up": {"uv": [8, 14, 13.5, 15], "texture": "#texture7"},
				"down": {"uv": [8, 1, 13.5, 2], "texture": "#texture7"}
			}
		},
		{
			"name": "Box70",
			"from": [12.5, 0.5, 5.25],
			"to": [13.5, 5.5, 7.25],
			"faces": {
				"north": {"uv": [2.5, 10.5, 3.5, 15.5], "texture": "#texture7"},
				"east": {"uv": [8.75, 10.5, 10.75, 15.5], "texture": "#texture7"},
				"south": {"uv": [12.5, 10.5, 13.5, 15.5], "texture": "#texture7"},
				"west": {"uv": [5.25, 10.5, 7.25, 15.5], "texture": "#texture7"},
				"up": {"uv": [12.5, 5.25, 13.5, 7.25], "texture": "#texture7"},
				"down": {"uv": [12.5, 8.75, 13.5, 10.75], "texture": "#texture7"}
			}
		},
		{
			"name": "Box71",
			"from": [4.875, 3.625, 5.55],
			"to": [5.875, 4.625, 6.9],
			"faces": {
				"north": {"uv": [10.125, 11.375, 11.125, 12.375], "texture": "#texture1"},
				"east": {"uv": [9, 11.375, 10.5, 12.375], "texture": "#texture1"},
				"south": {"uv": [4.875, 11.375, 5.875, 12.375], "texture": "#texture1"},
				"west": {"uv": [5.5, 11.375, 7, 12.375], "texture": "#texture1"},
				"up": {"uv": [4.875, 5.5, 5.875, 7], "texture": "#texture1"},
				"down": {"uv": [4.875, 9, 5.875, 10.5], "texture": "#texture1"}
			}
		},
		{
			"name": "Box71",
			"from": [5.875, 3.625, 5.55],
			"to": [6.875, 4.625, 6.9],
			"rotation": {"angle": 22.5, "axis": "z", "origin": [5.875, 3.625, 5.55]},
			"faces": {
				"north": {"uv": [9, 11.5, 10, 12.5], "texture": "#texture1"},
				"east": {"uv": [1, 11.5, 2, 12.5], "texture": "#texture1"},
				"south": {"uv": [6, 11.5, 7, 12.5], "texture": "#texture1"},
				"west": {"uv": [14, 11.5, 15, 12.5], "texture": "#texture1"},
				"up": {"uv": [6, 14, 7, 15], "texture": "#texture1"},
				"down": {"uv": [6, 1, 7, 2], "texture": "#texture1"}
			}
		},
		{
			"name": "Box71",
			"from": [6.75, 4, 5.55],
			"to": [7.75, 5, 6.9],
			"rotation": {"angle": 45, "axis": "z", "origin": [6.75, 4, 5.55]},
			"faces": {
				"north": {"uv": [9, 11.5, 10, 12.5], "texture": "#texture1"},
				"east": {"uv": [1, 11.5, 2, 12.5], "texture": "#texture1"},
				"south": {"uv": [6, 11.5, 7, 12.5], "texture": "#texture1"},
				"west": {"uv": [14, 11.5, 15, 12.5], "texture": "#texture1"},
				"up": {"uv": [6, 14, 7, 15], "texture": "#texture1"},
				"down": {"uv": [6, 1, 7, 2], "texture": "#texture1"}
			}
		},
		{
			"name": "Box71",
			"from": [6.375, 4.625, 5.55],
			"to": [7.375, 5.625, 6.9],
			"rotation": {"angle": -22.5, "axis": "z", "origin": [7.375, 4.625, 5.55]},
			"faces": {
				"north": {"uv": [10, 12.5, 9, 11.5], "rotation": 270, "texture": "#texture1"},
				"east": {"uv": [6, 1, 7, 2], "rotation": 270, "texture": "#texture1"},
				"south": {"uv": [7, 12.5, 6, 11.5], "rotation": 90, "texture": "#texture1"},
				"west": {"uv": [7, 15, 6, 14], "rotation": 90, "texture": "#texture1"},
				"up": {"uv": [1, 11.5, 2, 12.5], "rotation": 270, "texture": "#texture1"},
				"down": {"uv": [15, 12.5, 14, 11.5], "rotation": 90, "texture": "#texture1"}
			}
		},
		{
			"name": "Box71",
			"from": [6.75, 5.5, 5.55],
			"to": [7.75, 6.5, 6.9],
			"faces": {
				"north": {"uv": [10, 12.5, 9, 11.5], "rotation": 270, "texture": "#texture1"},
				"east": {"uv": [6, 1, 7, 2], "rotation": 270, "texture": "#texture1"},
				"south": {"uv": [7, 12.5, 6, 11.5], "rotation": 90, "texture": "#texture1"},
				"west": {"uv": [7, 15, 6, 14], "rotation": 90, "texture": "#texture1"},
				"up": {"uv": [1, 11.5, 2, 12.5], "rotation": 270, "texture": "#texture1"},
				"down": {"uv": [15, 12.5, 14, 11.5], "rotation": 90, "texture": "#texture1"}
			}
		},
		{
			"name": "Box76",
			"from": [7, 5.5, 5.5],
			"to": [13.5, 6.5, 7],
			"faces": {
				"north": {"uv": [2.5, 9.5, 9, 10.5], "texture": "#texture7"},
				"east": {"uv": [9, 9.5, 10.5, 10.5], "texture": "#texture7"},
				"south": {"uv": [7, 9.5, 13.5, 10.5], "texture": "#texture7"},
				"west": {"uv": [5.5, 9.5, 7, 10.5], "texture": "#texture7"},
				"up": {"uv": [7, 5.5, 13.5, 7], "texture": "#texture7"},
				"down": {"uv": [7, 9, 13.5, 10.5], "texture": "#texture7"}
			}
		},
		{
			"name": "Box77",
			"from": [9.625, -0.125, 5.5],
			"to": [11.125, 1.375, 7],
			"faces": {
				"north": {"uv": [4.875, 14.625, 6.375, 16], "texture": "#texture7"},
				"east": {"uv": [9, 14.625, 10.5, 16], "texture": "#texture7"},
				"south": {"uv": [9.625, 14.625, 11.125, 16], "texture": "#texture7"},
				"west": {"uv": [5.5, 14.625, 7, 16], "texture": "#texture7"},
				"up": {"uv": [9.625, 5.5, 11.125, 7], "texture": "#texture7"},
				"down": {"uv": [9.625, 9, 11.125, 10.5], "texture": "#texture7"}
			}
		},
		{
			"name": "Box78",
			"from": [9.625, 1.25, 5.5],
			"to": [11.125, 3.25, 7],
			"rotation": {"angle": 22.5, "axis": "z", "origin": [11.125, 1.25, 7]},
			"faces": {
				"north": {"uv": [10, 12.5, 11.5, 14.5], "texture": "#texture7"},
				"east": {"uv": [14, 12.5, 15, 14.5], "texture": "#texture7"},
				"south": {"uv": [4.5, 12.5, 6, 14.5], "texture": "#texture7"},
				"west": {"uv": [1, 12.5, 2, 14.5], "texture": "#texture7"},
				"up": {"uv": [10, 14, 11.5, 15], "rotation": 180, "texture": "#texture7"},
				"down": {"uv": [10, 1, 11.5, 2], "rotation": 180, "texture": "#texture7"}
			}
		},
		{
			"name": "Box79",
			"from": [9.125, 2.25, 5.5],
			"to": [10.625, 3.25, 7],
			"faces": {
				"north": {"uv": [5, 12.5, 6.5, 13.5], "texture": "#texture7"},
				"east": {"uv": [9, 12.5, 10.5, 13.5], "texture": "#texture7"},
				"south": {"uv": [9.5, 12.5, 11, 13.5], "texture": "#texture7"},
				"west": {"uv": [5.5, 12.5, 7, 13.5], "texture": "#texture7"},
				"up": {"uv": [9.5, 5.5, 11, 7], "texture": "#texture7"},
				"down": {"uv": [9.5, 9, 11, 10.5], "texture": "#texture7"}
			}
		},
		{
			"name": "Box80",
			"from": [8.5, 4.5, 5.5],
			"to": [10, 5.5, 7],
			"faces": {
				"north": {"uv": [6, 10.5, 7.5, 11.5], "texture": "#texture7"},
				"east": {"uv": [9, 10.5, 10.5, 11.5], "texture": "#texture7"},
				"south": {"uv": [8.5, 10.5, 10, 11.5], "texture": "#texture7"},
				"west": {"uv": [5.5, 10.5, 7, 11.5], "texture": "#texture7"},
				"up": {"uv": [8.5, 5.5, 10, 7], "texture": "#texture7"},
				"down": {"uv": [8.5, 9, 10, 10.5], "texture": "#texture7"}
			}
		},
		{
			"name": "Box78",
			"from": [9.125, 3.25, 5.5],
			"to": [10.625, 5.25, 7],
			"rotation": {"angle": 22.5, "axis": "z", "origin": [10.625, 3.25, 7]},
			"faces": {
				"north": {"uv": [10, 12.5, 11.5, 14.5], "texture": "#texture7"},
				"east": {"uv": [14, 12.5, 15, 14.5], "texture": "#texture7"},
				"south": {"uv": [4.5, 12.5, 6, 14.5], "texture": "#texture7"},
				"west": {"uv": [1, 12.5, 2, 14.5], "texture": "#texture7"},
				"up": {"uv": [10, 14, 11.5, 15], "rotation": 180, "texture": "#texture7"},
				"down": {"uv": [10, 1, 11.5, 2], "rotation": 180, "texture": "#texture7"}
			}
		},
		{
			"name": "Box82",
			"from": [8.875, 2.75, 5.75],
			"to": [9.875, 3.75, 6.75],
			"rotation": {"angle": 22.5, "axis": "z", "origin": [8.875, 2.75, 5.75]},
			"faces": {
				"north": {"uv": [6.5, 12, 7.5, 13], "texture": "#texture2"},
				"east": {"uv": [1, 12, 2, 13], "texture": "#texture2"},
				"south": {"uv": [8.5, 12, 9.5, 13], "texture": "#texture2"},
				"west": {"uv": [14, 12, 15, 13], "texture": "#texture2"},
				"up": {"uv": [8.5, 14, 9.5, 15], "texture": "#texture2"},
				"down": {"uv": [8.5, 1, 9.5, 2], "texture": "#texture2"}
			}
		},
		{
			"name": "Box83",
			"from": [2.875, -3.5, 5.25],
			"to": [5.875, -2.5, 7.25],
			"faces": {
				"north": {"uv": [10.125, 2.5, 13.125, 3.5], "texture": "#texture7"},
				"east": {"uv": [8.75, 2.5, 10.75, 3.5], "texture": "#texture7"},
				"south": {"uv": [2.875, 2.5, 5.875, 3.5], "texture": "#texture7"},
				"west": {"uv": [5.25, 2.5, 7.25, 3.5], "texture": "#texture7"},
				"up": {"uv": [2.875, 5.25, 5.875, 7.25], "texture": "#texture7"},
				"down": {"uv": [2.875, 8.75, 5.875, 10.75], "texture": "#texture7"}
			}
		},
		{
			"name": "Box84",
			"from": [6.75, 6.5, 5.55],
			"to": [7.75, 7.5, 6.9],
			"rotation": {"angle": 22.5, "axis": "z", "origin": [7.75, 6.5, 6.9]},
			"faces": {
				"north": {"uv": [6.5, 8.5, 7.5, 9.5], "texture": "#texture1"},
				"east": {"uv": [14, 8.5, 15, 9.5], "texture": "#texture1"},
				"south": {"uv": [8.5, 8.5, 9.5, 9.5], "texture": "#texture1"},
				"west": {"uv": [1, 8.5, 2, 9.5], "texture": "#texture1"},
				"up": {"uv": [6.5, 14, 7.5, 15], "rotation": 180, "texture": "#texture1"},
				"down": {"uv": [6.5, 1, 7.5, 2], "rotation": 180, "texture": "#texture1"}
			}
		},
		{
			"name": "Box84",
			"from": [6.375, 7.375, 5.55],
			"to": [7.375, 8.375, 6.9],
			"rotation": {"angle": 45, "axis": "z", "origin": [7.375, 7.375, 6.9]},
			"faces": {
				"north": {"uv": [6.5, 8.5, 7.5, 9.5], "texture": "#texture1"},
				"east": {"uv": [14, 8.5, 15, 9.5], "texture": "#texture1"},
				"south": {"uv": [8.5, 8.5, 9.5, 9.5], "texture": "#texture1"},
				"west": {"uv": [1, 8.5, 2, 9.5], "texture": "#texture1"},
				"up": {"uv": [6.5, 14, 7.5, 15], "rotation": 180, "texture": "#texture1"},
				"down": {"uv": [6.5, 1, 7.5, 2], "rotation": 180, "texture": "#texture1"}
			}
		},
		{
			"name": "Box84",
			"from": [5.75, 7, 5.55],
			"to": [6.75, 8, 6.9],
			"rotation": {"angle": -22.5, "axis": "z", "origin": [6.75, 8, 6.9]},
			"faces": {
				"north": {"uv": [7.5, 9.5, 6.5, 8.5], "rotation": 270, "texture": "#texture1"},
				"east": {"uv": [6.5, 1, 7.5, 2], "rotation": 90, "texture": "#texture1"},
				"south": {"uv": [9.5, 9.5, 8.5, 8.5], "rotation": 90, "texture": "#texture1"},
				"west": {"uv": [7.5, 15, 6.5, 14], "rotation": 270, "texture": "#texture1"},
				"up": {"uv": [14, 8.5, 15, 9.5], "rotation": 270, "texture": "#texture1"},
				"down": {"uv": [2, 9.5, 1, 8.5], "rotation": 90, "texture": "#texture1"}
			}
		},
		{
			"name": "Box87",
			"from": [5, 8, 5.5],
			"to": [12.5, 9.5, 7],
			"faces": {
				"north": {"uv": [3.5, 6.5, 11, 8], "texture": "#texture7"},
				"east": {"uv": [9, 6.5, 10.5, 8], "texture": "#texture7"},
				"south": {"uv": [5, 6.5, 12.5, 8], "texture": "#texture7"},
				"west": {"uv": [5.5, 6.5, 7, 8], "texture": "#texture7"},
				"up": {"uv": [5, 5.5, 12.5, 7], "texture": "#texture7"},
				"down": {"uv": [5, 9, 12.5, 10.5], "texture": "#texture7"}
			}
		},
		{
			"name": "Box84",
			"from": [4.875, 7.375, 5.55],
			"to": [5.875, 8.375, 6.9],
			"faces": {
				"north": {"uv": [7.5, 9.5, 6.5, 8.5], "rotation": 270, "texture": "#texture1"},
				"east": {"uv": [6.5, 1, 7.5, 2], "rotation": 90, "texture": "#texture1"},
				"south": {"uv": [9.5, 9.5, 8.5, 8.5], "rotation": 90, "texture": "#texture1"},
				"west": {"uv": [7.5, 15, 6.5, 14], "rotation": 270, "texture": "#texture1"},
				"up": {"uv": [14, 8.5, 15, 9.5], "rotation": 270, "texture": "#texture1"},
				"down": {"uv": [2, 9.5, 1, 8.5], "rotation": 90, "texture": "#texture1"}
			}
		},
		{
			"name": "Box89",
			"from": [7, 6.5, 5.5],
			"to": [12.5, 8, 7],
			"faces": {
				"north": {"uv": [3.5, 8, 9, 9.5], "texture": "#texture7"},
				"east": {"uv": [9, 8, 10.5, 9.5], "texture": "#texture7"},
				"south": {"uv": [7, 8, 12.5, 9.5], "texture": "#texture7"},
				"west": {"uv": [5.5, 8, 7, 9.5], "texture": "#texture7"},
				"up": {"uv": [7, 5.5, 12.5, 7], "texture": "#texture7"},
				"down": {"uv": [7, 9, 12.5, 10.5], "texture": "#texture7"}
			}
		},
		{
			"name": "Box90",
			"from": [6.5, 7.5, 5.5],
			"to": [7, 8, 7],
			"faces": {
				"north": {"uv": [9, 8, 9.5, 8.5], "texture": "#texture7"},
				"east": {"uv": [9, 8, 10.5, 8.5], "texture": "#texture7"},
				"south": {"uv": [6.5, 8, 7, 8.5], "texture": "#texture7"},
				"west": {"uv": [5.5, 8, 7, 8.5], "texture": "#texture7"},
				"up": {"uv": [6.5, 5.5, 7, 7], "texture": "#texture7"},
				"down": {"uv": [6.5, 9, 7, 10.5], "texture": "#texture7"}
			}
		},
		{
			"name": "Box91",
			"from": [12.5, 6.5, 5.25],
			"to": [13.5, 9.5, 7.25],
			"faces": {
				"north": {"uv": [2.5, 6.5, 3.5, 9.5], "texture": "#texture7"},
				"east": {"uv": [8.75, 6.5, 10.75, 9.5], "texture": "#texture7"},
				"south": {"uv": [12.5, 6.5, 13.5, 9.5], "texture": "#texture7"},
				"west": {"uv": [5.25, 6.5, 7.25, 9.5], "texture": "#texture7"},
				"up": {"uv": [12.5, 5.25, 13.5, 7.25], "texture": "#texture7"},
				"down": {"uv": [12.5, 8.75, 13.5, 10.75], "texture": "#texture7"}
			}
		},
		{
			"name": "Box92",
			"from": [8, 7, 5.25],
			"to": [12.5, 9.5, 7.25],
			"faces": {
				"north": {"uv": [3.5, 6.5, 8, 9], "texture": "#texture7"},
				"east": {"uv": [8.75, 6.5, 10.75, 9], "texture": "#texture7"},
				"south": {"uv": [8, 6.5, 12.5, 9], "texture": "#texture7"},
				"west": {"uv": [5.25, 6.5, 7.25, 9], "texture": "#texture7"},
				"up": {"uv": [8, 5.25, 12.5, 7.25], "texture": "#texture7"},
				"down": {"uv": [8, 8.75, 12.5, 10.75], "texture": "#texture7"}
			}
		},
		{
			"name": "Box93",
			"from": [5, 9.5, 5.5],
			"to": [6, 10.5, 7],
			"rotation": {"angle": 45, "axis": "z", "origin": [5, 9.5, 5.5]},
			"faces": {
				"north": {"uv": [8.5, 5.5, 11, 6.5], "texture": "#texture"},
				"east": {"uv": [1, 5.5, 2, 6.5], "texture": "#texture"},
				"south": {"uv": [5, 5.5, 7.5, 6.5], "texture": "#texture"},
				"west": {"uv": [14, 5.5, 15, 6.5], "texture": "#texture"},
				"up": {"uv": [5, 14, 7.5, 15], "texture": "#texture"},
				"down": {"uv": [5, 1, 7.5, 2], "texture": "#texture"}
			}
		},
		{
			"name": "Box94",
			"from": [5, 10, 5.5],
			"to": [9, 11, 7],
			"faces": {
				"north": {"uv": [7, 5, 11, 6], "texture": "#texture"},
				"east": {"uv": [9, 5, 10.5, 6], "texture": "#texture"},
				"south": {"uv": [5, 5, 9, 6], "texture": "#texture"},
				"west": {"uv": [5.5, 5, 7, 6], "texture": "#texture"},
				"up": {"uv": [5, 5.5, 9, 7], "texture": "#texture"},
				"down": {"uv": [5, 9, 9, 10.5], "texture": "#texture"}
			}
		},
		{
			"name": "Box95",
			"from": [9, 10, 5.5],
			"to": [11, 11, 7],
			"rotation": {"angle": -45, "axis": "z", "origin": [9, 11, 7]},
			"faces": {
				"north": {"uv": [15, 16, 14, 15], "texture": "#texture"},
				"east": {"uv": [1, 15, 2, 16], "rotation": 180, "texture": "#texture"},
				"south": {"uv": [2, 16, 1, 15], "texture": "#texture"},
				"west": {"uv": [14, 15, 15, 16], "rotation": 180, "texture": "#texture"},
				"up": {"uv": [14, 1, 15, 2], "texture": "#texture"},
				"down": {"uv": [14, 14, 15, 15], "texture": "#texture"}
			}
		},
		{
			"name": "Box86",
			"from": [13.5, 1.5, 5],
			"to": [15.5, 9.5, 7.5],
			"faces": {
				"north": {"uv": [0.5, 6.5, 2.5, 14.5], "texture": "#texture7"},
				"east": {"uv": [8.5, 6.5, 11, 14.5], "texture": "#texture7"},
				"south": {"uv": [13.5, 6.5, 15.5, 14.5], "texture": "#texture7"},
				"west": {"uv": [5, 6.5, 7.5, 14.5], "texture": "#texture7"},
				"up": {"uv": [13.5, 5, 15.5, 7.5], "texture": "#texture7"},
				"down": {"uv": [13.5, 8.5, 15.5, 11], "texture": "#texture7"}
			}
		},
		{
			"name": "Box87",
			"from": [-1.5, 7.125, 5.75],
			"to": [0.5, 8.125, 6.75],
			"faces": {
				"north": {"uv": [15.5, 7.875, 16, 8.875], "texture": "#texture4"},
				"east": {"uv": [9.25, 7.875, 10.25, 8.875], "texture": "#texture4"},
				"south": {"uv": [0, 7.875, 0.5, 8.875], "texture": "#texture4"},
				"west": {"uv": [5.75, 7.875, 6.75, 8.875], "texture": "#texture4"},
				"up": {"uv": [0, 5.75, 0.5, 6.75], "texture": "#texture4"},
				"down": {"uv": [0, 9.25, 0.5, 10.25], "texture": "#texture4"}
			}
		},
		{
			"name": "Box88",
			"from": [-15.5, 7.5, 6],
			"to": [-1.5, 8, 6.5],
			"faces": {
				"north": {"uv": [1.5, 8, 15.5, 8.5], "texture": "#texture6"},
				"east": {"uv": [9.5, 8, 10, 8.5], "texture": "#texture6"},
				"south": {"uv": [0.5, 8, 14.5, 8.5], "texture": "#texture6"},
				"west": {"uv": [6, 8, 6.5, 8.5], "texture": "#texture6"},
				"up": {"uv": [0.5, 6, 14.5, 6.5], "texture": "#texture6"},
				"down": {"uv": [0.5, 9.5, 14.5, 10], "texture": "#texture6"}
			}
		},
		{
			"name": "Box89",
			"from": [15.5, 3, 5.5],
			"to": [17.5, 4, 7],
			"rotation": {"angle": 45, "axis": "z", "origin": [15.5, 3, 5.5]},
			"faces": {
				"north": {"uv": [0, 12, 0.5, 13], "texture": "#texture7"},
				"east": {"uv": [1, 12, 2, 13], "texture": "#texture7"},
				"south": {"uv": [15.5, 12, 16, 13], "texture": "#texture7"},
				"west": {"uv": [14, 12, 15, 13], "texture": "#texture7"},
				"up": {"uv": [15.5, 14, 16, 15], "texture": "#texture7"},
				"down": {"uv": [15.5, 1, 16, 2], "texture": "#texture7"}
			}
		},
		{
			"name": "Box90",
			"from": [15.5, 4, 5.5],
			"to": [20, 5, 7],
			"faces": {
				"north": {"uv": [0, 11, 0.5, 12], "texture": "#texture7"},
				"east": {"uv": [9, 11, 10.5, 12], "texture": "#texture7"},
				"south": {"uv": [15.5, 11, 16, 12], "texture": "#texture7"},
				"west": {"uv": [5.5, 11, 7, 12], "texture": "#texture7"},
				"up": {"uv": [15.5, 5.5, 16, 7], "texture": "#texture7"},
				"down": {"uv": [15.5, 9, 16, 10.5], "texture": "#texture7"}
			}
		},
		{
			"name": "Box91",
			"from": [20.5, 0.5, 5.5],
			"to": [22, 1.5, 7],
			"faces": {
				"north": {"uv": [10, 14.5, 11.5, 15.5], "texture": "#texture7"},
				"east": {"uv": [9, 14.5, 10.5, 15.5], "texture": "#texture7"},
				"south": {"uv": [4.5, 14.5, 6, 15.5], "texture": "#texture7"},
				"west": {"uv": [5.5, 14.5, 7, 15.5], "texture": "#texture7"},
				"up": {"uv": [4.5, 5.5, 6, 7], "texture": "#texture7"},
				"down": {"uv": [4.5, 9, 6, 10.5], "texture": "#texture7"}
			}
		},
		{
			"name": "Box89",
			"from": [20, 3, 5.5],
			"to": [21, 5, 7],
			"rotation": {"angle": 45, "axis": "z", "origin": [20, 3, 7]},
			"faces": {
				"north": {"uv": [16, 13, 15.5, 12], "rotation": 90, "texture": "#texture7"},
				"east": {"uv": [16, 15, 15.5, 14], "rotation": 90, "texture": "#texture7"},
				"south": {"uv": [0.5, 13, 0, 12], "rotation": 270, "texture": "#texture7"},
				"west": {"uv": [15.5, 1, 16, 2], "rotation": 270, "texture": "#texture7"},
				"up": {"uv": [1, 12, 2, 13], "rotation": 90, "texture": "#texture7"},
				"down": {"uv": [15, 13, 14, 12], "rotation": 270, "texture": "#texture7"}
			}
		},
		{
			"name": "Box86",
			"from": [20, 1.5, 5],
			"to": [22, 9.5, 7.5],
			"faces": {
				"north": {"uv": [10, 6.5, 12, 14.5], "texture": "#texture7"},
				"east": {"uv": [8.5, 6.5, 11, 14.5], "texture": "#texture7"},
				"south": {"uv": [4, 6.5, 6, 14.5], "texture": "#texture7"},
				"west": {"uv": [5, 6.5, 7.5, 14.5], "texture": "#texture7"},
				"up": {"uv": [4, 5, 6, 7.5], "texture": "#texture7"},
				"down": {"uv": [4, 8.5, 6, 11], "texture": "#texture7"}
			}
		},
		{
			"name": "Box94",
			"from": [15.5, 5, 5],
			"to": [20, 7.5, 7.5],
			"faces": {
				"north": {"uv": [0, 8.5, 0.5, 11], "texture": "#texture7"},
				"east": {"uv": [8.5, 8.5, 11, 11], "texture": "#texture7"},
				"south": {"uv": [15.5, 8.5, 16, 11], "texture": "#texture7"},
				"west": {"uv": [5, 8.5, 7.5, 11], "texture": "#texture7"},
				"up": {"uv": [15.5, 5, 16, 7.5], "texture": "#texture7"},
				"down": {"uv": [15.5, 8.5, 16, 11], "texture": "#texture7"}
			}
		},
		{
			"name": "Box95",
			"from": [15.5, 7.5, 5],
			"to": [20, 8.5, 6],
			"rotation": {"angle": 22.5, "axis": "x", "origin": [15.5, 7.5, 5]},
			"faces": {
				"north": {"uv": [0, 7.5, 0.5, 8.5], "texture": "#texture"},
				"east": {"uv": [10, 7.5, 11, 8.5], "texture": "#texture"},
				"south": {"uv": [15.5, 7.5, 16, 8.5], "texture": "#texture"},
				"west": {"uv": [5, 7.5, 6, 8.5], "texture": "#texture"},
				"up": {"uv": [15.5, 5, 16, 6], "texture": "#texture"},
				"down": {"uv": [15.5, 10, 16, 11], "texture": "#texture"}
			}
		},
		{
			"name": "Box95",
			"from": [15.5, 8.375, 5.375],
			"to": [20, 9.375, 6.375],
			"rotation": {"angle": 45, "axis": "x", "origin": [15.5, 8.375, 5.375]},
			"faces": {
				"north": {"uv": [0, 7.5, 0.5, 8.5], "texture": "#texture"},
				"east": {"uv": [10, 7.5, 11, 8.5], "texture": "#texture"},
				"south": {"uv": [15.5, 7.5, 16, 8.5], "texture": "#texture"},
				"west": {"uv": [5, 7.5, 6, 8.5], "texture": "#texture"},
				"up": {"uv": [15.5, 5, 16, 6], "texture": "#texture"},
				"down": {"uv": [15.5, 10, 16, 11], "texture": "#texture"}
			}
		},
		{
			"name": "Box95",
			"from": [15.5, 7.5, 6.5],
			"to": [20, 8.5, 7.5],
			"rotation": {"angle": -22.5, "axis": "x", "origin": [20, 7.5, 7.5]},
			"faces": {
				"north": {"uv": [15.5, 7.5, 16, 8.5], "texture": "#texture"},
				"east": {"uv": [5, 7.5, 6, 8.5], "texture": "#texture"},
				"south": {"uv": [0, 7.5, 0.5, 8.5], "texture": "#texture"},
				"west": {"uv": [10, 7.5, 11, 8.5], "texture": "#texture"},
				"up": {"uv": [15.5, 5, 16, 6], "rotation": 180, "texture": "#texture"},
				"down": {"uv": [15.5, 10, 16, 11], "rotation": 180, "texture": "#texture"}
			}
		},
		{
			"name": "Box95",
			"from": [15.5, 8.375, 6.125],
			"to": [20, 9.375, 7.125],
			"rotation": {"angle": -45, "axis": "x", "origin": [20, 8.375, 7.125]},
			"faces": {
				"north": {"uv": [15.5, 7.5, 16, 8.5], "texture": "#texture"},
				"east": {"uv": [5, 7.5, 6, 8.5], "texture": "#texture"},
				"south": {"uv": [0, 7.5, 0.5, 8.5], "texture": "#texture"},
				"west": {"uv": [10, 7.5, 11, 8.5], "texture": "#texture"},
				"up": {"uv": [15.5, 5, 16, 6], "rotation": 180, "texture": "#texture"},
				"down": {"uv": [15.5, 10, 16, 11], "rotation": 180, "texture": "#texture"}
			}
		},
		{
			"name": "Box99",
			"from": [15.5, 8.625, 6],
			"to": [20, 9.125, 6.5],
			"faces": {
				"north": {"uv": [0, 6.875, 0.5, 7.375], "texture": "#texture"},
				"east": {"uv": [9.5, 6.875, 10, 7.375], "texture": "#texture"},
				"south": {"uv": [15.5, 6.875, 16, 7.375], "texture": "#texture"},
				"west": {"uv": [6, 6.875, 6.5, 7.375], "texture": "#texture"},
				"up": {"uv": [15.5, 6, 16, 6.5], "texture": "#texture"},
				"down": {"uv": [15.5, 9.5, 16, 10], "texture": "#texture"}
			}
		},
		{
			"name": "Box100",
			"from": [21.5, 0.5, 5.25],
			"to": [23.5, 1.5, 7.25],
			"rotation": {"angle": -22.5, "axis": "z", "origin": [21.5, 0.5, 5.25]},
			"faces": {
				"north": {"uv": [8, 14.5, 10, 15.5], "texture": "#texture"},
				"east": {"uv": [1, 14.5, 2, 15.5], "texture": "#texture"},
				"south": {"uv": [6, 14.5, 8, 15.5], "texture": "#texture"},
				"west": {"uv": [14, 14.5, 15, 15.5], "texture": "#texture"},
				"up": {"uv": [6, 14, 8, 15], "texture": "#texture"},
				"down": {"uv": [6, 1, 8, 2], "texture": "#texture"}
			}
		},
		{
			"name": "Box101",
			"from": [22, 7.5, 5.25],
			"to": [23.5, 9, 7.25],
			"rotation": {"angle": 22.5, "axis": "z", "origin": [22, 7.5, 5.25]},
			"faces": {
				"north": {"uv": [7.5, 7, 10, 8.5], "texture": "#texture"},
				"east": {"uv": [1, 7, 2, 8.5], "texture": "#texture"},
				"south": {"uv": [6, 7, 8.5, 8.5], "texture": "#texture"},
				"west": {"uv": [14, 7, 15, 8.5], "texture": "#texture"},
				"up": {"uv": [6, 14, 8.5, 15], "texture": "#texture"},
				"down": {"uv": [6, 1, 8.5, 2], "texture": "#texture"}
			}
		},
		{
			"name": "Box102",
			"from": [22, 8.5, 5.25],
			"to": [23.5, 9.5, 7.25],
			"faces": {
				"north": {"uv": [8.5, 6.5, 10, 7.5], "texture": "#texture"},
				"east": {"uv": [9, 6.5, 11, 7.5], "texture": "#texture"},
				"south": {"uv": [6, 6.5, 7.5, 7.5], "texture": "#texture"},
				"west": {"uv": [5, 6.5, 7, 7.5], "texture": "#texture"},
				"up": {"uv": [6, 5, 7.5, 7], "texture": "#texture"},
				"down": {"uv": [6, 9, 7.5, 11], "texture": "#texture"}
			}
		},
		{
			"name": "Box103",
			"from": [23, 8, 5.25],
			"to": [23.5, 8.5, 7.25],
			"faces": {
				"north": {"uv": [8.5, 7.5, 9, 8], "texture": "#texture"},
				"east": {"uv": [9, 7.5, 11, 8], "texture": "#texture"},
				"south": {"uv": [7, 7.5, 7.5, 8], "texture": "#texture"},
				"west": {"uv": [5, 7.5, 7, 8], "texture": "#texture"},
				"up": {"uv": [7, 5, 7.5, 7], "texture": "#texture"},
				"down": {"uv": [7, 9, 7.5, 11], "texture": "#texture"}
			}
		},
		{
			"name": "Box104",
			"from": [20.5, 0, 5.5],
			"to": [23.5, 0.5, 7],
			"faces": {
				"north": {"uv": [8.5, 15.5, 11.5, 16], "texture": "#texture"},
				"east": {"uv": [9, 15.5, 10.5, 16], "texture": "#texture"},
				"south": {"uv": [4.5, 15.5, 7.5, 16], "texture": "#texture"},
				"west": {"uv": [5.5, 15.5, 7, 16], "texture": "#texture"},
				"up": {"uv": [4.5, 5.5, 7.5, 7], "texture": "#texture"},
				"down": {"uv": [4.5, 9, 7.5, 10.5], "texture": "#texture"}
			}
		},
		{
			"name": "Box105",
			"from": [22, 1, 5.5],
			"to": [22.5, 8, 7],
			"faces": {
				"north": {"uv": [9.5, 8, 10, 15], "texture": "#texture"},
				"east": {"uv": [9, 8, 10.5, 15], "texture": "#texture"},
				"south": {"uv": [6, 8, 6.5, 15], "texture": "#texture"},
				"west": {"uv": [5.5, 8, 7, 15], "texture": "#texture"},
				"up": {"uv": [6, 5.5, 6.5, 7], "texture": "#texture"},
				"down": {"uv": [6, 9, 6.5, 10.5], "texture": "#texture"}
			}
		},
		{
			"name": "Box106",
			"from": [17, 0, 4.5],
			"to": [18.5, 4, 8],
			"faces": {
				"north": {"uv": [13.5, 12, 15, 16], "texture": "#texture2"},
				"east": {"uv": [8, 12, 11.5, 16], "texture": "#texture2"},
				"south": {"uv": [1, 12, 2.5, 16], "texture": "#texture2"},
				"west": {"uv": [4.5, 12, 8, 16], "texture": "#texture2"},
				"up": {"uv": [1, 4.5, 2.5, 8], "texture": "#texture2"},
				"down": {"uv": [1, 8, 2.5, 11.5], "texture": "#texture2"}
			}
		},
		{
			"name": "Box107",
			"from": [16, -0.25, 4],
			"to": [17, 4.75, 8.5],
			"faces": {
				"north": {"uv": [15, 11.25, 16, 16], "texture": "#texture3"},
				"east": {"uv": [7.5, 11.25, 12, 16], "texture": "#texture3"},
				"south": {"uv": [0, 11.25, 1, 16], "texture": "#texture3"},
				"west": {"uv": [4, 11.25, 8.5, 16], "texture": "#texture3"},
				"up": {"uv": [0, 4, 1, 8.5], "texture": "#texture3"},
				"down": {"uv": [0, 7.5, 1, 12], "texture": "#texture3"}
			}
		},
		{
			"name": "Box107",
			"from": [18.5, -0.25, 4],
			"to": [19.5, 4.75, 8.5],
			"faces": {
				"north": {"uv": [12.5, 11.5, 13.5, 16], "texture": "#texture3"},
				"east": {"uv": [7.5, 11.5, 12, 16], "texture": "#texture3"},
				"south": {"uv": [2.5, 11.5, 3.5, 16], "texture": "#texture3"},
				"west": {"uv": [4, 11.5, 8.5, 16], "texture": "#texture3"},
				"up": {"uv": [2.5, 4, 3.5, 8.5], "texture": "#texture3"},
				"down": {"uv": [2.5, 7.5, 3.5, 12], "texture": "#texture3"}
			}
		},
		{
			"name": "Box109",
			"from": [5, 5.75, 5.75],
			"to": [7, 6.25, 6.75],
			"faces": {
				"north": {"uv": [9, 9.75, 11, 10.25], "texture": "#texture6"},
				"east": {"uv": [9.25, 9.75, 10.25, 10.25], "texture": "#texture6"},
				"south": {"uv": [5, 9.75, 7, 10.25], "texture": "#texture6"},
				"west": {"uv": [5.75, 9.75, 6.75, 10.25], "texture": "#texture6"},
				"up": {"uv": [5, 5.75, 7, 6.75], "texture": "#texture6"},
				"down": {"uv": [5, 9.25, 7, 10.25], "texture": "#texture6"}
			}
		},
		{
			"name": "Box110",
			"from": [1, 7.5, 7],
			"to": [4, 8, 7.5],
			"faces": {
				"north": {"uv": [12, 13.5, 15, 14], "texture": "#texture3"},
				"east": {"uv": [1.5, 13.5, 2, 14], "texture": "#texture3"},
				"south": {"uv": [1, 13.5, 4, 14], "texture": "#texture3"},
				"west": {"uv": [14, 13.5, 14.5, 14], "texture": "#texture3"},
				"up": {"uv": [1, 14, 4, 14.5], "texture": "#texture3"},
				"down": {"uv": [1, 1.5, 4, 2], "texture": "#texture3"}
			}
		},
		{
			"name": "Box111",
			"from": [1, 8, 7],
			"to": [1.5, 9.5, 7.5],
			"rotation": {"angle": -45, "axis": "z", "origin": [1, 8, 7]},
			"faces": {
				"north": {"uv": [14.5, 12, 15, 13.5], "texture": "#texture3"},
				"east": {"uv": [1, 12, 2, 13.5], "texture": "#texture3"},
				"south": {"uv": [1, 12, 1.5, 13.5], "texture": "#texture3"},
				"west": {"uv": [14, 12, 15, 13.5], "texture": "#texture3"},
				"up": {"uv": [1, 14, 1.5, 15], "texture": "#texture3"},
				"down": {"uv": [1, 1, 1.5, 2], "texture": "#texture3"}
			}
		},
		{
			"name": "Box112",
			"from": [2, 8.5, 7],
			"to": [3.5, 9, 7.5],
			"faces": {
				"north": {"uv": [12.5, 12.5, 14, 13], "texture": "#texture3"},
				"east": {"uv": [1.5, 12.5, 2, 13], "texture": "#texture3"},
				"south": {"uv": [2, 12.5, 3.5, 13], "texture": "#texture3"},
				"west": {"uv": [14, 12.5, 14.5, 13], "texture": "#texture3"},
				"up": {"uv": [2, 14, 3.5, 14.5], "texture": "#texture3"},
				"down": {"uv": [2, 1.5, 3.5, 2], "texture": "#texture3"}
			}
		},
		{
			"name": "Box113",
			"from": [3, 8, 7],
			"to": [3.5, 9, 7.5],
			"rotation": {"angle": 22.5, "axis": "z", "origin": [3.5, 9, 7]},
			"faces": {
				"north": {"uv": [12, 12, 12.5, 13], "rotation": 180, "texture": "#texture3"},
				"east": {"uv": [15, 13, 14, 12], "texture": "#texture3"},
				"south": {"uv": [3.5, 12, 4, 13], "rotation": 180, "texture": "#texture3"},
				"west": {"uv": [2, 13, 1, 12], "texture": "#texture3"},
				"up": {"uv": [3.5, 1, 4, 2], "rotation": 180, "texture": "#texture3"},
				"down": {"uv": [3.5, 14, 4, 15], "rotation": 180, "texture": "#texture3"}
			}
		},
		{
			"name": "Box114",
			"from": [1.5, 8, 7],
			"to": [3.5, 8.5, 7.001],
			"faces": {
				"north": {"uv": [12.5, 13, 14.5, 13.5], "texture": "#texture2"},
				"east": {"uv": [1.999, 13, 2, 13.5], "texture": "#texture2"},
				"south": {"uv": [1.5, 13, 3.5, 13.5], "texture": "#texture2"},
				"west": {"uv": [14, 13, 14.001, 13.5], "texture": "#texture2"},
				"up": {"uv": [1.5, 14, 3.5, 14.001], "texture": "#texture2"},
				"down": {"uv": [1.5, 1.999, 3.5, 2], "texture": "#texture2"}
			}
		},
		{
			"name": "Box110",
			"from": [1, 7.5, 5],
			"to": [4, 8, 5.5],
			"faces": {
				"north": {"uv": [12, 8, 15, 8.5], "texture": "#texture3"},
				"east": {"uv": [10.5, 8, 11, 8.5], "texture": "#texture3"},
				"south": {"uv": [1, 8, 4, 8.5], "texture": "#texture3"},
				"west": {"uv": [5, 8, 5.5, 8.5], "texture": "#texture3"},
				"up": {"uv": [1, 5, 4, 5.5], "texture": "#texture3"},
				"down": {"uv": [1, 10.5, 4, 11], "texture": "#texture3"}
			}
		},
		{
			"name": "Box111",
			"from": [1, 8, 5],
			"to": [1.5, 9.5, 5.5],
			"rotation": {"angle": -45, "axis": "z", "origin": [1, 8, 5]},
			"faces": {
				"north": {"uv": [14.5, 12, 15, 13.5], "texture": "#texture3"},
				"east": {"uv": [1, 12, 2, 13.5], "texture": "#texture3"},
				"south": {"uv": [1, 12, 1.5, 13.5], "texture": "#texture3"},
				"west": {"uv": [14, 12, 15, 13.5], "texture": "#texture3"},
				"up": {"uv": [1, 14, 1.5, 15], "texture": "#texture3"},
				"down": {"uv": [1, 1, 1.5, 2], "texture": "#texture3"}
			}
		},
		{
			"name": "Box112",
			"from": [2, 8.5, 5],
			"to": [3.5, 9, 5.5],
			"faces": {
				"north": {"uv": [12.5, 7, 14, 7.5], "texture": "#texture3"},
				"east": {"uv": [8.5, 7, 9, 7.5], "texture": "#texture3"},
				"south": {"uv": [2, 7, 3.5, 7.5], "texture": "#texture3"},
				"west": {"uv": [7, 7, 7.5, 7.5], "texture": "#texture3"},
				"up": {"uv": [2, 7, 3.5, 7.5], "texture": "#texture3"},
				"down": {"uv": [2, 8.5, 3.5, 9], "texture": "#texture3"}
			}
		},
		{
			"name": "Box113",
			"from": [3, 8, 5],
			"to": [3.5, 9, 5.5],
			"rotation": {"angle": 22.5, "axis": "z", "origin": [3.5, 9, 5]},
			"faces": {
				"north": {"uv": [12, 12, 12.5, 13], "rotation": 180, "texture": "#texture3"},
				"east": {"uv": [15, 13, 14, 12], "texture": "#texture3"},
				"south": {"uv": [3.5, 12, 4, 13], "rotation": 180, "texture": "#texture3"},
				"west": {"uv": [2, 13, 1, 12], "texture": "#texture3"},
				"up": {"uv": [3.5, 1, 4, 2], "rotation": 180, "texture": "#texture3"},
				"down": {"uv": [3.5, 14, 4, 15], "rotation": 180, "texture": "#texture3"}
			}
		},
		{
			"name": "Box114",
			"from": [1.5, 8, 5.499],
			"to": [3.5, 8.5, 5.5],
			"faces": {
				"north": {"uv": [1.5, 7.5, 3.5, 8], "texture": "#texture2"},
				"east": {"uv": [5, 7.5, 5.001, 8], "texture": "#texture2"},
				"south": {"uv": [12.5, 7.5, 14.5, 8], "texture": "#texture2"},
				"west": {"uv": [10.999, 7.5, 11, 8], "texture": "#texture2"},
				"up": {"uv": [1.5, 5, 3.5, 5.001], "rotation": 180, "texture": "#texture2"},
				"down": {"uv": [1.5, 10.999, 3.5, 11], "rotation": 180, "texture": "#texture2"}
			}
		},
		{
			"name": "Box120",
			"from": [3.5, 11, 5.5],
			"to": [8, 13, 7],
			"faces": {
				"north": {"uv": [8, 3, 12.5, 5], "texture": "#texture"},
				"east": {"uv": [9, 3, 10.5, 5], "texture": "#texture"},
				"south": {"uv": [3.5, 3, 8, 5], "texture": "#texture"},
				"west": {"uv": [5.5, 3, 7, 5], "texture": "#texture"},
				"up": {"uv": [3.5, 5.5, 8, 7], "texture": "#texture"},
				"down": {"uv": [3.5, 9, 8, 10.5], "texture": "#texture"}
			}
		},
		{
			"name": "Box123",
			"from": [3, 13, 5.5],
			"to": [6.5, 15, 7],
			"faces": {
				"north": {"uv": [9.5, 1, 13, 3], "texture": "#texture"},
				"east": {"uv": [9, 1, 10.5, 3], "texture": "#texture6"},
				"south": {"uv": [3, 1, 6.5, 3], "texture": "#texture"},
				"west": {"uv": [5.5, 1, 7, 3], "texture": "#texture"},
				"up": {"uv": [3, 5.5, 6.5, 7], "texture": "#texture"},
				"down": {"uv": [3, 9, 6.5, 10.5], "texture": "#texture"}
			}
		},
		{
			"name": "Box124",
			"from": [4, 11.5, 7],
			"to": [6, 14.5, 7.5],
			"faces": {
				"north": {"uv": [10, 1.5, 12, 4.5], "texture": "#texture"},
				"east": {"uv": [8.5, 1.5, 9, 4.5], "texture": "#texture"},
				"south": {"uv": [4, 1.5, 6, 4.5], "texture": "#texture"},
				"west": {"uv": [7, 1.5, 7.5, 4.5], "texture": "#texture"},
				"up": {"uv": [4, 7, 6, 7.5], "texture": "#texture"},
				"down": {"uv": [4, 8.5, 6, 9], "texture": "#texture"}
			}
		},
		{
			"name": "Box124",
			"from": [4, 11.5, 5],
			"to": [6, 14.5, 5.5],
			"faces": {
				"north": {"uv": [10, 1.5, 12, 4.5], "texture": "#texture"},
				"east": {"uv": [10.5, 1.5, 11, 4.5], "texture": "#texture"},
				"south": {"uv": [4, 1.5, 6, 4.5], "texture": "#texture"},
				"west": {"uv": [5, 1.5, 5.5, 4.5], "texture": "#texture"},
				"up": {"uv": [4, 5, 6, 5.5], "texture": "#texture"},
				"down": {"uv": [4, 10.5, 6, 11], "texture": "#texture"}
			}
		},
		{
			"name": "Box126",
			"from": [5.5, 13, 7.5],
			"to": [6, 14.5, 8.5],
			"faces": {
				"north": {"uv": [10, 1.5, 10.5, 3], "texture": "#texture"},
				"east": {"uv": [7.5, 1.5, 8.5, 3], "texture": "#texture6"},
				"south": {"uv": [5.5, 1.5, 6, 3], "texture": "#texture"},
				"west": {"uv": [7.5, 1.5, 8.5, 3], "texture": "#texture"},
				"up": {"uv": [5.5, 7.5, 6, 8.5], "texture": "#texture"},
				"down": {"uv": [5.5, 7.5, 6, 8.5], "texture": "#texture"}
			}
		},
		{
			"name": "Box126",
			"from": [5.5, 13, 4],
			"to": [6, 14.5, 5],
			"faces": {
				"north": {"uv": [10, 1.5, 10.5, 3], "texture": "#texture"},
				"east": {"uv": [11, 1.5, 12, 3], "texture": "#texture6"},
				"south": {"uv": [5.5, 1.5, 6, 3], "texture": "#texture"},
				"west": {"uv": [4, 1.5, 5, 3], "texture": "#texture"},
				"up": {"uv": [5.5, 4, 6, 5], "texture": "#texture"},
				"down": {"uv": [5.5, 11, 6, 12], "texture": "#texture"}
			}
		},
		{
			"name": "Box128",
			"from": [6, 12.5, 4],
			"to": [6.5, 13, 5.5],
			"faces": {
				"north": {"uv": [9.5, 3, 10, 3.5], "texture": "#texture4"},
				"east": {"uv": [10.5, 3, 12, 3.5], "texture": "#texture4"},
				"south": {"uv": [6, 3, 6.5, 3.5], "texture": "#texture4"},
				"west": {"uv": [4, 3, 5.5, 3.5], "texture": "#texture4"},
				"up": {"uv": [6, 4, 6.5, 5.5], "texture": "#texture4"},
				"down": {"uv": [6, 10.5, 6.5, 12], "texture": "#texture4"}
			}
		},
		{
			"name": "Box128",
			"from": [6, 12.5, 7],
			"to": [6.5, 13, 8.5],
			"faces": {
				"north": {"uv": [9.5, 3, 10, 3.5], "texture": "#texture4"},
				"east": {"uv": [7.5, 3, 9, 3.5], "texture": "#texture4"},
				"south": {"uv": [6, 3, 6.5, 3.5], "texture": "#texture4"},
				"west": {"uv": [7, 3, 8.5, 3.5], "texture": "#texture4"},
				"up": {"uv": [6, 7, 6.5, 8.5], "texture": "#texture4"},
				"down": {"uv": [6, 7.5, 6.5, 9], "texture": "#texture4"}
			}
		},
		{
			"name": "Box128",
			"from": [6.5, 13, 5],
			"to": [7, 13.5, 7.5],
			"faces": {
				"north": {"uv": [9, 2.5, 9.5, 3], "texture": "#texture4"},
				"east": {"uv": [8.5, 2.5, 11, 3], "texture": "#texture4"},
				"south": {"uv": [6.5, 2.5, 7, 3], "texture": "#texture4"},
				"west": {"uv": [5, 2.5, 7.5, 3], "texture": "#texture4"},
				"up": {"uv": [6.5, 5, 7, 7.5], "texture": "#texture4"},
				"down": {"uv": [6.5, 8.5, 7, 11], "texture": "#texture4"}
			}
		},
		{
			"name": "Box131",
			"from": [6, 13, 7],
			"to": [6.5, 13.5, 7.5],
			"faces": {
				"north": {"uv": [9.5, 2.5, 10, 3], "texture": "#texture"},
				"east": {"uv": [8.5, 2.5, 9, 3], "texture": "#texture"},
				"south": {"uv": [6, 2.5, 6.5, 3], "texture": "#texture"},
				"west": {"uv": [7, 2.5, 7.5, 3], "texture": "#texture"},
				"up": {"uv": [6, 7, 6.5, 7.5], "texture": "#texture"},
				"down": {"uv": [6, 8.5, 6.5, 9], "texture": "#texture"}
			}
		},
		{
			"name": "Box131",
			"from": [6, 13, 5],
			"to": [6.5, 13.5, 5.5],
			"faces": {
				"north": {"uv": [9.5, 2.5, 10, 3], "texture": "#texture4"},
				"east": {"uv": [10.5, 2.5, 11, 3], "texture": "#texture4"},
				"south": {"uv": [6, 2.5, 6.5, 3], "texture": "#texture4"},
				"west": {"uv": [5, 2.5, 5.5, 3], "texture": "#texture4"},
				"up": {"uv": [6, 5, 6.5, 5.5], "texture": "#texture4"},
				"down": {"uv": [6, 10.5, 6.5, 11], "texture": "#texture4"}
			}
		},
		{
			"name": "Box131",
			"from": [6, 14.5, 5],
			"to": [6.5, 15, 5.5],
			"faces": {
				"north": {"uv": [9.5, 1, 10, 1.5], "texture": "#texture4"},
				"east": {"uv": [10.5, 1, 11, 1.5], "texture": "#texture4"},
				"south": {"uv": [6, 1, 6.5, 1.5], "texture": "#texture4"},
				"west": {"uv": [5, 1, 5.5, 1.5], "texture": "#texture4"},
				"up": {"uv": [6, 5, 6.5, 5.5], "texture": "#texture4"},
				"down": {"uv": [6, 10.5, 6.5, 11], "texture": "#texture4"}
			}
		},
		{
			"name": "Box128",
			"from": [6.5, 14.5, 5],
			"to": [7, 15, 7.5],
			"faces": {
				"north": {"uv": [9, 2.5, 9.5, 3], "texture": "#texture4"},
				"east": {"uv": [8.5, 2.5, 11, 3], "texture": "#texture4"},
				"south": {"uv": [6.5, 2.5, 7, 3], "texture": "#texture4"},
				"west": {"uv": [5, 2.5, 7.5, 3], "texture": "#texture4"},
				"up": {"uv": [6.5, 5, 7, 7.5], "texture": "#texture4"},
				"down": {"uv": [6.5, 8.5, 7, 11], "texture": "#texture4"}
			}
		},
		{
			"name": "Box131",
			"from": [6, 14.5, 7],
			"to": [6.5, 15, 7.5],
			"faces": {
				"north": {"uv": [9.5, 2.5, 10, 3], "texture": "#texture4"},
				"east": {"uv": [8.5, 2.5, 9, 3], "texture": "#texture4"},
				"south": {"uv": [6, 2.5, 6.5, 3], "texture": "#texture4"},
				"west": {"uv": [7, 2.5, 7.5, 3], "texture": "#texture4"},
				"up": {"uv": [6, 7, 6.5, 7.5], "texture": "#texture4"},
				"down": {"uv": [6, 8.5, 6.5, 9], "texture": "#texture4"}
			}
		},
		{
			"name": "Box128",
			"from": [6, 14, 7],
			"to": [6.5, 14.5, 8.5],
			"faces": {
				"north": {"uv": [9.5, 3, 10, 3.5], "texture": "#texture4"},
				"east": {"uv": [7.5, 3, 9, 3.5], "texture": "#texture4"},
				"south": {"uv": [6, 3, 6.5, 3.5], "texture": "#texture4"},
				"west": {"uv": [7, 3, 8.5, 3.5], "texture": "#texture4"},
				"up": {"uv": [6, 7, 6.5, 8.5], "texture": "#texture4"},
				"down": {"uv": [6, 7.5, 6.5, 9], "texture": "#texture4"}
			}
		},
		{
			"name": "Box128",
			"from": [6, 14, 4],
			"to": [6.5, 14.5, 5.5],
			"faces": {
				"north": {"uv": [9.5, 3, 10, 3.5], "texture": "#texture4"},
				"east": {"uv": [10.5, 3, 12, 3.5], "texture": "#texture4"},
				"south": {"uv": [6, 3, 6.5, 3.5], "texture": "#texture4"},
				"west": {"uv": [4, 3, 5.5, 3.5], "texture": "#texture4"},
				"up": {"uv": [6, 4, 6.5, 5.5], "texture": "#texture4"},
				"down": {"uv": [6, 10.5, 6.5, 12], "texture": "#texture4"}
			}
		},
		{
			"name": "Box138",
			"from": [6, 12.75, 3.5],
			"to": [6.5, 14.25, 4],
			"faces": {
				"north": {"uv": [9.5, 1.75, 10, 3.25], "texture": "#texture4"},
				"east": {"uv": [12, 1.75, 12.5, 3.25], "texture": "#texture4"},
				"south": {"uv": [6, 1.75, 6.5, 3.25], "texture": "#texture4"},
				"west": {"uv": [3.5, 1.75, 4, 3.25], "texture": "#texture4"},
				"up": {"uv": [6, 3.5, 6.5, 4], "texture": "#texture4"},
				"down": {"uv": [6, 12, 6.5, 12.5], "texture": "#texture4"}
			}
		},
		{
			"name": "Box138",
			"from": [6, 12.75, 8.5],
			"to": [6.5, 14.25, 9],
			"faces": {
				"north": {"uv": [9, 1.75, 9.5, 3.25], "texture": "#texture4"},
				"east": {"uv": [7, 1.75, 7.5, 3.25], "texture": "#texture4"},
				"south": {"uv": [6.5, 1.75, 7, 3.25], "texture": "#texture4"},
				"west": {"uv": [8.5, 1.75, 9, 3.25], "texture": "#texture4"},
				"up": {"uv": [6.5, 8.5, 7, 9], "texture": "#texture4"},
				"down": {"uv": [6.5, 7, 7, 7.5], "texture": "#texture4"}
			}
		},
		{
			"name": "Box140",
			"from": [6, 13.5, 5],
			"to": [6.5, 14, 5.5],
			"faces": {
				"north": {"uv": [9.5, 2, 10, 2.5], "texture": "#texture6"},
				"east": {"uv": [10.5, 2, 11, 2.5], "texture": "#texture6"},
				"south": {"uv": [6, 2, 6.5, 2.5], "texture": "#texture6"},
				"west": {"uv": [5, 2, 5.5, 2.5], "texture": "#texture6"},
				"up": {"uv": [6, 5, 6.5, 5.5], "texture": "#texture6"},
				"down": {"uv": [6, 10.5, 6.5, 11], "texture": "#texture6"}
			}
		},
		{
			"name": "Box140",
			"from": [6, 13.5, 7],
			"to": [6.5, 14, 7.5],
			"faces": {
				"north": {"uv": [9.5, 2, 10, 2.5], "texture": "#texture6"},
				"east": {"uv": [8.5, 2, 9, 2.5], "texture": "#texture6"},
				"south": {"uv": [6, 2, 6.5, 2.5], "texture": "#texture6"},
				"west": {"uv": [7, 2, 7.5, 2.5], "texture": "#texture6"},
				"up": {"uv": [6, 7, 6.5, 7.5], "texture": "#texture6"},
				"down": {"uv": [6, 8.5, 6.5, 9], "texture": "#texture6"}
			}
		},
		{
			"name": "Box142",
			"from": [-2, 13, 5.5],
			"to": [3, 15, 7],
			"faces": {
				"north": {"uv": [13, 1, 16, 3], "texture": "#texture"},
				"east": {"uv": [9, 1, 10.5, 3], "texture": "#texture"},
				"south": {"uv": [0, 1, 3, 3], "texture": "#texture"},
				"west": {"uv": [5.5, 1, 7, 3], "texture": "#texture6"},
				"up": {"uv": [0, 5.5, 3, 7], "texture": "#texture"},
				"down": {"uv": [0, 9, 3, 10.5], "texture": "#texture"}
			}
		},
		{
			"name": "Box143",
			"from": [-2, 13.5, 7],
			"to": [4, 14.5, 7.5],
			"faces": {
				"north": {"uv": [12, 1.5, 16, 2.5], "texture": "#texture"},
				"east": {"uv": [8.5, 1.5, 9, 2.5], "texture": "#texture"},
				"south": {"uv": [0, 1.5, 4, 2.5], "texture": "#texture"},
				"west": {"uv": [7, 1.5, 7.5, 2.5], "texture": "#texture"},
				"up": {"uv": [0, 7, 4, 7.5], "texture": "#texture"},
				"down": {"uv": [0, 8.5, 4, 9], "texture": "#texture"}
			}
		},
		{
			"name": "Box143",
			"from": [-2, 13.5, 5],
			"to": [4, 14.5, 5.5],
			"faces": {
				"north": {"uv": [12, 1.5, 16, 2.5], "texture": "#texture"},
				"east": {"uv": [10.5, 1.5, 11, 2.5], "texture": "#texture"},
				"south": {"uv": [0, 1.5, 4, 2.5], "texture": "#texture"},
				"west": {"uv": [5, 1.5, 5.5, 2.5], "texture": "#texture"},
				"up": {"uv": [0, 5, 4, 5.5], "texture": "#texture"},
				"down": {"uv": [0, 10.5, 4, 11], "texture": "#texture"}
			}
		},
		{
			"name": "Box145",
			"from": [1, 11, 5.75],
			"to": [3.5, 12, 6.75],
			"faces": {
				"north": {"uv": [12.5, 4, 15, 5], "texture": "#texture"},
				"east": {"uv": [1, 4, 2, 5], "texture": "#texture"},
				"south": {"uv": [1, 4, 3.5, 5], "texture": "#texture"},
				"west": {"uv": [14, 4, 15, 5], "texture": "#texture"},
				"up": {"uv": [1, 14, 3.5, 15], "texture": "#texture"},
				"down": {"uv": [1, 1, 3.5, 2], "texture": "#texture"}
			}
		},
		{
			"name": "Box146",
			"from": [-2, 11, 5.75],
			"to": [1, 12, 6.75],
			"rotation": {"angle": -45, "axis": "z", "origin": [1, 11, 5.75]},
			"faces": {
				"north": {"uv": [2, 16, 1, 15], "rotation": 270, "texture": "#texture"},
				"east": {"uv": [14, 1, 15, 2], "rotation": 270, "texture": "#texture"},
				"south": {"uv": [15, 16, 14, 15], "rotation": 90, "texture": "#texture"},
				"west": {"uv": [15, 15, 14, 14], "rotation": 90, "texture": "#texture"},
				"up": {"uv": [1, 15, 2, 16], "rotation": 270, "texture": "#texture"},
				"down": {"uv": [15, 16, 14, 15], "rotation": 90, "texture": "#texture"}
			}
		},
		{
			"name": "Box147",
			"from": [-2.5, 13.5, 5],
			"to": [-2, 14.5, 5.5],
			"faces": {
				"north": {"uv": [2, 1.5, 2.5, 2.5], "texture": "#texture"},
				"east": {"uv": [10.5, 1.5, 11, 2.5], "texture": "#texture"},
				"south": {"uv": [13.5, 1.5, 14, 2.5], "texture": "#texture"},
				"west": {"uv": [5, 1.5, 5.5, 2.5], "texture": "#texture"},
				"up": {"uv": [13.5, 5, 14, 5.5], "texture": "#texture"},
				"down": {"uv": [13.5, 10.5, 14, 11], "texture": "#texture"}
			}
		},
		{
			"name": "Box147",
			"from": [-2.5, 13.5, 7],
			"to": [-2, 14.5, 7.5],
			"faces": {
				"north": {"uv": [2, 1.5, 2.5, 2.5], "texture": "#texture"},
				"east": {"uv": [8.5, 1.5, 9, 2.5], "texture": "#texture"},
				"south": {"uv": [13.5, 1.5, 14, 2.5], "texture": "#texture"},
				"west": {"uv": [7, 1.5, 7.5, 2.5], "texture": "#texture"},
				"up": {"uv": [13.5, 7, 14, 7.5], "texture": "#texture"},
				"down": {"uv": [13.5, 8.5, 14, 9], "texture": "#texture"}
			}
		},
		{
			"name": "Box147",
			"from": [-2.5, 13, 5.5],
			"to": [-2, 13.5, 7],
			"faces": {
				"north": {"uv": [14, 10, 13.5, 9.5], "texture": "#texture"},
				"east": {"uv": [9.5, 1.5, 10, 2.5], "rotation": 270, "texture": "#texture"},
				"south": {"uv": [13.5, 6, 14, 6.5], "texture": "#texture"},
				"west": {"uv": [6, 1.5, 6.5, 2.5], "rotation": 90, "texture": "#texture"},
				"up": {"uv": [2.5, 2.5, 2, 1.5], "texture": "#texture"},
				"down": {"uv": [13.5, 1.5, 14, 2.5], "texture": "#texture"}
			}
		},
		{
			"name": "Box147",
			"from": [-2.5, 14.5, 5.5],
			"to": [-2, 15, 7],
			"faces": {
				"north": {"uv": [14, 10, 13.5, 9.5], "texture": "#texture"},
				"east": {"uv": [9.5, 1.5, 10, 2.5], "rotation": 270, "texture": "#texture"},
				"south": {"uv": [13.5, 6, 14, 6.5], "texture": "#texture"},
				"west": {"uv": [6, 1.5, 6.5, 2.5], "rotation": 90, "texture": "#texture"},
				"up": {"uv": [2.5, 2.5, 2, 1.5], "texture": "#texture"},
				"down": {"uv": [13.5, 1.5, 14, 2.5], "texture": "#texture"}
			}
		},
		{
			"name": "Box151",
			"from": [1, 15, 5.5],
			"to": [3, 16, 7],
			"faces": {
				"north": {"uv": [13, 0, 15, 1], "texture": "#texture"},
				"east": {"uv": [9, 0, 10.5, 1], "texture": "#texture"},
				"south": {"uv": [1, 0, 3, 1], "texture": "#texture"},
				"west": {"uv": [5.5, 0, 7, 1], "texture": "#texture"},
				"up": {"uv": [1, 5.5, 3, 7], "texture": "#texture"},
				"down": {"uv": [1, 9, 3, 10.5], "texture": "#texture"}
			}
		},
		{
			"name": "Box152",
			"from": [1.5, 14.5, 5],
			"to": [2.5, 15.5, 5.5],
			"faces": {
				"north": {"uv": [13.5, 0.5, 14.5, 1.5], "texture": "#texture"},
				"east": {"uv": [10.5, 0.5, 11, 1.5], "texture": "#texture"},
				"south": {"uv": [1.5, 0.5, 2.5, 1.5], "texture": "#texture"},
				"west": {"uv": [5, 0.5, 5.5, 1.5], "texture": "#texture"},
				"up": {"uv": [1.5, 5, 2.5, 5.5], "texture": "#texture"},
				"down": {"uv": [1.5, 10.5, 2.5, 11], "texture": "#texture"}
			}
		},
		{
			"name": "Box152",
			"from": [1.5, 14.5, 7],
			"to": [2.5, 15.5, 7.5],
			"faces": {
				"north": {"uv": [13.5, 0.5, 14.5, 1.5], "texture": "#texture"},
				"east": {"uv": [8.5, 0.5, 9, 1.5], "texture": "#texture"},
				"south": {"uv": [1.5, 0.5, 2.5, 1.5], "texture": "#texture"},
				"west": {"uv": [7, 0.5, 7.5, 1.5], "texture": "#texture"},
				"up": {"uv": [1.5, 7, 2.5, 7.5], "texture": "#texture"},
				"down": {"uv": [1.5, 8.5, 2.5, 9], "texture": "#texture"}
			}
		}
	],
	"display": {
		"thirdperson_righthand": {
			"rotation": [0, -90, 0],
			"translation": [-0.695, 0.6956, 0],
			"scale": [0.5, 0.5, 0.5]
		},
		"thirdperson_lefthand": {
			"rotation": [0, 90, 0],
			"translation": [0.69, 0.6956, 0],
			"scale": [0.5, 0.5, 0.5]
		},
		"firstperson_righthand": {
			"rotation": [0, -90, 0],
			"translation": [-3.478, 1.3913, 3.4782]
		},
		"firstperson_lefthand": {
			"rotation": [0, 90, 0],
			"translation": [0.0002, 1.3913, 3.4782]
		},
		"ground": {
			"rotation": [-90, 0, 0],
			"scale": [0.5, 0.5, 0.5]
		},
		"gui": {
			"rotation": [17, 31, 0],
			"translation": [1.3913, 0, 0],
			"scale": [0.5, 0.5, 0.5]
		},
		"head": {
			"translation": [2.25, 3.75, 1.25],
			"scale": [0.7, 0.7, 0.7]
		}
	}
}