{
	"credit": "Made with Blockbench",
	"texture_size": [32, 32],
	"textures": {
		"0": "item/shotgun",
		"particle": "item/shotgun"
	},
	"elements": [
		{
			"from": [7.35, 1.85, 2.35],
			"to": [8.65, 3.15, 4.65],
			"rotation": {"angle": 0, "axis": "y", "origin": [-0.5, 0, -2]},
			"faces": {
				"east": {"uv": [8, 1, 9, 1.5], "texture": "#0"},
				"west": {"uv": [9.5, 1, 10.5, 1.5], "texture": "#0"},
				"down": {"uv": [10, 0, 9.5, 1], "texture": "#0"}
			}
		},
		{
			"from": [7.5, 3, 1],
			"to": [8.5, 4, 6],
			"rotation": {"angle": 0, "axis": "y", "origin": [-0.5, 0, -2]},
			"faces": {
				"north": {"uv": [2.5, 2.5, 3, 3], "texture": "#0"},
				"east": {"uv": [0, 2.5, 2.5, 3], "texture": "#0"},
				"south": {"uv": [5.5, 2.5, 6, 3], "texture": "#0"},
				"west": {"uv": [3, 2.5, 5.5, 3], "texture": "#0"},
				"up": {"uv": [3, 2.5, 2.5, 0], "texture": "#0"},
				"down": {"uv": [3.5, 0, 3, 2.5], "texture": "#0"}
			}
		},
		{
			"from": [7.5, 2, 2],
			"to": [8.5, 3, 6],
			"rotation": {"angle": 0, "axis": "y", "origin": [-0.5, 0, -2]},
			"faces": {
				"north": {"uv": [6.5, 7, 7, 7.5], "texture": "#0"},
				"east": {"uv": [4.5, 7, 6.5, 7.5], "texture": "#0"},
				"south": {"uv": [9, 7, 9.5, 7.5], "texture": "#0"},
				"west": {"uv": [7, 7, 9, 7.5], "texture": "#0"},
				"up": {"uv": [7, 7, 6.5, 5], "texture": "#0"},
				"down": {"uv": [7.5, 5, 7, 7], "texture": "#0"}
			}
		},
		{
			"from": [7, 2, 6],
			"to": [9, 4, 11],
			"rotation": {"angle": 0, "axis": "y", "origin": [-0.5, 0, -2]},
			"faces": {
				"north": {"uv": [2.5, 5.5, 3.5, 6.5], "texture": "#0"},
				"east": {"uv": [0, 5.5, 2.5, 6.5], "texture": "#0"},
				"south": {"uv": [6, 5.5, 7, 6.5], "texture": "#0"},
				"west": {"uv": [3.5, 5.5, 6, 6.5], "texture": "#0"},
				"up": {"uv": [3.5, 5.5, 2.5, 3], "texture": "#0"},
				"down": {"uv": [4.5, 3, 3.5, 5.5], "texture": "#0"}
			}
		},
		{
			"from": [7.5, 2, 11],
			"to": [8.5, 3, 15],
			"rotation": {"angle": 0, "axis": "y", "origin": [-0.5, 0, -1]},
			"faces": {
				"north": {"uv": [6.5, 3.5, 7, 4], "texture": "#0"},
				"east": {"uv": [4.5, 3.5, 6.5, 4], "texture": "#0"},
				"south": {"uv": [9, 3.5, 9.5, 4], "texture": "#0"},
				"west": {"uv": [7, 3.5, 9, 4], "texture": "#0"},
				"up": {"uv": [7, 3.5, 6.5, 1.5], "texture": "#0"},
				"down": {"uv": [7.5, 1.5, 7, 3.5], "texture": "#0"}
			}
		},
		{
			"from": [7.5, 1, 13],
			"to": [8.5, 2, 15],
			"rotation": {"angle": 0, "axis": "y", "origin": [-0.5, 0, -1]},
			"faces": {
				"north": {"uv": [1, 8, 1.5, 8.5], "texture": "#0"},
				"east": {"uv": [0, 8, 1, 8.5], "texture": "#0"},
				"south": {"uv": [2.5, 8, 3, 8.5], "texture": "#0"},
				"west": {"uv": [1.5, 8, 2.5, 8.5], "texture": "#0"},
				"up": {"uv": [1.5, 8, 1, 7], "texture": "#0"},
				"down": {"uv": [2, 7, 1.5, 8], "texture": "#0"}
			}
		},
		{
			"from": [7.5, 0, 9.5],
			"to": [8.5, 2, 10.5],
			"rotation": {"angle": -22.5, "axis": "x", "origin": [8, 2, 9.5]},
			"faces": {
				"north": {"uv": [4.5, 0.5, 5, 1.5], "texture": "#0"},
				"east": {"uv": [4, 0.5, 4.5, 1.5], "texture": "#0"},
				"south": {"uv": [5.5, 0.5, 6, 1.5], "texture": "#0"},
				"west": {"uv": [5, 0.5, 5.5, 1.5], "texture": "#0"},
				"up": {"uv": [5, 0.5, 4.5, 0], "texture": "#0"},
				"down": {"uv": [5.5, 0, 5, 0.5], "texture": "#0"}
			}
		},
		{
			"from": [8, 1, 8.5],
			"to": [8, 2, 10.5],
			"rotation": {"angle": 0, "axis": "y", "origin": [-0.5, 0, -0.5]},
			"faces": {
				"north": {"uv": [1, 1, 1, 1.5], "texture": "#0"},
				"east": {"uv": [0, 1, 1, 1.5], "texture": "#0"},
				"south": {"uv": [2, 1, 2, 1.5], "texture": "#0"},
				"west": {"uv": [1, 1, 2, 1.5], "texture": "#0"},
				"up": {"uv": [1, 1, 1, 0], "texture": "#0"},
				"down": {"uv": [1, 0, 1, 1], "texture": "#0"}
			}
		}
	],
	"display": {
		"thirdperson_righthand": {
			"translation": [0, 6.75, -1]
		},
		"thirdperson_lefthand": {
			"translation": [0, 6.75, -1]
		},
		"firstperson_righthand": {
			"translation": [-0.37, 7.2, 1.38],
			"scale": [0.8, 0.8, 0.8]
		},
		"firstperson_lefthand": {
			"translation": [-0.37, 7.2, 1.38],
			"scale": [0.8, 0.8, 0.8]
		},
		"ground": {
			"translation": [0, 5.5, 0]
		},
		"gui": {
			"rotation": [30, 225, 0],
			"translation": [0.05, 7.5, 0],
			"scale": [1.51, 1.51, 1.51]
		},
		"head": {
			"rotation": [0, 90, 0],
			"translation": [0, 12.25, 0],
			"scale": [2, 2, 2]
		},
		"fixed": {
			"rotation": [0, 90, 0],
			"translation": [0, 9.75, -1],
			"scale": [2, 2, 2]
		}
	}
}