{
	"credit": "Made with Blockbench",
	"texture_size": [64, 64],
	"textures": {
		"2": "item/elder_gun",
		"particle": "item/elder_gun"
	},
	"elements": [
		{
			"from": [5.5, 3, 0],
			"to": [10.5, 8, 5],
			"rotation": {"angle": 0, "axis": "y", "origin": [0, 0, -1]},
			"faces": {
				"north": {"uv": [5.5, 3.5, 6.75, 4.75], "texture": "#2"},
				"east": {"uv": [4.25, 3.5, 5.5, 4.75], "texture": "#2"},
				"south": {"uv": [8, 3.5, 9.25, 4.75], "texture": "#2"},
				"west": {"uv": [6.75, 3.5, 8, 4.75], "texture": "#2"},
				"up": {"uv": [6.75, 3.5, 5.5, 2.25], "texture": "#2"},
				"down": {"uv": [8, 2.25, 6.75, 3.5], "texture": "#2"}
			}
		},
		{
			"from": [8, 1, 0],
			"to": [8, 10, 8],
			"rotation": {"angle": 0, "axis": "y", "origin": [0, 0, -1]},
			"faces": {
				"north": {"uv": [2, 4.25, 2, 6.5], "texture": "#2"},
				"east": {"uv": [0, 4.25, 2, 6.5], "texture": "#2"},
				"south": {"uv": [4, 4.25, 4, 6.5], "texture": "#2"},
				"west": {"uv": [2, 4.25, 4, 6.5], "texture": "#2"},
				"up": {"uv": [2, 4.25, 2, 2.25], "texture": "#2"},
				"down": {"uv": [2, 2.25, 2, 4.25], "texture": "#2"}
			}
		},
		{
			"from": [3.5, 5.5, 0],
			"to": [12.5, 5.5, 8],
			"rotation": {"angle": 0, "axis": "y", "origin": [0, 0, -1]},
			"faces": {
				"north": {"uv": [2, 2, 4.25, 2], "texture": "#2"},
				"east": {"uv": [0, 2, 2, 2], "texture": "#2"},
				"south": {"uv": [6.25, 2, 8.5, 2], "texture": "#2"},
				"west": {"uv": [4.25, 2, 6.25, 2], "texture": "#2"},
				"up": {"uv": [4.25, 2, 2, 0], "texture": "#2"},
				"down": {"uv": [6.5, 0, 4.25, 2], "texture": "#2"}
			}
		},
		{
			"from": [7, 4.5, -0.15],
			"to": [9, 6.5, -0.15],
			"rotation": {"angle": 0, "axis": "z", "origin": [0, 0, -1]},
			"faces": {
				"north": {"uv": [2.25, 3.5, 2.75, 4], "texture": "#2"},
				"east": {"uv": [2.25, 3.5, 2.25, 4], "texture": "#2"},
				"south": {"uv": [2.75, 3.5, 3.25, 4], "texture": "#2"},
				"west": {"uv": [2.75, 3.5, 2.75, 4], "texture": "#2"},
				"up": {"uv": [2.75, 3.5, 2.25, 3.5], "texture": "#2"},
				"down": {"uv": [3.25, 3.5, 2.75, 3.5], "texture": "#2"}
			}
		},
		{
			"from": [6.5, 4, 8],
			"to": [9.5, 7, 14],
			"rotation": {"angle": 0, "axis": "y", "origin": [0, 0, -1]},
			"faces": {
				"north": {"uv": [5.75, 6.5, 6.5, 7.25], "texture": "#2"},
				"east": {"uv": [4.25, 6.5, 5.75, 7.25], "texture": "#2"},
				"south": {"uv": [8, 6.5, 8.75, 7.25], "texture": "#2"},
				"west": {"uv": [6.5, 6.5, 8, 7.25], "texture": "#2"},
				"up": {"uv": [6.5, 6.5, 5.75, 5], "texture": "#2"},
				"down": {"uv": [7.25, 5, 6.5, 6.5], "texture": "#2"}
			}
		},
		{
			"from": [7.5, 5, 14],
			"to": [8.5, 7, 19],
			"rotation": {"angle": 0, "axis": "y", "origin": [0, 0, -1]},
			"faces": {
				"north": {"uv": [1.25, 8, 1.5, 8.5], "texture": "#2"},
				"east": {"uv": [0, 8, 1.25, 8.5], "texture": "#2"},
				"south": {"uv": [2.75, 8, 3, 8.5], "texture": "#2"},
				"west": {"uv": [1.5, 8, 2.75, 8.5], "texture": "#2"},
				"up": {"uv": [1.5, 8, 1.25, 6.75], "texture": "#2"},
				"down": {"uv": [1.75, 6.75, 1.5, 8], "texture": "#2"}
			}
		},
		{
			"from": [7.5, 4, 17],
			"to": [8.5, 5, 19],
			"rotation": {"angle": 0, "axis": "y", "origin": [0, 0, -1.5]},
			"faces": {
				"north": {"uv": [0.5, 0.5, 0.75, 0.75], "texture": "#2"},
				"east": {"uv": [0, 0.5, 0.5, 0.75], "texture": "#2"},
				"south": {"uv": [1.25, 0.5, 1.5, 0.75], "texture": "#2"},
				"west": {"uv": [0.75, 0.5, 1.25, 0.75], "texture": "#2"},
				"up": {"uv": [0.75, 0.5, 0.5, 0], "texture": "#2"},
				"down": {"uv": [1, 0, 0.75, 0.5], "texture": "#2"}
			}
		},
		{
			"from": [7, 2, 11.75],
			"to": [9, 4, 13.75],
			"rotation": {"angle": -22.5, "axis": "x", "origin": [8, 4, 11.75]},
			"faces": {
				"north": {"uv": [0.5, 3.5, 1, 4], "texture": "#2"},
				"east": {"uv": [0, 3.5, 0.5, 4], "texture": "#2"},
				"south": {"uv": [1.5, 3.5, 2, 4], "texture": "#2"},
				"west": {"uv": [1, 3.5, 1.5, 4], "texture": "#2"},
				"up": {"uv": [1, 3.5, 0.5, 3], "texture": "#2"},
				"down": {"uv": [1.5, 3, 1, 3.5], "texture": "#2"}
			}
		},
		{
			"from": [7.5, 2, 8],
			"to": [8.5, 4, 9],
			"rotation": {"angle": 0, "axis": "x", "origin": [8, 4, 12.75]},
			"faces": {
				"north": {"uv": [3.25, 3.75, 3.5, 4.25], "texture": "#2"},
				"east": {"uv": [3, 3.75, 3.25, 4.25], "texture": "#2"},
				"south": {"uv": [3.75, 3.75, 4, 4.25], "texture": "#2"},
				"west": {"uv": [3.5, 3.75, 3.75, 4.25], "texture": "#2"},
				"up": {"uv": [3.5, 3.75, 3.25, 3.5], "texture": "#2"},
				"down": {"uv": [3.75, 3.5, 3.5, 3.75], "texture": "#2"}
			}
		},
		{
			"from": [4.5, 4.5, 11.5],
			"to": [6.5, 6.5, 13.5],
			"rotation": {"angle": 0, "axis": "y", "origin": [0, 0, -1]},
			"faces": {
				"north": {"uv": [2.75, 2.75, 3.25, 3.25], "texture": "#2"},
				"east": {"uv": [2.25, 2.75, 2.75, 3.25], "texture": "#2"},
				"south": {"uv": [3.75, 2.75, 4.25, 3.25], "texture": "#2"},
				"west": {"uv": [3.25, 2.75, 3.75, 3.25], "texture": "#2"},
				"up": {"uv": [3.25, 2.75, 2.75, 2.25], "texture": "#2"},
				"down": {"uv": [3.75, 2.25, 3.25, 2.75], "texture": "#2"}
			}
		},
		{
			"from": [10.5, 5, 0],
			"to": [12.5, 6, 1],
			"rotation": {"angle": 45, "axis": "y", "origin": [10.5, 5.5, 1]},
			"faces": {
				"north": {"uv": [0.25, 1.25, 0.75, 1.5], "texture": "#2"},
				"east": {"uv": [0, 1.25, 0.25, 1.5], "texture": "#2"},
				"south": {"uv": [1, 1.25, 1.5, 1.5], "texture": "#2"},
				"west": {"uv": [0.75, 1.25, 1, 1.5], "texture": "#2"},
				"up": {"uv": [0.75, 1.25, 0.25, 1], "texture": "#2"},
				"down": {"uv": [1.25, 1, 0.75, 1.25], "texture": "#2"}
			}
		},
		{
			"from": [7.5, 7.12132, 2.12132],
			"to": [8.5, 9.12132, 3.12132],
			"rotation": {"angle": -45, "axis": "x", "origin": [8, 5, 1]},
			"faces": {
				"north": {"uv": [0.25, 2.5, 0.5, 3], "texture": "#2"},
				"east": {"uv": [0, 2.5, 0.25, 3], "texture": "#2"},
				"south": {"uv": [0.75, 2.5, 1, 3], "texture": "#2"},
				"west": {"uv": [0.5, 2.5, 0.75, 3], "texture": "#2"},
				"up": {"uv": [0.5, 2.5, 0.25, 2.25], "texture": "#2"},
				"down": {"uv": [0.75, 2.25, 0.5, 2.5], "texture": "#2"}
			}
		},
		{
			"from": [7.51777, 1, 0.01777],
			"to": [8.51777, 3, 1.01777],
			"rotation": {"angle": 45, "axis": "x", "origin": [8, 3, 1]},
			"faces": {
				"north": {"uv": [1.5, 2.5, 1.75, 3], "texture": "#2"},
				"east": {"uv": [1.25, 2.5, 1.5, 3], "texture": "#2"},
				"south": {"uv": [2, 2.5, 2.25, 3], "texture": "#2"},
				"west": {"uv": [1.75, 2.5, 2, 3], "texture": "#2"},
				"up": {"uv": [1.75, 2.5, 1.5, 2.25], "texture": "#2"},
				"down": {"uv": [2, 2.25, 1.75, 2.5], "texture": "#2"}
			}
		},
		{
			"from": [3.51777, 5, 0.01777],
			"to": [5.51777, 6, 1.01777],
			"rotation": {"angle": -45, "axis": "y", "origin": [5.5, 5.5, 1]},
			"faces": {
				"north": {"uv": [0.25, 2, 0.75, 2.25], "texture": "#2"},
				"east": {"uv": [0, 2, 0.25, 2.25], "texture": "#2"},
				"south": {"uv": [1, 2, 1.5, 2.25], "texture": "#2"},
				"west": {"uv": [0.75, 2, 1, 2.25], "texture": "#2"},
				"up": {"uv": [0.75, 2, 0.25, 1.75], "texture": "#2"},
				"down": {"uv": [1.25, 1.75, 0.75, 2], "texture": "#2"}
			}
		}
	],
	"display": {
		"thirdperson_righthand": {
			"translation": [0, 4.75, -2.5]
		},
		"thirdperson_lefthand": {
			"translation": [0, 4.75, -2.5]
		},
		"firstperson_righthand": {
			"translation": [-0.62, 6.45, 1.13],
			"scale": [0.8, 0.8, 0.8]
		},
		"firstperson_lefthand": {
			"translation": [-0.62, 6.45, 1.13],
			"scale": [0.8, 0.8, 0.8]
		},
		"ground": {
			"translation": [0, 4, 0]
		},
		"gui": {
			"rotation": [30, 225, 0],
			"translation": [-0.25, 3, 0],
			"scale": [0.95, 0.95, 0.95]
		},
		"head": {
			"rotation": [0, 90, 0],
			"translation": [0, 2.5, 0]
		},
		"fixed": {
			"rotation": [0, 90, 0],
			"translation": [-1, 5.25, -1],
			"scale": [2, 2, 2]
		}
	}
}