{
	"credit": "Made with Blockbench",
	"texture_size": [32, 32],
	"textures": {
		"0": "item/sniper",
		"particle": "item/sniper"
	},
	"elements": [
		{
			"from": [7.5, 2.75, -1],
			"to": [8.5, 3.75, 4],
			"rotation": {"angle": 0, "axis": "y", "origin": [0, -1, 0]},
			"faces": {
				"north": {"uv": [9, 2.5, 9.5, 3], "texture": "#0"},
				"east": {"uv": [6.5, 2.5, 9, 3], "texture": "#0"},
				"south": {"uv": [12, 2.5, 12.5, 3], "texture": "#0"},
				"west": {"uv": [9.5, 2.5, 12, 3], "texture": "#0"},
				"up": {"uv": [9.5, 2.5, 9, 0], "texture": "#0"},
				"down": {"uv": [10, 0, 9.5, 2.5], "texture": "#0"}
			}
		},
		{
			"from": [7.5, 2, 12],
			"to": [8.5, 3, 15],
			"rotation": {"angle": 0, "axis": "y", "origin": [0, -1, 0]},
			"faces": {
				"north": {"uv": [10.5, 10, 11, 10.5], "texture": "#0"},
				"east": {"uv": [9, 10, 10.5, 10.5], "texture": "#0"},
				"south": {"uv": [12.5, 10, 13, 10.5], "texture": "#0"},
				"west": {"uv": [11, 10, 12.5, 10.5], "texture": "#0"},
				"up": {"uv": [11, 10, 10.5, 8.5], "texture": "#0"},
				"down": {"uv": [11.5, 8.5, 11, 10], "texture": "#0"}
			}
		},
		{
			"from": [7.5, 2, 15],
			"to": [8.5, 4, 18],
			"rotation": {"angle": 0, "axis": "y", "origin": [0, -1, -0.5]},
			"faces": {
				"north": {"uv": [8, 7, 8.5, 8], "texture": "#0"},
				"east": {"uv": [6.5, 7, 8, 8], "texture": "#0"},
				"south": {"uv": [10, 7, 10.5, 8], "texture": "#0"},
				"west": {"uv": [8.5, 7, 10, 8], "texture": "#0"},
				"up": {"uv": [8.5, 7, 8, 5.5], "texture": "#0"},
				"down": {"uv": [9, 5.5, 8.5, 7], "texture": "#0"}
			}
		},
		{
			"from": [7, 2, 4],
			"to": [9, 4, 12],
			"rotation": {"angle": 0, "axis": "y", "origin": [0, -1, 0]},
			"faces": {
				"north": {"uv": [4, 4, 5, 5], "texture": "#0"},
				"east": {"uv": [0, 4, 4, 5], "texture": "#0"},
				"south": {"uv": [9, 4, 10, 5], "texture": "#0"},
				"west": {"uv": [5, 4, 9, 5], "texture": "#0"},
				"up": {"uv": [5, 4, 4, 0], "texture": "#0"},
				"down": {"uv": [6, 0, 5, 4], "texture": "#0"}
			}
		},
		{
			"from": [7.5, 0, 9],
			"to": [8.5, 2, 11],
			"rotation": {"angle": 0, "axis": "y", "origin": [0, -1, 0]},
			"faces": {
				"north": {"uv": [6.5, 9.5, 7, 10.5], "texture": "#0"},
				"east": {"uv": [5.5, 9.5, 6.5, 10.5], "texture": "#0"},
				"south": {"uv": [8, 9.5, 8.5, 10.5], "texture": "#0"},
				"west": {"uv": [7, 9.5, 8, 10.5], "texture": "#0"},
				"up": {"uv": [7, 9.5, 6.5, 8.5], "texture": "#0"},
				"down": {"uv": [7.5, 8.5, 7, 9.5], "texture": "#0"}
			}
		},
		{
			"from": [7.5, 0, 11.5],
			"to": [8.5, 2, 12.5],
			"rotation": {"angle": -22.5, "axis": "x", "origin": [8, 2, 11.5]},
			"faces": {
				"north": {"uv": [0.5, 6, 1, 7], "texture": "#0"},
				"east": {"uv": [0, 6, 0.5, 7], "texture": "#0"},
				"south": {"uv": [1.5, 6, 2, 7], "texture": "#0"},
				"west": {"uv": [1, 6, 1.5, 7], "texture": "#0"},
				"up": {"uv": [1, 6, 0.5, 5.5], "texture": "#0"},
				"down": {"uv": [1.5, 5.5, 1, 6], "texture": "#0"}
			}
		},
		{
			"from": [8, 1, 11],
			"to": [8, 2, 12],
			"rotation": {"angle": 0, "axis": "x", "origin": [8, 2, 12]},
			"faces": {
				"north": {"uv": [0.5, 0.5, 0.5, 1], "texture": "#0"},
				"east": {"uv": [0, 0.5, 0.5, 1], "texture": "#0"},
				"south": {"uv": [1, 0.5, 1, 1], "texture": "#0"},
				"west": {"uv": [0.5, 0.5, 1, 1], "texture": "#0"},
				"up": {"uv": [0.5, 0.5, 0.5, 0], "texture": "#0"},
				"down": {"uv": [0.5, 0, 0.5, 0.5], "texture": "#0"}
			}
		},
		{
			"from": [7.5, 4.5, 8],
			"to": [8.5, 5.5, 13],
			"rotation": {"angle": 0, "axis": "y", "origin": [0, -1, 0]},
			"faces": {
				"north": {"uv": [2.5, 8, 3, 8.5], "texture": "#0"},
				"east": {"uv": [0, 8, 2.5, 8.5], "texture": "#0"},
				"south": {"uv": [5.5, 8, 6, 8.5], "texture": "#0"},
				"west": {"uv": [3, 8, 5.5, 8.5], "texture": "#0"},
				"up": {"uv": [3, 8, 2.5, 5.5], "texture": "#0"},
				"down": {"uv": [3.5, 5.5, 3, 8], "texture": "#0"}
			}
		},
		{
			"from": [7.35, 4.35, 7.85],
			"to": [8.65, 5.65, 10.15],
			"rotation": {"angle": 0, "axis": "y", "origin": [0, -1, 0]},
			"faces": {
				"north": {"uv": [1, 10, 1.5, 10.5], "texture": "#0"},
				"east": {"uv": [0, 10, 1, 10.5], "texture": "#0"},
				"south": {"uv": [2.5, 10, 3, 10.5], "texture": "#0"},
				"west": {"uv": [1.5, 10, 2.5, 10.5], "texture": "#0"},
				"up": {"uv": [1.5, 10, 1, 9], "texture": "#0"},
				"down": {"uv": [2, 9, 1.5, 10], "texture": "#0"}
			}
		},
		{
			"from": [8, 3.5, 9],
			"to": [8, 4.5, 12],
			"rotation": {"angle": 0, "axis": "y", "origin": [0, -1, 0]},
			"faces": {
				"north": {"uv": [1.5, 1.5, 1.5, 2], "texture": "#0"},
				"east": {"uv": [0, 1.5, 1.5, 2], "texture": "#0"},
				"south": {"uv": [3, 1.5, 3, 2], "texture": "#0"},
				"west": {"uv": [1.5, 1.5, 3, 2], "texture": "#0"},
				"up": {"uv": [1.5, 1.5, 1.5, 0], "texture": "#0"},
				"down": {"uv": [1.5, 0, 1.5, 1.5], "texture": "#0"}
			}
		}
	],
	"display": {
		"thirdperson_righthand": {
			"translation": [0, 6.5, -3.25]
		},
		"thirdperson_lefthand": {
			"translation": [0, 5.5, -3.25]
		},
		"firstperson_righthand": {
			"translation": [-0.62, 7.2, 0.63],
			"scale": [0.8, 0.8, 0.8]
		},
		"firstperson_lefthand": {
			"translation": [-0.62, 7.2, 0.63],
			"scale": [0.8, 0.8, 0.8]
		},
		"ground": {
			"translation": [0, 5.5, 0]
		},
		"gui": {
			"rotation": [30, 225, 0],
			"translation": [0.39, 4.75, 0],
			"scale": [1.13, 1.13, 1.13]
		},
		"head": {
			"rotation": [0, 90, 0],
			"translation": [-0.75, 8, 0],
			"scale": [1.5, 1.5, 1.5]
		},
		"fixed": {
			"rotation": [0, 90, 0],
			"translation": [-1, 9.75, -1],
			"scale": [2, 2, 2]
		}
	}
}