{
	"credit": "Made with Blockbench",
	"textures": {
		"1": "item/blunderbuss",
		"particle": "item/blunderbuss"
	},
	"elements": [
		{
			"from": [6.5, 4.5, 3],
			"to": [9.5, 6.5, 13],
			"rotation": {"angle": 0, "axis": "y", "origin": [0, 0, -1]},
			"faces": {
				"north": {"uv": [0, 2, 1.499, 3], "texture": "#1"},
				"east": {"uv": [3, 13, 8, 13.999], "texture": "#1"},
				"south": {"uv": [0, 0, 0.499, 0.5], "texture": "#1"},
				"west": {"uv": [3, 12, 8, 12.999], "texture": "#1"},
				"up": {"uv": [0, 9, 1.499, 13.997], "texture": "#1"},
				"down": {"uv": [1.5, 9, 2.997, 13.997], "texture": "#1"}
			}
		},
		{
			"from": [7.5, 4, 2],
			"to": [8.5, 5, 13],
			"rotation": {"angle": 0, "axis": "y", "origin": [0, 0, -1]},
			"faces": {
				"north": {"uv": [0, 3, 0.5, 3.5], "texture": "#1"},
				"east": {"uv": [0, 3.5, 0.5, 9], "texture": "#1"},
				"south": {"uv": [-5.5, 0, -5, 0.5], "texture": "#1"},
				"west": {"uv": [0, 3.5, 0.5, 8.998], "texture": "#1"},
				"up": {"uv": [0.5, 3.5, 1, 9], "texture": "#1"},
				"down": {"uv": [0.5, 3.5, 0.998, 9], "texture": "#1"}
			}
		},
		{
			"from": [7, 5.5, 3],
			"to": [9, 7.5, 13],
			"rotation": {"angle": 0, "axis": "y", "origin": [0, 0, -2]},
			"faces": {
				"north": {"uv": [14.5, 8, 15.997, 9.495], "texture": "#1"},
				"east": {"uv": [0, 15, 5, 16], "texture": "#1"},
				"south": {"uv": [14, 9.5, 16, 10.5], "texture": "#1"},
				"west": {"uv": [0, 14, 5, 15], "texture": "#1"},
				"up": {"uv": [14, 0, 15, 5], "texture": "#1"},
				"down": {"uv": [15, 0, 16, 5], "texture": "#1"}
			}
		},
		{
			"from": [6.5, 4, 13],
			"to": [9.5, 8, 19],
			"rotation": {"angle": 0, "axis": "y", "origin": [0.5, 0, -2.5]},
			"faces": {
				"north": {"uv": [9.5, 0, 10.994, 1.999], "texture": "#1"},
				"east": {"uv": [0, 0, 2.999, 1.999], "texture": "#1"},
				"south": {"uv": [7.5, 0, 8.998, 1.997], "texture": "#1"},
				"west": {"uv": [4.5, 0, 7.499, 1.999], "texture": "#1"},
				"up": {"uv": [9.5, 0, 10.998, 2.999], "texture": "#1"},
				"down": {"uv": [5, 2, 6.5, 4.999], "texture": "#1"}
			}
		},
		{
			"from": [7, 4.24291, 18.86299],
			"to": [9, 7.24291, 24.86299],
			"rotation": {"angle": 22.5, "axis": "x", "origin": [8, 7.25, 19]},
			"faces": {
				"north": {"uv": [8.99993, 3.99984, 9.49947, 4.49938], "texture": "#1"},
				"east": {"uv": [6.5, 3.5, 9.5, 4.995], "texture": "#1"},
				"south": {"uv": [9.5, 1, 9.999, 2.499], "texture": "#1"},
				"west": {"uv": [6.5, 5, 9.491, 6.493], "texture": "#1"},
				"up": {"uv": [1, 6, 2, 8.996], "texture": "#1"},
				"down": {"uv": [2, 6, 3, 8.997], "texture": "#1"}
			}
		},
		{
			"from": [7, 0.73651, 23.76488],
			"to": [9, 4.73651, 29.76488],
			"rotation": {"angle": 22.5, "axis": "x", "origin": [8, 2.73651, 27.26488]},
			"faces": {
				"north": {"uv": [11, 0, 11.499, 1.999], "texture": "#1"},
				"east": {"uv": [3, 8, 5.994, 9.989], "texture": "#1"},
				"south": {"uv": [3, 8, 3.5, 9.997], "texture": "#1"},
				"west": {"uv": [3, 6, 6, 8], "texture": "#1"},
				"up": {"uv": [10, 3, 10.5, 5.999], "texture": "#1"},
				"down": {"uv": [10.5, 3, 11, 6], "texture": "#1"}
			}
		},
		{
			"from": [6.05585, 5, 12.81492],
			"to": [6.06585, 9, 14.81492],
			"rotation": {"angle": 22.5, "axis": "y", "origin": [9.5, 5.5, 4.5]},
			"faces": {
				"north": {"uv": [0, 0, 0.5, 0.5], "texture": "#1"},
				"east": {"uv": [5, 2, 4, 4], "texture": "#1"},
				"south": {"uv": [0, 0, 0.5, 0.5], "texture": "#1"},
				"west": {"uv": [4, 2, 4.999, 4], "texture": "#1"},
				"up": {"uv": [0, 0, 0.5, 0.5], "texture": "#1"},
				"down": {"uv": [0, 0, 0.5, 0.5], "texture": "#1"}
			}
		},
		{
			"from": [9.5, 4, 14.5],
			"to": [10.5, 7, 17.5],
			"rotation": {"angle": 45, "axis": "x", "origin": [10, 5.5, 16]},
			"faces": {
				"north": {"uv": [7.5, 6.5, 7.994, 7.999], "texture": "#1"},
				"east": {"uv": [8, 6.5, 9.499, 7.999], "texture": "#1"},
				"south": {"uv": [6.5, 6.5, 6.998, 7.997], "texture": "#1"},
				"west": {"uv": [8, 6.5, 9.499, 7.999], "texture": "#1"},
				"up": {"uv": [7, 6.5, 7.498, 7.999], "texture": "#1"},
				"down": {"uv": [6, 6.5, 6.5, 7.999], "texture": "#1"}
			}
		},
		{
			"from": [6.51, 3.20711, 14.5],
			"to": [9.49, 6.20711, 16.5],
			"rotation": {"angle": -45, "axis": "x", "origin": [7.9, 3.70711, 15]},
			"faces": {
				"north": {"uv": [3.5, 1.5, 4.994, 1.999], "texture": "#1"},
				"east": {"uv": [2.5, 1.5, 2.999, 1.999], "texture": "#1"},
				"south": {"uv": [12, 16, 11.998, 16], "texture": "#1"},
				"west": {"uv": [2.5, 1.5, 2.999, 1.999], "texture": "#1"},
				"up": {"uv": [14, 0, 13.998, 0], "texture": "#1"},
				"down": {"uv": [3.5, 0, 5, 1.499], "texture": "#1"}
			}
		},
		{
			"from": [6.5, 3, 15],
			"to": [9.5, 4, 17],
			"rotation": {"angle": 0, "axis": "y", "origin": [0, 0, 4.5]},
			"faces": {
				"north": {"uv": [3.5, 1, 4.994, 1.499], "texture": "#1"},
				"east": {"uv": [2, 1.5, 2.999, 1.999], "texture": "#1"},
				"south": {"uv": [3.5, 1, 4.998, 1.497], "texture": "#1"},
				"west": {"uv": [0, 1.5, 0.999, 1.999], "texture": "#1"},
				"up": {"uv": [9.5, 1.5, 10.998, 2.999], "texture": "#1"},
				"down": {"uv": [5, 4, 6.5, 4.999], "texture": "#1"}
			}
		},
		{
			"from": [6.51, 2.91421, 17.20711],
			"to": [9.49, 4.91421, 18.20711],
			"rotation": {"angle": 45, "axis": "x", "origin": [7.5, 4.41421, 17.70711]},
			"faces": {
				"north": {"uv": [3.5, 1, 4.994, 1.499], "texture": "#1"},
				"east": {"uv": [2.5, 1.5, 2.999, 1.999], "texture": "#1"},
				"south": {"uv": [3, 1, 4.498, 1.497], "texture": "#1"},
				"west": {"uv": [2.5, 1.5, 2.999, 1.999], "texture": "#1"},
				"up": {"uv": [9.5, 1.5, 10.998, 2.999], "texture": "#1"},
				"down": {"uv": [3, 0, 4.5, 1.499], "texture": "#1"}
			}
		},
		{
			"from": [8, 2, 17],
			"to": [8.01, 4, 20],
			"rotation": {"angle": 0, "axis": "y", "origin": [0, 0, -3]},
			"faces": {
				"north": {"uv": [0, 0, 0.5, 0.5], "texture": "#1"},
				"east": {"uv": [3, 2, 1.5, 3], "texture": "#1"},
				"south": {"uv": [0, 0, 0.5, 0.5], "texture": "#1"},
				"west": {"uv": [1.5, 2, 2.997, 2.997], "texture": "#1"},
				"up": {"uv": [0, 0, 0.5, 0.5], "texture": "#1"},
				"down": {"uv": [0, 0, 0.5, 0.5], "texture": "#1"}
			}
		},
		{
			"from": [6.5, 5, 1],
			"to": [9.5, 5, 3],
			"rotation": {"angle": 0, "axis": "y", "origin": [0, 0, -2]},
			"faces": {
				"north": {"uv": [11, 12, 12.497, 13.495], "texture": "#1"},
				"east": {"uv": [10, 14.5, 11, 16], "texture": "#1"},
				"south": {"uv": [12.5, 12, 14, 13.5], "texture": "#1"},
				"west": {"uv": [8.5, 13, 9.5, 14.5], "texture": "#1"},
				"up": {"uv": [11, 15, 12.5, 16], "texture": "#1"},
				"down": {"uv": [12.5, 15, 14, 16], "texture": "#1"}
			}
		},
		{
			"from": [6.5, 5, 1],
			"to": [6.5, 8, 3],
			"rotation": {"angle": 0, "axis": "y", "origin": [0, 0, -2]},
			"faces": {
				"north": {"uv": [11, 12, 12.497, 13.495], "texture": "#1"},
				"east": {"uv": [10, 14.5, 11, 16], "texture": "#1"},
				"south": {"uv": [12.5, 12, 14, 13.5], "texture": "#1"},
				"west": {"uv": [8.5, 13, 9.5, 14.5], "texture": "#1"},
				"up": {"uv": [11, 13.5, 12.5, 14.5], "texture": "#1"},
				"down": {"uv": [12.5, 15, 14, 16], "texture": "#1"}
			}
		},
		{
			"from": [6.5, 5, 2.9],
			"to": [9.5, 8, 2.9],
			"rotation": {"angle": 0, "axis": "y", "origin": [0, 0, -2]},
			"faces": {
				"north": {"uv": [11, 12, 12.497, 13.495], "texture": "#1"},
				"east": {"uv": [10, 14.5, 11, 16], "texture": "#1"},
				"south": {"uv": [12.5, 12, 14, 13.5], "texture": "#1"},
				"west": {"uv": [11, 12, 12.5, 13.5], "texture": "#1"},
				"up": {"uv": [11, 13.5, 12.5, 14.5], "texture": "#1"},
				"down": {"uv": [12.5, 15, 14, 16], "texture": "#1"}
			}
		},
		{
			"from": [6.5, 8, 1],
			"to": [9.5, 8, 3],
			"rotation": {"angle": 0, "axis": "y", "origin": [0, 0, -2]},
			"faces": {
				"north": {"uv": [11, 12, 12.497, 13.495], "texture": "#1"},
				"east": {"uv": [10, 14.5, 11, 16], "texture": "#1"},
				"south": {"uv": [12.5, 12, 14, 13.5], "texture": "#1"},
				"west": {"uv": [8.5, 13, 9.5, 14.5], "texture": "#1"},
				"up": {"uv": [11, 13.5, 12.5, 14.5], "texture": "#1"},
				"down": {"uv": [12.5, 15, 14, 16], "texture": "#1"}
			}
		},
		{
			"from": [9.5, 5, 1],
			"to": [9.5, 8, 3],
			"rotation": {"angle": 0, "axis": "y", "origin": [0, 0, -2]},
			"faces": {
				"north": {"uv": [11, 12, 12.497, 13.495], "texture": "#1"},
				"east": {"uv": [10, 14.5, 11, 16], "texture": "#1"},
				"south": {"uv": [12.5, 12, 14, 13.5], "texture": "#1"},
				"west": {"uv": [9, 14.5, 10, 16], "texture": "#1"},
				"up": {"uv": [11, 13.5, 12.5, 14.5], "texture": "#1"},
				"down": {"uv": [12.5, 15, 14, 16], "texture": "#1"}
			}
		},
		{
			"from": [6.5, 5, 3],
			"to": [9.5, 8, 3],
			"rotation": {"angle": 0, "axis": "y", "origin": [0, 0, -2]},
			"faces": {
				"north": {"uv": [11, 12, 12.497, 13.495], "texture": "#1"},
				"east": {"uv": [10, 14.5, 11, 16], "texture": "#1"},
				"south": {"uv": [12.5, 12, 14, 13.5], "texture": "#1"},
				"west": {"uv": [8.5, 13, 9.5, 14.5], "texture": "#1"},
				"up": {"uv": [11, 13.5, 12.5, 14.5], "texture": "#1"},
				"down": {"uv": [12.5, 15, 14, 16], "texture": "#1"}
			}
		}
	],
	"display": {
		"thirdperson_righthand": {
			"translation": [0, 1.5, -8.15],
			"scale": [0.73, 0.73, 0.73]
		},
		"thirdperson_lefthand": {
			"translation": [0, 1.5, -8.15],
			"scale": [0.73, 0.73, 0.73]
		},
		"firstperson_righthand": {
			"rotation": [0, 7, 0],
			"translation": [-1.5, 6.25, -0.5],
			"scale": [0.75, 0.75, 0.46]
		},
		"firstperson_lefthand": {
			"rotation": [0, 7, 0],
			"translation": [-1.5, 6.25, -0.5],
			"scale": [0.75, 0.75, 0.46]
		},
		"ground": {
			"rotation": [0, 0, 90],
			"translation": [-2, -1, -4],
			"scale": [0.6, 0.6, 0.6]
		},
		"gui": {
			"rotation": [13, 123, -4],
			"translation": [-4.75, 1.05, 0],
			"scale": [0.75, 0.75, 0.75]
		},
		"head": {
			"rotation": [0, 90, 0],
			"translation": [-7, 3.25, 0]
		},
		"fixed": {
			"rotation": [0, 90, 0],
			"translation": [-11.5, 3, -1.75],
			"scale": [1.63, 1.63, 1.63]
		}
	},
	"groups": [
		0,
		1,
		2,
		3,
		4,
		5,
		{
			"name": "mechanism",
			"origin": [0, 0, -3],
			"color": 0,
			"children": [6, 7, 8, 9, 10, 11]
		},
		{
			"name": "muzzle",
			"origin": [0, 0, -2],
			"color": 0,
			"children": [12, 13, 14, 15, 16, 17]
		}
	]
}