{
	"credit": "Made with Blockbench",
	"textures": {
		"0": "item/quick3",
		"particle": "item/quick3"
	},
	"elements": [
		{
			"name": "pad",
			"from": [7.6, -0.25337, -5.71759],
			"to": [8.5, 2.74663, -5.21759],
			"rotation": {"angle": 0, "axis": "y", "origin": [8.05, 2.04663, -5.71759]},
			"faces": {
				"north": {"uv": [1.25, 1.25, 2.15, 4.25], "rotation": 180, "texture": "#0"},
				"east": {"uv": [1.25, 1.25, 1.75, 4.25], "rotation": 180, "texture": "#0"},
				"south": {"uv": [1.25, 1.25, 2.15, 4.25], "rotation": 180, "texture": "#0"},
				"west": {"uv": [1.25, 1.25, 1.75, 4.25], "rotation": 180, "texture": "#0"},
				"up": {"uv": [1.25, 1.25, 1.75, 2.15], "rotation": 270, "texture": "#0"},
				"down": {"uv": [1.25, 1.25, 1.75, 2.15], "rotation": 270, "texture": "#0"}
			}
		},
		{
			"name": "stock1",
			"from": [7.7, -0.24618, -5.67869],
			"to": [8.4, 0.75382, 1.82131],
			"rotation": {"angle": -22.5, "axis": "x", "origin": [7.65, 0.75382, -5.47869]},
			"faces": {
				"north": {"uv": [5.5, 5, 6.2, 6], "rotation": 180, "texture": "#0"},
				"east": {"uv": [5.5, 5, 13, 6], "rotation": 180, "texture": "#0"},
				"south": {"uv": [5.5, 5, 6.2, 6], "rotation": 180, "texture": "#0"},
				"west": {"uv": [5.5, 5, 13, 6], "rotation": 180, "texture": "#0"},
				"up": {"uv": [5.5, 5, 13, 5.7], "rotation": 270, "texture": "#0"},
				"down": {"uv": [5.5, 5, 13, 5.7], "rotation": 270, "texture": "#0"}
			}
		},
		{
			"name": "stock2",
			"from": [7.9, 2.34663, -1.31759],
			"to": [8.2, 3.04663, -0.71759],
			"rotation": {"angle": -45, "axis": "x", "origin": [8.05, 2.99663, -1.16759]},
			"faces": {
				"north": {"uv": [5.5, 5, 5.8, 5.7], "rotation": 180, "texture": "#0", "cullface": "north"},
				"east": {"uv": [5.5, 5, 6.1, 5.7], "rotation": 180, "texture": "#0"},
				"south": {"uv": [5.5, 5, 5.8, 5.7], "rotation": 180, "texture": "#0"},
				"west": {"uv": [5.5, 5, 6.1, 5.7], "rotation": 180, "texture": "#0"},
				"up": {"uv": [5.5, 5, 6.1, 5.3], "rotation": 270, "texture": "#0"},
				"down": {"uv": [5.5, 5, 6.1, 5.3], "rotation": 270, "texture": "#0"}
			}
		},
		{
			"name": "stock3",
			"from": [7.6, 1.64663, -5.21759],
			"to": [8.5, 2.44663, -1.21759],
			"rotation": {"angle": 0, "axis": "y", "origin": [8.05, 2.04663, -6.01759]},
			"faces": {
				"north": {"uv": [5.5, 5, 6.4, 5.8], "rotation": 180, "texture": "#0", "cullface": "north"},
				"east": {"uv": [5.5, 5, 9.5, 5.8], "rotation": 180, "texture": "#0"},
				"south": {"uv": [5.5, 5, 6.4, 5.8], "rotation": 180, "texture": "#0"},
				"west": {"uv": [5.5, 5, 9.5, 5.8], "rotation": 180, "texture": "#0"},
				"up": {"uv": [5.5, 5, 9.5, 5.9], "rotation": 270, "texture": "#0"},
				"down": {"uv": [5.5, 5, 9.5, 5.9], "rotation": 270, "texture": "#0"}
			}
		},
		{
			"name": "stock4",
			"from": [7.6, 0.74663, -5.21759],
			"to": [8.5, 1.64663, -3.21759],
			"rotation": {"angle": 0, "axis": "y", "origin": [8.05, 2.04663, -6.01759]},
			"faces": {
				"north": {"uv": [5.5, 5, 6.4, 5.9], "rotation": 180, "texture": "#0", "cullface": "north"},
				"east": {"uv": [5.5, 5, 7.5, 5.9], "rotation": 180, "texture": "#0"},
				"south": {"uv": [5.5, 5, 6.4, 5.9], "rotation": 180, "texture": "#0"},
				"west": {"uv": [5.5, 5, 7.5, 5.9], "rotation": 180, "texture": "#0"},
				"up": {"uv": [5.5, 5, 7.5, 5.9], "rotation": 270, "texture": "#0"},
				"down": {"uv": [5.5, 5, 7.5, 5.9], "rotation": 270, "texture": "#0"}
			}
		},
		{
			"name": "stock5",
			"from": [7.7, 2.44663, -5.21759],
			"to": [8.4, 2.74663, -1.41759],
			"rotation": {"angle": 0, "axis": "y", "origin": [8.05, 2.04663, -6.01759]},
			"faces": {
				"north": {"uv": [5.5, 5, 6.2, 5.3], "rotation": 180, "texture": "#0", "cullface": "north"},
				"east": {"uv": [5.5, 5, 9.3, 5.3], "rotation": 180, "texture": "#0"},
				"south": {"uv": [5.5, 5, 6.2, 5.3], "rotation": 180, "texture": "#0"},
				"west": {"uv": [5.5, 5, 9.3, 5.3], "rotation": 180, "texture": "#0"},
				"up": {"uv": [5.5, 5, 9.3, 5.7], "rotation": 270, "texture": "#0"},
				"down": {"uv": [5.5, 5, 9.3, 5.7], "rotation": 270, "texture": "#0"}
			}
		},
		{
			"name": "stock6",
			"from": [7.8, 2.49701, -2.55482],
			"to": [8.3, 3.19701, -0.75482],
			"rotation": {"angle": -22.5, "axis": "x", "origin": [8.05, 2.94701, -1.20482]},
			"faces": {
				"north": {"uv": [5.5, 5, 6, 5.7], "rotation": 180, "texture": "#0", "cullface": "north"},
				"east": {"uv": [5.5, 5, 7.3, 5.7], "rotation": 180, "texture": "#0"},
				"south": {"uv": [5.5, 5, 6, 5.7], "rotation": 180, "texture": "#0"},
				"west": {"uv": [5.5, 5, 7.3, 5.7], "rotation": 180, "texture": "#0"},
				"up": {"uv": [5.5, 5, 7.3, 5.5], "rotation": 270, "texture": "#0"},
				"down": {"uv": [5.5, 5, 7.3, 5.5], "rotation": 270, "texture": "#0"}
			}
		},
		{
			"name": "stock7",
			"from": [7.8, 0.84663, -2.11759],
			"to": [8.3, 1.54663, -0.41759],
			"rotation": {"angle": -45, "axis": "x", "origin": [8.05, 2.79663, -1.56759]},
			"faces": {
				"north": {"uv": [5.5, 5, 6, 5.7], "rotation": 180, "texture": "#0", "cullface": "north"},
				"east": {"uv": [5.5, 5, 7.2, 5.7], "rotation": 180, "texture": "#0"},
				"south": {"uv": [5.5, 5, 6, 5.7], "rotation": 180, "texture": "#0"},
				"west": {"uv": [5.5, 5, 7.2, 5.7], "rotation": 180, "texture": "#0"},
				"up": {"uv": [5.5, 5, 7.2, 5.5], "rotation": 270, "texture": "#0"},
				"down": {"uv": [5.5, 5, 7.2, 5.5], "rotation": 270, "texture": "#0"}
			}
		},
		{
			"name": "receiver1",
			"from": [7.7, -0.24618, 1.82131],
			"to": [8.4, 0.75382, 2.02131],
			"rotation": {"angle": -22.5, "axis": "x", "origin": [7.65, 0.75382, -5.47869]},
			"faces": {
				"north": {"uv": [1.25, 1.5, 1.95, 2.5], "rotation": 180, "texture": "#0"},
				"east": {"uv": [1.25, 1.5, 1.45, 2.5], "rotation": 180, "texture": "#0"},
				"south": {"uv": [1.25, 1.5, 1.95, 2.5], "rotation": 180, "texture": "#0"},
				"west": {"uv": [1.25, 1.5, 1.45, 2.5], "rotation": 180, "texture": "#0"},
				"up": {"uv": [1.25, 1.5, 1.45, 2.2], "rotation": 270, "texture": "#0"},
				"down": {"uv": [1.25, 1.5, 1.45, 2.2], "rotation": 270, "texture": "#0"}
			}
		},
		{
			"name": "receiver2",
			"from": [7.8, 2.73833, 1.82548],
			"to": [8.3, 3.03833, 2.42548],
			"rotation": {"angle": -22.5, "axis": "x", "origin": [7.9, 2.73833, 1.92548]},
			"faces": {
				"north": {"uv": [1.25, 1.5, 1.75, 1.8], "rotation": 180, "texture": "#0"},
				"east": {"uv": [1.25, 1.5, 1.85, 1.8], "rotation": 180, "texture": "#0"},
				"south": {"uv": [1.25, 1.5, 1.75, 1.8], "rotation": 180, "texture": "#0"},
				"west": {"uv": [1.25, 1.5, 1.85, 1.8], "rotation": 180, "texture": "#0"},
				"up": {"uv": [1.25, 1.5, 1.85, 2], "rotation": 270, "texture": "#0"},
				"down": {"uv": [1.25, 1.5, 1.85, 2], "rotation": 270, "texture": "#0"}
			}
		},
		{
			"name": "receiver3",
			"from": [7.75, 3.60809, 1.72527],
			"to": [7.85, 4.20809, 4.72527],
			"rotation": {"angle": 0, "axis": "y", "origin": [8.15, 3.95809, 1.62527]},
			"faces": {
				"north": {"uv": [1.25, 1.5, 1.35, 2.1], "rotation": 180, "texture": "#0"},
				"east": {"uv": [1.25, 1.5, 4.25, 2.1], "rotation": 180, "texture": "#0"},
				"south": {"uv": [1.25, 1.5, 1.35, 2.1], "rotation": 180, "texture": "#0"},
				"west": {"uv": [1.25, 1.5, 4.25, 2.1], "rotation": 180, "texture": "#0"},
				"up": {"uv": [1.25, 1.5, 4.25, 1.6], "rotation": 270, "texture": "#0"},
				"down": {"uv": [1.25, 1.5, 4.25, 1.6], "rotation": 270, "texture": "#0"}
			}
		},
		{
			"name": "receiver4",
			"from": [8.25, 3.60809, 1.72527],
			"to": [8.35, 4.20809, 4.72527],
			"rotation": {"angle": 0, "axis": "y", "origin": [8.15, 3.95809, 1.62527]},
			"faces": {
				"north": {"uv": [1.25, 1.5, 1.35, 2.1], "rotation": 180, "texture": "#0"},
				"east": {"uv": [1.25, 1.5, 4.25, 2.1], "rotation": 180, "texture": "#0"},
				"south": {"uv": [1.25, 1.5, 1.35, 2.1], "rotation": 180, "texture": "#0"},
				"west": {"uv": [1.25, 1.5, 4.25, 2.1], "rotation": 180, "texture": "#0"},
				"up": {"uv": [1.25, 1.5, 4.25, 1.6], "rotation": 270, "texture": "#0"},
				"down": {"uv": [1.25, 1.5, 4.25, 1.6], "rotation": 270, "texture": "#0"}
			}
		},
		{
			"name": "receiver5",
			"from": [7.75, 3.60809, 1.62527],
			"to": [8.35, 3.90809, 1.72527],
			"rotation": {"angle": 0, "axis": "y", "origin": [8.15, 3.95809, 1.62527]},
			"faces": {
				"north": {"uv": [1.25, 1.5, 1.85, 1.8], "rotation": 180, "texture": "#0"},
				"east": {"uv": [1.25, 1.5, 1.35, 1.8], "rotation": 180, "texture": "#0"},
				"south": {"uv": [1.25, 1.5, 1.85, 1.8], "rotation": 180, "texture": "#0"},
				"west": {"uv": [1.25, 1.5, 1.35, 1.8], "rotation": 180, "texture": "#0"},
				"up": {"uv": [1.25, 1.5, 1.35, 2.1], "rotation": 270, "texture": "#0"},
				"down": {"uv": [1.25, 1.5, 1.35, 2.1], "rotation": 270, "texture": "#0"}
			}
		},
		{
			"name": "receiver6",
			"from": [7.85, 2.90809, 1.42527],
			"to": [8.35, 3.60809, 5.02527],
			"rotation": {"angle": 0, "axis": "y", "origin": [8.15, 3.95809, 1.62527]},
			"faces": {
				"north": {"uv": [1.25, 1.5, 1.75, 2.2], "rotation": 180, "texture": "#0"},
				"east": {"uv": [1.25, 1.5, 4.85, 2.2], "rotation": 180, "texture": "#0"},
				"south": {"uv": [1.25, 1.5, 1.75, 2.2], "rotation": 180, "texture": "#0"},
				"west": {"uv": [0, 0.25, 3.6, 0.95], "rotation": 180, "texture": "#0"},
				"up": {"uv": [1.25, 1.5, 4.85, 2], "rotation": 270, "texture": "#0"},
				"down": {"uv": [1.25, 1.5, 4.85, 2], "rotation": 270, "texture": "#0"}
			}
		},
		{
			"name": "receiver7",
			"from": [7.75, 3.60809, 4.72527],
			"to": [8.35, 4.30809, 5.02527],
			"rotation": {"angle": 0, "axis": "y", "origin": [8.15, 3.95809, 1.62527]},
			"faces": {
				"north": {"uv": [14.6, 1.25, 15.875, 2.75], "texture": "#0"},
				"east": {"uv": [1.25, 1.5, 1.55, 2.2], "rotation": 180, "texture": "#0"},
				"south": {"uv": [1.25, 1.5, 1.85, 2.2], "rotation": 180, "texture": "#0"},
				"west": {"uv": [1.25, 1.5, 1.55, 2.2], "rotation": 180, "texture": "#0"},
				"up": {"uv": [1.25, 1.5, 1.55, 2.1], "rotation": 270, "texture": "#0"},
				"down": {"uv": [1.25, 1.5, 1.55, 2.1], "rotation": 270, "texture": "#0"}
			}
		},
		{
			"name": "receiver8",
			"from": [7.65, 2.90809, 5.02527],
			"to": [8.45, 4.30809, 5.12527],
			"rotation": {"angle": 0, "axis": "y", "origin": [8.15, 3.95809, 1.62527]},
			"faces": {
				"north": {"uv": [1.25, 1.5, 2.05, 2.9], "rotation": 180, "texture": "#0"},
				"east": {"uv": [1.25, 1.5, 1.35, 2.9], "rotation": 180, "texture": "#0"},
				"south": {"uv": [1.25, 1.5, 2.05, 2.9], "rotation": 180, "texture": "#0"},
				"west": {"uv": [1.25, 1.5, 1.35, 2.9], "rotation": 180, "texture": "#0"},
				"up": {"uv": [1.25, 1.5, 1.35, 2.3], "rotation": 270, "texture": "#0"},
				"down": {"uv": [1.25, 1.5, 1.35, 2.3], "rotation": 270, "texture": "#0"}
			}
		},
		{
			"name": "receiver9",
			"from": [7.85, 0.70382, 0.52131],
			"to": [8.25, 0.80382, 2.22131],
			"rotation": {"angle": -22.5, "axis": "x", "origin": [7.65, 0.75382, -5.47869]},
			"faces": {
				"north": {"uv": [1.25, 1.5, 1.65, 1.6], "rotation": 180, "texture": "#0"},
				"east": {"uv": [1.25, 1.5, 2.95, 1.6], "rotation": 180, "texture": "#0"},
				"south": {"uv": [1.25, 1.5, 1.65, 1.6], "rotation": 180, "texture": "#0"},
				"west": {"uv": [1.25, 1.5, 2.95, 1.6], "rotation": 180, "texture": "#0"},
				"up": {"uv": [1.25, 1.5, 2.95, 1.9], "rotation": 270, "texture": "#0"},
				"down": {"uv": [1.25, 1.5, 2.95, 1.9], "rotation": 270, "texture": "#0"}
			}
		},
		{
			"name": "receiver10",
			"from": [7.8, 3.50028, 1.31458],
			"to": [8.3, 4.20028, 1.51458],
			"rotation": {"angle": 22.5, "axis": "x", "origin": [8.05, 3.20028, 1.36458]},
			"faces": {
				"north": {"uv": [1.25, 1.5, 1.75, 2.2], "rotation": 180, "texture": "#0"},
				"east": {"uv": [1.25, 1.5, 1.45, 2.2], "rotation": 180, "texture": "#0"},
				"south": {"uv": [1.25, 1.5, 1.75, 2.2], "rotation": 180, "texture": "#0"},
				"west": {"uv": [1.25, 1.5, 1.45, 2.2], "rotation": 180, "texture": "#0"},
				"up": {"uv": [1.25, 1.5, 1.45, 2], "rotation": 270, "texture": "#0"},
				"down": {"uv": [1.25, 1.5, 1.45, 2], "rotation": 270, "texture": "#0"}
			}
		},
		{
			"name": "receiver11",
			"from": [7.75, 2.90809, 1.42527],
			"to": [7.85, 3.60809, 2.92527],
			"rotation": {"angle": 0, "axis": "y", "origin": [8.15, 3.95809, 1.62527]},
			"faces": {
				"north": {"uv": [1.25, 1.5, 1.35, 2.2], "rotation": 180, "texture": "#0"},
				"east": {"uv": [1.25, 1.5, 2.75, 2.2], "rotation": 180, "texture": "#0"},
				"south": {"uv": [1.25, 1.5, 1.35, 2.2], "rotation": 180, "texture": "#0"},
				"west": {"uv": [1.25, 1.5, 2.75, 2.2], "rotation": 180, "texture": "#0"},
				"up": {"uv": [1.25, 1.5, 2.75, 1.6], "rotation": 270, "texture": "#0"},
				"down": {"uv": [1.25, 1.5, 2.75, 1.6], "rotation": 270, "texture": "#0"}
			}
		},
		{
			"name": "receiver12",
			"from": [7.75, 2.90809, 3.92527],
			"to": [7.85, 3.60809, 5.02527],
			"rotation": {"angle": 0, "axis": "y", "origin": [8.15, 3.95809, 1.62527]},
			"faces": {
				"north": {"uv": [1.25, 1.5, 1.35, 2.2], "rotation": 180, "texture": "#0"},
				"east": {"uv": [1.25, 1.5, 2.35, 2.2], "rotation": 180, "texture": "#0"},
				"south": {"uv": [1.25, 1.5, 1.35, 2.2], "rotation": 180, "texture": "#0"},
				"west": {"uv": [1.25, 1.5, 2.35, 2.2], "rotation": 180, "texture": "#0"},
				"up": {"uv": [1.25, 1.5, 2.35, 1.6], "rotation": 270, "texture": "#0"},
				"down": {"uv": [1.25, 1.5, 2.35, 1.6], "rotation": 270, "texture": "#0"}
			}
		},
		{
			"name": "receiver13",
			"from": [7.75, 2.90809, 2.92527],
			"to": [7.85, 3.20809, 3.92527],
			"rotation": {"angle": 0, "axis": "y", "origin": [8.15, 3.95809, 1.62527]},
			"faces": {
				"north": {"uv": [1.25, 1.5, 1.35, 1.8], "rotation": 180, "texture": "#0"},
				"east": {"uv": [1.25, 1.5, 2.25, 1.8], "rotation": 180, "texture": "#0"},
				"south": {"uv": [1.25, 1.5, 1.35, 1.8], "rotation": 180, "texture": "#0"},
				"west": {"uv": [1.25, 1.5, 2.25, 1.8], "rotation": 180, "texture": "#0"},
				"up": {"uv": [1.25, 1.5, 2.25, 1.6], "rotation": 270, "texture": "#0"},
				"down": {"uv": [1.25, 1.5, 2.25, 1.6], "rotation": 270, "texture": "#0"}
			}
		},
		{
			"name": "receiver14",
			"from": [7.93754, 3.20809, 2.86808],
			"to": [8.03754, 3.60809, 3.16808],
			"rotation": {"angle": 22.5, "axis": "y", "origin": [7.98754, 3.40809, 3.36808]},
			"faces": {
				"north": {"uv": [0, 0, 0.1, 0.4], "rotation": 180, "texture": "#0"},
				"east": {"uv": [0, 0, 0.3, 0.4], "rotation": 180, "texture": "#0"},
				"south": {"uv": [0, 0, 0.1, 0.4], "rotation": 180, "texture": "#0"},
				"west": {"uv": [0, 0, 0.3, 0.4], "rotation": 180, "texture": "#0"},
				"up": {"uv": [0, 0, 0.3, 0.1], "rotation": 270, "texture": "#0"},
				"down": {"uv": [0, 0, 0.3, 0.1], "rotation": 270, "texture": "#0"}
			}
		},
		{
			"name": "receiver15",
			"from": [7.85, -0.29618, 0.52131],
			"to": [8.25, -0.19618, 2.72131],
			"rotation": {"angle": -22.5, "axis": "x", "origin": [7.65, 0.75382, -5.47869]},
			"faces": {
				"north": {"uv": [1.25, 1.5, 1.65, 1.6], "rotation": 180, "texture": "#0"},
				"east": {"uv": [1.25, 1.5, 3.45, 1.6], "rotation": 180, "texture": "#0"},
				"south": {"uv": [1.25, 1.5, 1.65, 1.6], "rotation": 180, "texture": "#0"},
				"west": {"uv": [1.25, 1.5, 3.45, 1.6], "rotation": 180, "texture": "#0"},
				"up": {"uv": [1.25, 1.5, 3.45, 1.9], "rotation": 270, "texture": "#0"},
				"down": {"uv": [1.25, 1.5, 3.45, 1.9], "rotation": 270, "texture": "#0"}
			}
		},
		{
			"name": "trigger",
			"from": [8, 2.03833, 1.72548],
			"to": [8.1, 2.63833, 1.82548],
			"rotation": {"angle": 0, "axis": "x", "origin": [7.9, 2.73833, 1.92548]},
			"faces": {
				"north": {"uv": [1.25, 1.5, 1.35, 2.1], "rotation": 180, "texture": "#0"},
				"east": {"uv": [1.25, 1.5, 1.35, 2.1], "rotation": 180, "texture": "#0"},
				"south": {"uv": [1.25, 1.5, 1.35, 2.1], "rotation": 180, "texture": "#0"},
				"west": {"uv": [1.25, 1.5, 1.35, 2.1], "rotation": 180, "texture": "#0"},
				"up": {"uv": [1.25, 1.5, 1.35, 1.6], "rotation": 270, "texture": "#0"},
				"down": {"uv": [1.25, 1.5, 1.35, 1.6], "rotation": 270, "texture": "#0"}
			}
		},
		{
			"name": "hammer",
			"from": [7.95, 3.42374, 1.14936],
			"to": [8.15, 4.12374, 1.34936],
			"rotation": {"angle": 22.5, "axis": "x", "origin": [8.05, 3.12374, 1.54936]},
			"faces": {
				"north": {"uv": [0, 0.25, 0.2, 0.95], "rotation": 180, "texture": "#0"},
				"east": {"uv": [0, 0.25, 0.2, 0.95], "rotation": 180, "texture": "#0"},
				"south": {"uv": [0, 0.25, 0.2, 0.95], "rotation": 180, "texture": "#0"},
				"west": {"uv": [0, 0.25, 0.2, 0.95], "rotation": 180, "texture": "#0"},
				"up": {"uv": [0, 0.25, 0.2, 0.45], "rotation": 270, "texture": "#0"},
				"down": {"uv": [0, 0.25, 0.2, 0.45], "rotation": 270, "texture": "#0"}
			}
		},
		{
			"name": "hammer1",
			"from": [7.95, 3.84741, 1.03309],
			"to": [8.15, 3.94741, 1.33309],
			"rotation": {"angle": 22.5, "axis": "x", "origin": [8.05, 3.54741, 1.83309]},
			"faces": {
				"north": {"uv": [0, 0.25, 0.2, 0.35], "rotation": 180, "texture": "#0"},
				"east": {"uv": [0, 0.25, 0.3, 0.35], "rotation": 180, "texture": "#0"},
				"south": {"uv": [0, 0.25, 0.2, 0.35], "rotation": 180, "texture": "#0"},
				"west": {"uv": [0, 0.25, 0.3, 0.35], "rotation": 180, "texture": "#0"},
				"up": {"uv": [0, 0.25, 0.3, 0.45], "rotation": 270, "texture": "#0"},
				"down": {"uv": [0, 0.25, 0.3, 0.45], "rotation": 270, "texture": "#0"}
			}
		},
		{
			"name": "bolt",
			"from": [7.85, 3.90809, 1.62527],
			"to": [8.25, 4.20809, 4.72527],
			"rotation": {"angle": 0, "axis": "y", "origin": [8.15, 3.95809, 1.62527]},
			"faces": {
				"north": {"uv": [0, 0, 0.4, 0.3], "rotation": 180, "texture": "#0"},
				"east": {"uv": [0, 0, 3.1, 0.3], "rotation": 180, "texture": "#0"},
				"south": {"uv": [0, 0, 0.4, 0.3], "rotation": 180, "texture": "#0"},
				"west": {"uv": [0, 0, 3.1, 0.3], "rotation": 180, "texture": "#0"},
				"up": {"uv": [0, 0, 3.1, 0.4], "rotation": 270, "texture": "#0"},
				"down": {"uv": [0, 0, 3.1, 0.4], "rotation": 270, "texture": "#0"}
			}
		},
		{
			"name": "lug",
			"from": [8.2, 2.85809, 2.32527],
			"to": [8.3, 4.25809, 2.72527],
			"rotation": {"angle": 0, "axis": "y", "origin": [8.15, 3.95809, 1.62527]},
			"faces": {
				"north": {"uv": [1, 5.25, 1.1, 6.65], "rotation": 180, "texture": "#0"},
				"east": {"uv": [1, 5.25, 1.4, 6.65], "rotation": 180, "texture": "#0"},
				"south": {"uv": [1, 5.25, 1.1, 6.65], "rotation": 180, "texture": "#0"},
				"west": {"uv": [1, 5.25, 1.4, 6.65], "rotation": 180, "texture": "#0"},
				"up": {"uv": [1, 5.25, 1.4, 5.35], "rotation": 270, "texture": "#0"},
				"down": {"uv": [1, 5.25, 1.4, 5.35], "rotation": 270, "texture": "#0"}
			}
		},
		{
			"name": "lug1",
			"from": [7.8, 2.85809, 2.32527],
			"to": [7.9, 4.25809, 2.72527],
			"rotation": {"angle": 0, "axis": "y", "origin": [8.15, 3.95809, 1.62527]},
			"faces": {
				"north": {"uv": [1, 5.25, 1.1, 6.65], "rotation": 180, "texture": "#0"},
				"east": {"uv": [1, 5.25, 1.4, 6.65], "rotation": 180, "texture": "#0"},
				"south": {"uv": [1, 5.25, 1.1, 6.65], "rotation": 180, "texture": "#0"},
				"west": {"uv": [1, 5.25, 1.4, 6.65], "rotation": 180, "texture": "#0"},
				"up": {"uv": [1, 5.25, 1.4, 5.35], "rotation": 270, "texture": "#0"},
				"down": {"uv": [1, 5.25, 1.4, 5.35], "rotation": 270, "texture": "#0"}
			}
		},
		{
			"name": "handle",
			"from": [7.65, 3.00809, 5.12527],
			"to": [8.45, 4.00809, 8.62527],
			"rotation": {"angle": 0, "axis": "y", "origin": [8.15, 3.95809, 1.62527]},
			"faces": {
				"north": {"uv": [5.75, 5.25, 6.55, 6.25], "rotation": 180, "texture": "#0"},
				"east": {"uv": [5.75, 5.25, 9.25, 6.25], "rotation": 180, "texture": "#0"},
				"south": {"uv": [5.75, 5.25, 6.55, 6.25], "rotation": 180, "texture": "#0"},
				"west": {"uv": [5.75, 5.25, 9.25, 6.25], "rotation": 180, "texture": "#0"},
				"up": {"uv": [5.75, 5.25, 9.25, 6.05], "rotation": 270, "texture": "#0"},
				"down": {"uv": [5.75, 5.25, 9.25, 6.05], "rotation": 270, "texture": "#0"}
			}
		},
		{
			"name": "handle1",
			"from": [7.7, 3.15809, 8.62527],
			"to": [8.4, 3.95809, 11.42527],
			"rotation": {"angle": 0, "axis": "y", "origin": [8.15, 3.95809, 1.62527]},
			"faces": {
				"north": {"uv": [5.75, 5.25, 6.45, 6.05], "rotation": 180, "texture": "#0"},
				"east": {"uv": [5.75, 5.25, 8.55, 6.05], "rotation": 180, "texture": "#0"},
				"south": {"uv": [5.75, 5.25, 6.45, 6.05], "rotation": 180, "texture": "#0"},
				"west": {"uv": [5.75, 5.25, 8.55, 6.05], "rotation": 180, "texture": "#0"},
				"up": {"uv": [5.75, 5.25, 8.55, 5.95], "rotation": 270, "texture": "#0"},
				"down": {"uv": [5.75, 5.25, 8.55, 5.95], "rotation": 270, "texture": "#0"}
			}
		},
		{
			"name": "handle2",
			"from": [7.7, 3.15809, 11.42527],
			"to": [8.4, 3.95809, 11.92527],
			"rotation": {"angle": 0, "axis": "y", "origin": [8.15, 3.95809, 1.62527]},
			"faces": {
				"north": {"uv": [1.5, 1.5, 2.2, 2.3], "rotation": 180, "texture": "#0"},
				"east": {"uv": [1.5, 1.5, 2, 2.3], "rotation": 180, "texture": "#0"},
				"south": {"uv": [1.5, 1.5, 2.2, 2.3], "rotation": 180, "texture": "#0"},
				"west": {"uv": [1.5, 1.5, 2, 2.3], "rotation": 180, "texture": "#0"},
				"up": {"uv": [1.5, 1.5, 2, 2.2], "rotation": 270, "texture": "#0"},
				"down": {"uv": [1.5, 1.5, 2, 2.2], "rotation": 270, "texture": "#0"}
			}
		},
		{
			"name": "barrel",
			"from": [7.8, 3.75809, 5.12527],
			"to": [8.3, 4.25809, 21.02527],
			"rotation": {"angle": 0, "axis": "y", "origin": [8.15, 3.95809, 1.62527]},
			"faces": {
				"north": {"uv": [0, 0, 0.5, 0.5], "rotation": 180, "texture": "#0"},
				"east": {"uv": [0, 0, 15.9, 0.5], "rotation": 180, "texture": "#0"},
				"south": {"uv": [0, 3.75, 1, 4.75], "rotation": 180, "texture": "#0", "cullface": "south"},
				"west": {"uv": [0, 0, 15.9, 0.5], "rotation": 180, "texture": "#0"},
				"up": {"uv": [0, 0, 15.9, 0.5], "rotation": 270, "texture": "#0"},
				"down": {"uv": [0, 0, 15.9, 0.5], "rotation": 270, "texture": "#0"}
			}
		},
		{
			"name": "sight",
			"from": [8, 4.25809, 20.32527],
			"to": [8.1, 4.45809, 20.52527],
			"rotation": {"angle": 0, "axis": "y", "origin": [8.15, 3.95809, 1.62527]},
			"faces": {
				"north": {"uv": [0, 0, 0.1, 0.2], "rotation": 180, "texture": "#0"},
				"east": {"uv": [0, 0, 0.2, 0.2], "rotation": 180, "texture": "#0"},
				"south": {"uv": [0, 0, 0.1, 0.2], "rotation": 180, "texture": "#0", "cullface": "south"},
				"west": {"uv": [0, 0, 0.2, 0.2], "rotation": 180, "texture": "#0"},
				"up": {"uv": [0, 0, 0.1, 0.2], "rotation": 180, "texture": "#0"},
				"down": {"uv": [0, 0, 0.1, 0.2], "rotation": 180, "texture": "#0"}
			}
		},
		{
			"name": "sight1",
			"from": [7.9, 4.35809, 7.32527],
			"to": [8, 4.45809, 7.42527],
			"rotation": {"angle": 0, "axis": "y", "origin": [8.15, 3.95809, 1.62527]},
			"faces": {
				"north": {"uv": [0, 0, 0.1, 0.1], "rotation": 180, "texture": "#0"},
				"east": {"uv": [0, 0, 0.1, 0.1], "rotation": 180, "texture": "#0"},
				"south": {"uv": [0, 0, 0.1, 0.1], "rotation": 180, "texture": "#0"},
				"west": {"uv": [0, 0, 0.1, 0.1], "rotation": 180, "texture": "#0"},
				"up": {"uv": [0, 0, 0.1, 0.1], "rotation": 180, "texture": "#0"},
				"down": {"uv": [0, 0, 0.1, 0.1], "rotation": 180, "texture": "#0"}
			}
		},
		{
			"name": "sight2",
			"from": [8.1, 4.35809, 7.32527],
			"to": [8.2, 4.45809, 7.42527],
			"rotation": {"angle": 0, "axis": "y", "origin": [8.15, 3.95809, 1.62527]},
			"faces": {
				"north": {"uv": [0, 0, 0.1, 0.1], "rotation": 180, "texture": "#0"},
				"east": {"uv": [0, 0, 0.1, 0.1], "rotation": 180, "texture": "#0"},
				"south": {"uv": [0, 0, 0.1, 0.1], "rotation": 180, "texture": "#0"},
				"west": {"uv": [0, 0, 0.1, 0.1], "rotation": 180, "texture": "#0"},
				"up": {"uv": [0, 0, 0.1, 0.1], "rotation": 180, "texture": "#0"},
				"down": {"uv": [0, 0, 0.1, 0.1], "rotation": 180, "texture": "#0"}
			}
		},
		{
			"name": "sight3",
			"from": [7.9, 4.25809, 7.32527],
			"to": [8.2, 4.35809, 8.72527],
			"rotation": {"angle": 0, "axis": "y", "origin": [8.15, 3.95809, 1.62527]},
			"faces": {
				"north": {"uv": [0, 0, 0.3, 0.1], "rotation": 180, "texture": "#0"},
				"east": {"uv": [0, 0, 1.4, 0.1], "rotation": 180, "texture": "#0"},
				"south": {"uv": [0, 0, 0.3, 0.1], "rotation": 180, "texture": "#0"},
				"west": {"uv": [0, 0, 1.4, 0.1], "rotation": 180, "texture": "#0"},
				"up": {"uv": [0, 0, 0.3, 1.4], "rotation": 180, "texture": "#0"},
				"down": {"uv": [0, 0, 0.3, 1.4], "rotation": 180, "texture": "#0"}
			}
		},
		{
			"name": "tube",
			"from": [7.85, 3.30809, 5.12527],
			"to": [8.25, 3.80809, 20.92527],
			"rotation": {"angle": 0, "axis": "y", "origin": [8.15, 3.95809, 1.62527]},
			"faces": {
				"north": {"uv": [0, 0, 0.4, 0.5], "rotation": 180, "texture": "#0"},
				"east": {"uv": [0, 0, 15.8, 0.5], "rotation": 180, "texture": "#0"},
				"south": {"uv": [0, 0, 0.4, 0.5], "rotation": 180, "texture": "#0", "cullface": "south"},
				"west": {"uv": [0, 0, 15.8, 0.5], "rotation": 180, "texture": "#0"},
				"up": {"uv": [0, 0, 15.8, 0.4], "rotation": 270, "texture": "#0"},
				"down": {"uv": [0, 0, 15.8, 0.4], "rotation": 270, "texture": "#0"}
			}
		},
		{
			"name": "guard",
			"from": [8, 2.33833, 2.42548],
			"to": [8.1, 3.03833, 2.62548],
			"rotation": {"angle": 0, "axis": "y", "origin": [8.05, 2.68833, 2.52548]},
			"faces": {
				"north": {"uv": [1.5, 1.5, 1.6, 2.2], "rotation": 180, "texture": "#0"},
				"east": {"uv": [1.5, 1.5, 1.7, 2.2], "rotation": 180, "texture": "#0"},
				"south": {"uv": [1.5, 1.5, 1.6, 2.2], "rotation": 180, "texture": "#0"},
				"west": {"uv": [1.5, 1.5, 1.7, 2.2], "rotation": 180, "texture": "#0"},
				"up": {"uv": [1.5, 1.5, 1.7, 1.6], "rotation": 270, "texture": "#0"},
				"down": {"uv": [1.5, 1.5, 1.7, 1.6], "rotation": 270, "texture": "#0"}
			}
		},
		{
			"name": "guard1",
			"from": [8, 1.69691, 2.24264],
			"to": [8.1, 2.49691, 2.44264],
			"rotation": {"angle": 45, "axis": "x", "origin": [8.05, 2.19691, 2.34264]},
			"faces": {
				"north": {"uv": [1.5, 1.5, 1.6, 2.3], "rotation": 180, "texture": "#0"},
				"east": {"uv": [1.5, 1.5, 1.7, 2.3], "rotation": 180, "texture": "#0"},
				"south": {"uv": [1.5, 1.5, 1.6, 2.3], "rotation": 180, "texture": "#0"},
				"west": {"uv": [1.5, 1.5, 1.7, 2.3], "rotation": 180, "texture": "#0"},
				"up": {"uv": [1.5, 1.5, 1.7, 1.6], "rotation": 270, "texture": "#0"},
				"down": {"uv": [1.5, 1.5, 1.7, 1.6], "rotation": 270, "texture": "#0"}
			}
		},
		{
			"name": "guard2",
			"from": [8, 1.77265, 1.45979],
			"to": [8.1, 1.97265, 2.05979],
			"rotation": {"angle": 0, "axis": "x", "origin": [8.05, 1.97265, 2.35979]},
			"faces": {
				"north": {"uv": [1.5, 1.5, 1.7, 1.6], "rotation": 90, "texture": "#0"},
				"east": {"uv": [1.5, 1.5, 1.7, 2.1], "rotation": 90, "texture": "#0"},
				"south": {"uv": [1.5, 1.5, 1.7, 1.6], "rotation": 270, "texture": "#0"},
				"west": {"uv": [1.5, 1.5, 1.7, 2.1], "rotation": 270, "texture": "#0"},
				"up": {"uv": [1.5, 1.5, 1.6, 2.1], "texture": "#0"},
				"down": {"uv": [1.5, 1.5, 1.6, 2.1], "rotation": 180, "texture": "#0"}
			}
		},
		{
			"name": "guard3",
			"from": [8, 1.79549, 1.4746],
			"to": [8.1, 2.49549, 1.5746],
			"rotation": {"angle": -22.5, "axis": "x", "origin": [8.05, 1.69549, 1.5746]},
			"faces": {
				"north": {"uv": [1.5, 1.5, 1.6, 2.2], "texture": "#0"},
				"east": {"uv": [1.5, 1.5, 1.6, 2.2], "texture": "#0"},
				"south": {"uv": [1.5, 1.5, 1.6, 2.2], "texture": "#0"},
				"west": {"uv": [1.5, 1.5, 1.6, 2.2], "texture": "#0"},
				"up": {"uv": [1.5, 1.5, 1.6, 1.6], "rotation": 270, "texture": "#0"},
				"down": {"uv": [1.5, 1.5, 1.6, 1.6], "rotation": 270, "texture": "#0"}
			}
		},
		{
			"name": "guard4",
			"from": [8, 2.39549, 0.7746],
			"to": [8.1, 2.49549, 1.4746],
			"rotation": {"angle": -22.5, "axis": "x", "origin": [8.05, 1.69549, 1.5746]},
			"faces": {
				"north": {"uv": [1.5, 1.5, 1.6, 1.6], "texture": "#0"},
				"east": {"uv": [1.5, 1.5, 2.2, 1.6], "texture": "#0"},
				"south": {"uv": [1.5, 1.5, 1.6, 1.6], "texture": "#0"},
				"west": {"uv": [1.5, 1.5, 2.2, 1.6], "texture": "#0"},
				"up": {"uv": [1.5, 1.5, 2.2, 1.6], "rotation": 270, "texture": "#0"},
				"down": {"uv": [1.5, 1.5, 2.2, 1.6], "rotation": 270, "texture": "#0"}
			}
		},
		{
			"name": "guard5",
			"from": [8, 1.79549, 0.8746],
			"to": [8.1, 1.89549, 1.4746],
			"rotation": {"angle": -22.5, "axis": "x", "origin": [8.05, 1.69549, 1.5746]},
			"faces": {
				"north": {"uv": [1.5, 1.5, 1.6, 1.6], "texture": "#0"},
				"east": {"uv": [1.5, 1.5, 2.1, 1.6], "texture": "#0"},
				"south": {"uv": [1.5, 1.5, 1.6, 1.6], "texture": "#0"},
				"west": {"uv": [1.5, 1.5, 2.1, 1.6], "texture": "#0"},
				"up": {"uv": [1.5, 1.5, 2.1, 1.6], "rotation": 270, "texture": "#0"},
				"down": {"uv": [1.5, 1.5, 2.1, 1.6], "rotation": 270, "texture": "#0"}
			}
		},
		{
			"name": "guard6",
			"from": [8, 2.33347, -0.33425],
			"to": [8.1, 2.43347, 1.06575],
			"rotation": {"angle": -45, "axis": "x", "origin": [8.05, 1.63347, 1.16575]},
			"faces": {
				"north": {"uv": [1.5, 1.5, 1.6, 1.6], "texture": "#0", "cullface": "north"},
				"east": {"uv": [1.5, 1.5, 2.9, 1.6], "texture": "#0"},
				"south": {"uv": [1.5, 1.5, 1.6, 1.6], "texture": "#0"},
				"west": {"uv": [1.5, 1.5, 2.9, 1.6], "texture": "#0"},
				"up": {"uv": [1.5, 1.5, 2.9, 1.6], "rotation": 270, "texture": "#0"},
				"down": {"uv": [1.5, 1.5, 2.9, 1.6], "rotation": 270, "texture": "#0"}
			}
		},
		{
			"name": "guard7",
			"from": [8, 1.73347, -0.33425],
			"to": [8.1, 2.33347, -0.23425],
			"rotation": {"angle": -45, "axis": "x", "origin": [8.05, 1.63347, 1.16575]},
			"faces": {
				"north": {"uv": [1.5, 1.5, 1.6, 2.1], "texture": "#0"},
				"east": {"uv": [1.5, 1.5, 1.6, 2.1], "texture": "#0"},
				"south": {"uv": [1.5, 1.5, 1.6, 2.1], "texture": "#0"},
				"west": {"uv": [1.5, 1.5, 1.6, 2.1], "texture": "#0"},
				"up": {"uv": [1.5, 1.5, 1.6, 1.6], "rotation": 270, "texture": "#0"},
				"down": {"uv": [1.5, 1.5, 1.6, 1.6], "rotation": 270, "texture": "#0"}
			}
		},
		{
			"name": "guard8",
			"from": [8, 1.73347, -0.23425],
			"to": [8.1, 1.83347, 0.96575],
			"rotation": {"angle": -45, "axis": "x", "origin": [8.05, 1.63347, 1.16575]},
			"faces": {
				"north": {"uv": [1.5, 1.5, 1.6, 1.6], "texture": "#0"},
				"east": {"uv": [1.5, 1.5, 2.7, 1.6], "texture": "#0"},
				"south": {"uv": [1.5, 1.5, 1.6, 1.6], "texture": "#0"},
				"west": {"uv": [1.5, 1.5, 2.7, 1.6], "texture": "#0"},
				"up": {"uv": [1.5, 1.5, 2.7, 1.6], "rotation": 270, "texture": "#0"},
				"down": {"uv": [1.5, 1.5, 2.7, 1.6], "rotation": 270, "texture": "#0"}
			}
		}
	],
	"overrides": [
		{"predicate": {"pulling": 1}, "model": "item/quick3_pulling_0"},
		{"predicate": {"pulling": 1, "pull": 0.58}, "model": "item/quick3_pulling_1"},
		{"predicate": {"pulling": 1, "pull": 1}, "model": "item/quick3_pulling_2"},
		{"predicate": {"charged": 1}, "model": "item/quick3_arrow"},
		{"predicate": {"charged": 1, "firework": 1}, "model": "item/quick3_firework"}
	],
	"display": {
		"thirdperson_righthand": {
			"rotation": [0, 180, 0],
			"translation": [0.25, 6, -4.75],
			"scale": [2.3, 1, 0.75]
		},
		"thirdperson_lefthand": {
			"rotation": [0, 180, 0],
			"translation": [0.25, 6, -4.75],
			"scale": [2.3, 1, 0.75]
		},
		"firstperson_righthand": {
			"rotation": [-6, 176, 0],
			"translation": [-3.5, 9.25, 2.25],
			"scale": [1.65, 1, 0.67]
		},
		"firstperson_lefthand": {
			"rotation": [-6, 176, 0],
			"translation": [-3.5, 9.25, 2.25],
			"scale": [1.65, 1, 0.67]
		},
		"ground": {
			"translation": [0, 5, 0]
		},
		"gui": {
			"rotation": [20, -25, 0],
			"translation": [-0.25, 5.5, 0],
			"scale": [1.31, 1.31, 1.31]
		},
		"head": {
			"rotation": [0, -90, 0],
			"translation": [0, 7.25, -0.75],
			"scale": [1.5, 1.5, 1.5]
		},
		"fixed": {
			"rotation": [0, 90, 0],
			"translation": [2.5, 9, 0],
			"scale": [2.5, 2.5, 2.5]
		}
	},
	"groups": [
		{
			"name": "crossbow",
			"origin": [8, 8, 8],
			"color": 0,
			"children": [
				{
					"name": "stock",
					"origin": [8, 8, 8],
					"color": 0,
					"children": [0, 1, 2, 3, 4, 5, 6, 7]
				},
				{
					"name": "receiver",
					"origin": [8, 8, 8],
					"color": 0,
					"children": [8, 9, 10, 11, 12, 13, 14, 15, 16, 17, 18, 19, 20, 21, 22, 23, 24, 25, 26, 27, 28]
				},
				{
					"name": "front",
					"origin": [8, 8, 8],
					"color": 0,
					"children": [29, 30, 31, 32, 33, 34, 35, 36, 37]
				},
				{
					"name": "reload",
					"origin": [8, 8, 8],
					"color": 0,
					"children": [38, 39, 40, 41, 42, 43, 44, 45, 46]
				}
			]
		}
	]
}