{
	"credit": "Made with Blockbench",
	"textures": {
		"0": "item/quick1",
		"particle": "item/quick1"
	},
	"elements": [
		{
			"name": "receiver",
			"from": [7.5, 2.8, 6],
			"to": [8.6, 4, 9.5],
			"rotation": {"angle": 0, "axis": "y", "origin": [7.83483, 4.12373, 4.61621]},
			"faces": {
				"north": {"uv": [5.7, 5.2, 6.9, 6.3], "rotation": 90, "texture": "#0"},
				"east": {"uv": [5.7, 5.2, 6.9, 8.7], "rotation": 90, "texture": "#0"},
				"south": {"uv": [5.7, 5.2, 6.9, 6.3], "rotation": 90, "texture": "#0"},
				"west": {"uv": [5.7, 5.2, 6.9, 8.7], "rotation": 90, "texture": "#0"},
				"up": {"uv": [5.7, 5.2, 9.2, 6.3], "rotation": 90, "texture": "#0"},
				"down": {"uv": [5.7, 5.2, 9.2, 6.3], "rotation": 90, "texture": "#0"}
			}
		},
		{
			"name": "receiver1",
			"from": [7.6, 3.1, 9.5],
			"to": [8.5, 4, 15.4],
			"rotation": {"angle": 0, "axis": "y", "origin": [7.83483, 4.12373, 4.61621]},
			"faces": {
				"north": {"uv": [5.7, 5.2, 6.6, 6.1], "rotation": 90, "texture": "#0"},
				"east": {"uv": [5.7, 5.2, 6.6, 11.1], "rotation": 90, "texture": "#0"},
				"south": {"uv": [5.7, 5.2, 6.6, 6.1], "rotation": 90, "texture": "#0"},
				"west": {"uv": [5.7, 5.2, 6.6, 11.1], "rotation": 90, "texture": "#0"},
				"up": {"uv": [5.7, 5.2, 11.6, 6.1], "rotation": 90, "texture": "#0"},
				"down": {"uv": [5.7, 5.2, 11.6, 6.1], "rotation": 90, "texture": "#0"}
			}
		},
		{
			"name": "receiver2",
			"from": [7.5, 2.8, 1.8],
			"to": [8.6, 4, 2.2],
			"rotation": {"angle": 0, "axis": "y", "origin": [7.83483, 4.12373, 4.61621]},
			"faces": {
				"north": {"uv": [5.7, 5.2, 6.9, 6.3], "rotation": 90, "texture": "#0"},
				"east": {"uv": [5.7, 5.2, 6.9, 5.6], "rotation": 90, "texture": "#0"},
				"south": {"uv": [5.7, 5.2, 6.9, 6.3], "rotation": 90, "texture": "#0"},
				"west": {"uv": [5.7, 5.2, 6.9, 5.6], "rotation": 90, "texture": "#0"},
				"up": {"uv": [5.7, 5.2, 6.1, 6.3], "rotation": 90, "texture": "#0"},
				"down": {"uv": [5.7, 5.2, 6.1, 6.3], "rotation": 90, "texture": "#0"}
			}
		},
		{
			"name": "receiver3",
			"from": [7.5, 2.8, 2.6],
			"to": [8.6, 4, 3.4],
			"rotation": {"angle": 0, "axis": "y", "origin": [7.83483, 4.12373, 4.61621]},
			"faces": {
				"north": {"uv": [5.7, 5.2, 6.9, 6.3], "rotation": 90, "texture": "#0"},
				"east": {"uv": [5.7, 5.2, 6.9, 6], "rotation": 90, "texture": "#0"},
				"south": {"uv": [5.7, 5.2, 6.9, 6.3], "rotation": 90, "texture": "#0"},
				"west": {"uv": [5.7, 5.2, 6.9, 6], "rotation": 90, "texture": "#0"},
				"up": {"uv": [5.7, 5.2, 6.5, 6.3], "rotation": 90, "texture": "#0"},
				"down": {"uv": [5.7, 5.2, 6.5, 6.3], "rotation": 90, "texture": "#0"}
			}
		},
		{
			"name": "receiver4",
			"from": [7.5, 2.8, 2.2],
			"to": [8.6, 3.3, 2.6],
			"rotation": {"angle": 0, "axis": "y", "origin": [7.83483, 4.12373, 4.61621]},
			"faces": {
				"north": {"uv": [5.7, 5.2, 6.2, 6.3], "rotation": 90, "texture": "#0"},
				"east": {"uv": [5.7, 5.2, 6.2, 5.6], "rotation": 90, "texture": "#0"},
				"south": {"uv": [5.7, 5.2, 6.2, 6.3], "rotation": 90, "texture": "#0"},
				"west": {"uv": [5.7, 5.2, 6.2, 5.6], "rotation": 90, "texture": "#0"},
				"up": {"uv": [5.7, 5.2, 6.1, 6.3], "rotation": 90, "texture": "#0"},
				"down": {"uv": [5.7, 5.2, 6.1, 6.3], "rotation": 90, "texture": "#0"}
			}
		},
		{
			"name": "receiver5",
			"from": [8.2, 3.3, 2.2],
			"to": [8.6, 4, 2.6],
			"rotation": {"angle": 0, "axis": "y", "origin": [7.83483, 4.12373, 4.61621]},
			"faces": {
				"north": {"uv": [5.7, 5.2, 6.4, 5.6], "rotation": 90, "texture": "#0"},
				"east": {"uv": [5.7, 5.2, 6.4, 5.6], "rotation": 90, "texture": "#0"},
				"south": {"uv": [5.7, 5.2, 6.4, 5.6], "rotation": 90, "texture": "#0"},
				"west": {"uv": [5.7, 5.2, 6.4, 5.6], "rotation": 90, "texture": "#0"},
				"up": {"uv": [5.7, 5.2, 6.1, 5.6], "rotation": 90, "texture": "#0"},
				"down": {"uv": [5.7, 5.2, 6.1, 5.6], "rotation": 90, "texture": "#0"}
			}
		},
		{
			"name": "receiver6",
			"from": [7.5, 2.8, 3.4],
			"to": [8.3, 3.8, 6],
			"rotation": {"angle": 0, "axis": "y", "origin": [7.83483, 4.12373, 4.61621]},
			"faces": {
				"north": {"uv": [5.7, 5.2, 6.7, 6], "rotation": 90, "texture": "#0"},
				"east": {"uv": [5.7, 5.2, 6.7, 7.8], "rotation": 90, "texture": "#0"},
				"south": {"uv": [5.7, 5.2, 6.7, 6], "rotation": 90, "texture": "#0"},
				"west": {"uv": [5.7, 5.2, 6.7, 7.8], "rotation": 90, "texture": "#0"},
				"up": {"uv": [5.7, 5.2, 8.3, 6], "rotation": 90, "texture": "#0"},
				"down": {"uv": [5.7, 5.2, 8.3, 6], "rotation": 90, "texture": "#0"}
			}
		},
		{
			"name": "receiver7",
			"from": [8.3, 2.8, 3.4],
			"to": [8.6, 4, 6],
			"rotation": {"angle": 0, "axis": "y", "origin": [7.83483, 4.12373, 4.61621]},
			"faces": {
				"north": {"uv": [5.7, 5.2, 6.9, 5.5], "rotation": 90, "texture": "#0"},
				"east": {"uv": [5.7, 5.2, 6.9, 7.8], "rotation": 90, "texture": "#0"},
				"south": {"uv": [5.7, 5.2, 6.9, 5.5], "rotation": 90, "texture": "#0"},
				"west": {"uv": [5.7, 5.2, 6.9, 7.8], "rotation": 90, "texture": "#0"},
				"up": {"uv": [5.7, 5.2, 8.3, 5.5], "rotation": 90, "texture": "#0"},
				"down": {"uv": [5.7, 5.2, 8.3, 5.5], "rotation": 90, "texture": "#0"}
			}
		},
		{
			"name": "grip",
			"from": [7.6, 2.41265, -0.19727],
			"to": [8.5, 3.61265, 2.10273],
			"rotation": {"angle": -22.5, "axis": "x", "origin": [8.05, 3.01265, 0.90273]},
			"faces": {
				"north": {"uv": [11.4, 5, 12.6, 5.9], "rotation": 270, "texture": "#0"},
				"east": {"uv": [11.4, 5, 12.6, 7.3], "rotation": 270, "texture": "#0"},
				"south": {"uv": [11.4, 5, 12.6, 5.9], "rotation": 270, "texture": "#0"},
				"west": {"uv": [11.4, 5, 12.6, 7.3], "rotation": 270, "texture": "#0"},
				"up": {"uv": [11.4, 5, 13.7, 5.9], "rotation": 270, "texture": "#0"},
				"down": {"uv": [11.4, 5, 13.7, 5.9], "rotation": 270, "texture": "#0"}
			}
		},
		{
			"name": "grip1",
			"from": [7.7, -1.55323, 0.45011],
			"to": [8.4, 1.14677, 1.75011],
			"rotation": {"angle": 22.5, "axis": "x", "origin": [7.63483, 4.14038, 5.07895]},
			"faces": {
				"north": {"uv": [11.4, 5, 12.1, 7.7], "texture": "#0", "cullface": "north"},
				"east": {"uv": [11.4, 5, 12.7, 7.7], "texture": "#0"},
				"south": {"uv": [11.4, 5, 12.1, 7.7], "texture": "#0"},
				"west": {"uv": [11.4, 5, 12.7, 7.7], "texture": "#0"},
				"up": {"uv": [11.4, 5, 12.1, 6.3], "texture": "#0"},
				"down": {"uv": [11.4, 5, 12.1, 6.3], "texture": "#0"}
			}
		},
		{
			"name": "stock",
			"from": [7.5, 1.64663, -6.01759],
			"to": [8.6, 3.04663, -0.81759],
			"rotation": {"angle": 0, "axis": "x", "origin": [7.83483, 4.12373, 4.61621]},
			"faces": {
				"north": {"uv": [11.4, 5, 12.8, 6.1], "rotation": 270, "texture": "#0", "cullface": "north"},
				"east": {"uv": [11.4, 5, 12.8, 10.2], "rotation": 270, "texture": "#0"},
				"south": {"uv": [11.4, 5, 12.8, 6.1], "rotation": 270, "texture": "#0"},
				"west": {"uv": [11.4, 5, 12.8, 10.2], "rotation": 270, "texture": "#0"},
				"up": {"uv": [11.4, 5, 16.6, 6.1], "rotation": 270, "texture": "#0"},
				"down": {"uv": [11.4, 5, 16.6, 6.1], "rotation": 270, "texture": "#0"}
			}
		},
		{
			"name": "stock1",
			"from": [7.65, 4.60128, -6.63502],
			"to": [8.45, 5.90128, -2.93502],
			"rotation": {"angle": -22.5, "axis": "x", "origin": [8.03483, 3.95098, 4.49416]},
			"faces": {
				"north": {"uv": [11.4, 5, 12.7, 5.8], "rotation": 270, "texture": "#0", "cullface": "north"},
				"east": {"uv": [11.4, 5, 12.7, 8.7], "rotation": 270, "texture": "#0"},
				"south": {"uv": [11.4, 5, 12.7, 5.8], "rotation": 270, "texture": "#0"},
				"west": {"uv": [11.4, 5, 12.7, 8.7], "rotation": 270, "texture": "#0"},
				"up": {"uv": [11.4, 5, 15.1, 5.8], "rotation": 270, "texture": "#0"},
				"down": {"uv": [11.4, 5, 15.1, 5.8], "rotation": 270, "texture": "#0"}
			}
		},
		{
			"name": "stock2",
			"from": [7.8, 1.24746, -6.01884],
			"to": [8.3, 1.94746, -0.71884],
			"rotation": {"angle": 0, "axis": "x", "origin": [7.83483, 4.12373, 4.61621]},
			"faces": {
				"north": {"uv": [11.4, 5, 12.1, 5.5], "rotation": 270, "texture": "#0", "cullface": "north"},
				"east": {"uv": [11.4, 5, 12.1, 10.3], "rotation": 270, "texture": "#0"},
				"south": {"uv": [11.4, 5, 12.1, 5.5], "rotation": 270, "texture": "#0"},
				"west": {"uv": [11.4, 5, 12.1, 10.3], "rotation": 270, "texture": "#0"},
				"up": {"uv": [11.4, 5, 16.7, 5.5], "rotation": 270, "texture": "#0"},
				"down": {"uv": [11.4, 5, 16.7, 5.5], "rotation": 270, "texture": "#0"}
			}
		},
		{
			"name": "stock3",
			"from": [7.8, 2.46881, -1.26404],
			"to": [8.3, 3.56881, -0.16404],
			"rotation": {"angle": -45, "axis": "x", "origin": [8.15, 2.76881, -0.46404]},
			"faces": {
				"north": {"uv": [11.4, 5, 12.5, 5.5], "rotation": 270, "texture": "#0", "cullface": "north"},
				"east": {"uv": [11.4, 5, 12.5, 6.1], "rotation": 270, "texture": "#0"},
				"south": {"uv": [11.4, 5, 12.5, 5.5], "rotation": 270, "texture": "#0"},
				"west": {"uv": [11.4, 5, 12.5, 6.1], "rotation": 270, "texture": "#0"},
				"up": {"uv": [11.4, 5, 12.5, 5.5], "rotation": 270, "texture": "#0"},
				"down": {"uv": [11.4, 5, 12.5, 5.5], "rotation": 270, "texture": "#0"}
			}
		},
		{
			"name": "stock4",
			"from": [7.6, 3.04663, -6.71759],
			"to": [8.5, 3.54663, -0.81759],
			"rotation": {"angle": 0, "axis": "y", "origin": [7.83483, 4.12373, 4.61621]},
			"faces": {
				"north": {"uv": [11.4, 5, 11.9, 5.9], "rotation": 270, "texture": "#0", "cullface": "north"},
				"east": {"uv": [11.4, 5, 11.9, 10.9], "rotation": 270, "texture": "#0"},
				"south": {"uv": [11.4, 5, 11.9, 5.9], "rotation": 270, "texture": "#0"},
				"west": {"uv": [11.4, 5, 11.9, 10.9], "rotation": 270, "texture": "#0"},
				"up": {"uv": [11.4, 5, 17.3, 5.9], "rotation": 270, "texture": "#0"},
				"down": {"uv": [11.4, 5, 17.3, 5.9], "rotation": 270, "texture": "#0"}
			}
		},
		{
			"name": "pad",
			"from": [7.5, 0.74663, -6.61759],
			"to": [8.6, 3.04663, -6.01759],
			"rotation": {"angle": 0, "axis": "y", "origin": [8.05, 1.94663, -6.31759]},
			"faces": {
				"north": {"uv": [5.75, 5.25, 6.85, 7.55], "rotation": 180, "texture": "#0", "cullface": "north"},
				"east": {"uv": [5.75, 5.25, 6.35, 7.55], "rotation": 180, "texture": "#0"},
				"south": {"uv": [5.75, 5.25, 6.85, 7.55], "rotation": 180, "texture": "#0"},
				"west": {"uv": [5.75, 5.25, 6.35, 7.55], "rotation": 180, "texture": "#0"},
				"up": {"uv": [5.75, 5.25, 6.85, 5.85], "rotation": 180, "texture": "#0"},
				"down": {"uv": [5.75, 5.25, 6.85, 5.85], "rotation": 180, "texture": "#0"}
			}
		},
		{
			"name": "pad1",
			"from": [7.6, 0.24663, -6.71759],
			"to": [8.5, 0.74663, -6.01759],
			"rotation": {"angle": 0, "axis": "y", "origin": [7.83483, 4.12373, 4.61621]},
			"faces": {
				"north": {"uv": [11.4, 5, 11.9, 5.9], "rotation": 270, "texture": "#0", "cullface": "north"},
				"east": {"uv": [11.4, 5, 11.9, 5.7], "rotation": 270, "texture": "#0"},
				"south": {"uv": [11.4, 5, 11.9, 5.9], "rotation": 270, "texture": "#0"},
				"west": {"uv": [11.4, 5, 11.9, 5.7], "rotation": 270, "texture": "#0"},
				"up": {"uv": [11.4, 5, 12.1, 5.9], "rotation": 270, "texture": "#0"},
				"down": {"uv": [11.4, 5, 12.1, 5.9], "rotation": 270, "texture": "#0"}
			}
		},
		{
			"name": "barrel",
			"from": [7.8, 3.8, 7],
			"to": [8.3, 4.3, 24.7],
			"rotation": {"angle": 0, "axis": "y", "origin": [8.05, 4.05, 14.05]},
			"faces": {
				"north": {"uv": [0, 0, 0.5, 0.5], "texture": "#0"},
				"east": {"uv": [0, 0, 16, 0.5], "texture": "#0"},
				"south": {"uv": [14.775, 3.775, 15.7, 4.7], "texture": "#0", "cullface": "south"},
				"west": {"uv": [0, 0, 16, 0.5], "texture": "#0"},
				"up": {"uv": [0, 0, 0.5, 16], "texture": "#0"},
				"down": {"uv": [0, 0, 0.5, 16], "texture": "#0"}
			}
		},
		{
			"name": "chamber",
			"from": [7.7, 3.7, 5.9],
			"to": [8.4, 4.4, 7],
			"rotation": {"angle": 0, "axis": "y", "origin": [7.83483, 4.12373, 4.61621]},
			"faces": {
				"north": {"uv": [14.75, 3.75, 15.725, 4.8], "texture": "#0"},
				"east": {"uv": [0, 0, 1.1, 0.7], "texture": "#0"},
				"south": {"uv": [0, 0, 0.7, 0.7], "texture": "#0"},
				"west": {"uv": [0, 0, 1.1, 0.7], "texture": "#0"},
				"up": {"uv": [0, 0, 0.7, 1.1], "texture": "#0"},
				"down": {"uv": [0, 0, 0.7, 1.1], "texture": "#0"}
			}
		},
		{
			"name": "chamber1",
			"from": [7.7, 3.7, 2.7],
			"to": [8.4, 4.4, 3.5],
			"rotation": {"angle": 0, "axis": "y", "origin": [7.83483, 4.12373, 4.61621]},
			"faces": {
				"north": {"uv": [0, 0, 0.7, 0.7], "texture": "#0"},
				"east": {"uv": [0, 0, 0.8, 0.7], "texture": "#0"},
				"south": {"uv": [0, 0, 0.7, 0.7], "texture": "#0"},
				"west": {"uv": [0, 0, 0.8, 0.7], "texture": "#0"},
				"up": {"uv": [0, 0, 0.7, 0.8], "texture": "#0"},
				"down": {"uv": [0, 0, 0.7, 0.8], "texture": "#0"}
			}
		},
		{
			"name": "chamber2",
			"from": [8.3, 4, 3.5],
			"to": [8.4, 4.4, 5.9],
			"rotation": {"angle": 0, "axis": "y", "origin": [7.83483, 4.12373, 4.61621]},
			"faces": {
				"north": {"uv": [0, 0, 0.1, 0.4], "texture": "#0"},
				"east": {"uv": [0, 0, 2.4, 0.4], "texture": "#0"},
				"south": {"uv": [0, 0, 0.1, 0.4], "texture": "#0"},
				"west": {"uv": [0, 0, 2.4, 0.4], "texture": "#0"},
				"up": {"uv": [0, 0, 0.1, 2.4], "texture": "#0"},
				"down": {"uv": [0, 0, 0.1, 2.4], "texture": "#0"}
			}
		},
		{
			"name": "chamber2",
			"from": [8, 4.3, 3.5],
			"to": [8.3, 4.4, 5.9],
			"rotation": {"angle": 0, "axis": "y", "origin": [7.83483, 4.12373, 4.61621]},
			"faces": {
				"north": {"uv": [0, 0, 0.3, 0.1], "texture": "#0"},
				"east": {"uv": [0, 0, 2.4, 0.1], "texture": "#0"},
				"south": {"uv": [0, 0, 0.3, 0.1], "texture": "#0"},
				"west": {"uv": [0, 0, 2.4, 0.1], "texture": "#0"},
				"up": {"uv": [0, 0, 0.3, 2.4], "texture": "#0"},
				"down": {"uv": [0, 0, 0.3, 2.4], "texture": "#0"}
			}
		},
		{
			"name": "handle1",
			"from": [6.64342, 3.73514, 2.1],
			"to": [6.84342, 4.23514, 2.7],
			"rotation": {"angle": 45, "axis": "z", "origin": [7.83483, 4.12373, 4.61621]},
			"faces": {
				"north": {"uv": [5.75, 5.25, 5.95, 5.75], "texture": "#0"},
				"east": {"uv": [5.75, 5.25, 6.35, 5.75], "texture": "#0"},
				"south": {"uv": [5.75, 5.25, 5.95, 5.75], "texture": "#0"},
				"west": {"uv": [5.75, 5.25, 6.35, 5.75], "texture": "#0"},
				"up": {"uv": [5.75, 5.25, 5.95, 5.85], "texture": "#0"},
				"down": {"uv": [5.75, 5.25, 5.95, 5.85], "texture": "#0"}
			}
		},
		{
			"name": "handle",
			"from": [6.84342, 3.83514, 2.2],
			"to": [7.84342, 4.13514, 2.6],
			"rotation": {"angle": 45, "axis": "z", "origin": [7.83483, 4.12373, 4.61621]},
			"faces": {
				"north": {"uv": [1.5, 5.25, 2.5, 5.55], "texture": "#0"},
				"east": {"uv": [1.5, 5.25, 1.9, 5.55], "texture": "#0"},
				"south": {"uv": [1.5, 5.25, 2.5, 5.55], "texture": "#0"},
				"west": {"uv": [1.5, 5.25, 1.9, 5.55], "texture": "#0"},
				"up": {"uv": [1.5, 5.25, 2.5, 5.65], "texture": "#0"},
				"down": {"uv": [1.5, 5.25, 2.5, 5.65], "texture": "#0"}
			}
		},
		{
			"name": "bolt",
			"from": [7.8, 3.8, 2.1],
			"to": [8.3, 4.3, 6.3],
			"rotation": {"angle": 0, "axis": "y", "origin": [7.83483, 4.12373, 4.61621]},
			"faces": {
				"north": {"uv": [1.25, 5, 1.75, 5.5], "texture": "#0"},
				"east": {"uv": [1.25, 5, 5.45, 5.5], "texture": "#0"},
				"south": {"uv": [1.25, 5, 1.75, 5.5], "texture": "#0"},
				"west": {"uv": [1.25, 5, 5.45, 5.5], "texture": "#0"},
				"up": {"uv": [1.25, 5, 1.75, 9.2], "texture": "#0"},
				"down": {"uv": [1.25, 5, 1.75, 9.2], "texture": "#0"}
			}
		},
		{
			"name": "trigger",
			"from": [7.9, 2.79332, 1.56192],
			"to": [8.1, 3.49332, 1.76192],
			"rotation": {"angle": -22.5, "axis": "x", "origin": [7.83483, 4.52373, 3.61621]},
			"faces": {
				"north": {"uv": [1.5, 5.25, 2.2, 5.45], "rotation": 270, "texture": "#0"},
				"east": {"uv": [1.5, 5.25, 2.2, 5.45], "rotation": 270, "texture": "#0"},
				"south": {"uv": [1.5, 5.25, 2.2, 5.45], "rotation": 270, "texture": "#0"},
				"west": {"uv": [1.5, 5.25, 2.2, 5.45], "rotation": 270, "texture": "#0"},
				"up": {"uv": [1.5, 5.25, 1.7, 5.45], "rotation": 270, "texture": "#0"},
				"down": {"uv": [1.5, 5.25, 1.7, 5.45], "rotation": 270, "texture": "#0"}
			}
		},
		{
			"name": "guard",
			"from": [7.8, 2.73201, 1.35504],
			"to": [8.2, 3.53201, 1.45504],
			"rotation": {"angle": -22.5, "axis": "x", "origin": [7.83483, 4.46242, 3.60933]},
			"faces": {
				"north": {"uv": [0, 0, 0.4, 0.8], "rotation": 180, "texture": "#0"},
				"east": {"uv": [0, 0, 0.1, 0.8], "rotation": 180, "texture": "#0"},
				"south": {"uv": [0, 0, 0.4, 0.8], "rotation": 180, "texture": "#0"},
				"west": {"uv": [0, 0, 0.1, 0.8], "rotation": 180, "texture": "#0"},
				"up": {"uv": [0, 0, 0.4, 0.1], "rotation": 180, "texture": "#0"},
				"down": {"uv": [0, 0, 0.4, 0.1], "rotation": 180, "texture": "#0"}
			}
		},
		{
			"name": "guard1",
			"from": [7.8, 2.00105, 2.18884],
			"to": [8.2, 2.10105, 3.08884],
			"rotation": {"angle": 0, "axis": "x", "origin": [7.83483, 4.52373, 3.61621]},
			"faces": {
				"north": {"uv": [0, 0, 0.4, 0.1], "texture": "#0"},
				"east": {"uv": [0, 0, 0.9, 0.1], "texture": "#0"},
				"south": {"uv": [0, 0, 0.4, 0.1], "texture": "#0"},
				"west": {"uv": [0, 0, 0.9, 0.1], "texture": "#0"},
				"up": {"uv": [0, 0, 0.4, 0.9], "texture": "#0"},
				"down": {"uv": [0, 0, 0.4, 0.9], "texture": "#0"}
			}
		},
		{
			"name": "guard2",
			"from": [7.8, 2.12218, 3.9733],
			"to": [8.2, 2.92218, 4.0733],
			"rotation": {"angle": 22.5, "axis": "x", "origin": [7.83483, 4.53623, 3.27658]},
			"faces": {
				"north": {"uv": [0, 0, 0.8, 0.4], "rotation": 270, "texture": "#0"},
				"east": {"uv": [0, 0, 0.8, 0.1], "rotation": 270, "texture": "#0"},
				"south": {"uv": [0, 0, 0.8, 0.4], "rotation": 270, "texture": "#0"},
				"west": {"uv": [0, 0, 0.8, 0.1], "rotation": 270, "texture": "#0"},
				"up": {"uv": [0, 0, 0.1, 0.4], "rotation": 270, "texture": "#0"},
				"down": {"uv": [0, 0, 0.1, 0.4], "rotation": 270, "texture": "#0"}
			}
		},
		{
			"name": "mag",
			"from": [7.7, 2.70105, 1.68884],
			"to": [8.3, 2.80105, 6.58884],
			"rotation": {"angle": 0, "axis": "y", "origin": [7.83483, 4.52373, 3.61621]},
			"faces": {
				"north": {"uv": [0, 0, 0.6, 0.1], "texture": "#0"},
				"east": {"uv": [0, 0, 4.9, 0.1], "texture": "#0"},
				"south": {"uv": [0, 0, 0.6, 0.1], "texture": "#0"},
				"west": {"uv": [0, 0, 4.9, 0.1], "texture": "#0"},
				"up": {"uv": [0, 0, 0.6, 4.9], "texture": "#0"},
				"down": {"uv": [0, 0, 0.6, 4.9], "texture": "#0"}
			}
		},
		{
			"name": "rail2",
			"from": [7.8, 4.4, 6.1],
			"to": [8.3, 4.6, 6.9],
			"rotation": {"angle": 0, "axis": "y", "origin": [7.83483, 4.12373, 4.61621]},
			"faces": {
				"north": {"uv": [0, 0, 0.5, 0.2], "texture": "#0"},
				"east": {"uv": [0, 0, 0.8, 0.2], "texture": "#0"},
				"south": {"uv": [0, 0, 0.5, 0.2], "texture": "#0"},
				"west": {"uv": [0, 0, 0.8, 0.2], "texture": "#0"},
				"up": {"uv": [0, 0, 0.5, 0.8], "texture": "#0"},
				"down": {"uv": [0, 0, 0.5, 0.8], "texture": "#0"}
			}
		},
		{
			"name": "rail3",
			"from": [7.8, 4.4, 2.7],
			"to": [8.3, 4.6, 3.5],
			"rotation": {"angle": 0, "axis": "y", "origin": [7.83483, 4.12373, 4.61621]},
			"faces": {
				"north": {"uv": [0, 0, 0.5, 0.2], "texture": "#0"},
				"east": {"uv": [0, 0, 0.8, 0.2], "texture": "#0"},
				"south": {"uv": [0, 0, 0.5, 0.2], "texture": "#0"},
				"west": {"uv": [0, 0, 0.8, 0.2], "texture": "#0"},
				"up": {"uv": [0, 0, 0.5, 0.8], "texture": "#0"},
				"down": {"uv": [0, 0, 0.5, 0.8], "texture": "#0"}
			}
		},
		{
			"name": "leg",
			"from": [7.7, 4.5, 6.2],
			"to": [8.4, 4.7, 6.7],
			"rotation": {"angle": 0, "axis": "y", "origin": [7.83483, 4.12373, 4.61621]},
			"faces": {
				"north": {"uv": [1.5, 5.25, 2.2, 5.45], "texture": "#0"},
				"east": {"uv": [1.5, 5.25, 2, 5.45], "texture": "#0"},
				"south": {"uv": [1.5, 5.25, 2.2, 5.45], "texture": "#0"},
				"west": {"uv": [1.5, 5.25, 2, 5.45], "texture": "#0"},
				"up": {"uv": [1.5, 5.25, 2.2, 5.75], "texture": "#0"},
				"down": {"uv": [1.5, 5.25, 2.2, 5.75], "texture": "#0"}
			}
		},
		{
			"name": "leg1",
			"from": [7.7, 4.5, 2.9],
			"to": [8.4, 4.7, 3.4],
			"rotation": {"angle": 0, "axis": "y", "origin": [7.83483, 4.12373, 4.61621]},
			"faces": {
				"north": {"uv": [1.5, 5.25, 2.2, 5.45], "texture": "#0"},
				"east": {"uv": [1.5, 5.25, 2, 5.45], "texture": "#0"},
				"south": {"uv": [1.5, 5.25, 2.2, 5.45], "texture": "#0"},
				"west": {"uv": [1.5, 5.25, 2, 5.45], "texture": "#0"},
				"up": {"uv": [1.5, 5.25, 2.2, 5.75], "texture": "#0"},
				"down": {"uv": [1.5, 5.25, 2.2, 5.75], "texture": "#0"}
			}
		},
		{
			"name": "leg2",
			"from": [7.8, 4.7, 6.3],
			"to": [8.3, 4.9, 6.6],
			"rotation": {"angle": 0, "axis": "y", "origin": [7.83483, 4.12373, 4.61621]},
			"faces": {
				"north": {"uv": [1.5, 5.25, 2, 5.45], "texture": "#0"},
				"east": {"uv": [1.5, 5.25, 1.8, 5.45], "texture": "#0"},
				"south": {"uv": [1.5, 5.25, 2, 5.45], "texture": "#0"},
				"west": {"uv": [1.5, 5.25, 1.8, 5.45], "texture": "#0"},
				"up": {"uv": [1.5, 5.25, 2, 5.55], "texture": "#0"},
				"down": {"uv": [1.5, 5.25, 2, 5.55], "texture": "#0"}
			}
		},
		{
			"name": "leg3",
			"from": [7.8, 4.7, 3],
			"to": [8.3, 4.9, 3.3],
			"rotation": {"angle": 0, "axis": "y", "origin": [7.83483, 4.12373, 4.61621]},
			"faces": {
				"north": {"uv": [1.5, 5.25, 2, 5.45], "texture": "#0"},
				"east": {"uv": [1.5, 5.25, 1.8, 5.45], "texture": "#0"},
				"south": {"uv": [1.5, 5.25, 2, 5.45], "texture": "#0"},
				"west": {"uv": [1.5, 5.25, 1.8, 5.45], "texture": "#0"},
				"up": {"uv": [1.5, 5.25, 2, 5.55], "texture": "#0"},
				"down": {"uv": [1.5, 5.25, 2, 5.55], "texture": "#0"}
			}
		},
		{
			"name": "scope",
			"from": [7.7, 4.9, 2.4],
			"to": [8.4, 5.6, 6.7],
			"rotation": {"angle": 0, "axis": "y", "origin": [7.83483, 4.12373, 4.61621]},
			"faces": {
				"north": {"uv": [0, 0, 0.7, 0.7], "texture": "#0"},
				"east": {"uv": [0, 0, 4.3, 0.7], "texture": "#0"},
				"south": {"uv": [0, 0, 0.7, 0.7], "texture": "#0"},
				"west": {"uv": [0, 0, 4.3, 0.7], "texture": "#0"},
				"up": {"uv": [0, 0, 0.7, 4.3], "texture": "#0"},
				"down": {"uv": [0, 0, 0.7, 4.3], "texture": "#0"}
			}
		},
		{
			"name": "scope1",
			"from": [7.5, 4.7, 6.7],
			"to": [8.6, 5.8, 8.6],
			"rotation": {"angle": 0, "axis": "y", "origin": [7.83483, 4.12373, 4.61621]},
			"faces": {
				"north": {"uv": [0, 0, 1.1, 1.1], "texture": "#0"},
				"east": {"uv": [0, 0, 1.9, 1.1], "texture": "#0"},
				"south": {"uv": [0, 0, 1.1, 1.1], "texture": "#0"},
				"west": {"uv": [0, 0, 1.9, 1.1], "texture": "#0"},
				"up": {"uv": [0, 0, 1.1, 1.9], "texture": "#0"},
				"down": {"uv": [0, 0, 1.1, 1.9], "texture": "#0"}
			}
		},
		{
			"name": "scope2",
			"from": [7.6, 4.8, 1.4],
			"to": [8.5, 5.7, 2.4],
			"rotation": {"angle": 0, "axis": "y", "origin": [7.83483, 4.12373, 4.61621]},
			"faces": {
				"north": {"uv": [14.9, 1.925, 15.85, 2.825], "texture": "#0"},
				"east": {"uv": [0, 0, 1, 0.9], "texture": "#0"},
				"south": {"uv": [0, 0, 0.9, 0.9], "texture": "#0"},
				"west": {"uv": [0, 0, 1, 0.9], "texture": "#0"},
				"up": {"uv": [0, 0, 0.9, 1], "texture": "#0"},
				"down": {"uv": [0, 0, 0.9, 1], "texture": "#0"}
			}
		},
		{
			"name": "scope3",
			"from": [7.3, 4.5, 8.6],
			"to": [8.8, 6, 9.4],
			"rotation": {"angle": 0, "axis": "y", "origin": [7.83483, 4.12373, 4.61621]},
			"faces": {
				"north": {"uv": [0, 0, 1.5, 1.5], "texture": "#0"},
				"east": {"uv": [0, 0, 0.8, 1.5], "texture": "#0"},
				"south": {"uv": [13.15, 1.875, 14.325, 3.05], "texture": "#0"},
				"west": {"uv": [0, 0, 0.8, 1.5], "texture": "#0"},
				"up": {"uv": [0, 0, 1.5, 0.8], "texture": "#0"},
				"down": {"uv": [0, 0, 1.5, 0.8], "texture": "#0"}
			}
		},
		{
			"name": "scope4",
			"from": [7.6, 4.8, 4.8],
			"to": [8.5, 5.7, 5.5],
			"rotation": {"angle": 0, "axis": "y", "origin": [7.83483, 4.12373, 4.61621]},
			"faces": {
				"north": {"uv": [1.5, 5.25, 2.4, 6.15], "texture": "#0"},
				"east": {"uv": [1.5, 5.25, 2.2, 6.15], "texture": "#0"},
				"south": {"uv": [1.5, 5.25, 2.4, 6.15], "texture": "#0"},
				"west": {"uv": [1.5, 5.25, 2.2, 6.15], "texture": "#0"},
				"up": {"uv": [1.5, 5.25, 2.4, 5.95], "texture": "#0"},
				"down": {"uv": [1.5, 5.25, 2.4, 5.95], "texture": "#0"}
			}
		},
		{
			"name": "scope5",
			"from": [7.8, 5.7, 4.9],
			"to": [8.3, 6.1, 5.4],
			"rotation": {"angle": 0, "axis": "y", "origin": [7.83483, 4.12373, 4.61621]},
			"faces": {
				"north": {"uv": [5.75, 5.25, 6.25, 5.65], "texture": "#0"},
				"east": {"uv": [5.75, 5.25, 6.25, 5.65], "texture": "#0"},
				"south": {"uv": [5.75, 5.25, 6.25, 5.65], "texture": "#0"},
				"west": {"uv": [5.75, 5.25, 6.25, 5.65], "texture": "#0"},
				"up": {"uv": [5.75, 5.25, 6.25, 5.75], "texture": "#0"},
				"down": {"uv": [5.75, 5.25, 6.25, 5.75], "texture": "#0"}
			}
		},
		{
			"name": "scope6",
			"from": [7.2, 5, 4.9],
			"to": [7.6, 5.5, 5.4],
			"rotation": {"angle": 0, "axis": "z", "origin": [8, 6.15, 5.05]},
			"faces": {
				"north": {"uv": [5.75, 5.25, 6.25, 5.65], "rotation": 90, "texture": "#0"},
				"east": {"uv": [5.75, 5.25, 6.25, 5.75], "rotation": 270, "texture": "#0"},
				"south": {"uv": [5.75, 5.25, 6.25, 5.65], "rotation": 270, "texture": "#0"},
				"west": {"uv": [5.75, 5.25, 6.25, 5.75], "rotation": 270, "texture": "#0"},
				"up": {"uv": [5.75, 5.25, 6.25, 5.65], "rotation": 270, "texture": "#0"},
				"down": {"uv": [5.75, 5.25, 6.25, 5.65], "rotation": 270, "texture": "#0"}
			}
		},
		{
			"name": "scope7",
			"from": [8.5, 5, 4.9],
			"to": [8.9, 5.5, 5.4],
			"rotation": {"angle": 0, "axis": "y", "origin": [8, 6.15, 5.05]},
			"faces": {
				"north": {"uv": [5.75, 5.25, 6.25, 5.65], "rotation": 90, "texture": "#0"},
				"east": {"uv": [5.75, 5.25, 6.25, 5.75], "rotation": 270, "texture": "#0"},
				"south": {"uv": [5.75, 5.25, 6.25, 5.65], "rotation": 270, "texture": "#0"},
				"west": {"uv": [5.75, 5.25, 6.25, 5.75], "rotation": 270, "texture": "#0"},
				"up": {"uv": [5.75, 5.25, 6.25, 5.65], "rotation": 270, "texture": "#0"},
				"down": {"uv": [5.75, 5.25, 6.25, 5.65], "rotation": 270, "texture": "#0"}
			}
		},
		{
			"name": "cover",
			"from": [7.6, 4.8, 1.1],
			"to": [8.5, 4.9, 1.4],
			"rotation": {"angle": 0, "axis": "y", "origin": [7.83483, 4.12373, 4.61621]},
			"faces": {
				"north": {"uv": [0, 0, 0.9, 0.1], "texture": "#0"},
				"east": {"uv": [0, 0, 0.3, 0.1], "texture": "#0"},
				"south": {"uv": [0, 0, 0.9, 0.1], "texture": "#0"},
				"west": {"uv": [0, 0, 0.3, 0.1], "texture": "#0"},
				"up": {"uv": [0, 0, 0.9, 0.3], "texture": "#0"},
				"down": {"uv": [0, 0, 0.9, 0.3], "texture": "#0"}
			}
		},
		{
			"name": "cover1",
			"from": [7.6, 5.6, 1.1],
			"to": [8.5, 5.7, 1.4],
			"rotation": {"angle": 0, "axis": "y", "origin": [7.83483, 4.12373, 4.61621]},
			"faces": {
				"north": {"uv": [0, 0, 0.9, 0.1], "texture": "#0"},
				"east": {"uv": [0, 0, 0.3, 0.1], "texture": "#0"},
				"south": {"uv": [0, 0, 0.9, 0.1], "texture": "#0"},
				"west": {"uv": [0, 0, 0.3, 0.1], "texture": "#0"},
				"up": {"uv": [0, 0, 0.9, 0.3], "texture": "#0"},
				"down": {"uv": [0, 0, 0.9, 0.3], "texture": "#0"}
			}
		},
		{
			"name": "cover2",
			"from": [8.4, 4.9, 1.1],
			"to": [8.5, 5.6, 1.4],
			"rotation": {"angle": 0, "axis": "y", "origin": [7.83483, 4.12373, 4.61621]},
			"faces": {
				"north": {"uv": [0, 0, 0.1, 0.7], "texture": "#0"},
				"east": {"uv": [0, 0, 0.3, 0.7], "texture": "#0"},
				"south": {"uv": [0, 0, 0.1, 0.7], "texture": "#0"},
				"west": {"uv": [0, 0, 0.3, 0.7], "texture": "#0"},
				"up": {"uv": [0, 0, 0.1, 0.3], "texture": "#0"},
				"down": {"uv": [0, 0, 0.1, 0.3], "texture": "#0"}
			}
		},
		{
			"name": "cover3",
			"from": [7.6, 4.9, 1.1],
			"to": [7.7, 5.6, 1.4],
			"rotation": {"angle": 0, "axis": "y", "origin": [7.83483, 4.12373, 4.61621]},
			"faces": {
				"north": {"uv": [0, 0, 0.1, 0.7], "texture": "#0"},
				"east": {"uv": [0, 0, 0.3, 0.7], "texture": "#0"},
				"south": {"uv": [0, 0, 0.1, 0.7], "texture": "#0"},
				"west": {"uv": [0, 0, 0.3, 0.7], "texture": "#0"},
				"up": {"uv": [0, 0, 0.1, 0.3], "texture": "#0"},
				"down": {"uv": [0, 0, 0.1, 0.3], "texture": "#0"}
			}
		},
		{
			"name": "sunc",
			"from": [7.3, 4.6, 9.4],
			"to": [7.4, 5.9, 10.1],
			"rotation": {"angle": 0, "axis": "y", "origin": [7.83483, 4.12373, 4.61621]},
			"faces": {
				"north": {"uv": [0, 0, 0.1, 1.3], "texture": "#0"},
				"east": {"uv": [0, 0, 0.7, 1.3], "texture": "#0"},
				"south": {"uv": [0, 0, 0.1, 1.3], "texture": "#0"},
				"west": {"uv": [0, 0, 0.7, 1.3], "texture": "#0"},
				"up": {"uv": [0, 0, 0.1, 0.7], "texture": "#0"},
				"down": {"uv": [0, 0, 0.1, 0.7], "texture": "#0"}
			}
		},
		{
			"name": "sunc1",
			"from": [8.7, 4.6, 9.4],
			"to": [8.8, 5.9, 10.1],
			"rotation": {"angle": 0, "axis": "y", "origin": [7.83483, 4.12373, 4.61621]},
			"faces": {
				"north": {"uv": [0, 0, 0.1, 1.3], "texture": "#0"},
				"east": {"uv": [0, 0, 0.7, 1.3], "texture": "#0"},
				"south": {"uv": [0, 0, 0.1, 1.3], "texture": "#0"},
				"west": {"uv": [0, 0, 0.7, 1.3], "texture": "#0"},
				"up": {"uv": [0, 0, 0.1, 0.7], "texture": "#0"},
				"down": {"uv": [0, 0, 0.1, 0.7], "texture": "#0"}
			}
		},
		{
			"name": "sunc2",
			"from": [7.3, 5.9, 9.4],
			"to": [8.8, 6, 10.1],
			"rotation": {"angle": 0, "axis": "y", "origin": [7.83483, 4.12373, 4.61621]},
			"faces": {
				"north": {"uv": [0, 0, 1.5, 0.1], "texture": "#0"},
				"east": {"uv": [0, 0, 0.7, 0.1], "texture": "#0"},
				"south": {"uv": [0, 0, 1.5, 0.1], "texture": "#0"},
				"west": {"uv": [0, 0, 0.7, 0.1], "texture": "#0"},
				"up": {"uv": [0, 0, 1.5, 0.7], "texture": "#0"},
				"down": {"uv": [0, 0, 1.5, 0.7], "texture": "#0"}
			}
		},
		{
			"name": "sunc3",
			"from": [7.3, 4.5, 9.4],
			"to": [8.8, 4.6, 10.1],
			"rotation": {"angle": 0, "axis": "y", "origin": [7.83483, 4.12373, 4.61621]},
			"faces": {
				"north": {"uv": [0, 0, 1.5, 0.1], "texture": "#0"},
				"east": {"uv": [0, 0, 0.7, 0.1], "texture": "#0"},
				"south": {"uv": [0, 0, 1.5, 0.1], "texture": "#0"},
				"west": {"uv": [0, 0, 0.7, 0.1], "texture": "#0"},
				"up": {"uv": [0, 0, 1.5, 0.7], "texture": "#0"},
				"down": {"uv": [0, 0, 1.5, 0.7], "texture": "#0"}
			}
		}
	],
	"overrides": [
		{"predicate": {"pulling": 1}, "model": "item/quick1_pulling_0"},
		{"predicate": {"pulling": 1, "pull": 0.58}, "model": "item/quick1_pulling_1"},
		{"predicate": {"pulling": 1, "pull": 1}, "model": "item/quick1_pulling_2"},
		{"predicate": {"charged": 1}, "model": "item/quick1_arrow"},
		{"predicate": {"charged": 1, "firework": 1}, "model": "item/quick1_firework"}
	],
	"display": {
		"thirdperson_righthand": {
			"rotation": [0, 180, 0],
			"translation": [0, 7.25, -4],
			"scale": [1.36, 1.29, 0.75]
		},
		"thirdperson_lefthand": {
			"rotation": [0, 180, 0],
			"translation": [0, 7.25, -4],
			"scale": [1.36, 1.29, 0.75]
		},
		"firstperson_righthand": {
			"rotation": [-6, 179, 0],
			"translation": [-4, 9.25, 0.75]
		},
		"firstperson_lefthand": {
			"rotation": [-6, 179, 0],
			"translation": [-4, 9.25, 0.75]
		},
		"ground": {
			"translation": [0, 5, 0]
		},
		"gui": {
			"rotation": [20, -25, 0],
			"translation": [0.25, 5.25, 0],
			"scale": [1.15, 1.15, 1.15]
		},
		"head": {
			"rotation": [0, -90, 0],
			"translation": [0.75, 3.75, -0.75]
		},
		"fixed": {
			"rotation": [0, 90, 0],
			"translation": [0, 9, 0],
			"scale": [2.5, 2.5, 2.5]
		}
	},
	"groups": [
		{
			"name": "crossbow",
			"origin": [8, 8, 8],
			"color": 0,
			"children": [
				{
					"name": "body",
					"origin": [8, 8, 8],
					"color": 0,
					"children": [0, 1, 2, 3, 4, 5, 6, 7, 8, 9, 10, 11, 12, 13, 14, 15, 16]
				},
				{
					"name": "upper",
					"origin": [8, 8, 8],
					"color": 0,
					"children": [17, 18, 19, 20, 21, 22, 23, 24]
				},
				{
					"name": "triggergroup",
					"origin": [8, 8, 8],
					"color": 0,
					"children": [25, 26, 27, 28, 29]
				},
				{
					"name": "rail",
					"origin": [8, 8, 8],
					"color": 0,
					"children": [30, 31, 32, 33, 34, 35]
				},
				{
					"name": "scope",
					"origin": [8, 8, 8],
					"color": 0,
					"children": [36, 37, 38, 39, 40, 41, 42, 43, 44, 45, 46, 47, 48, 49, 50, 51]
				}
			]
		}
	]
}