{
	"credit": "Designed by Sgeorge1970 with Cubik Studio - https://cubik.studio",
	"textures": {
		"texture": "guns/gray5",
		"texture1": "guns/gray6",
		"texture2": "guns/red1",
		"texture3": "guns/scope2",
		"particle": "blocks/e_particle"
	},
	"elements": [
		{
			"name": "Box1",
			"from": [-1.5, 7.5, 4],
			"to": [3.5, 8.5, 5],
			"faces": {
				"north": {"uv": [12.5, 7.5, 16, 8.5], "texture": "#texture1"},
				"east": {"uv": [11, 7.5, 12, 8.5], "texture": "#texture1"},
				"south": {"uv": [0, 7.5, 3.5, 8.5], "texture": "#texture1"},
				"west": {"uv": [4, 7.5, 5, 8.5], "texture": "#texture1"},
				"up": {"uv": [0, 4, 3.5, 5], "texture": "#texture1"},
				"down": {"uv": [0, 11, 3.5, 12], "texture": "#texture1"}
			}
		},
		{
			"name": "Box3",
			"from": [3.5, 7.75, 4.25],
			"to": [4, 8.25, 4.75],
			"faces": {
				"north": {"uv": [12, 7.75, 12.5, 8.25], "texture": "#texture1"},
				"east": {"uv": [11.25, 7.75, 11.75, 8.25], "texture": "#texture1"},
				"south": {"uv": [3.5, 7.75, 4, 8.25], "texture": "#texture1"},
				"west": {"uv": [4.25, 7.75, 4.75, 8.25], "texture": "#texture1"},
				"up": {"uv": [3.5, 4.25, 4, 4.75], "texture": "#texture1"},
				"down": {"uv": [3.5, 11.25, 4, 11.75], "texture": "#texture1"}
			}
		},
		{
			"name": "Box4",
			"from": [4, 6.5, 3.75],
			"to": [5, 8.5, 5.25],
			"faces": {
				"north": {"uv": [11, 7.5, 12, 9.5], "texture": "#texture"},
				"east": {"uv": [10.75, 7.5, 12.25, 9.5], "texture": "#texture"},
				"south": {"uv": [4, 7.5, 5, 9.5], "texture": "#texture"},
				"west": {"uv": [3.75, 7.5, 5.25, 9.5], "texture": "#texture"},
				"up": {"uv": [4, 3.75, 5, 5.25], "texture": "#texture"},
				"down": {"uv": [4, 10.75, 5, 12.25], "texture": "#texture"}
			}
		},
		{
			"name": "Box5",
			"from": [5, 6.5, 3.5],
			"to": [10.5, 8.5, 5.5],
			"faces": {
				"north": {"uv": [5.5, 7.5, 11, 9.5], "texture": "#texture"},
				"east": {"uv": [10.5, 7.5, 12.5, 9.5], "texture": "#texture"},
				"south": {"uv": [5, 7.5, 10.5, 9.5], "texture": "#texture"},
				"west": {"uv": [3.5, 7.5, 5.5, 9.5], "texture": "#texture"},
				"up": {"uv": [5, 3.5, 10.5, 5.5], "texture": "#texture"},
				"down": {"uv": [5, 10.5, 10.5, 12.5], "texture": "#texture"}
			}
		},
		{
			"name": "Box6",
			"from": [4, 8.5, 3.75],
			"to": [5, 9.5, 4.75],
			"rotation": {"angle": 22.5, "axis": "x", "origin": [4, 8.5, 3.75]},
			"faces": {
				"north": {"uv": [11, 6.5, 12, 7.5], "texture": "#texture"},
				"east": {"uv": [11.5, 6.5, 12.5, 7.5], "texture": "#texture"},
				"south": {"uv": [4, 6.5, 5, 7.5], "texture": "#texture"},
				"west": {"uv": [3.5, 6.5, 4.5, 7.5], "texture": "#texture"},
				"up": {"uv": [4, 3.5, 5, 4.5], "texture": "#texture"},
				"down": {"uv": [4, 11.5, 5, 12.5], "texture": "#texture"}
			}
		},
		{
			"name": "Box6",
			"from": [4, 8.5, 4.25],
			"to": [5, 9.5, 5.25],
			"rotation": {"angle": -22.5, "axis": "x", "origin": [5, 8.5, 5.25]},
			"faces": {
				"north": {"uv": [4, 6.5, 5, 7.5], "texture": "#texture"},
				"east": {"uv": [3.5, 6.5, 4.5, 7.5], "texture": "#texture"},
				"south": {"uv": [11, 6.5, 12, 7.5], "texture": "#texture"},
				"west": {"uv": [11.5, 6.5, 12.5, 7.5], "texture": "#texture"},
				"up": {"uv": [4, 3.5, 5, 4.5], "rotation": 180, "texture": "#texture"},
				"down": {"uv": [4, 11.5, 5, 12.5], "rotation": 180, "texture": "#texture"}
			}
		},
		{
			"name": "Box8",
			"from": [4, 9, 4],
			"to": [5, 9.5, 5],
			"faces": {
				"north": {"uv": [11, 6.5, 12, 7], "texture": "#texture"},
				"east": {"uv": [11, 6.5, 12, 7], "texture": "#texture"},
				"south": {"uv": [4, 6.5, 5, 7], "texture": "#texture"},
				"west": {"uv": [4, 6.5, 5, 7], "texture": "#texture"},
				"up": {"uv": [4, 4, 5, 5], "texture": "#texture"},
				"down": {"uv": [4, 11, 5, 12], "texture": "#texture"}
			}
		},
		{
			"name": "Box9",
			"from": [5, 8.5, 3.5],
			"to": [20, 10, 4.5],
			"rotation": {"angle": 22.5, "axis": "x", "origin": [5, 8.5, 3.5]},
			"faces": {
				"north": {"uv": [5.5, 6, 11, 7.5], "texture": "#texture"},
				"east": {"uv": [11.5, 6, 12.5, 7.5], "texture": "#texture"},
				"south": {"uv": [5, 6, 10.5, 7.5], "texture": "#texture"},
				"west": {"uv": [3.5, 6, 4.5, 7.5], "texture": "#texture"},
				"up": {"uv": [5, 3.5, 10.5, 4.5], "texture": "#texture"},
				"down": {"uv": [5, 11.5, 10.5, 12.5], "texture": "#texture"}
			}
		},
		{
			"name": "Box9",
			"from": [5, 8.5, 4.5],
			"to": [20, 10, 5.5],
			"rotation": {"angle": -22.5, "axis": "x", "origin": [20, 8.5, 5.5]},
			"faces": {
				"north": {"uv": [5, 6, 10.5, 7.5], "texture": "#texture"},
				"east": {"uv": [3.5, 6, 4.5, 7.5], "texture": "#texture"},
				"south": {"uv": [5.5, 6, 11, 7.5], "texture": "#texture"},
				"west": {"uv": [11.5, 6, 12.5, 7.5], "texture": "#texture"},
				"up": {"uv": [5, 3.5, 10.5, 4.5], "rotation": 180, "texture": "#texture"},
				"down": {"uv": [5, 11.5, 10.5, 12.5], "rotation": 180, "texture": "#texture"}
			}
		},
		{
			"name": "Box11",
			"from": [5, 9.5, 4],
			"to": [20, 10, 5],
			"faces": {
				"north": {"uv": [0, 6, 11, 6.5], "texture": "#texture"},
				"east": {"uv": [11, 6, 12, 6.5], "texture": "#texture"},
				"south": {"uv": [5, 6, 16, 6.5], "texture": "#texture"},
				"west": {"uv": [4, 6, 5, 6.5], "texture": "#texture"},
				"up": {"uv": [5, 4, 16, 5], "texture": "#texture"},
				"down": {"uv": [5, 11, 16, 12], "texture": "#texture"}
			}
		},
		{
			"name": "Box12",
			"from": [4, 9.5, 4],
			"to": [5, 10, 5],
			"rotation": {"angle": 22.5, "axis": "z", "origin": [5, 10, 4]},
			"faces": {
				"north": {"uv": [12, 6.5, 11, 6], "texture": "#texture"},
				"east": {"uv": [14, 6, 15, 6.5], "rotation": 180, "texture": "#texture"},
				"south": {"uv": [5, 6.5, 4, 6], "texture": "#texture"},
				"west": {"uv": [1, 6, 2, 6.5], "rotation": 180, "texture": "#texture"},
				"up": {"uv": [4, 1, 5, 2], "rotation": 180, "texture": "#texture"},
				"down": {"uv": [4, 14, 5, 15], "rotation": 180, "texture": "#texture"}
			}
		},
		{
			"name": "Box14",
			"from": [5.15, 6.45, 4.155],
			"to": [6.9, 6.8, 4.855],
			"faces": {
				"north": {"uv": [9.1, 9.2, 10.85, 9.55], "texture": "#texture1"},
				"east": {"uv": [11.145, 9.2, 11.845, 9.55], "texture": "#texture1"},
				"south": {"uv": [5.15, 9.2, 6.9, 9.55], "texture": "#texture1"},
				"west": {"uv": [4.155, 9.2, 4.855, 9.55], "texture": "#texture1"},
				"up": {"uv": [5.15, 4.155, 6.9, 4.855], "texture": "#texture1"},
				"down": {"uv": [5.15, 11.145, 6.9, 11.845], "texture": "#texture1"}
			}
		},
		{
			"name": "Box15",
			"from": [5.15, 6.1, 4.155],
			"to": [5.5, 6.45, 4.855],
			"faces": {
				"north": {"uv": [10.5, 9.55, 10.85, 9.9], "texture": "#texture1"},
				"east": {"uv": [11.145, 9.55, 11.845, 9.9], "texture": "#texture1"},
				"south": {"uv": [5.15, 9.55, 5.5, 9.9], "texture": "#texture1"},
				"west": {"uv": [4.155, 9.55, 4.855, 9.9], "texture": "#texture1"},
				"up": {"uv": [5.15, 4.155, 5.5, 4.855], "texture": "#texture1"},
				"down": {"uv": [5.15, 11.145, 5.5, 11.845], "texture": "#texture1"}
			}
		},
		{
			"name": "Box15",
			"from": [6.55, 6.1, 4.155],
			"to": [6.9, 6.45, 4.855],
			"faces": {
				"north": {"uv": [9.1, 9.55, 9.45, 9.9], "texture": "#texture1"},
				"east": {"uv": [11.145, 9.55, 11.845, 9.9], "texture": "#texture1"},
				"south": {"uv": [6.55, 9.55, 6.9, 9.9], "texture": "#texture1"},
				"west": {"uv": [4.155, 9.55, 4.855, 9.9], "texture": "#texture1"},
				"up": {"uv": [6.55, 4.155, 6.9, 4.855], "texture": "#texture1"},
				"down": {"uv": [6.55, 11.145, 6.9, 11.845], "texture": "#texture1"}
			}
		},
		{
			"name": "Box17",
			"from": [5.15, 5.75, 4.155],
			"to": [6.9, 6.1, 4.855],
			"faces": {
				"north": {"uv": [9.1, 9.9, 10.85, 10.25], "texture": "#texture1"},
				"east": {"uv": [11.145, 9.9, 11.845, 10.25], "texture": "#texture1"},
				"south": {"uv": [5.15, 9.9, 6.9, 10.25], "texture": "#texture1"},
				"west": {"uv": [4.155, 9.9, 4.855, 10.25], "texture": "#texture1"},
				"up": {"uv": [5.15, 4.155, 6.9, 4.855], "texture": "#texture1"},
				"down": {"uv": [5.15, 11.145, 6.9, 11.845], "texture": "#texture1"}
			}
		},
		{
			"name": "Box18",
			"from": [3.75, 5.05, 3.805],
			"to": [6.9, 5.75, 5.205],
			"faces": {
				"north": {"uv": [9.1, 10.25, 12.25, 10.95], "texture": "#texture1"},
				"east": {"uv": [10.795, 10.25, 12.195, 10.95], "texture": "#texture1"},
				"south": {"uv": [3.75, 10.25, 6.9, 10.95], "texture": "#texture1"},
				"west": {"uv": [3.805, 10.25, 5.205, 10.95], "texture": "#texture1"},
				"up": {"uv": [3.75, 3.805, 6.9, 5.205], "texture": "#texture1"},
				"down": {"uv": [3.75, 10.795, 6.9, 12.195], "texture": "#texture1"}
			}
		},
		{
			"name": "Box19",
			"from": [4.1, 4.7, 4.155],
			"to": [5.5, 5.05, 4.855],
			"faces": {
				"north": {"uv": [10.5, 10.95, 11.9, 11.3], "texture": "#texture1"},
				"east": {"uv": [11.145, 10.95, 11.845, 11.3], "texture": "#texture1"},
				"south": {"uv": [4.1, 10.95, 5.5, 11.3], "texture": "#texture1"},
				"west": {"uv": [4.155, 10.95, 4.855, 11.3], "texture": "#texture1"},
				"up": {"uv": [4.1, 4.155, 5.5, 4.855], "texture": "#texture1"},
				"down": {"uv": [4.1, 11.145, 5.5, 11.845], "texture": "#texture1"}
			}
		},
		{
			"name": "Box20",
			"from": [5.5, 4, 3.98],
			"to": [6.9, 5.05, 5.03],
			"faces": {
				"north": {"uv": [9.1, 10.95, 10.5, 12], "texture": "#texture1"},
				"east": {"uv": [10.97, 10.95, 12.02, 12], "texture": "#texture1"},
				"south": {"uv": [5.5, 10.95, 6.9, 12], "texture": "#texture1"},
				"west": {"uv": [3.98, 10.95, 5.03, 12], "texture": "#texture1"},
				"up": {"uv": [5.5, 3.98, 6.9, 5.03], "texture": "#texture1"},
				"down": {"uv": [5.5, 10.97, 6.9, 12.02], "texture": "#texture1"}
			}
		},
		{
			"name": "Box21",
			"from": [5.5, 1.9, 3.945],
			"to": [6.9, 4, 5.1],
			"rotation": {"angle": 22.5, "axis": "z", "origin": [5.5, 4, 5.1]},
			"faces": {
				"north": {"uv": [7.5, 16, 5.5, 13.5], "texture": "#texture1"},
				"east": {"uv": [1, 13.5, 2, 16], "rotation": 180, "texture": "#texture1"},
				"south": {"uv": [10.5, 16, 8.5, 13.5], "texture": "#texture1"},
				"west": {"uv": [14, 13.5, 15, 16], "rotation": 180, "texture": "#texture1"},
				"up": {"uv": [5.5, 1, 7.5, 2], "texture": "#texture1"},
				"down": {"uv": [5.5, 14, 7.5, 15], "texture": "#texture1"}
			}
		},
		{
			"name": "Box22",
			"from": [4.1, 5.75, 4.155],
			"to": [5.15, 6.1, 4.855],
			"faces": {
				"north": {"uv": [10.85, 9.9, 11.9, 10.25], "texture": "#texture1"},
				"east": {"uv": [11.145, 9.9, 11.845, 10.25], "texture": "#texture1"},
				"south": {"uv": [4.1, 9.9, 5.15, 10.25], "texture": "#texture1"},
				"west": {"uv": [4.155, 9.9, 4.855, 10.25], "texture": "#texture1"},
				"up": {"uv": [4.1, 4.155, 5.15, 4.855], "texture": "#texture1"},
				"down": {"uv": [4.1, 11.145, 5.15, 11.845], "texture": "#texture1"}
			}
		},
		{
			"name": "Box21",
			"from": [8, 6, 3.75],
			"to": [10.5, 6.5, 5.25],
			"faces": {
				"north": {"uv": [5.5, 9.5, 8, 10], "texture": "#texture"},
				"east": {"uv": [10.75, 9.5, 12.25, 10], "texture": "#texture"},
				"south": {"uv": [8, 9.5, 10.5, 10], "texture": "#texture"},
				"west": {"uv": [3.75, 9.5, 5.25, 10], "texture": "#texture"},
				"up": {"uv": [8, 3.75, 10.5, 5.25], "texture": "#texture"},
				"down": {"uv": [8, 10.75, 10.5, 12.25], "texture": "#texture"}
			}
		},
		{
			"name": "Box22",
			"from": [10, 4, 3.5],
			"to": [10.5, 6.5, 5.5],
			"rotation": {"angle": 22.5, "axis": "z", "origin": [10.5, 6.5, 3.5]},
			"faces": {
				"north": {"uv": [5.5, 12, 5, 9.5], "texture": "#texture"},
				"east": {"uv": [14, 9.5, 15, 12], "rotation": 180, "texture": "#texture"},
				"south": {"uv": [11, 12, 10.5, 9.5], "texture": "#texture"},
				"west": {"uv": [1, 9.5, 2, 12], "rotation": 180, "texture": "#texture"},
				"up": {"uv": [10.5, 1, 11, 2], "rotation": 180, "texture": "#texture"},
				"down": {"uv": [10.5, 14, 11, 15], "rotation": 180, "texture": "#texture"}
			}
		},
		{
			"name": "Box23",
			"from": [11, 4, 3.5],
			"to": [14, 4.5, 5.5],
			"faces": {
				"north": {"uv": [2, 11.5, 5, 12], "texture": "#texture"},
				"east": {"uv": [10.5, 11.5, 12.5, 12], "texture": "#texture"},
				"south": {"uv": [11, 11.5, 14, 12], "texture": "#texture"},
				"west": {"uv": [3.5, 11.5, 5.5, 12], "texture": "#texture"},
				"up": {"uv": [11, 3.5, 14, 5.5], "texture": "#texture"},
				"down": {"uv": [11, 10.5, 14, 12.5], "texture": "#texture"}
			}
		},
		{
			"name": "Box24",
			"from": [14, 4, 3.5],
			"to": [14.5, 5, 5.5],
			"rotation": {"angle": 22.5, "axis": "z", "origin": [14, 4, 3.5]},
			"faces": {
				"north": {"uv": [1.5, 10, 2, 12], "texture": "#texture"},
				"east": {"uv": [1, 10, 2, 12], "texture": "#texture"},
				"south": {"uv": [14, 10, 14.5, 12], "texture": "#texture"},
				"west": {"uv": [14, 10, 15, 12], "texture": "#texture"},
				"up": {"uv": [14, 14, 14.5, 15], "texture": "#texture"},
				"down": {"uv": [14, 1, 14.5, 2], "texture": "#texture"}
			}
		},
		{
			"name": "Box25",
			"from": [13.5, 4.5, 3.5],
			"to": [14, 6.5, 5.5],
			"faces": {
				"north": {"uv": [2, 9.5, 2.5, 11.5], "texture": "#texture"},
				"east": {"uv": [10.5, 9.5, 12.5, 11.5], "texture": "#texture"},
				"south": {"uv": [13.5, 9.5, 14, 11.5], "texture": "#texture"},
				"west": {"uv": [3.5, 9.5, 5.5, 11.5], "texture": "#texture"},
				"up": {"uv": [13.5, 3.5, 14, 5.5], "texture": "#texture"},
				"down": {"uv": [13.5, 10.5, 14, 12.5], "texture": "#texture"}
			}
		},
		{
			"name": "Box26",
			"from": [14, 5, 4],
			"to": [14.5, 6.5, 5],
			"faces": {
				"north": {"uv": [1.5, 9.5, 2, 11], "texture": "#texture1"},
				"east": {"uv": [11, 9.5, 12, 11], "texture": "#texture1"},
				"south": {"uv": [14, 9.5, 14.5, 11], "texture": "#texture1"},
				"west": {"uv": [4, 9.5, 5, 11], "texture": "#texture1"},
				"up": {"uv": [14, 4, 14.5, 5], "texture": "#texture1"},
				"down": {"uv": [14, 11, 14.5, 12], "texture": "#texture1"}
			}
		},
		{
			"name": "Box27",
			"from": [11, 4.5, 3.75],
			"to": [13.5, 6.5, 5.25],
			"faces": {
				"north": {"uv": [2.5, 9.5, 5, 11.5], "texture": "#texture"},
				"east": {"uv": [10.75, 9.5, 12.25, 11.5], "texture": "#texture"},
				"south": {"uv": [11, 9.5, 13.5, 11.5], "texture": "#texture"},
				"west": {"uv": [3.75, 9.5, 5.25, 11.5], "texture": "#texture"},
				"up": {"uv": [11, 3.75, 13.5, 5.25], "texture": "#texture"},
				"down": {"uv": [11, 10.75, 13.5, 12.25], "texture": "#texture"}
			}
		},
		{
			"name": "Box28",
			"from": [10.5, 5.3, 3.75],
			"to": [11, 6.53713, 5.25],
			"faces": {
				"north": {"uv": [5, 9.46288, 5.5, 10.7], "texture": "#texture"},
				"east": {"uv": [10.75, 9.46288, 12.25, 10.7], "texture": "#texture"},
				"south": {"uv": [10.5, 9.46288, 11, 10.7], "texture": "#texture"},
				"west": {"uv": [3.75, 9.46288, 5.25, 10.7], "texture": "#texture"},
				"up": {"uv": [10.5, 3.75, 11, 5.25], "texture": "#texture"},
				"down": {"uv": [10.5, 10.75, 11, 12.25], "texture": "#texture"}
			}
		},
		{
			"name": "Box29",
			"from": [14, 5, 4.25],
			"to": [15.5, 5.5, 4.75],
			"rotation": {"angle": -22.5, "axis": "z", "origin": [14, 5, 4.75]},
			"faces": {
				"north": {"uv": [15, 11, 15.5, 12], "rotation": 270, "texture": "#texture1"},
				"east": {"uv": [15, 14, 15.5, 15], "rotation": 270, "texture": "#texture1"},
				"south": {"uv": [0.5, 11, 1, 12], "rotation": 90, "texture": "#texture1"},
				"west": {"uv": [15.5, 2, 15, 1], "rotation": 90, "texture": "#texture1"},
				"up": {"uv": [1, 11, 2, 12], "rotation": 90, "texture": "#texture1"},
				"down": {"uv": [15, 12, 14, 11], "rotation": 270, "texture": "#texture1"}
			}
		},
		{
			"name": "Box30",
			"from": [15, 4.5, 4.25],
			"to": [15.5, 5, 4.75],
			"faces": {
				"north": {"uv": [0.5, 11, 1, 11.5], "texture": "#texture1"},
				"east": {"uv": [11.25, 11, 11.75, 11.5], "texture": "#texture1"},
				"south": {"uv": [15, 11, 15.5, 11.5], "texture": "#texture1"},
				"west": {"uv": [4.25, 11, 4.75, 11.5], "texture": "#texture1"},
				"up": {"uv": [15, 4.25, 15.5, 4.75], "texture": "#texture1"},
				"down": {"uv": [15, 11.25, 15.5, 11.75], "texture": "#texture1"}
			}
		},
		{
			"name": "Box31",
			"from": [15.5, 4.5, 4.25],
			"to": [17, 5, 4.75],
			"rotation": {"angle": 22.5, "axis": "z", "origin": [15.5, 4.5, 4.25]},
			"faces": {
				"north": {"uv": [0, 11, 0.5, 11.5], "texture": "#texture1"},
				"east": {"uv": [1, 11, 2, 11.5], "texture": "#texture1"},
				"south": {"uv": [15.5, 11, 16, 11.5], "texture": "#texture1"},
				"west": {"uv": [14, 11, 15, 11.5], "texture": "#texture1"},
				"up": {"uv": [15.5, 14, 16, 15], "texture": "#texture1"},
				"down": {"uv": [15.5, 1, 16, 2], "texture": "#texture1"}
			}
		},
		{
			"name": "Box32",
			"from": [14.5, 6, 4],
			"to": [17, 6.5, 5],
			"faces": {
				"north": {"uv": [0, 9.5, 1.5, 10], "texture": "#texture1"},
				"east": {"uv": [11, 9.5, 12, 10], "texture": "#texture1"},
				"south": {"uv": [14.5, 9.5, 16, 10], "texture": "#texture1"},
				"west": {"uv": [4, 9.5, 5, 10], "texture": "#texture1"},
				"up": {"uv": [14.5, 4, 16, 5], "texture": "#texture1"},
				"down": {"uv": [14.5, 11, 16, 12], "texture": "#texture1"}
			}
		},
		{
			"name": "Box33",
			"from": [16.5, 5, 4],
			"to": [17, 6.5, 5],
			"rotation": {"angle": 22.5, "axis": "z", "origin": [16.5, 5, 4]},
			"faces": {
				"north": {"uv": [15.5, 9.5, 16, 11], "texture": "#texture1"},
				"east": {"uv": [1, 9.5, 2, 11], "texture": "#texture1"},
				"south": {"uv": [0, 9.5, 0.5, 11], "texture": "#texture1"},
				"west": {"uv": [14, 9.5, 15, 11], "texture": "#texture1"},
				"up": {"uv": [0, 14, 0.5, 15], "texture": "#texture1"},
				"down": {"uv": [0, 1, 0.5, 2], "texture": "#texture1"}
			}
		},
		{
			"name": "Box34",
			"from": [16.5, 5, 3.75],
			"to": [18, 6.5, 5.25],
			"faces": {
				"north": {"uv": [14, 9.5, 15.5, 11], "texture": "#texture1"},
				"east": {"uv": [10.75, 9.5, 12.25, 11], "texture": "#texture1"},
				"south": {"uv": [0.5, 9.5, 2, 11], "texture": "#texture1"},
				"west": {"uv": [3.75, 9.5, 5.25, 11], "texture": "#texture1"},
				"up": {"uv": [0.5, 3.75, 2, 5.25], "texture": "#texture1"},
				"down": {"uv": [0.5, 10.75, 2, 12.25], "texture": "#texture1"}
			}
		},
		{
			"name": "Box35",
			"from": [16.5, 2, 3.75],
			"to": [18, 5, 5.25],
			"rotation": {"angle": 22.5, "axis": "z", "origin": [16.5, 5, 5.25]},
			"faces": {
				"north": {"uv": [2, 14, 0.5, 11], "texture": "#texture1"},
				"east": {"uv": [1, 11, 2, 14], "rotation": 180, "texture": "#texture1"},
				"south": {"uv": [15.5, 14, 14, 11], "texture": "#texture1"},
				"west": {"uv": [14, 11, 15, 14], "rotation": 180, "texture": "#texture1"},
				"up": {"uv": [0.5, 1, 2, 2], "texture": "#texture1"},
				"down": {"uv": [0.5, 14, 2, 15], "texture": "#texture1"}
			}
		},
		{
			"name": "Box36",
			"from": [10.5, 6.5, 3.5],
			"to": [20, 8.5, 5.5],
			"faces": {
				"north": {"uv": [0, 7.5, 5.5, 9.5], "texture": "#texture"},
				"east": {"uv": [10.5, 7.5, 12.5, 9.5], "texture": "#texture"},
				"south": {"uv": [10.5, 7.5, 16, 9.5], "texture": "#texture"},
				"west": {"uv": [3.5, 7.5, 5.5, 9.5], "texture": "#texture"},
				"up": {"uv": [10.5, 3.5, 16, 5.5], "texture": "#texture"},
				"down": {"uv": [10.5, 10.5, 16, 12.5], "texture": "#texture"}
			}
		},
		{
			"name": "Box37",
			"from": [13.5, -0.5, 4],
			"to": [15.5, 6, 5],
			"rotation": {"angle": 22.5, "axis": "z", "origin": [13.5, -0.5, 4]},
			"faces": {
				"north": {"uv": [2, 11.5, 4, 16], "texture": "#texture1"},
				"east": {"uv": [1, 11.5, 2, 16], "texture": "#texture1"},
				"south": {"uv": [12, 11.5, 14, 16], "texture": "#texture1"},
				"west": {"uv": [14, 11.5, 15, 16], "texture": "#texture1"},
				"up": {"uv": [12, 14, 14, 15], "texture": "#texture1"},
				"down": {"uv": [12, 1, 14, 2], "texture": "#texture1"}
			}
		},
		{
			"name": "Box38",
			"from": [13, -0.5, 3.75],
			"to": [15.5, 0.5, 5.25],
			"faces": {
				"north": {"uv": [0.5, 15.5, 3, 16], "texture": "#texture1"},
				"east": {"uv": [10.75, 15.5, 12.25, 16], "texture": "#texture1"},
				"south": {"uv": [13, 15.5, 15.5, 16], "texture": "#texture1"},
				"west": {"uv": [3.75, 15.5, 5.25, 16], "texture": "#texture1"},
				"up": {"uv": [13, 3.75, 15.5, 5.25], "texture": "#texture1"},
				"down": {"uv": [13, 10.75, 15.5, 12.25], "texture": "#texture1"}
			}
		},
		{
			"name": "Box39",
			"from": [15, 0.5, 3.75],
			"to": [15.5, 3, 5.25],
			"rotation": {"angle": 22.5, "axis": "z", "origin": [15.5, 0.5, 5.25]},
			"faces": {
				"north": {"uv": [15, 13, 15.5, 15.5], "texture": "#texture1"},
				"east": {"uv": [14, 13, 15, 15.5], "texture": "#texture1"},
				"south": {"uv": [0.5, 13, 1, 15.5], "texture": "#texture1"},
				"west": {"uv": [1, 13, 2, 15.5], "texture": "#texture1"},
				"up": {"uv": [15, 14, 15.5, 15], "rotation": 180, "texture": "#texture1"},
				"down": {"uv": [15, 1, 15.5, 2], "rotation": 180, "texture": "#texture1"}
			}
		},
		{
			"name": "Box40",
			"from": [13.5, -1, 4],
			"to": [15.5, -0.5, 5],
			"faces": {
				"north": {"uv": [0.5, 0.5, 2.5, 1], "texture": "#texture1"},
				"east": {"uv": [11, 0.5, 12, 1], "texture": "#texture1"},
				"south": {"uv": [13.5, 0.5, 15.5, 1], "texture": "#texture1"},
				"west": {"uv": [4, 0.5, 5, 1], "texture": "#texture1"},
				"up": {"uv": [13.5, 4, 15.5, 5], "texture": "#texture1"},
				"down": {"uv": [13.5, 11, 15.5, 12], "texture": "#texture1"}
			}
		},
		{
			"name": "Box41",
			"from": [15.5, -0.5, 4],
			"to": [16, 0.5, 5],
			"faces": {
				"north": {"uv": [0, 15.5, 0.5, 16], "texture": "#texture1"},
				"east": {"uv": [11, 15.5, 12, 16], "texture": "#texture1"},
				"south": {"uv": [15.5, 15.5, 16, 16], "texture": "#texture1"},
				"west": {"uv": [4, 15.5, 5, 16], "texture": "#texture1"},
				"up": {"uv": [15.5, 4, 16, 5], "texture": "#texture1"},
				"down": {"uv": [15.5, 11, 16, 12], "texture": "#texture1"}
			}
		},
		{
			"name": "Box42",
			"from": [17.5, 2, 3.5],
			"to": [19, 3, 5.5],
			"faces": {
				"north": {"uv": [13, 13, 14.5, 14], "texture": "#texture1"},
				"east": {"uv": [10.5, 13, 12.5, 14], "texture": "#texture1"},
				"south": {"uv": [1.5, 13, 3, 14], "texture": "#texture1"},
				"west": {"uv": [3.5, 13, 5.5, 14], "texture": "#texture1"},
				"up": {"uv": [1.5, 3.5, 3, 5.5], "texture": "#texture1"},
				"down": {"uv": [1.5, 10.5, 3, 12.5], "texture": "#texture1"}
			}
		},
		{
			"name": "Box43",
			"from": [19, 2, 3.5],
			"to": [20, 3, 5.5],
			"rotation": {"angle": 45, "axis": "z", "origin": [19, 2, 3.5]},
			"faces": {
				"north": {"uv": [12, 13, 13, 14], "texture": "#texture1"},
				"east": {"uv": [1, 13, 2, 14], "texture": "#texture1"},
				"south": {"uv": [3, 13, 4, 14], "texture": "#texture1"},
				"west": {"uv": [14, 13, 15, 14], "texture": "#texture1"},
				"up": {"uv": [3, 14, 4, 15], "texture": "#texture1"},
				"down": {"uv": [3, 1, 4, 2], "texture": "#texture1"}
			}
		},
		{
			"name": "Box44",
			"from": [18.5, 2.5, 3.5],
			"to": [19.5, 5.5, 5.5],
			"rotation": {"angle": 22.5, "axis": "z", "origin": [18.5, 2.5, 3.5]},
			"faces": {
				"north": {"uv": [12.5, 12.5, 13.5, 13.5], "texture": "#texture1"},
				"east": {"uv": [1, 12.5, 2, 13.5], "texture": "#texture1"},
				"south": {"uv": [2.5, 12.5, 3.5, 13.5], "texture": "#texture1"},
				"west": {"uv": [14, 12.5, 15, 13.5], "texture": "#texture1"},
				"up": {"uv": [2.5, 14, 3.5, 15], "texture": "#texture1"},
				"down": {"uv": [2.5, 1, 3.5, 2], "texture": "#texture1"}
			}
		},
		{
			"name": "Box45",
			"from": [17.5, 6, 4],
			"to": [18.5, 8, 5],
			"rotation": {"angle": -45, "axis": "z", "origin": [17.5, 6, 4]},
			"faces": {
				"north": {"uv": [13, 9, 14, 10.5], "texture": "#texture1"},
				"east": {"uv": [1, 9, 2, 10.5], "texture": "#texture1"},
				"south": {"uv": [2, 9, 3, 10.5], "texture": "#texture1"},
				"west": {"uv": [14, 9, 15, 10.5], "texture": "#texture1"},
				"up": {"uv": [2, 14, 3, 15], "texture": "#texture1"},
				"down": {"uv": [2, 1, 3, 2], "texture": "#texture1"}
			}
		},
		{
			"name": "Box46",
			"from": [19.5, 6.5, 4],
			"to": [20, 8.5, 5],
			"faces": {
				"north": {"uv": [12, 7.5, 12.5, 9.5], "texture": "#texture"},
				"east": {"uv": [11, 7.5, 12, 9.5], "texture": "#texture"},
				"south": {"uv": [3.5, 7.5, 4, 9.5], "texture": "#texture"},
				"west": {"uv": [4, 7.5, 5, 9.5], "texture": "#texture"},
				"up": {"uv": [3.5, 4, 4, 5], "texture": "#texture"},
				"down": {"uv": [3.5, 11, 4, 12], "texture": "#texture"}
			}
		},
		{
			"name": "Box47",
			"from": [20, 8, 4],
			"to": [22, 9, 5],
			"faces": {
				"north": {"uv": [10, 7, 12, 8], "texture": "#texture"},
				"east": {"uv": [11, 7, 12, 8], "texture": "#texture"},
				"south": {"uv": [4, 7, 6, 8], "texture": "#texture"},
				"west": {"uv": [4, 7, 5, 8], "texture": "#texture"},
				"up": {"uv": [4, 4, 6, 5], "texture": "#texture"},
				"down": {"uv": [4, 11, 6, 12], "texture": "#texture"}
			}
		},
		{
			"name": "Box48",
			"from": [20, 7, 4],
			"to": [20.5, 7.5, 5],
			"faces": {
				"north": {"uv": [11.5, 8.5, 12, 9], "texture": "#texture"},
				"east": {"uv": [11, 8.5, 12, 9], "texture": "#texture"},
				"south": {"uv": [4, 8.5, 4.5, 9], "texture": "#texture"},
				"west": {"uv": [4, 8.5, 5, 9], "texture": "#texture"},
				"up": {"uv": [4, 4, 4.5, 5], "texture": "#texture"},
				"down": {"uv": [4, 11, 4.5, 12], "texture": "#texture"}
			}
		},
		{
			"name": "Box49",
			"from": [20.5, 7, 4],
			"to": [22, 7.5, 5],
			"rotation": {"angle": 45, "axis": "z", "origin": [20.5, 7, 4]},
			"faces": {
				"north": {"uv": [9.5, 8.5, 10.5, 9], "texture": "#texture"},
				"east": {"uv": [1, 8.5, 2, 9], "texture": "#texture"},
				"south": {"uv": [5.5, 8.5, 6.5, 9], "texture": "#texture"},
				"west": {"uv": [14, 8.5, 15, 9], "texture": "#texture"},
				"up": {"uv": [5.5, 14, 6.5, 15], "texture": "#texture"},
				"down": {"uv": [5.5, 1, 6.5, 2], "texture": "#texture"}
			}
		},
		{
			"name": "Box50",
			"from": [22, 7, 3.5],
			"to": [25.5, 9.5, 5.5],
			"faces": {
				"north": {"uv": [6.5, 6.5, 10, 9], "texture": "#texture1"},
				"east": {"uv": [10.5, 6.5, 12.5, 9], "texture": "#texture1"},
				"south": {"uv": [6, 6.5, 9.5, 9], "texture": "#texture1"},
				"west": {"uv": [3.5, 6.5, 5.5, 9], "texture": "#texture1"},
				"up": {"uv": [6, 3.5, 9.5, 5.5], "texture": "#texture1"},
				"down": {"uv": [6, 10.5, 9.5, 12.5], "texture": "#texture1"}
			}
		},
		{
			"name": "Box51",
			"from": [22.5, 9.5, 3.75],
			"to": [25.5, 10, 5.25],
			"faces": {
				"north": {"uv": [6.5, 6, 9.5, 6.5], "texture": "#texture1"},
				"east": {"uv": [10.75, 6, 12.25, 6.5], "texture": "#texture1"},
				"south": {"uv": [6.5, 6, 9.5, 6.5], "texture": "#texture1"},
				"west": {"uv": [3.75, 6, 5.25, 6.5], "texture": "#texture1"},
				"up": {"uv": [6.5, 3.75, 9.5, 5.25], "texture": "#texture1"},
				"down": {"uv": [6.5, 10.75, 9.5, 12.25], "texture": "#texture1"}
			}
		},
		{
			"name": "Box52",
			"from": [25.5, 6, 3.5],
			"to": [26.5, 9.5, 5.5],
			"faces": {
				"north": {"uv": [5.5, 6.5, 6.5, 10], "texture": "#texture1"},
				"east": {"uv": [10.5, 6.5, 12.5, 10], "texture": "#texture1"},
				"south": {"uv": [9.5, 6.5, 10.5, 10], "texture": "#texture1"},
				"west": {"uv": [3.5, 6.5, 5.5, 10], "texture": "#texture1"},
				"up": {"uv": [9.5, 3.5, 10.5, 5.5], "texture": "#texture1"},
				"down": {"uv": [9.5, 10.5, 10.5, 12.5], "texture": "#texture1"}
			}
		},
		{
			"name": "Box53",
			"from": [24.5, 6, 3.5],
			"to": [25.5, 7, 5.5],
			"faces": {
				"north": {"uv": [6.5, 9, 7.5, 10], "texture": "#texture1"},
				"east": {"uv": [10.5, 9, 12.5, 10], "texture": "#texture1"},
				"south": {"uv": [8.5, 9, 9.5, 10], "texture": "#texture1"},
				"west": {"uv": [3.5, 9, 5.5, 10], "texture": "#texture1"},
				"up": {"uv": [8.5, 3.5, 9.5, 5.5], "texture": "#texture1"},
				"down": {"uv": [8.5, 10.5, 9.5, 12.5], "texture": "#texture1"}
			}
		},
		{
			"name": "Box54",
			"from": [24.5, 4, 3.5],
			"to": [26.5, 6, 5.5],
			"faces": {
				"north": {"uv": [5.5, 10, 7.5, 12], "texture": "#texture1"},
				"east": {"uv": [10.5, 10, 12.5, 12], "texture": "#texture1"},
				"south": {"uv": [8.5, 10, 10.5, 12], "texture": "#texture1"},
				"west": {"uv": [3.5, 10, 5.5, 12], "texture": "#texture1"},
				"up": {"uv": [8.5, 3.5, 10.5, 5.5], "texture": "#texture1"},
				"down": {"uv": [8.5, 10.5, 10.5, 12.5], "texture": "#texture1"}
			}
		},
		{
			"name": "Box55",
			"from": [21.5, 4, 3.55],
			"to": [24.5, 5.5, 5.35],
			"rotation": {"angle": 22.5, "axis": "z", "origin": [24.5, 5.5, 3.55]},
			"faces": {
				"north": {"uv": [10.5, 12, 7.5, 10.5], "texture": "#texture1"},
				"east": {"uv": [14, 10.5, 15, 12], "rotation": 180, "texture": "#texture1"},
				"south": {"uv": [8.5, 12, 5.5, 10.5], "texture": "#texture1"},
				"west": {"uv": [1, 10.5, 2, 12], "rotation": 180, "texture": "#texture1"},
				"up": {"uv": [5.5, 1, 8.5, 2], "rotation": 180, "texture": "#texture1"},
				"down": {"uv": [5.5, 14, 8.5, 15], "rotation": 180, "texture": "#texture1"}
			}
		},
		{
			"name": "Box56",
			"from": [23, 6, 4],
			"to": [24.5, 7, 5],
			"rotation": {"angle": -45, "axis": "z", "origin": [24.5, 6, 5]},
			"faces": {
				"north": {"uv": [7.5, 9, 9, 10], "texture": "#texture1"},
				"east": {"uv": [14, 9, 15, 10], "texture": "#texture1"},
				"south": {"uv": [7, 9, 8.5, 10], "texture": "#texture1"},
				"west": {"uv": [1, 9, 2, 10], "texture": "#texture1"},
				"up": {"uv": [7.5, 14, 9, 15], "rotation": 180, "texture": "#texture1"},
				"down": {"uv": [7.5, 1, 9, 2], "rotation": 180, "texture": "#texture1"}
			}
		},
		{
			"name": "Box57",
			"from": [21.5, 3, 3.75],
			"to": [22.5, 5, 5.25],
			"faces": {
				"north": {"uv": [9.5, 11, 10.5, 13], "texture": "#texture1"},
				"east": {"uv": [10.75, 11, 12.25, 13], "texture": "#texture1"},
				"south": {"uv": [5.5, 11, 6.5, 13], "texture": "#texture1"},
				"west": {"uv": [3.75, 11, 5.25, 13], "texture": "#texture1"},
				"up": {"uv": [5.5, 3.75, 6.5, 5.25], "texture": "#texture1"},
				"down": {"uv": [5.5, 10.75, 6.5, 12.25], "texture": "#texture1"}
			}
		},
		{
			"name": "Box58",
			"from": [22, 4, 4],
			"to": [25.5, 5, 5],
			"rotation": {"angle": 22.5, "axis": "z", "origin": [22, 4, 4]},
			"faces": {
				"north": {"uv": [7, 10.5, 10.5, 11.5], "texture": "#texture1"},
				"east": {"uv": [1, 10.5, 2, 11.5], "texture": "#texture1"},
				"south": {"uv": [5.5, 10.5, 9, 11.5], "texture": "#texture1"},
				"west": {"uv": [14, 10.5, 15, 11.5], "texture": "#texture1"},
				"up": {"uv": [5.5, 14, 9, 15], "texture": "#texture1"},
				"down": {"uv": [5.5, 1, 9, 2], "texture": "#texture1"}
			}
		},
		{
			"name": "Box59",
			"from": [5.5, 10, 4],
			"to": [6.5, 10.5, 5],
			"faces": {
				"north": {"uv": [9.5, 5.5, 10.5, 6], "texture": "#texture"},
				"east": {"uv": [11, 5.5, 12, 6], "texture": "#texture"},
				"south": {"uv": [5.5, 5.5, 6.5, 6], "texture": "#texture"},
				"west": {"uv": [4, 5.5, 5, 6], "texture": "#texture"},
				"up": {"uv": [5.5, 4, 6.5, 5], "texture": "#texture"},
				"down": {"uv": [5.5, 11, 6.5, 12], "texture": "#texture"}
			}
		},
		{
			"name": "Box59",
			"from": [7.5, 10, 4],
			"to": [8.5, 10.5, 5],
			"faces": {
				"north": {"uv": [7.5, 5.5, 8.5, 6], "texture": "#texture"},
				"east": {"uv": [11, 5.5, 12, 6], "texture": "#texture"},
				"south": {"uv": [7.5, 5.5, 8.5, 6], "texture": "#texture"},
				"west": {"uv": [4, 5.5, 5, 6], "texture": "#texture"},
				"up": {"uv": [7.5, 4, 8.5, 5], "texture": "#texture"},
				"down": {"uv": [7.5, 11, 8.5, 12], "texture": "#texture"}
			}
		},
		{
			"name": "Box59",
			"from": [9.5, 10, 4],
			"to": [10.5, 10.5, 5],
			"faces": {
				"north": {"uv": [5.5, 5.5, 6.5, 6], "texture": "#texture"},
				"east": {"uv": [11, 5.5, 12, 6], "texture": "#texture"},
				"south": {"uv": [9.5, 5.5, 10.5, 6], "texture": "#texture"},
				"west": {"uv": [4, 5.5, 5, 6], "texture": "#texture"},
				"up": {"uv": [9.5, 4, 10.5, 5], "texture": "#texture"},
				"down": {"uv": [9.5, 11, 10.5, 12], "texture": "#texture"}
			}
		},
		{
			"name": "Box59",
			"from": [11.5, 10, 4],
			"to": [12.5, 10.5, 5],
			"faces": {
				"north": {"uv": [3.5, 5.5, 4.5, 6], "texture": "#texture"},
				"east": {"uv": [11, 5.5, 12, 6], "texture": "#texture"},
				"south": {"uv": [11.5, 5.5, 12.5, 6], "texture": "#texture"},
				"west": {"uv": [4, 5.5, 5, 6], "texture": "#texture"},
				"up": {"uv": [11.5, 4, 12.5, 5], "texture": "#texture"},
				"down": {"uv": [11.5, 11, 12.5, 12], "texture": "#texture"}
			}
		},
		{
			"name": "Box59",
			"from": [13.5, 10, 4],
			"to": [14.5, 10.5, 5],
			"faces": {
				"north": {"uv": [1.5, 5.5, 2.5, 6], "texture": "#texture"},
				"east": {"uv": [11, 5.5, 12, 6], "texture": "#texture"},
				"south": {"uv": [13.5, 5.5, 14.5, 6], "texture": "#texture"},
				"west": {"uv": [4, 5.5, 5, 6], "texture": "#texture"},
				"up": {"uv": [13.5, 4, 14.5, 5], "texture": "#texture"},
				"down": {"uv": [13.5, 11, 14.5, 12], "texture": "#texture"}
			}
		},
		{
			"name": "Box59",
			"from": [15.5, 10, 4],
			"to": [16.5, 10.5, 5],
			"faces": {
				"north": {"uv": [0, 5.5, 0.5, 6], "texture": "#texture"},
				"east": {"uv": [11, 5.5, 12, 6], "texture": "#texture"},
				"south": {"uv": [15.5, 5.5, 16, 6], "texture": "#texture"},
				"west": {"uv": [4, 5.5, 5, 6], "texture": "#texture"},
				"up": {"uv": [15.5, 4, 16, 5], "texture": "#texture"},
				"down": {"uv": [15.5, 11, 16, 12], "texture": "#texture"}
			}
		},
		{
			"name": "Box59",
			"from": [17.5, 10, 4],
			"to": [18.5, 10.5, 5],
			"faces": {
				"north": {"uv": [13.5, 5.5, 14.5, 6], "texture": "#texture"},
				"east": {"uv": [11, 5.5, 12, 6], "texture": "#texture"},
				"south": {"uv": [1.5, 5.5, 2.5, 6], "texture": "#texture"},
				"west": {"uv": [4, 5.5, 5, 6], "texture": "#texture"},
				"up": {"uv": [1.5, 4, 2.5, 5], "texture": "#texture"},
				"down": {"uv": [1.5, 11, 2.5, 12], "texture": "#texture"}
			}
		},
		{
			"name": "Box66",
			"from": [8, 10, 3.5],
			"to": [11, 11, 5.5],
			"faces": {
				"north": {"uv": [5, 5, 8, 6], "texture": "#texture1"},
				"east": {"uv": [10.5, 5, 12.5, 6], "texture": "#texture1"},
				"south": {"uv": [8, 5, 11, 6], "texture": "#texture1"},
				"west": {"uv": [3.5, 5, 5.5, 6], "texture": "#texture1"},
				"up": {"uv": [8, 3.5, 11, 5.5], "texture": "#texture1"},
				"down": {"uv": [8, 10.5, 11, 12.5], "texture": "#texture1"}
			}
		},
		{
			"name": "Box67",
			"from": [8, 11, 3.25],
			"to": [9, 13, 3.75],
			"rotation": {"angle": 22.5, "axis": "z", "origin": [9, 11, 3.75]},
			"faces": {
				"north": {"uv": [8, 3, 9, 5], "texture": "#texture1"},
				"east": {"uv": [3.5, 3, 4, 5], "texture": "#texture1"},
				"south": {"uv": [7, 3, 8, 5], "texture": "#texture1"},
				"west": {"uv": [12, 3, 12.5, 5], "texture": "#texture1"},
				"up": {"uv": [8, 3.5, 9, 4], "rotation": 180, "texture": "#texture1"},
				"down": {"uv": [8, 12, 9, 12.5], "rotation": 180, "texture": "#texture1"}
			}
		},
		{
			"name": "Box67",
			"from": [8, 11, 5.25],
			"to": [9, 13, 5.75],
			"rotation": {"angle": 22.5, "axis": "z", "origin": [9, 11, 5.75]},
			"faces": {
				"north": {"uv": [8, 3, 9, 5], "texture": "#texture1"},
				"east": {"uv": [3.5, 3, 4, 5], "texture": "#texture1"},
				"south": {"uv": [7, 3, 8, 5], "texture": "#texture1"},
				"west": {"uv": [12, 3, 12.5, 5], "texture": "#texture1"},
				"up": {"uv": [8, 3.5, 9, 4], "rotation": 180, "texture": "#texture1"},
				"down": {"uv": [8, 12, 9, 12.5], "rotation": 180, "texture": "#texture1"}
			}
		},
		{
			"name": "Box69",
			"from": [7.4, 12.4, 3.25],
			"to": [8.4, 12.9, 5.75],
			"faces": {
				"north": {"uv": [7.6, 3.1, 8.6, 3.6], "texture": "#texture1"},
				"east": {"uv": [10.25, 3.1, 12.75, 3.6], "texture": "#texture1"},
				"south": {"uv": [7.4, 3.1, 8.4, 3.6], "texture": "#texture1"},
				"west": {"uv": [3.25, 3.1, 5.75, 3.6], "texture": "#texture1"},
				"up": {"uv": [7.4, 3.25, 8.4, 5.75], "texture": "#texture1"},
				"down": {"uv": [7.4, 10.25, 8.4, 12.75], "texture": "#texture1"}
			}
		},
		{
			"name": "Box70",
			"from": [10, 10, 3],
			"to": [10.5, 10.5, 6],
			"rotation": {"angle": 45, "axis": "z", "origin": [10, 10, 3]},
			"faces": {
				"north": {"uv": [5.5, 5.5, 6.5, 6.5], "texture": "#texture"},
				"east": {"uv": [10, 5.5, 13, 6.5], "texture": "#texture"},
				"south": {"uv": [9.5, 5.5, 10.5, 6.5], "texture": "#texture"},
				"west": {"uv": [3, 5.5, 6, 6.5], "texture": "#texture"},
				"up": {"uv": [9.5, 3, 10.5, 6], "texture": "#texture"},
				"down": {"uv": [9.5, 10, 10.5, 13], "texture": "#texture"}
			}
		},
		{
			"name": "Box70",
			"from": [8.5, 10, 3],
			"to": [9, 10.5, 6],
			"rotation": {"angle": 45, "axis": "z", "origin": [8.5, 10, 3]},
			"faces": {
				"north": {"uv": [5.5, 5.5, 6.5, 6.5], "texture": "#texture"},
				"east": {"uv": [10, 5.5, 13, 6.5], "texture": "#texture"},
				"south": {"uv": [9.5, 5.5, 10.5, 6.5], "texture": "#texture"},
				"west": {"uv": [3, 5.5, 6, 6.5], "texture": "#texture"},
				"up": {"uv": [9.5, 3, 10.5, 6], "texture": "#texture"},
				"down": {"uv": [9.5, 10, 10.5, 13], "texture": "#texture"}
			}
		},
		{
			"name": "Box72",
			"from": [10, 8, 5.5],
			"to": [10.5, 8.5, 6],
			"faces": {
				"north": {"uv": [5.5, 7.5, 6, 8], "texture": "#texture2"},
				"east": {"uv": [10, 7.5, 10.5, 8], "texture": "#texture2"},
				"south": {"uv": [10, 7.5, 10.5, 8], "texture": "#texture2"},
				"west": {"uv": [5.5, 7.5, 6, 8], "texture": "#texture2"},
				"up": {"uv": [10, 5.5, 10.5, 6], "texture": "#texture2"},
				"down": {"uv": [10, 10, 10.5, 10.5], "texture": "#texture2"}
			}
		},
		{
			"name": "Box72",
			"from": [10, 7, 5.5],
			"to": [10.5, 7.5, 6],
			"faces": {
				"north": {"uv": [5.5, 8.5, 6, 9], "texture": "#texture2"},
				"east": {"uv": [10, 8.5, 10.5, 9], "texture": "#texture2"},
				"south": {"uv": [10, 8.5, 10.5, 9], "texture": "#texture2"},
				"west": {"uv": [5.5, 8.5, 6, 9], "texture": "#texture2"},
				"up": {"uv": [10, 5.5, 10.5, 6], "texture": "#texture2"},
				"down": {"uv": [10, 10, 10.5, 10.5], "texture": "#texture2"}
			}
		},
		{
			"name": "Box74",
			"from": [10, 7, 6],
			"to": [10.5, 7.5, 6.5],
			"rotation": {"angle": -45, "axis": "x", "origin": [10, 7, 6]},
			"faces": {
				"north": {"uv": [1, 8.5, 2, 9], "texture": "#texture2"},
				"east": {"uv": [9.5, 8.5, 10, 9], "texture": "#texture2"},
				"south": {"uv": [14, 8.5, 15, 9], "texture": "#texture2"},
				"west": {"uv": [6, 8.5, 6.5, 9], "texture": "#texture2"},
				"up": {"uv": [14, 6, 15, 6.5], "texture": "#texture2"},
				"down": {"uv": [14, 9.5, 15, 10], "texture": "#texture2"}
			}
		},
		{
			"name": "Box75",
			"from": [10, 8, 6],
			"to": [10.5, 8.5, 6.5],
			"rotation": {"angle": 45, "axis": "x", "origin": [10.5, 8.5, 6]},
			"faces": {
				"north": {"uv": [2, 8, 1, 7.5], "texture": "#texture2"},
				"east": {"uv": [6, 7.5, 6.5, 8], "rotation": 180, "texture": "#texture2"},
				"south": {"uv": [15, 8, 14, 7.5], "texture": "#texture2"},
				"west": {"uv": [9.5, 7.5, 10, 8], "rotation": 180, "texture": "#texture2"},
				"up": {"uv": [14, 9.5, 15, 10], "rotation": 180, "texture": "#texture2"},
				"down": {"uv": [14, 6, 15, 6.5], "rotation": 180, "texture": "#texture2"}
			}
		},
		{
			"name": "Box76",
			"from": [10, 7.25, 6],
			"to": [10.5, 8.25, 6.35],
			"faces": {
				"north": {"uv": [5.5, 7.75, 6, 8.75], "texture": "#texture2"},
				"east": {"uv": [9.5, 7.75, 10, 8.75], "texture": "#texture2"},
				"south": {"uv": [10, 7.75, 10.5, 8.75], "texture": "#texture2"},
				"west": {"uv": [6, 7.75, 6.5, 8.75], "texture": "#texture2"},
				"up": {"uv": [10, 6, 10.5, 6.5], "texture": "#texture2"},
				"down": {"uv": [10, 9.5, 10.5, 10], "texture": "#texture2"}
			}
		},
		{
			"name": "Box77",
			"from": [9, 7.5, 5.5],
			"to": [13, 8, 5.501],
			"faces": {
				"north": {"uv": [3, 8, 7, 8.5], "texture": "#texture1"},
				"east": {"uv": [10.499, 8, 10.5, 8.5], "texture": "#texture1"},
				"south": {"uv": [9, 8, 13, 8.5], "texture": "#texture1"},
				"west": {"uv": [5.5, 8, 5.501, 8.5], "texture": "#texture1"},
				"up": {"uv": [9, 5.5, 13, 5.501], "texture": "#texture1"},
				"down": {"uv": [9, 10.499, 13, 10.5], "texture": "#texture1"}
			}
		},
		{
			"name": "Box78",
			"from": [8, 11.5, 4.25],
			"to": [8.5, 12, 4.75],
			"faces": {
				"north": {"uv": [7.5, 4, 8, 4.5], "texture": "#texture3"},
				"east": {"uv": [11.25, 4, 11.75, 4.5], "texture": "#texture3"},
				"south": {"uv": [8, 4, 8.5, 4.5], "texture": "#texture3"},
				"west": {"uv": [4.25, 4, 4.75, 4.5], "texture": "#texture3"},
				"up": {"uv": [8, 4.25, 8.5, 4.75], "texture": "#texture3"},
				"down": {"uv": [8, 11.25, 8.5, 11.75], "texture": "#texture3"}
			}
		}
	],
	"display": {
		"thirdperson_righthand": {
			"rotation": [0, -90, 0],
			"translation": [-2.086, 0, -4.869],
			"scale": [0.7, 0.7, 0.7]
		},
		"thirdperson_lefthand": {
			"rotation": [0, 90, 0],
			"translation": [2.086, 0, -4.869],
			"scale": [0.7, 0.7, 0.7]
		},
		"firstperson_righthand": {
			"rotation": [0, -90, 0],
			"translation": [-2.782, 2.0869, -8.347]
		},
		"firstperson_lefthand": {
			"rotation": [0, 90, 0],
			"translation": [-2.782, 2.0869, -8.347]
		},
		"ground": {
			"rotation": [-90, 0, 0],
			"translation": [-5.565, 0, 0],
			"scale": [0.5, 0.5, 0.5]
		},
		"gui": {
			"rotation": [23, 28, -28],
			"translation": [-1.39, 0, 0],
			"scale": [0.7, 0.7, 0.7]
		},
		"head": {
			"translation": [-3.5, 0.5, 2.25],
			"scale": [0.7, 0.7, 0.7]
		},
		"fixed": {
			"rotation": [0, 180, 0],
			"translation": [4.1739, 0, -3.478]
		}
	}
}