{
	"credit": "Made with Blockbench",
	"texture_size": [64, 64],
	"textures": {
		"0": "item/silverpistol",
		"particle": "item/silverpistol"
	},
	"elements": [
		{
			"from": [7.5, 10.25, 17.25],
			"to": [8.5, 13.25, 18.25],
			"rotation": {"angle": 0, "axis": "x", "origin": [8, 10.75, 17.75]},
			"faces": {
				"north": {"uv": [8, 8.25, 8.25, 9], "texture": "#0"},
				"east": {"uv": [0, 8.5, 0.25, 9.25], "texture": "#0"},
				"south": {"uv": [0.25, 8.5, 0.5, 9.25], "texture": "#0"},
				"west": {"uv": [0.5, 8.5, 0.75, 9.25], "texture": "#0"},
				"up": {"uv": [3, 6.75, 2.75, 6.5], "texture": "#0"},
				"down": {"uv": [5.25, 6.5, 5, 6.75], "texture": "#0"}
			}
		},
		{
			"from": [7.5, 11.25, 16.25],
			"to": [8.5, 13.25, 17.25],
			"rotation": {"angle": 0, "axis": "x", "origin": [8, 10.75, 17.75]},
			"faces": {
				"north": {"uv": [2.5, 7, 2.75, 7.5], "texture": "#0"},
				"east": {"uv": [4.25, 8.5, 4.5, 9], "texture": "#0"},
				"south": {"uv": [4.5, 8.5, 4.75, 9], "texture": "#0"},
				"west": {"uv": [5.5, 8.5, 5.75, 9], "texture": "#0"},
				"up": {"uv": [1, 8.25, 0.75, 8], "texture": "#0"},
				"down": {"uv": [5.25, 9.25, 5, 9.5], "texture": "#0"}
			}
		},
		{
			"from": [7.5, 12.25, 18.25],
			"to": [8.5, 13.25, 19.25],
			"rotation": {"angle": 0, "axis": "x", "origin": [8, 10.75, 17.75]},
			"faces": {
				"north": {"uv": [9.25, 5, 9.5, 5.25], "texture": "#0"},
				"east": {"uv": [5.25, 9.25, 5.5, 9.5], "texture": "#0"},
				"south": {"uv": [5.5, 9.25, 5.75, 9.5], "texture": "#0"},
				"west": {"uv": [9.25, 5.5, 9.5, 5.75], "texture": "#0"},
				"up": {"uv": [6, 9.5, 5.75, 9.25], "texture": "#0"},
				"down": {"uv": [9.5, 5.75, 9.25, 6], "texture": "#0"}
			}
		},
		{
			"from": [6.5, 10.75, -1.5],
			"to": [9.5, 13.75, 8.5],
			"rotation": {"angle": 0, "axis": "y", "origin": [0, 8.75, 0.5]},
			"faces": {
				"north": {"uv": [3.25, 0.75, 4, 1.5], "texture": "#0"},
				"east": {"uv": [1.5, 1.5, 4, 2.25], "texture": "#0"},
				"south": {"uv": [6.5, 6.25, 7.25, 7], "texture": "#0"},
				"west": {"uv": [1.5, 2.25, 4, 3], "texture": "#0"},
				"up": {"uv": [2.25, 5.5, 1.5, 3], "texture": "#0"},
				"down": {"uv": [3, 3, 2.25, 5.5], "texture": "#0"}
			}
		},
		{
			"from": [7.5, 13.5, 15.25],
			"to": [8.5, 14.5, 16.25],
			"rotation": {"angle": 0, "axis": "y", "origin": [0, 9, 0.5]},
			"faces": {
				"north": {"uv": [6, 9.25, 6.25, 9.5], "texture": "#0"},
				"east": {"uv": [9.25, 6, 9.5, 6.25], "texture": "#0"},
				"south": {"uv": [6.25, 9.25, 6.5, 9.5], "texture": "#0"},
				"west": {"uv": [9.25, 6.25, 9.5, 6.5], "texture": "#0"},
				"up": {"uv": [6.75, 9.5, 6.5, 9.25], "texture": "#0"},
				"down": {"uv": [9.5, 6.5, 9.25, 6.75], "texture": "#0"}
			}
		},
		{
			"from": [6.5, 10.75, 11.5],
			"to": [9.5, 13.75, 17.5],
			"faces": {
				"north": {"uv": [6.75, 1.5, 7.5, 2.25], "texture": "#0"},
				"east": {"uv": [3, 3, 4.5, 3.75], "texture": "#0"},
				"south": {"uv": [6.75, 2.25, 7.5, 3], "texture": "#0"},
				"west": {"uv": [3.25, 0, 4.75, 0.75], "texture": "#0"},
				"up": {"uv": [3.75, 5.25, 3, 3.75], "texture": "#0"},
				"down": {"uv": [4.5, 3.75, 3.75, 5.25], "texture": "#0"}
			}
		},
		{
			"from": [8.5, 10.75, 8.5],
			"to": [9.5, 12.75, 11.5],
			"rotation": {"angle": 0, "axis": "y", "origin": [0, 8.75, 0.5]},
			"faces": {
				"north": {"uv": [5.75, 8.5, 6, 9], "texture": "#0"},
				"east": {"uv": [7.5, 2.5, 8.25, 3], "texture": "#0"},
				"south": {"uv": [7, 8.5, 7.25, 9], "texture": "#0"},
				"west": {"uv": [3.5, 7.5, 4.25, 8], "texture": "#0"},
				"up": {"uv": [1.75, 9.25, 1.5, 8.5], "texture": "#0"},
				"down": {"uv": [8.75, 1.5, 8.5, 2.25], "texture": "#0"}
			}
		},
		{
			"from": [6.5, 10.75, 8.5],
			"to": [8.5, 13.75, 11.5],
			"rotation": {"angle": 0, "axis": "y", "origin": [0, 8.75, 0.5]},
			"faces": {
				"north": {"uv": [4, 2.25, 4.5, 3], "texture": "#0"},
				"east": {"uv": [2.75, 6.75, 3.5, 7.5], "texture": "#0"},
				"south": {"uv": [4.75, 1.5, 5.25, 2.25], "texture": "#0"},
				"west": {"uv": [3.5, 6.75, 4.25, 7.5], "texture": "#0"},
				"up": {"uv": [1.5, 8.25, 1, 7.5], "texture": "#0"},
				"down": {"uv": [5.5, 7.5, 5, 8.25], "texture": "#0"}
			}
		},
		{
			"from": [7.5, 13.25, -1.25],
			"to": [8.5, 14.25, -0.25],
			"rotation": {"angle": 0, "axis": "y", "origin": [0, 8.75, 0.5]},
			"faces": {
				"north": {"uv": [6.75, 9.25, 7, 9.5], "texture": "#0"},
				"east": {"uv": [9.25, 6.75, 9.5, 7], "texture": "#0"},
				"south": {"uv": [7.25, 9.25, 7.5, 9.5], "texture": "#0"},
				"west": {"uv": [7.5, 9.25, 7.75, 9.5], "texture": "#0"},
				"up": {"uv": [9.5, 7.75, 9.25, 7.5], "texture": "#0"},
				"down": {"uv": [8, 9.25, 7.75, 9.5], "texture": "#0"}
			}
		},
		{
			"from": [7.5, 10.5, -1.75],
			"to": [8.5, 11.5, -0.75],
			"rotation": {"angle": 0, "axis": "y", "origin": [0, 8, 0.5]},
			"faces": {
				"north": {"uv": [9.25, 7.75, 9.5, 8], "texture": "#0"},
				"east": {"uv": [9.25, 8, 9.5, 8.25], "texture": "#0"},
				"south": {"uv": [8.25, 9.25, 8.5, 9.5], "texture": "#0"},
				"west": {"uv": [9.25, 8.25, 9.5, 8.5], "texture": "#0"},
				"up": {"uv": [8.75, 9.5, 8.5, 9.25], "texture": "#0"},
				"down": {"uv": [9.5, 8.5, 9.25, 8.75], "texture": "#0"}
			}
		},
		{
			"from": [7, 11.25, -2.25],
			"to": [9, 13.25, 2.75],
			"rotation": {"angle": -45, "axis": "z", "origin": [8, 12.25, -4.125]},
			"faces": {
				"north": {"uv": [3.5, 8, 4, 8.5], "texture": "#0"},
				"east": {"uv": [6, 3.5, 7.25, 4], "texture": "#0"},
				"south": {"uv": [8.25, 0, 8.75, 0.5], "texture": "#0"},
				"west": {"uv": [6, 4, 7.25, 4.5], "texture": "#0"},
				"up": {"uv": [6.5, 5.75, 6, 4.5], "texture": "#0"},
				"down": {"uv": [0.5, 6.25, 0, 7.5], "texture": "#0"}
			}
		},
		{
			"from": [6.5, 10.75, -15],
			"to": [9.5, 13.75, -2],
			"rotation": {"angle": -45, "axis": "z", "origin": [8, 12.25, -4.125]},
			"faces": {
				"north": {"uv": [5, 6.75, 5.75, 7.5], "texture": "#0"},
				"east": {"uv": [0, 0, 3.25, 0.75], "texture": "#0"},
				"south": {"uv": [5.75, 6.75, 6.5, 7.5], "texture": "#0"},
				"west": {"uv": [0, 0.75, 3.25, 1.5], "texture": "#0"},
				"up": {"uv": [0.75, 4.75, 0, 1.5], "texture": "#0"},
				"down": {"uv": [1.5, 1.5, 0.75, 4.75], "texture": "#0"}
			}
		},
		{
			"from": [7, 10, -1.5],
			"to": [9, 12, 2.5],
			"rotation": {"angle": 0, "axis": "y", "origin": [0, 8.75, 0.5]},
			"faces": {
				"north": {"uv": [8.25, 0.5, 8.75, 1], "texture": "#0"},
				"east": {"uv": [6.75, 3, 7.75, 3.5], "texture": "#0"},
				"south": {"uv": [0.75, 8.25, 1.25, 8.75], "texture": "#0"},
				"west": {"uv": [6.75, 5.75, 7.75, 6.25], "texture": "#0"},
				"up": {"uv": [2, 8, 1.5, 7], "texture": "#0"},
				"down": {"uv": [2.5, 7, 2, 8], "texture": "#0"}
			}
		},
		{
			"from": [6.5, 9.75, 2.5],
			"to": [9.5, 10.75, 8.5],
			"rotation": {"angle": 0, "axis": "y", "origin": [0, 8.75, 0.5]},
			"faces": {
				"north": {"uv": [8.25, 7, 9, 7.25], "texture": "#0"},
				"east": {"uv": [7, 5.5, 8.5, 5.75], "texture": "#0"},
				"south": {"uv": [8.25, 7.25, 9, 7.5], "texture": "#0"},
				"west": {"uv": [7.25, 6.75, 8.75, 7], "texture": "#0"},
				"up": {"uv": [4.75, 2.25, 4, 0.75], "texture": "#0"},
				"down": {"uv": [5.25, 2.25, 4.5, 3.75], "texture": "#0"}
			}
		},
		{
			"from": [6.5, 9.75, 11.5],
			"to": [9.5, 10.75, 17.5],
			"rotation": {"angle": 0, "axis": "y", "origin": [0, 9, 0.5]},
			"faces": {
				"north": {"uv": [8.5, 2.25, 9.25, 2.5], "texture": "#0"},
				"east": {"uv": [5.5, 7.5, 7, 7.75], "texture": "#0"},
				"south": {"uv": [8.5, 3, 9.25, 3.25], "texture": "#0"},
				"west": {"uv": [7, 7.5, 8.5, 7.75], "texture": "#0"},
				"up": {"uv": [5.25, 5.25, 4.5, 3.75], "texture": "#0"},
				"down": {"uv": [0.75, 4.75, 0, 6.25], "texture": "#0"}
			}
		},
		{
			"from": [7, 9.75, 18.5],
			"to": [9, 10.75, 20.5],
			"rotation": {"angle": 0, "axis": "x", "origin": [8, 9, 17.5]},
			"faces": {
				"north": {"uv": [0.75, 8.75, 1.25, 9], "texture": "#0"},
				"east": {"uv": [8.75, 1, 9.25, 1.25], "texture": "#0"},
				"south": {"uv": [8.75, 1.25, 9.25, 1.5], "texture": "#0"},
				"west": {"uv": [8.75, 1.5, 9.25, 1.75], "texture": "#0"},
				"up": {"uv": [8.75, 1.5, 8.25, 1], "texture": "#0"},
				"down": {"uv": [2.75, 8.25, 2.25, 8.75], "texture": "#0"}
			}
		},
		{
			"from": [7, 10.25, 20.5],
			"to": [9, 11.25, 21.5],
			"faces": {
				"north": {"uv": [8.75, 1.75, 9.25, 2], "texture": "#0"},
				"east": {"uv": [8.75, 9.25, 9, 9.5], "texture": "#0"},
				"south": {"uv": [8.75, 2, 9.25, 2.25], "texture": "#0"},
				"west": {"uv": [9, 9.25, 9.25, 9.5], "texture": "#0"},
				"up": {"uv": [2.75, 9, 2.25, 8.75], "texture": "#0"},
				"down": {"uv": [9.25, 2.5, 8.75, 2.75], "texture": "#0"}
			}
		},
		{
			"from": [7, 6.75, 8.5],
			"to": [9, 9.75, 9.5],
			"faces": {
				"north": {"uv": [7.75, 0, 8.25, 0.75], "texture": "#0"},
				"east": {"uv": [1.75, 8.5, 2, 9.25], "texture": "#0"},
				"south": {"uv": [7.75, 0.75, 8.25, 1.5], "texture": "#0"},
				"west": {"uv": [2, 8.5, 2.25, 9.25], "texture": "#0"},
				"up": {"uv": [3.25, 9, 2.75, 8.75], "texture": "#0"},
				"down": {"uv": [9.25, 2.75, 8.75, 3], "texture": "#0"}
			}
		},
		{
			"from": [7.5, 8.75, 11.75],
			"to": [8.5, 9.75, 13.75],
			"faces": {
				"north": {"uv": [9.25, 9.25, 9.5, 9.5], "texture": "#0"},
				"east": {"uv": [8.75, 3.5, 9.25, 3.75], "texture": "#0"},
				"south": {"uv": [0, 9.5, 0.25, 9.75], "texture": "#0"},
				"west": {"uv": [8.75, 3.75, 9.25, 4], "texture": "#0"},
				"up": {"uv": [9, 4.5, 8.75, 4], "texture": "#0"},
				"down": {"uv": [5, 8.75, 4.75, 9.25], "texture": "#0"}
			}
		},
		{
			"from": [7.5, 7.75, 12],
			"to": [8.5, 8.75, 14],
			"faces": {
				"north": {"uv": [9.5, 0, 9.75, 0.25], "texture": "#0"},
				"east": {"uv": [6.25, 8.75, 6.75, 9], "texture": "#0"},
				"south": {"uv": [0.25, 9.5, 0.5, 9.75], "texture": "#0"},
				"west": {"uv": [8.75, 6.75, 9.25, 7], "texture": "#0"},
				"up": {"uv": [7, 9.25, 6.75, 8.75], "texture": "#0"},
				"down": {"uv": [8.5, 8.75, 8.25, 9.25], "texture": "#0"}
			}
		},
		{
			"from": [7.5, 6.75, 11.75],
			"to": [8.5, 7.75, 13.75],
			"faces": {
				"north": {"uv": [9.5, 0.25, 9.75, 0.5], "texture": "#0"},
				"east": {"uv": [8.5, 8.75, 9, 9], "texture": "#0"},
				"south": {"uv": [0.5, 9.5, 0.75, 9.75], "texture": "#0"},
				"west": {"uv": [0.75, 9, 1.25, 9.25], "texture": "#0"},
				"up": {"uv": [2.5, 9.5, 2.25, 9], "texture": "#0"},
				"down": {"uv": [2.75, 9, 2.5, 9.5], "texture": "#0"}
			}
		},
		{
			"from": [7, 5.75, 9.5],
			"to": [9, 6.75, 14.5],
			"faces": {
				"north": {"uv": [2.75, 9, 3.25, 9.25], "texture": "#0"},
				"east": {"uv": [2.25, 8, 3.5, 8.25], "texture": "#0"},
				"south": {"uv": [4, 9, 4.5, 9.25], "texture": "#0"},
				"west": {"uv": [8, 4.5, 9.25, 4.75], "texture": "#0"},
				"up": {"uv": [1, 7.5, 0.5, 6.25], "texture": "#0"},
				"down": {"uv": [1.5, 6.25, 1, 7.5], "texture": "#0"}
			}
		},
		{
			"from": [7, 6.75, 13.5],
			"to": [9, 7.75, 16.5],
			"faces": {
				"north": {"uv": [9, 4, 9.5, 4.25], "texture": "#0"},
				"east": {"uv": [8.5, 3.25, 9.25, 3.5], "texture": "#0"},
				"south": {"uv": [9, 4.25, 9.5, 4.5], "texture": "#0"},
				"west": {"uv": [8.5, 5.5, 9.25, 5.75], "texture": "#0"},
				"up": {"uv": [4.75, 8.5, 4.25, 7.75], "texture": "#0"},
				"down": {"uv": [6, 7.75, 5.5, 8.5], "texture": "#0"}
			}
		},
		{
			"from": [7, 7.75, 13.75],
			"to": [9, 8.75, 15.75],
			"faces": {
				"north": {"uv": [9, 5.25, 9.5, 5.5], "texture": "#0"},
				"east": {"uv": [5.5, 9, 6, 9.25], "texture": "#0"},
				"south": {"uv": [6.25, 9, 6.75, 9.25], "texture": "#0"},
				"west": {"uv": [9, 7, 9.5, 7.25], "texture": "#0"},
				"up": {"uv": [8.75, 3, 8.25, 2.5], "texture": "#0"},
				"down": {"uv": [3.25, 8.25, 2.75, 8.75], "texture": "#0"}
			}
		},
		{
			"from": [7, 8.75, 13.5],
			"to": [9, 9.75, 14.5],
			"faces": {
				"north": {"uv": [9, 7.25, 9.5, 7.5], "texture": "#0"},
				"east": {"uv": [9.5, 0.5, 9.75, 0.75], "texture": "#0"},
				"south": {"uv": [8.5, 9, 9, 9.25], "texture": "#0"},
				"west": {"uv": [0.75, 9.5, 1, 9.75], "texture": "#0"},
				"up": {"uv": [9.5, 9, 9, 8.75], "texture": "#0"},
				"down": {"uv": [9.5, 9, 9, 9.25], "texture": "#0"}
			}
		},
		{
			"from": [6.5, 4.75, 14],
			"to": [9.5, 6.75, 20],
			"faces": {
				"north": {"uv": [7.5, 7, 8.25, 7.5], "texture": "#0"},
				"east": {"uv": [5.5, 0, 7, 0.5], "texture": "#0"},
				"south": {"uv": [7.75, 3, 8.5, 3.5], "texture": "#0"},
				"west": {"uv": [5.5, 0.5, 7, 1], "texture": "#0"},
				"up": {"uv": [5.5, 1.5, 4.75, 0], "texture": "#0"},
				"down": {"uv": [1.5, 4.75, 0.75, 6.25], "texture": "#0"}
			}
		},
		{
			"from": [6.5, 2.75, 14.5],
			"to": [9.5, 4.75, 20.5],
			"faces": {
				"north": {"uv": [7.75, 5.75, 8.5, 6.25], "texture": "#0"},
				"east": {"uv": [5.5, 1, 7, 1.5], "texture": "#0"},
				"south": {"uv": [6, 7.75, 6.75, 8.25], "texture": "#0"},
				"west": {"uv": [1.5, 5.5, 3, 6], "texture": "#0"},
				"up": {"uv": [6, 3, 5.25, 1.5], "texture": "#0"},
				"down": {"uv": [3.75, 5.25, 3, 6.75], "texture": "#0"}
			}
		},
		{
			"from": [6.5, 0.75, 15],
			"to": [9.5, 2.75, 21],
			"faces": {
				"north": {"uv": [6.75, 7.75, 7.5, 8.25], "texture": "#0"},
				"east": {"uv": [5.25, 5.75, 6.75, 6.25], "texture": "#0"},
				"south": {"uv": [7.5, 7.75, 8.25, 8.25], "texture": "#0"},
				"west": {"uv": [1.5, 6, 3, 6.5], "texture": "#0"},
				"up": {"uv": [6, 4.5, 5.25, 3], "texture": "#0"},
				"down": {"uv": [4.5, 5.25, 3.75, 6.75], "texture": "#0"}
			}
		},
		{
			"from": [7, 0, 15.25],
			"to": [9, 2, 20.25],
			"faces": {
				"north": {"uv": [8.25, 3.5, 8.75, 4], "texture": "#0"},
				"east": {"uv": [5.25, 6.25, 6.5, 6.75], "texture": "#0"},
				"south": {"uv": [8.25, 4, 8.75, 4.5], "texture": "#0"},
				"west": {"uv": [1.5, 6.5, 2.75, 7], "texture": "#0"},
				"up": {"uv": [5, 7.75, 4.5, 6.5], "texture": "#0"},
				"down": {"uv": [7, 4.5, 6.5, 5.75], "texture": "#0"}
			}
		},
		{
			"from": [7, 4, 13.75],
			"to": [9, 5, 14.75],
			"faces": {
				"north": {"uv": [0, 9.25, 0.5, 9.5], "texture": "#0"},
				"east": {"uv": [9.5, 0.75, 9.75, 1], "texture": "#0"},
				"south": {"uv": [0.5, 9.25, 1, 9.5], "texture": "#0"},
				"west": {"uv": [1, 9.5, 1.25, 9.75], "texture": "#0"},
				"up": {"uv": [1.5, 9.5, 1, 9.25], "texture": "#0"},
				"down": {"uv": [9.75, 1, 9.25, 1.25], "texture": "#0"}
			}
		},
		{
			"from": [7, 2, 14.25],
			"to": [9, 3, 15.25],
			"faces": {
				"north": {"uv": [9.25, 1.25, 9.75, 1.5], "texture": "#0"},
				"east": {"uv": [1.25, 9.5, 1.5, 9.75], "texture": "#0"},
				"south": {"uv": [1.5, 9.25, 2, 9.5], "texture": "#0"},
				"west": {"uv": [1.5, 9.5, 1.75, 9.75], "texture": "#0"},
				"up": {"uv": [9.75, 1.75, 9.25, 1.5], "texture": "#0"},
				"down": {"uv": [9.75, 1.75, 9.25, 2], "texture": "#0"}
			}
		},
		{
			"from": [6.5, 9.75, 17.5],
			"to": [9.5, 10.75, 18.5],
			"faces": {
				"north": {"uv": [8.5, 5.75, 9.25, 6], "texture": "#0"},
				"east": {"uv": [1.75, 9.5, 2, 9.75], "texture": "#0"},
				"south": {"uv": [8.5, 6, 9.25, 6.25], "texture": "#0"},
				"west": {"uv": [9.5, 2, 9.75, 2.25], "texture": "#0"},
				"up": {"uv": [7, 8.75, 6.25, 8.5], "texture": "#0"},
				"down": {"uv": [9.25, 7.5, 8.5, 7.75], "texture": "#0"}
			}
		},
		{
			"from": [8.75, 1.5, 15.5],
			"to": [9.75, 3.5, 19.5],
			"faces": {
				"north": {"uv": [4.5, 9, 4.75, 9.5], "texture": "#0"},
				"east": {"uv": [7, 4.5, 8, 5], "texture": "#0"},
				"south": {"uv": [7, 9, 7.25, 9.5], "texture": "#0"},
				"west": {"uv": [7, 5, 8, 5.5], "texture": "#0"},
				"up": {"uv": [4.5, 7.75, 4.25, 6.75], "texture": "#0"},
				"down": {"uv": [5, 7.75, 4.75, 8.75], "texture": "#0"}
			}
		},
		{
			"from": [9, 3.5, 15],
			"to": [10, 5.5, 19],
			"faces": {
				"north": {"uv": [8, 9, 8.25, 9.5], "texture": "#0"},
				"east": {"uv": [6.5, 7, 7.5, 7.5], "texture": "#0"},
				"south": {"uv": [2, 9.25, 2.25, 9.75], "texture": "#0"},
				"west": {"uv": [7.25, 3.5, 8.25, 4], "texture": "#0"},
				"up": {"uv": [4.25, 9, 4, 8], "texture": "#0"},
				"down": {"uv": [1.5, 8.25, 1.25, 9.25], "texture": "#0"}
			}
		},
		{
			"from": [6.25, 1.5, 15.5],
			"to": [7.25, 3.5, 19.5],
			"faces": {
				"north": {"uv": [9.25, 2, 9.5, 2.5], "texture": "#0"},
				"east": {"uv": [7.25, 4, 8.25, 4.5], "texture": "#0"},
				"south": {"uv": [9.25, 2.5, 9.5, 3], "texture": "#0"},
				"west": {"uv": [7.25, 6.25, 8.25, 6.75], "texture": "#0"},
				"up": {"uv": [3.5, 9.25, 3.25, 8.25], "texture": "#0"},
				"down": {"uv": [5.25, 8.25, 5, 9.25], "texture": "#0"}
			}
		},
		{
			"from": [6, 3.5, 15],
			"to": [7, 5.5, 19],
			"faces": {
				"north": {"uv": [2.75, 9.25, 3, 9.75], "texture": "#0"},
				"east": {"uv": [0, 7.5, 1, 8], "texture": "#0"},
				"south": {"uv": [3, 9.25, 3.25, 9.75], "texture": "#0"},
				"west": {"uv": [7.5, 1.5, 8.5, 2], "texture": "#0"},
				"up": {"uv": [5.5, 9.25, 5.25, 8.25], "texture": "#0"},
				"down": {"uv": [6.25, 8.25, 6, 9.25], "texture": "#0"}
			}
		},
		{
			"from": [8.75, 5.5, 14.75],
			"to": [9.75, 6.5, 18.75],
			"faces": {
				"north": {"uv": [2.25, 9.5, 2.5, 9.75], "texture": "#0"},
				"east": {"uv": [8, 5.25, 9, 5.5], "texture": "#0"},
				"south": {"uv": [9.5, 2.25, 9.75, 2.5], "texture": "#0"},
				"west": {"uv": [6.25, 8.25, 7.25, 8.5], "texture": "#0"},
				"up": {"uv": [7.5, 9.25, 7.25, 8.25], "texture": "#0"},
				"down": {"uv": [7.75, 8.25, 7.5, 9.25], "texture": "#0"}
			}
		},
		{
			"from": [6.25, 5.5, 14.75],
			"to": [7.25, 6.5, 18.75],
			"faces": {
				"north": {"uv": [2.5, 9.5, 2.75, 9.75], "texture": "#0"},
				"east": {"uv": [8.25, 6.25, 9.25, 6.5], "texture": "#0"},
				"south": {"uv": [9.5, 2.5, 9.75, 2.75], "texture": "#0"},
				"west": {"uv": [8.25, 6.5, 9.25, 6.75], "texture": "#0"},
				"up": {"uv": [8, 9.25, 7.75, 8.25], "texture": "#0"},
				"down": {"uv": [8.5, 7.75, 8.25, 8.75], "texture": "#0"}
			}
		},
		{
			"from": [8.75, 6.5, 15.75],
			"to": [9.75, 7.5, 17.75],
			"faces": {
				"north": {"uv": [9.5, 2.75, 9.75, 3], "texture": "#0"},
				"east": {"uv": [9.25, 3, 9.75, 3.25], "texture": "#0"},
				"south": {"uv": [3.25, 9.5, 3.5, 9.75], "texture": "#0"},
				"west": {"uv": [3.25, 9.25, 3.75, 9.5], "texture": "#0"},
				"up": {"uv": [9.5, 3.75, 9.25, 3.25], "texture": "#0"},
				"down": {"uv": [4, 9.25, 3.75, 9.75], "texture": "#0"}
			}
		},
		{
			"from": [6.25, 6.5, 15.75],
			"to": [7.25, 7.5, 17.75],
			"faces": {
				"north": {"uv": [9.5, 3.25, 9.75, 3.5], "texture": "#0"},
				"east": {"uv": [9.25, 3.75, 9.75, 4], "texture": "#0"},
				"south": {"uv": [3.5, 9.5, 3.75, 9.75], "texture": "#0"},
				"west": {"uv": [4, 9.25, 4.5, 9.5], "texture": "#0"},
				"up": {"uv": [9.5, 5, 9.25, 4.5], "texture": "#0"},
				"down": {"uv": [5, 9.25, 4.75, 9.75], "texture": "#0"}
			}
		},
		{
			"from": [9, 2, 18],
			"to": [10, 3, 19],
			"faces": {
				"north": {"uv": [9.5, 3.5, 9.75, 3.75], "texture": "#0"},
				"east": {"uv": [4, 9.5, 4.25, 9.75], "texture": "#0"},
				"south": {"uv": [9.5, 4, 9.75, 4.25], "texture": "#0"},
				"west": {"uv": [4.25, 9.5, 4.5, 9.75], "texture": "#0"},
				"up": {"uv": [9.75, 4.5, 9.5, 4.25], "texture": "#0"},
				"down": {"uv": [4.75, 9.5, 4.5, 9.75], "texture": "#0"}
			}
		},
		{
			"from": [6, 2, 18],
			"to": [7, 3, 19],
			"faces": {
				"north": {"uv": [9.5, 4.5, 9.75, 4.75], "texture": "#0"},
				"east": {"uv": [9.5, 4.75, 9.75, 5], "texture": "#0"},
				"south": {"uv": [5, 9.5, 5.25, 9.75], "texture": "#0"},
				"west": {"uv": [9.5, 5, 9.75, 5.25], "texture": "#0"},
				"up": {"uv": [5.5, 9.75, 5.25, 9.5], "texture": "#0"},
				"down": {"uv": [9.75, 5.25, 9.5, 5.5], "texture": "#0"}
			}
		},
		{
			"from": [6.5, 8.75, 14.5],
			"to": [9.5, 9.75, 19.5],
			"faces": {
				"north": {"uv": [8.5, 7.75, 9.25, 8], "texture": "#0"},
				"east": {"uv": [8, 4.75, 9.25, 5], "texture": "#0"},
				"south": {"uv": [8.5, 8, 9.25, 8.25], "texture": "#0"},
				"west": {"uv": [8, 5, 9.25, 5.25], "texture": "#0"},
				"up": {"uv": [5.25, 6.5, 4.5, 5.25], "texture": "#0"},
				"down": {"uv": [6, 4.5, 5.25, 5.75], "texture": "#0"}
			}
		},
		{
			"from": [6.5, 6.75, 15.5],
			"to": [9.5, 8.75, 19.5],
			"faces": {
				"north": {"uv": [0, 8, 0.75, 8.5], "texture": "#0"},
				"east": {"uv": [7.5, 2, 8.5, 2.5], "texture": "#0"},
				"south": {"uv": [1.5, 8, 2.25, 8.5], "texture": "#0"},
				"west": {"uv": [2.5, 7.5, 3.5, 8], "texture": "#0"},
				"up": {"uv": [6.75, 2.5, 6, 1.5], "texture": "#0"},
				"down": {"uv": [6.75, 2.5, 6, 3.5], "texture": "#0"}
			}
		},
		{
			"from": [9, 6, 16.25],
			"to": [10, 7, 17.25],
			"faces": {
				"north": {"uv": [5.5, 9.5, 5.75, 9.75], "texture": "#0"},
				"east": {"uv": [9.5, 5.5, 9.75, 5.75], "texture": "#0"},
				"south": {"uv": [5.75, 9.5, 6, 9.75], "texture": "#0"},
				"west": {"uv": [9.5, 5.75, 9.75, 6], "texture": "#0"},
				"up": {"uv": [6.25, 9.75, 6, 9.5], "texture": "#0"},
				"down": {"uv": [9.75, 6, 9.5, 6.25], "texture": "#0"}
			}
		},
		{
			"from": [6, 6, 16.25],
			"to": [7, 7, 17.25],
			"faces": {
				"north": {"uv": [6.25, 9.5, 6.5, 9.75], "texture": "#0"},
				"east": {"uv": [9.5, 6.25, 9.75, 6.5], "texture": "#0"},
				"south": {"uv": [6.5, 9.5, 6.75, 9.75], "texture": "#0"},
				"west": {"uv": [9.5, 6.5, 9.75, 6.75], "texture": "#0"},
				"up": {"uv": [7, 9.75, 6.75, 9.5], "texture": "#0"},
				"down": {"uv": [9.75, 6.75, 9.5, 7], "texture": "#0"}
			}
		},
		{
			"from": [8.75, 8.25, 16],
			"to": [9.75, 9.25, 17],
			"faces": {
				"north": {"uv": [7, 9.5, 7.25, 9.75], "texture": "#0"},
				"east": {"uv": [9.5, 7, 9.75, 7.25], "texture": "#0"},
				"south": {"uv": [7.25, 9.5, 7.5, 9.75], "texture": "#0"},
				"west": {"uv": [9.5, 7.25, 9.75, 7.5], "texture": "#0"},
				"up": {"uv": [7.75, 9.75, 7.5, 9.5], "texture": "#0"},
				"down": {"uv": [9.75, 7.5, 9.5, 7.75], "texture": "#0"}
			}
		},
		{
			"from": [6.25, 8.25, 16],
			"to": [7.25, 9.25, 17],
			"faces": {
				"north": {"uv": [7.75, 9.5, 8, 9.75], "texture": "#0"},
				"east": {"uv": [9.5, 7.75, 9.75, 8], "texture": "#0"},
				"south": {"uv": [8, 9.5, 8.25, 9.75], "texture": "#0"},
				"west": {"uv": [9.5, 8, 9.75, 8.25], "texture": "#0"},
				"up": {"uv": [8.5, 9.75, 8.25, 9.5], "texture": "#0"},
				"down": {"uv": [9.75, 8.25, 9.5, 8.5], "texture": "#0"}
			}
		},
		{
			"from": [6.5, 7.25, 14],
			"to": [7.5, 8.25, 15],
			"faces": {
				"north": {"uv": [8.5, 9.5, 8.75, 9.75], "texture": "#0"},
				"east": {"uv": [9.5, 8.5, 9.75, 8.75], "texture": "#0"},
				"south": {"uv": [8.75, 9.5, 9, 9.75], "texture": "#0"},
				"west": {"uv": [9.5, 8.75, 9.75, 9], "texture": "#0"},
				"up": {"uv": [9.25, 9.75, 9, 9.5], "texture": "#0"},
				"down": {"uv": [9.75, 9, 9.5, 9.25], "texture": "#0"}
			}
		},
		{
			"from": [8.25, 7.25, 14],
			"to": [9.25, 8.25, 15],
			"faces": {
				"north": {"uv": [9.25, 9.5, 9.5, 9.75], "texture": "#0"},
				"east": {"uv": [9.5, 9.25, 9.75, 9.5], "texture": "#0"},
				"south": {"uv": [9.5, 9.5, 9.75, 9.75], "texture": "#0"},
				"west": {"uv": [0, 9.75, 0.25, 10], "texture": "#0"},
				"up": {"uv": [10, 0.25, 9.75, 0], "texture": "#0"},
				"down": {"uv": [0.5, 9.75, 0.25, 10], "texture": "#0"}
			}
		},
		{
			"from": [6.5, 9.75, 8.5],
			"to": [9.5, 10.75, 11.5],
			"faces": {
				"north": {"uv": [8.5, 8.25, 9.25, 8.5], "texture": "#0"},
				"east": {"uv": [8.5, 8.5, 9.25, 8.75], "texture": "#0"},
				"south": {"uv": [8.75, 0, 9.5, 0.25], "texture": "#0"},
				"west": {"uv": [8.75, 0.25, 9.5, 0.5], "texture": "#0"},
				"up": {"uv": [7.75, 0.75, 7, 0], "texture": "#0"},
				"down": {"uv": [7.75, 0.75, 7, 1.5], "texture": "#0"}
			}
		},
		{
			"from": [8.25, 12.5, 8.5],
			"to": [9.25, 13.5, 11.5],
			"rotation": {"angle": 0, "axis": "z", "origin": [9, 11.25, 12]},
			"faces": {
				"north": {"uv": [9.75, 0.25, 10, 0.5], "texture": "#0"},
				"east": {"uv": [8.75, 0.5, 9.5, 0.75], "texture": "#0"},
				"south": {"uv": [0.5, 9.75, 0.75, 10], "texture": "#0"},
				"west": {"uv": [8.75, 0.75, 9.5, 1], "texture": "#0"},
				"up": {"uv": [3.75, 9.25, 3.5, 8.5], "texture": "#0"},
				"down": {"uv": [4, 8.5, 3.75, 9.25], "texture": "#0"}
			}
		}
	],
	"overrides": [
		{"predicate": {"pulling": 1}, "model": "item/bow_pulling_0"},
		{"predicate": {"pulling": 1, "pull": 0.65}, "model": "item/bow_pulling_1"},
		{"predicate": {"pulling": 1, "pull": 0.9}, "model": "item/bow_pulling_2"}
	],
	"display": {
		"thirdperson_righthand": {
			"translation": [0, -0.25, -1.5],
			"scale": [0.4, 0.4, 0.31]
		},
		"thirdperson_lefthand": {
			"translation": [0, -0.25, -1.5],
			"scale": [0.4, 0.4, 0.31]
		},
		"firstperson_righthand": {
			"rotation": [0, -1, 0],
			"translation": [3.75, 2, -4],
			"scale": [0.5, 0.5, 0.5]
		},
		"firstperson_lefthand": {
			"rotation": [0, -1, 0],
			"translation": [3.75, 2, -4],
			"scale": [0.5, 0.5, 0.5]
		},
		"ground": {
			"rotation": [0, 0, 90],
			"translation": [0.5, 1, 2],
			"scale": [0.5, 0.5, 0.5]
		},
		"gui": {
			"rotation": [20, -135, 0],
			"translation": [-2, -0.5, 0],
			"scale": [0.6, 0.6, 0.6]
		},
		"head": {
			"rotation": [0, 90, 0],
			"translation": [2.25, 0, 0],
			"scale": [0.5, 0.5, 0.5]
		},
		"fixed": {
			"rotation": [0, 90, 0],
			"translation": [3, 0, -2.5],
			"scale": [0.75, 0.75, 0.75]
		}
	}
}