{
	"credit": "Designed by Sgeorge1970 with Cubik Studio - https://cubik.studio",
	"textures": {
		"texture": "guns/gray6",
		"texture1": "guns/tan6",
		"texture2": "guns/red1",
		"texture3": "guns/scope2",
		"particle": "blocks/e_particle"
	},
	"elements": [
		{
			"name": "Box1",
			"from": [-8.5, 8.5, 4.5],
			"to": [-6, 10, 6],
			"faces": {
				"north": {"uv": [6, 6, 8.5, 7.5], "texture": "#texture"},
				"east": {"uv": [10, 6, 11.5, 7.5], "texture": "#texture"},
				"south": {"uv": [7.5, 6, 10, 7.5], "texture": "#texture"},
				"west": {"uv": [4.5, 6, 6, 7.5], "texture": "#texture"},
				"up": {"uv": [7.5, 4.5, 10, 6], "texture": "#texture"},
				"down": {"uv": [7.5, 10, 10, 11.5], "texture": "#texture"}
			}
		},
		{
			"name": "Box2",
			"from": [-9, 9, 4.5],
			"to": [-8.5, 10.5, 5],
			"faces": {
				"north": {"uv": [4.5, 7.5, 5.5, 8.5], "texture": "#texture"},
				"east": {"uv": [2.5, 7.5, 3.5, 8.5], "texture": "#texture"},
				"south": {"uv": [10.5, 7.5, 11.5, 8.5], "texture": "#texture"},
				"west": {"uv": [12.5, 7.5, 13.5, 8.5], "texture": "#texture"},
				"up": {"uv": [13.5, 5.5, 12.5, 4.5], "rotation": 270, "texture": "#texture"},
				"down": {"uv": [13.5, 11.5, 12.5, 10.5], "rotation": 90, "texture": "#texture"}
			}
		},
		{
			"name": "Box5",
			"from": [-7, 12.5, 4.5],
			"to": [-6, 13.5, 6],
			"rotation": {"angle": -22.5, "axis": "z", "origin": [-7, 12.5, 4.5]},
			"faces": {
				"north": {"uv": [2.5, 6, 3.5, 7], "texture": "#texture1"},
				"east": {"uv": [10, 6, 11.5, 7], "texture": "#texture1"},
				"south": {"uv": [12.5, 6, 13.5, 7], "texture": "#texture1"},
				"west": {"uv": [4.5, 6, 6, 7], "texture": "#texture1"},
				"up": {"uv": [12.5, 4.5, 13.5, 6], "texture": "#texture1"},
				"down": {"uv": [12.5, 10, 13.5, 11.5], "texture": "#texture1"}
			}
		},
		{
			"name": "Box6",
			"from": [-8.5, 10, 4.5],
			"to": [-6, 11.5, 6],
			"faces": {
				"north": {"uv": [6, 4.5, 8.5, 6], "texture": "#texture1"},
				"east": {"uv": [10, 4.5, 11.5, 6], "texture": "#texture1"},
				"south": {"uv": [7.5, 4.5, 10, 6], "texture": "#texture1"},
				"west": {"uv": [4.5, 4.5, 6, 6], "texture": "#texture1"},
				"up": {"uv": [7.5, 4.5, 10, 6], "texture": "#texture1"},
				"down": {"uv": [7.5, 10, 10, 11.5], "texture": "#texture1"}
			}
		},
		{
			"name": "Box7",
			"from": [-6.5, 13, 4.75],
			"to": [-5.5, 13.5, 5.75],
			"faces": {
				"north": {"uv": [5.5, 2.5, 6.5, 3], "texture": "#texture"},
				"east": {"uv": [10.25, 2.5, 11.25, 3], "texture": "#texture"},
				"south": {"uv": [9.5, 2.5, 10.5, 3], "texture": "#texture"},
				"west": {"uv": [4.75, 2.5, 5.75, 3], "texture": "#texture"},
				"up": {"uv": [9.5, 4.75, 10.5, 5.75], "texture": "#texture"},
				"down": {"uv": [9.5, 10.25, 10.5, 11.25], "texture": "#texture"}
			}
		},
		{
			"name": "Box8",
			"from": [-6.5, 12.5, 4.65],
			"to": [-4.5, 13.5, 5.865],
			"rotation": {"angle": 22.5, "axis": "z", "origin": [-6.5, 13.5, 4.65]},
			"faces": {
				"north": {"uv": [3, 5, 2, 3], "rotation": 90, "texture": "#texture"},
				"east": {"uv": [14, 15, 13, 14], "rotation": 270, "texture": "#texture"},
				"south": {"uv": [14, 5, 13, 3], "rotation": 270, "texture": "#texture"},
				"west": {"uv": [13, 1, 14, 2], "rotation": 90, "texture": "#texture"},
				"up": {"uv": [14, 3, 15, 5], "rotation": 90, "texture": "#texture"},
				"down": {"uv": [2, 5, 1, 3], "rotation": 270, "texture": "#texture"}
			}
		},
		{
			"name": "Box8",
			"from": [-6, 8.5, 4.5],
			"to": [-5.5, 13, 6],
			"faces": {
				"north": {"uv": [5.5, 3, 6, 7.5], "texture": "#texture1"},
				"east": {"uv": [10, 3, 11.5, 7.5], "texture": "#texture1"},
				"south": {"uv": [10, 3, 10.5, 7.5], "texture": "#texture1"},
				"west": {"uv": [4.5, 3, 6, 7.5], "texture": "#texture1"},
				"up": {"uv": [10, 4.5, 10.5, 6], "texture": "#texture1"},
				"down": {"uv": [10, 10, 10.5, 11.5], "texture": "#texture1"}
			}
		},
		{
			"name": "Box10",
			"from": [-8, 8.5, 4],
			"to": [-5.5, 10, 4.5],
			"faces": {
				"north": {"uv": [5.5, 6, 8, 7.5], "texture": "#texture"},
				"east": {"uv": [11.5, 6, 12, 7.5], "texture": "#texture"},
				"south": {"uv": [8, 6, 10.5, 7.5], "texture": "#texture"},
				"west": {"uv": [4, 6, 4.5, 7.5], "texture": "#texture"},
				"up": {"uv": [8, 4, 10.5, 4.5], "texture": "#texture"},
				"down": {"uv": [8, 11.5, 10.5, 12], "texture": "#texture"}
			}
		},
		{
			"name": "Box10",
			"from": [-8, 8.5, 6],
			"to": [-5.5, 10, 6.5],
			"faces": {
				"north": {"uv": [5.5, 6, 8, 7.5], "texture": "#texture"},
				"east": {"uv": [9.5, 6, 10, 7.5], "texture": "#texture"},
				"south": {"uv": [8, 6, 10.5, 7.5], "texture": "#texture"},
				"west": {"uv": [6, 6, 6.5, 7.5], "texture": "#texture"},
				"up": {"uv": [8, 6, 10.5, 6.5], "texture": "#texture"},
				"down": {"uv": [8, 9.5, 10.5, 10], "texture": "#texture"}
			}
		},
		{
			"name": "Box12",
			"from": [-8, 10, 4],
			"to": [-5.5, 11, 4.5],
			"rotation": {"angle": 22.5, "axis": "x", "origin": [-8, 10, 4]},
			"faces": {
				"north": {"uv": [0.5, 6, 3, 7], "texture": "#texture"},
				"east": {"uv": [11.5, 6, 12, 7], "texture": "#texture"},
				"south": {"uv": [13, 6, 15.5, 7], "texture": "#texture"},
				"west": {"uv": [4, 6, 4.5, 7], "texture": "#texture"},
				"up": {"uv": [13, 4, 15.5, 4.5], "texture": "#texture"},
				"down": {"uv": [13, 11.5, 15.5, 12], "texture": "#texture"}
			}
		},
		{
			"name": "Box12",
			"from": [-8, 10, 6],
			"to": [-5.5, 11, 6.5],
			"rotation": {"angle": -22.5, "axis": "x", "origin": [-5.5, 10, 6.5]},
			"faces": {
				"north": {"uv": [13, 6, 15.5, 7], "texture": "#texture"},
				"east": {"uv": [4, 6, 4.5, 7], "texture": "#texture"},
				"south": {"uv": [0.5, 6, 3, 7], "texture": "#texture"},
				"west": {"uv": [11.5, 6, 12, 7], "texture": "#texture"},
				"up": {"uv": [13, 4, 15.5, 4.5], "rotation": 180, "texture": "#texture"},
				"down": {"uv": [13, 11.5, 15.5, 12], "rotation": 180, "texture": "#texture"}
			}
		},
		{
			"name": "Box14",
			"from": [-8.01, 9, 1.5],
			"to": [-7.01, 10, 4],
			"rotation": {"angle": -22.5, "axis": "x", "origin": [-8.01, 10, 4]},
			"faces": {
				"north": {"uv": [14, 8, 13, 7], "texture": "#texture"},
				"east": {"uv": [7.5, 7, 9.5, 8], "rotation": 180, "texture": "#texture"},
				"south": {"uv": [3, 8, 2, 7], "texture": "#texture"},
				"west": {"uv": [6.5, 7, 8.5, 8], "rotation": 180, "texture": "#texture"},
				"up": {"uv": [13, 7.5, 14, 9.5], "texture": "#texture"},
				"down": {"uv": [13, 6.5, 14, 8.5], "texture": "#texture"}
			}
		},
		{
			"name": "Box14",
			"from": [-8.01, 9, 6.5],
			"to": [-7.01, 10, 9],
			"rotation": {"angle": 22.5, "axis": "x", "origin": [-7.01, 10, 6.5]},
			"faces": {
				"north": {"uv": [3, 8, 2, 7], "texture": "#texture"},
				"east": {"uv": [6.5, 7, 8.5, 8], "rotation": 180, "texture": "#texture"},
				"south": {"uv": [14, 8, 13, 7], "texture": "#texture"},
				"west": {"uv": [7.5, 7, 9.5, 8], "rotation": 180, "texture": "#texture"},
				"up": {"uv": [13, 7.5, 14, 9.5], "rotation": 180, "texture": "#texture"},
				"down": {"uv": [13, 6.5, 14, 8.5], "rotation": 180, "texture": "#texture"}
			}
		},
		{
			"name": "Box18",
			"from": [-7.01, 8.5, 7],
			"to": [-0.51, 9, 8.5],
			"rotation": {"angle": 22.5, "axis": "x", "origin": [-7.01, 8.5, 8.5]},
			"faces": {
				"north": {"uv": [3, 8.5, 0, 8], "texture": "#texture"},
				"east": {"uv": [7.5, 7.5, 8, 9], "rotation": 90, "texture": "#texture"},
				"south": {"uv": [0, 7.5, 3, 8], "texture": "#texture"},
				"west": {"uv": [8, 7.5, 8.5, 9], "rotation": 270, "texture": "#texture"},
				"up": {"uv": [0, 7.5, 3, 9], "texture": "#texture"},
				"down": {"uv": [16, 9, 13, 7.5], "texture": "#texture"}
			}
		},
		{
			"name": "Box18",
			"from": [-7.01, 8.5, 2],
			"to": [-0.51, 9, 3.5],
			"rotation": {"angle": -22.5, "axis": "x", "origin": [-0.51, 8.5, 2]},
			"faces": {
				"north": {"uv": [0, 7.5, 3, 8], "texture": "#texture"},
				"east": {"uv": [8, 7.5, 8.5, 9], "rotation": 270, "texture": "#texture"},
				"south": {"uv": [3, 8.5, 0, 8], "texture": "#texture"},
				"west": {"uv": [7.5, 7.5, 8, 9], "rotation": 90, "texture": "#texture"},
				"up": {"uv": [0, 7.5, 3, 9], "rotation": 180, "texture": "#texture"},
				"down": {"uv": [16, 9, 13, 7.5], "rotation": 180, "texture": "#texture"}
			}
		},
		{
			"name": "Box26",
			"from": [-7, 8, 4.5],
			"to": [-5.5, 8.5, 6],
			"faces": {
				"north": {"uv": [5.5, 7.5, 7, 8], "texture": "#texture"},
				"east": {"uv": [10, 7.5, 11.5, 8], "texture": "#texture"},
				"south": {"uv": [9, 7.5, 10.5, 8], "texture": "#texture"},
				"west": {"uv": [4.5, 7.5, 6, 8], "texture": "#texture"},
				"up": {"uv": [9, 4.5, 10.5, 6], "texture": "#texture"},
				"down": {"uv": [9, 10, 10.5, 11.5], "texture": "#texture"}
			}
		},
		{
			"name": "Box27",
			"from": [-5.5, 8.5, 4.5],
			"to": [-1.5, 13, 6],
			"faces": {
				"north": {"uv": [1.5, 3, 5.5, 7.5], "texture": "#texture1"},
				"east": {"uv": [10, 3, 11.5, 7.5], "texture": "#texture1"},
				"south": {"uv": [10.5, 3, 14.5, 7.5], "texture": "#texture1"},
				"west": {"uv": [4.5, 3, 6, 7.5], "texture": "#texture1"},
				"up": {"uv": [10.5, 4.5, 14.5, 6], "texture": "#texture1"},
				"down": {"uv": [10.5, 10, 14.5, 11.5], "texture": "#texture1"}
			}
		},
		{
			"name": "Box28",
			"from": [-3.5, 8, 4.75],
			"to": [-1.5, 8.5, 5.75],
			"faces": {
				"north": {"uv": [1.5, 7.5, 3.5, 8], "texture": "#texture"},
				"east": {"uv": [10.25, 7.5, 11.25, 8], "texture": "#texture"},
				"south": {"uv": [12.5, 7.5, 14.5, 8], "texture": "#texture"},
				"west": {"uv": [4.75, 7.5, 5.75, 8], "texture": "#texture"},
				"up": {"uv": [12.5, 4.75, 14.5, 5.75], "texture": "#texture"},
				"down": {"uv": [12.5, 10.25, 14.5, 11.25], "texture": "#texture"}
			}
		},
		{
			"name": "Box29",
			"from": [-1.5, 7, 4],
			"to": [-0.5, 9, 6.5],
			"faces": {
				"north": {"uv": [0.5, 7, 1.5, 9], "texture": "#texture"},
				"east": {"uv": [9.5, 7, 12, 9], "texture": "#texture"},
				"south": {"uv": [14.5, 7, 15.5, 9], "texture": "#texture"},
				"west": {"uv": [4, 7, 6.5, 9], "texture": "#texture"},
				"up": {"uv": [14.5, 4, 15.5, 6.5], "texture": "#texture"},
				"down": {"uv": [14.5, 9.5, 15.5, 12], "texture": "#texture"}
			}
		},
		{
			"name": "Box29",
			"from": [0.5, 7, 4],
			"to": [1.5, 9, 6.5],
			"faces": {
				"north": {"uv": [14.5, 7, 15.5, 9], "texture": "#texture"},
				"east": {"uv": [9.5, 7, 12, 9], "texture": "#texture"},
				"south": {"uv": [0.5, 7, 1.5, 9], "texture": "#texture"},
				"west": {"uv": [4, 7, 6.5, 9], "texture": "#texture"},
				"up": {"uv": [0.5, 4, 1.5, 6.5], "texture": "#texture"},
				"down": {"uv": [0.5, 9.5, 1.5, 12], "texture": "#texture"}
			}
		},
		{
			"name": "Box31",
			"from": [-0.5, 7, 4.25],
			"to": [0.5, 9, 6.25],
			"faces": {
				"north": {"uv": [15.5, 7, 16, 9], "texture": "#texture"},
				"east": {"uv": [9.75, 7, 11.75, 9], "texture": "#texture"},
				"south": {"uv": [0, 7, 0.5, 9], "texture": "#texture"},
				"west": {"uv": [4.25, 7, 6.25, 9], "texture": "#texture"},
				"up": {"uv": [0, 4.25, 0.5, 6.25], "texture": "#texture"},
				"down": {"uv": [0, 9.75, 0.5, 11.75], "texture": "#texture"}
			}
		},
		{
			"name": "Box32",
			"from": [-1.5, 9, 4.5],
			"to": [1.5, 11, 6],
			"faces": {
				"north": {"uv": [14.5, 5, 16, 7], "texture": "#texture1"},
				"east": {"uv": [10, 5, 11.5, 7], "texture": "#texture1"},
				"south": {"uv": [0, 5, 1.5, 7], "texture": "#texture1"},
				"west": {"uv": [4.5, 5, 6, 7], "texture": "#texture1"},
				"up": {"uv": [0, 4.5, 1.5, 6], "texture": "#texture1"},
				"down": {"uv": [0, 10, 1.5, 11.5], "texture": "#texture1"}
			}
		},
		{
			"name": "Box35",
			"from": [-1.5, 11, 4.75],
			"to": [0, 13, 5.75],
			"faces": {
				"north": {"uv": [0, 3, 1.5, 5], "texture": "#texture"},
				"east": {"uv": [10.25, 3, 11.25, 5], "texture": "#texture"},
				"south": {"uv": [14.5, 3, 16, 5], "texture": "#texture"},
				"west": {"uv": [4.75, 3, 5.75, 5], "texture": "#texture"},
				"up": {"uv": [14.5, 4.75, 16, 5.75], "texture": "#texture"},
				"down": {"uv": [14.5, 10.25, 16, 11.25], "texture": "#texture"}
			}
		},
		{
			"name": "Box36",
			"from": [-5.5, 9, 4],
			"to": [1.5, 11, 4.5],
			"faces": {
				"north": {"uv": [14.5, 5, 16, 7], "texture": "#texture1"},
				"east": {"uv": [11.5, 5, 12, 7], "texture": "#texture1"},
				"south": {"uv": [0, 5, 1.5, 7], "texture": "#texture1"},
				"west": {"uv": [4, 5, 4.5, 7], "texture": "#texture1"},
				"up": {"uv": [0, 4, 1.5, 4.5], "texture": "#texture1"},
				"down": {"uv": [0, 11.5, 1.5, 12], "texture": "#texture1"}
			}
		},
		{
			"name": "Box36",
			"from": [-5.5, 9, 6],
			"to": [1.5, 11, 6.5],
			"faces": {
				"north": {"uv": [0, 5, 5, 7], "texture": "#texture1"},
				"east": {"uv": [9.5, 5, 10, 7], "texture": "#texture1"},
				"south": {"uv": [0, 5, 5, 7], "texture": "#texture1"},
				"west": {"uv": [6, 5, 6.5, 7], "texture": "#texture1"},
				"up": {"uv": [0, 6, 1.5, 6.5], "texture": "#texture1"},
				"down": {"uv": [0, 9.5, 1.5, 10], "texture": "#texture1"}
			}
		},
		{
			"name": "Box38",
			"from": [-5.5, 11, 4],
			"to": [-1.5, 12, 4.5],
			"rotation": {"angle": 22.5, "axis": "x", "origin": [-5.5, 11, 4]},
			"faces": {
				"north": {"uv": [12.5, 5, 16, 6], "texture": "#texture1"},
				"east": {"uv": [11.5, 5, 12, 6], "texture": "#texture1"},
				"south": {"uv": [0, 5, 3.5, 6], "texture": "#texture1"},
				"west": {"uv": [4, 5, 4.5, 6], "texture": "#texture1"},
				"up": {"uv": [0, 4, 3.5, 4.5], "texture": "#texture1"},
				"down": {"uv": [0, 11.5, 3.5, 12], "texture": "#texture1"}
			}
		},
		{
			"name": "Box38",
			"from": [-5.5, 11, 6],
			"to": [-1.5, 12, 6.5],
			"rotation": {"angle": -22.5, "axis": "x", "origin": [-1.5, 11, 6.5]},
			"faces": {
				"north": {"uv": [0, 5, 3.5, 6], "texture": "#texture1"},
				"east": {"uv": [4, 5, 4.5, 6], "texture": "#texture1"},
				"south": {"uv": [12.5, 5, 16, 6], "texture": "#texture1"},
				"west": {"uv": [11.5, 5, 12, 6], "texture": "#texture1"},
				"up": {"uv": [0, 4, 3.5, 4.5], "rotation": 180, "texture": "#texture1"},
				"down": {"uv": [0, 11.5, 3.5, 12], "rotation": 180, "texture": "#texture1"}
			}
		},
		{
			"name": "Box40",
			"from": [0, 10.5, 4.5],
			"to": [1, 13, 6],
			"rotation": {"angle": 22.5, "axis": "z", "origin": [0, 10.5, 4.5]},
			"faces": {
				"north": {"uv": [10.5, 4, 11.5, 6], "texture": "#texture"},
				"east": {"uv": [1, 4, 2, 6], "texture": "#texture3"},
				"south": {"uv": [4.5, 4, 5.5, 6], "texture": "#texture"},
				"west": {"uv": [14, 4, 15, 6], "texture": "#texture"},
				"up": {"uv": [4.5, 14, 5.5, 15], "texture": "#texture"},
				"down": {"uv": [4.5, 1, 5.5, 2], "texture": "#texture"}
			}
		},
		{
			"name": "Box41",
			"from": [-1, 13, 4.5],
			"to": [0, 14, 6],
			"faces": {
				"north": {"uv": [0, 2, 1, 3], "texture": "#texture"},
				"east": {"uv": [10, 2, 11.5, 3], "texture": "#texture"},
				"south": {"uv": [15, 2, 16, 3], "texture": "#texture"},
				"west": {"uv": [4.5, 2, 6, 3], "texture": "#texture"},
				"up": {"uv": [15, 4.5, 16, 6], "texture": "#texture"},
				"down": {"uv": [15, 10, 16, 11.5], "texture": "#texture"}
			}
		},
		{
			"name": "Box42",
			"from": [1.5, 8.5, 4],
			"to": [8, 10.5, 6.5],
			"faces": {
				"north": {"uv": [8, 5.5, 14.5, 7.5], "texture": "#texture1"},
				"east": {"uv": [9.5, 5.5, 12, 7.5], "texture": "#texture1"},
				"south": {"uv": [1.5, 5.5, 8, 7.5], "texture": "#texture1"},
				"west": {"uv": [4, 5.5, 6.5, 7.5], "texture": "#texture1"},
				"up": {"uv": [1.5, 4, 8, 6.5], "texture": "#texture1"},
				"down": {"uv": [1.5, 9.5, 8, 12], "texture": "#texture1"}
			}
		},
		{
			"name": "Box43",
			"from": [8, 9, 4.25],
			"to": [9, 11.5, 6.25],
			"faces": {
				"north": {"uv": [7, 4.5, 8, 7], "texture": "#texture"},
				"east": {"uv": [9.75, 4.5, 11.75, 7], "texture": "#texture"},
				"south": {"uv": [8, 4.5, 9, 7], "texture": "#texture"},
				"west": {"uv": [4.25, 4.5, 6.25, 7], "texture": "#texture"},
				"up": {"uv": [8, 4.25, 9, 6.25], "texture": "#texture"},
				"down": {"uv": [8, 9.75, 9, 11.75], "texture": "#texture"}
			}
		},
		{
			"name": "Box44",
			"from": [1.5, 10.5, 4.5],
			"to": [8, 11, 6],
			"faces": {
				"north": {"uv": [8, 5, 14.5, 5.5], "texture": "#texture"},
				"east": {"uv": [10, 5, 11.5, 5.5], "texture": "#texture"},
				"south": {"uv": [1.5, 5, 8, 5.5], "texture": "#texture"},
				"west": {"uv": [4.5, 5, 6, 5.5], "texture": "#texture"},
				"up": {"uv": [1.5, 4.5, 8, 6], "texture": "#texture"},
				"down": {"uv": [1.5, 10, 8, 11.5], "texture": "#texture"}
			}
		},
		{
			"name": "Box45",
			"from": [3.5, 7, 4.5],
			"to": [5.5, 8.5, 6],
			"faces": {
				"north": {"uv": [10.5, 7.5, 12.5, 9], "texture": "#texture"},
				"east": {"uv": [10, 7.5, 11.5, 9], "texture": "#texture"},
				"south": {"uv": [3.5, 7.5, 5.5, 9], "texture": "#texture"},
				"west": {"uv": [4.5, 7.5, 6, 9], "texture": "#texture"},
				"up": {"uv": [3.5, 4.5, 5.5, 6], "texture": "#texture"},
				"down": {"uv": [3.5, 10, 5.5, 11.5], "texture": "#texture"}
			}
		},
		{
			"name": "Box46",
			"from": [3.5, 4.5, 4.5],
			"to": [5.5, 7, 6],
			"rotation": {"angle": 22.5, "axis": "z", "origin": [3.5, 7, 6]},
			"faces": {
				"north": {"uv": [5.5, 13, 3.5, 9], "texture": "#texture"},
				"east": {"uv": [1, 9, 2, 13], "rotation": 180, "texture": "#texture"},
				"south": {"uv": [12.5, 13, 10.5, 9], "texture": "#texture"},
				"west": {"uv": [14, 9, 15, 13], "rotation": 180, "texture": "#texture"},
				"up": {"uv": [3.5, 1, 5.5, 2], "texture": "#texture"},
				"down": {"uv": [3.5, 14, 5.5, 15], "texture": "#texture"}
			}
		},
		{
			"name": "Box43",
			"from": [3, 7, 4.75],
			"to": [3.5, 7.5, 5.75],
			"faces": {
				"north": {"uv": [12.5, 8.5, 13, 9], "texture": "#texture"},
				"east": {"uv": [10.25, 8.5, 11.25, 9], "texture": "#texture"},
				"south": {"uv": [3, 8.5, 3.5, 9], "texture": "#texture"},
				"west": {"uv": [4.75, 8.5, 5.75, 9], "texture": "#texture"},
				"up": {"uv": [3, 4.75, 3.5, 5.75], "texture": "#texture"},
				"down": {"uv": [3, 10.25, 3.5, 11.25], "texture": "#texture"}
			}
		},
		{
			"name": "Box44",
			"from": [2, 7, 4.75],
			"to": [3, 7.5, 5.75],
			"rotation": {"angle": 22.5, "axis": "z", "origin": [3, 7.5, 4.75]},
			"faces": {
				"north": {"uv": [13.5, 12.5, 12.5, 12], "texture": "#texture"},
				"east": {"uv": [14, 12, 15, 12.5], "rotation": 180, "texture": "#texture"},
				"south": {"uv": [3.5, 12.5, 2.5, 12], "texture": "#texture"},
				"west": {"uv": [1, 12, 2, 12.5], "rotation": 180, "texture": "#texture"},
				"up": {"uv": [2.5, 1, 3.5, 2], "rotation": 180, "texture": "#texture"},
				"down": {"uv": [2.5, 14, 3.5, 15], "rotation": 180, "texture": "#texture"}
			}
		},
		{
			"name": "Box45",
			"from": [1, 6.5, 4.75],
			"to": [2, 7, 5.75],
			"faces": {
				"north": {"uv": [13.5, 9, 15, 9.5], "texture": "#texture"},
				"east": {"uv": [10.5, 9, 11.5, 9.5], "texture": "#texture"},
				"south": {"uv": [1, 9, 2.5, 9.5], "texture": "#texture"},
				"west": {"uv": [4.5, 9, 5.5, 9.5], "texture": "#texture"},
				"up": {"uv": [1, 4.5, 2.5, 5.5], "texture": "#texture"},
				"down": {"uv": [1, 10.5, 2.5, 11.5], "texture": "#texture"}
			}
		},
		{
			"name": "Box46",
			"from": [3, 7.5, 5],
			"to": [4, 8.5, 5.5],
			"rotation": {"angle": 22.5, "axis": "z", "origin": [3, 7.5, 5]},
			"faces": {
				"north": {"uv": [12, 7.5, 13, 8.5], "texture": "#texture2"},
				"east": {"uv": [1, 7.5, 2, 8.5], "texture": "#texture2"},
				"south": {"uv": [3, 7.5, 4, 8.5], "texture": "#texture2"},
				"west": {"uv": [14, 7.5, 15, 8.5], "texture": "#texture2"},
				"up": {"uv": [3, 14, 4, 15], "texture": "#texture2"},
				"down": {"uv": [3, 1, 4, 2], "texture": "#texture2"}
			}
		},
		{
			"name": "Box47",
			"from": [4.5, 4.5, 4.55],
			"to": [6.5, 6, 5.9],
			"faces": {
				"north": {"uv": [9.5, 10, 11.5, 11.5], "texture": "#texture"},
				"east": {"uv": [10.1, 10, 11.45, 11.5], "texture": "#texture"},
				"south": {"uv": [4.5, 10, 6.5, 11.5], "texture": "#texture"},
				"west": {"uv": [4.55, 10, 5.9, 11.5], "texture": "#texture"},
				"up": {"uv": [4.5, 4.55, 6.5, 5.9], "texture": "#texture"},
				"down": {"uv": [4.5, 10.1, 6.5, 11.45], "texture": "#texture"}
			}
		},
		{
			"name": "Box48",
			"from": [6.5, 4.5, 4.5],
			"to": [10, 6, 6],
			"rotation": {"angle": 22.5, "axis": "z", "origin": [6.5, 4.5, 4.5]},
			"faces": {
				"north": {"uv": [7, 10, 9.5, 11.5], "texture": "#texture"},
				"east": {"uv": [1, 10, 2, 11.5], "texture": "#texture"},
				"south": {"uv": [6.5, 10, 9, 11.5], "texture": "#texture"},
				"west": {"uv": [14, 10, 15, 11.5], "texture": "#texture"},
				"up": {"uv": [6.5, 14, 9, 15], "texture": "#texture"},
				"down": {"uv": [6.5, 1, 9, 2], "texture": "#texture"}
			}
		},
		{
			"name": "Box52",
			"from": [8, 8.5, 4],
			"to": [9, 10.5, 6.5],
			"faces": {
				"north": {"uv": [7, 5.5, 8, 7.5], "texture": "#texture1"},
				"east": {"uv": [9.5, 5.5, 12, 7.5], "texture": "#texture1"},
				"south": {"uv": [8, 5.5, 9, 7.5], "texture": "#texture1"},
				"west": {"uv": [4, 5.5, 6.5, 7.5], "texture": "#texture1"},
				"up": {"uv": [8, 4, 9, 6.5], "texture": "#texture1"},
				"down": {"uv": [8, 9.5, 9, 12], "texture": "#texture1"}
			}
		},
		{
			"name": "Box53",
			"from": [2, 6.5, 4.75],
			"to": [2.5, 7, 5.75],
			"rotation": {"angle": 22.5, "axis": "z", "origin": [2, 6.5, 4.75]},
			"faces": {
				"north": {"uv": [13.5, 9, 14, 9.5], "texture": "#texture"},
				"east": {"uv": [1, 9, 2, 9.5], "texture": "#texture"},
				"south": {"uv": [2, 9, 2.5, 9.5], "texture": "#texture"},
				"west": {"uv": [14, 9, 15, 9.5], "texture": "#texture"},
				"up": {"uv": [2, 14, 2.5, 15], "texture": "#texture"},
				"down": {"uv": [2, 1, 2.5, 2], "texture": "#texture"}
			}
		},
		{
			"name": "Box54",
			"from": [8, 11.5, 4.25],
			"to": [9, 12, 5.25],
			"rotation": {"angle": 22.5, "axis": "x", "origin": [8, 11.5, 4.25]},
			"faces": {
				"north": {"uv": [7, 3.5, 8, 4.5], "texture": "#texture"},
				"east": {"uv": [11, 3.5, 12, 4.5], "texture": "#texture"},
				"south": {"uv": [8, 3.5, 9, 4.5], "texture": "#texture"},
				"west": {"uv": [4, 3.5, 5, 4.5], "texture": "#texture"},
				"up": {"uv": [8, 4, 9, 5], "texture": "#texture"},
				"down": {"uv": [8, 11, 9, 12], "texture": "#texture"}
			}
		},
		{
			"name": "Box54",
			"from": [8, 11.5, 5.25],
			"to": [9, 12, 6.25],
			"rotation": {"angle": -22.5, "axis": "x", "origin": [9, 11.5, 6.25]},
			"faces": {
				"north": {"uv": [8, 3.5, 9, 4.5], "texture": "#texture"},
				"east": {"uv": [4, 3.5, 5, 4.5], "texture": "#texture"},
				"south": {"uv": [7, 3.5, 8, 4.5], "texture": "#texture"},
				"west": {"uv": [11, 3.5, 12, 4.5], "texture": "#texture"},
				"up": {"uv": [8, 4, 9, 5], "rotation": 180, "texture": "#texture"},
				"down": {"uv": [8, 11, 9, 12], "rotation": 180, "texture": "#texture"}
			}
		},
		{
			"name": "Box56",
			"from": [8, 11.5, 4.5],
			"to": [9, 12, 6],
			"faces": {
				"north": {"uv": [7, 4, 8, 4.5], "texture": "#texture"},
				"east": {"uv": [10, 4, 11.5, 4.5], "texture": "#texture"},
				"south": {"uv": [8, 4, 9, 4.5], "texture": "#texture"},
				"west": {"uv": [4.5, 4, 6, 4.5], "texture": "#texture"},
				"up": {"uv": [8, 4.5, 9, 6], "texture": "#texture"},
				"down": {"uv": [8, 10, 9, 11.5], "texture": "#texture"}
			}
		},
		{
			"name": "Box57",
			"from": [9, 10.5, 4],
			"to": [13, 12, 6.5],
			"faces": {
				"north": {"uv": [3, 4, 7, 5.5], "texture": "#texture"},
				"east": {"uv": [9.5, 4, 12, 5.5], "texture": "#texture"},
				"south": {"uv": [9, 4, 13, 5.5], "texture": "#texture"},
				"west": {"uv": [4, 4, 6.5, 5.5], "texture": "#texture"},
				"up": {"uv": [9, 4, 13, 6.5], "texture": "#texture"},
				"down": {"uv": [9, 9.5, 13, 12], "texture": "#texture"}
			}
		},
		{
			"name": "Box59",
			"from": [9, 12, 4],
			"to": [13, 12.5, 5],
			"rotation": {"angle": 22.5, "axis": "x", "origin": [9, 12, 4]},
			"faces": {
				"north": {"uv": [3, 3.5, 7, 4], "texture": "#texture"},
				"east": {"uv": [11, 3.5, 12, 4], "texture": "#texture"},
				"south": {"uv": [9, 3.5, 13, 4], "texture": "#texture"},
				"west": {"uv": [4, 3.5, 5, 4], "texture": "#texture"},
				"up": {"uv": [9, 4, 13, 5], "texture": "#texture"},
				"down": {"uv": [9, 11, 13, 12], "texture": "#texture"}
			}
		},
		{
			"name": "Box59",
			"from": [9, 12, 5.5],
			"to": [13, 12.5, 6.5],
			"rotation": {"angle": -22.5, "axis": "x", "origin": [13, 12, 6.5]},
			"faces": {
				"north": {"uv": [9, 3.5, 13, 4], "texture": "#texture"},
				"east": {"uv": [4, 3.5, 5, 4], "texture": "#texture"},
				"south": {"uv": [3, 3.5, 7, 4], "texture": "#texture"},
				"west": {"uv": [11, 3.5, 12, 4], "texture": "#texture"},
				"up": {"uv": [9, 4, 13, 5], "rotation": 180, "texture": "#texture"},
				"down": {"uv": [9, 11, 13, 12], "rotation": 180, "texture": "#texture"}
			}
		},
		{
			"name": "Box61",
			"from": [9, 12, 4.25],
			"to": [13, 12.5, 6.25],
			"faces": {
				"north": {"uv": [3, 3.5, 7, 4], "texture": "#texture"},
				"east": {"uv": [9.75, 3.5, 11.75, 4], "texture": "#texture"},
				"south": {"uv": [9, 3.5, 13, 4], "texture": "#texture"},
				"west": {"uv": [4.25, 3.5, 6.25, 4], "texture": "#texture"},
				"up": {"uv": [9, 4.25, 13, 6.25], "texture": "#texture"},
				"down": {"uv": [9, 9.75, 13, 11.75], "texture": "#texture"}
			}
		},
		{
			"name": "Box62",
			"from": [9, 10, 4],
			"to": [11, 10.5, 6.5],
			"faces": {
				"north": {"uv": [5, 5.5, 7, 6], "texture": "#texture"},
				"east": {"uv": [9.5, 5.5, 12, 6], "texture": "#texture"},
				"south": {"uv": [9, 5.5, 11, 6], "texture": "#texture"},
				"west": {"uv": [4, 5.5, 6.5, 6], "texture": "#texture"},
				"up": {"uv": [9, 4, 11, 6.5], "texture": "#texture"},
				"down": {"uv": [9, 9.5, 11, 12], "texture": "#texture"}
			}
		},
		{
			"name": "Box62",
			"from": [12, 10, 4],
			"to": [13, 10.5, 6.5],
			"faces": {
				"north": {"uv": [3, 5.5, 4, 6], "texture": "#texture"},
				"east": {"uv": [9.5, 5.5, 12, 6], "texture": "#texture"},
				"south": {"uv": [12, 5.5, 13, 6], "texture": "#texture"},
				"west": {"uv": [4, 5.5, 6.5, 6], "texture": "#texture"},
				"up": {"uv": [12, 4, 13, 6.5], "texture": "#texture"},
				"down": {"uv": [12, 9.5, 13, 12], "texture": "#texture"}
			}
		},
		{
			"name": "Box64",
			"from": [9, 8.5, 4.25],
			"to": [13, 10, 6.25],
			"faces": {
				"north": {"uv": [3, 6, 7, 7.5], "texture": "#texture1"},
				"east": {"uv": [9.75, 6, 11.75, 7.5], "texture": "#texture1"},
				"south": {"uv": [9, 6, 13, 7.5], "texture": "#texture1"},
				"west": {"uv": [4.25, 6, 6.25, 7.5], "texture": "#texture1"},
				"up": {"uv": [9, 4.25, 13, 6.25], "texture": "#texture1"},
				"down": {"uv": [9, 9.75, 13, 11.75], "texture": "#texture1"}
			}
		},
		{
			"name": "Box65",
			"from": [11, 10, 4.25],
			"to": [12, 10.5, 6.25],
			"faces": {
				"north": {"uv": [4, 5.5, 5, 6], "texture": "#texture"},
				"east": {"uv": [9.75, 5.5, 11.75, 6], "texture": "#texture"},
				"south": {"uv": [11, 5.5, 12, 6], "texture": "#texture"},
				"west": {"uv": [4.25, 5.5, 6.25, 6], "texture": "#texture"},
				"up": {"uv": [11, 4.25, 12, 6.25], "texture": "#texture"},
				"down": {"uv": [11, 9.75, 12, 11.75], "texture": "#texture"}
			}
		},
		{
			"name": "Box66",
			"from": [9, 6.5, 4],
			"to": [13, 8.5, 6.5],
			"faces": {
				"north": {"uv": [3, 7.5, 7, 9.5], "texture": "#texture"},
				"east": {"uv": [9.5, 7.5, 12, 9.5], "texture": "#texture"},
				"south": {"uv": [9, 7.5, 13, 9.5], "texture": "#texture"},
				"west": {"uv": [4, 7.5, 6.5, 9.5], "texture": "#texture"},
				"up": {"uv": [9, 4, 13, 6.5], "texture": "#texture"},
				"down": {"uv": [9, 9.5, 13, 12], "texture": "#texture"}
			}
		},
		{
			"name": "Box67",
			"from": [9.5, 6, 4.25],
			"to": [12, 6.5, 6.25],
			"faces": {
				"north": {"uv": [4, 9.5, 6.5, 10], "texture": "#texture"},
				"east": {"uv": [9.75, 9.5, 11.75, 10], "texture": "#texture"},
				"south": {"uv": [9.5, 9.5, 12, 10], "texture": "#texture"},
				"west": {"uv": [4.25, 9.5, 6.25, 10], "texture": "#texture"},
				"up": {"uv": [9.5, 4.25, 12, 6.25], "texture": "#texture"},
				"down": {"uv": [9.5, 9.75, 12, 11.75], "texture": "#texture"}
			}
		},
		{
			"name": "Box68",
			"from": [12, 6, 4.25],
			"to": [13, 6.5, 6.25],
			"rotation": {"angle": 22.5, "axis": "z", "origin": [12, 6, 4.25]},
			"faces": {
				"north": {"uv": [3, 9.5, 4, 10], "texture": "#texture"},
				"east": {"uv": [1, 9.5, 2, 10], "texture": "#texture"},
				"south": {"uv": [12, 9.5, 13, 10], "texture": "#texture"},
				"west": {"uv": [14, 9.5, 15, 10], "texture": "#texture"},
				"up": {"uv": [12, 14, 13, 15], "texture": "#texture"},
				"down": {"uv": [12, 1, 13, 2], "texture": "#texture"}
			}
		},
		{
			"name": "Box69",
			"from": [13, 6.5, 4.25],
			"to": [13.5, 12.5, 6.25],
			"faces": {
				"north": {"uv": [2.5, 3.5, 3, 9.5], "texture": "#texture"},
				"east": {"uv": [9.75, 3.5, 11.75, 9.5], "texture": "#texture"},
				"south": {"uv": [13, 3.5, 13.5, 9.5], "texture": "#texture"},
				"west": {"uv": [4.25, 3.5, 6.25, 9.5], "texture": "#texture"},
				"up": {"uv": [13, 4.25, 13.5, 6.25], "texture": "#texture"},
				"down": {"uv": [13, 9.75, 13.5, 11.75], "texture": "#texture"}
			}
		},
		{
			"name": "Box70",
			"from": [13.5, 6, 4],
			"to": [14.5, 12.5, 6.5],
			"faces": {
				"north": {"uv": [1.5, 3.5, 2.5, 10], "texture": "#texture"},
				"east": {"uv": [9.5, 3.5, 12, 10], "texture": "#texture"},
				"south": {"uv": [13.5, 3.5, 14.5, 10], "texture": "#texture"},
				"west": {"uv": [4, 3.5, 6.5, 10], "texture": "#texture"},
				"up": {"uv": [13.5, 4, 14.5, 6.5], "texture": "#texture"},
				"down": {"uv": [13.5, 9.5, 14.5, 12], "texture": "#texture"}
			}
		},
		{
			"name": "Box71",
			"from": [14.5, 6, 4],
			"to": [15, 12.5, 5],
			"rotation": {"angle": -22.5, "axis": "y", "origin": [14.5, 6, 4]},
			"faces": {
				"north": {"uv": [1, 3.5, 1.5, 10], "texture": "#texture"},
				"east": {"uv": [11, 3.5, 12, 10], "texture": "#texture"},
				"south": {"uv": [14.5, 3.5, 15, 10], "texture": "#texture"},
				"west": {"uv": [4, 3.5, 5, 10], "texture": "#texture"},
				"up": {"uv": [14.5, 4, 15, 5], "texture": "#texture"},
				"down": {"uv": [14.5, 11, 15, 12], "texture": "#texture"}
			}
		},
		{
			"name": "Box71",
			"from": [14.5, 6, 5.5],
			"to": [15, 12.5, 6.5],
			"rotation": {"angle": 22.5, "axis": "y", "origin": [14.5, 12.5, 6.5]},
			"faces": {
				"north": {"uv": [15, 10, 14.5, 3.5], "texture": "#texture"},
				"east": {"uv": [11, 3.5, 12, 10], "rotation": 180, "texture": "#texture"},
				"south": {"uv": [1.5, 10, 1, 3.5], "texture": "#texture"},
				"west": {"uv": [4, 3.5, 5, 10], "rotation": 180, "texture": "#texture"},
				"up": {"uv": [14.5, 11, 15, 12], "texture": "#texture"},
				"down": {"uv": [14.5, 4, 15, 5], "texture": "#texture"}
			}
		},
		{
			"name": "Box73",
			"from": [14.5, 6, 4.25],
			"to": [15, 12.5, 6.25],
			"faces": {
				"north": {"uv": [1, 3.5, 1.5, 10], "texture": "#texture"},
				"east": {"uv": [9.75, 3.5, 11.75, 10], "texture": "#texture"},
				"south": {"uv": [14.5, 3.5, 15, 10], "texture": "#texture"},
				"west": {"uv": [4.25, 3.5, 6.25, 10], "texture": "#texture"},
				"up": {"uv": [14.5, 4.25, 15, 6.25], "texture": "#texture"},
				"down": {"uv": [14.5, 9.75, 15, 11.75], "texture": "#texture"}
			}
		},
		{
			"name": "Box74",
			"from": [13.5, 5.5, 4.5],
			"to": [14.5, 6, 6],
			"faces": {
				"north": {"uv": [1.5, 10, 2.5, 10.5], "texture": "#texture"},
				"east": {"uv": [10, 10, 11.5, 10.5], "texture": "#texture"},
				"south": {"uv": [13.5, 10, 14.5, 10.5], "texture": "#texture"},
				"west": {"uv": [4.5, 10, 6, 10.5], "texture": "#texture"},
				"up": {"uv": [13.5, 4.5, 14.5, 6], "texture": "#texture"},
				"down": {"uv": [13.5, 10, 14.5, 11.5], "texture": "#texture"}
			}
		},
		{
			"name": "Box75",
			"from": [14, 5.5, 4.5],
			"to": [14.5, 6.5, 6],
			"rotation": {"angle": -22.5, "axis": "z", "origin": [14.5, 5.5, 4.5]},
			"faces": {
				"north": {"uv": [1.5, 10.5, 0.5, 10], "rotation": 270, "texture": "#texture"},
				"east": {"uv": [14.5, 1, 15.5, 2], "rotation": 270, "texture": "#texture"},
				"south": {"uv": [15.5, 10.5, 14.5, 10], "rotation": 90, "texture": "#texture"},
				"west": {"uv": [15.5, 15, 14.5, 14], "rotation": 90, "texture": "#texture"},
				"up": {"uv": [1, 10, 2, 10.5], "rotation": 270, "texture": "#texture"},
				"down": {"uv": [15, 10.5, 14, 10], "rotation": 90, "texture": "#texture"}
			}
		},
		{
			"name": "Box72",
			"from": [13, 6, 4.5],
			"to": [13.5, 6.5, 6],
			"faces": {
				"north": {"uv": [2.5, 9.5, 3, 10], "texture": "#texture"},
				"east": {"uv": [10, 9.5, 11.5, 10], "texture": "#texture"},
				"south": {"uv": [13, 9.5, 13.5, 10], "texture": "#texture"},
				"west": {"uv": [4.5, 9.5, 6, 10], "texture": "#texture"},
				"up": {"uv": [13, 4.5, 13.5, 6], "texture": "#texture"},
				"down": {"uv": [13, 10, 13.5, 11.5], "texture": "#texture"}
			}
		},
		{
			"name": "Box69",
			"from": [-7, 8, 2],
			"to": [-0.5, 9, 3.5],
			"faces": {
				"north": {"uv": [0.5, 7, 7, 8], "texture": "#texture"},
				"east": {"uv": [12.5, 7, 14, 8], "texture": "#texture"},
				"south": {"uv": [9, 7, 15.5, 8], "texture": "#texture"},
				"west": {"uv": [2, 7, 3.5, 8], "texture": "#texture"},
				"up": {"uv": [9, 2, 15.5, 3.5], "texture": "#texture"},
				"down": {"uv": [9, 12.5, 15.5, 14], "texture": "#texture"}
			}
		},
		{
			"name": "Box69",
			"from": [-7, 8, 7],
			"to": [-0.5, 9, 8.5],
			"faces": {
				"north": {"uv": [0.5, 7, 7, 8], "texture": "#texture"},
				"east": {"uv": [7.5, 7, 9, 8], "texture": "#texture"},
				"south": {"uv": [9, 7, 15.5, 8], "texture": "#texture"},
				"west": {"uv": [7, 7, 8.5, 8], "texture": "#texture"},
				"up": {"uv": [9, 7, 15.5, 8.5], "texture": "#texture"},
				"down": {"uv": [9, 7.5, 15.5, 9], "texture": "#texture"}
			}
		},
		{
			"name": "Box71",
			"from": [-7, 8, 8.5],
			"to": [-0.5, 9, 8.85],
			"faces": {
				"north": {"uv": [0.5, 7, 7, 8], "texture": "#texture"},
				"east": {"uv": [7.15, 7, 7.5, 8], "texture": "#texture"},
				"south": {"uv": [9, 7, 15.5, 8], "texture": "#texture"},
				"west": {"uv": [8.5, 7, 8.85, 8], "texture": "#texture"},
				"up": {"uv": [9, 8.5, 15.5, 8.85], "texture": "#texture"},
				"down": {"uv": [9, 7.15, 15.5, 7.5], "texture": "#texture"}
			}
		},
		{
			"name": "Box71",
			"from": [-7, 8, 1.65],
			"to": [-0.5, 9, 2],
			"faces": {
				"north": {"uv": [9, 7, 15.5, 8], "texture": "#texture"},
				"east": {"uv": [1.5, 7, 2.5, 8], "texture": "#texture"},
				"south": {"uv": [0.5, 7, 7, 8], "texture": "#texture"},
				"west": {"uv": [13.5, 7, 14.5, 8], "texture": "#texture"},
				"up": {"uv": [9, 1.5, 15.5, 2.5], "rotation": 180, "texture": "#texture"},
				"down": {"uv": [9, 13.5, 15.5, 14.5], "rotation": 180, "texture": "#texture"}
			}
		},
		{
			"name": "Box73",
			"from": [-8, 8, 1.5],
			"to": [-7, 9, 2],
			"faces": {
				"north": {"uv": [7, 7, 8, 8], "texture": "#texture"},
				"east": {"uv": [14, 7, 14.5, 8], "texture": "#texture"},
				"south": {"uv": [8, 7, 9, 8], "texture": "#texture"},
				"west": {"uv": [1.5, 7, 2, 8], "texture": "#texture"},
				"up": {"uv": [8, 1.5, 9, 2], "texture": "#texture"},
				"down": {"uv": [8, 14, 9, 14.5], "texture": "#texture"}
			}
		},
		{
			"name": "Box73",
			"from": [-8, 8, 8.5],
			"to": [-7, 9, 9],
			"faces": {
				"north": {"uv": [7, 7, 8, 8], "texture": "#texture"},
				"east": {"uv": [7, 7, 7.5, 8], "texture": "#texture"},
				"south": {"uv": [8, 7, 9, 8], "texture": "#texture"},
				"west": {"uv": [8.5, 7, 9, 8], "texture": "#texture"},
				"up": {"uv": [8, 8.5, 9, 9], "texture": "#texture"},
				"down": {"uv": [8, 7, 9, 7.5], "texture": "#texture"}
			}
		},
		{
			"name": "Box75",
			"from": [-4.5, 13, 4.5],
			"to": [-1, 14, 6],
			"faces": {
				"north": {"uv": [1, 2, 4.5, 3], "texture": "#texture"},
				"east": {"uv": [10, 2, 11.5, 3], "texture": "#texture"},
				"south": {"uv": [11.5, 2, 15, 3], "texture": "#texture"},
				"west": {"uv": [4.5, 2, 6, 3], "texture": "#texture"},
				"up": {"uv": [11.5, 4.5, 15, 6], "texture": "#texture"},
				"down": {"uv": [11.5, 10, 15, 11.5], "texture": "#texture"}
			}
		},
		{
			"name": "Box76",
			"from": [-5, 13, 4.5],
			"to": [-4.5, 14, 6],
			"faces": {
				"north": {"uv": [4.5, 2, 5, 3], "texture": "#texture"},
				"east": {"uv": [10, 2, 11.5, 3], "texture": "#texture"},
				"south": {"uv": [11, 2, 11.5, 3], "texture": "#texture"},
				"west": {"uv": [4.5, 2, 6, 3], "texture": "#texture"},
				"up": {"uv": [11, 4.5, 11.5, 6], "texture": "#texture"},
				"down": {"uv": [11, 10, 11.5, 11.5], "texture": "#texture"}
			}
		},
		{
			"name": "Box77",
			"from": [-7.5, 11.5, 4.5],
			"to": [-6, 12.5, 6],
			"faces": {
				"north": {"uv": [6, 3.5, 7.5, 4.5], "texture": "#texture1"},
				"east": {"uv": [10, 3.5, 11.5, 4.5], "texture": "#texture1"},
				"south": {"uv": [8.5, 3.5, 10, 4.5], "texture": "#texture1"},
				"west": {"uv": [4.5, 3.5, 6, 4.5], "texture": "#texture1"},
				"up": {"uv": [8.5, 4.5, 10, 6], "texture": "#texture1"},
				"down": {"uv": [8.5, 10, 10, 11.5], "texture": "#texture1"}
			}
		},
		{
			"name": "Box78",
			"from": [-8.5, 11.5, 4.75],
			"to": [-7.5, 13, 5.75],
			"rotation": {"angle": -45, "axis": "z", "origin": [-8.5, 11.5, 4.75]},
			"faces": {
				"north": {"uv": [7.5, 3, 8.5, 4.5], "texture": "#texture1"},
				"east": {"uv": [1, 3, 2, 4.5], "texture": "#texture1"},
				"south": {"uv": [7.5, 3, 8.5, 4.5], "texture": "#texture1"},
				"west": {"uv": [14, 3, 15, 4.5], "texture": "#texture1"},
				"up": {"uv": [7.5, 14, 8.5, 15], "texture": "#texture1"},
				"down": {"uv": [7.5, 1, 8.5, 2], "texture": "#texture1"}
			}
		},
		{
			"name": "Box79",
			"from": [-1.5, 14, 4.5],
			"to": [-0.5, 14.5, 6],
			"faces": {
				"north": {"uv": [0.5, 1.5, 1.5, 2], "texture": "#texture"},
				"east": {"uv": [10, 1.5, 11.5, 2], "texture": "#texture"},
				"south": {"uv": [14.5, 1.5, 15.5, 2], "texture": "#texture"},
				"west": {"uv": [4.5, 1.5, 6, 2], "texture": "#texture"},
				"up": {"uv": [14.5, 4.5, 15.5, 6], "texture": "#texture"},
				"down": {"uv": [14.5, 10, 15.5, 11.5], "texture": "#texture"}
			}
		},
		{
			"name": "Box80",
			"from": [-4.5, 14, 4.75],
			"to": [-1.5, 15, 5.75],
			"faces": {
				"north": {"uv": [1.5, 1, 4.5, 2], "texture": "#texture1"},
				"east": {"uv": [10.25, 1, 11.25, 2], "texture": "#texture1"},
				"south": {"uv": [11.5, 1, 14.5, 2], "texture": "#texture1"},
				"west": {"uv": [4.75, 1, 5.75, 2], "texture": "#texture1"},
				"up": {"uv": [11.5, 4.75, 14.5, 5.75], "texture": "#texture1"},
				"down": {"uv": [11.5, 10.25, 14.5, 11.25], "texture": "#texture1"}
			}
		},
		{
			"name": "Box82",
			"from": [-4, 14, 4.5],
			"to": [-3.5, 15, 5.5],
			"rotation": {"angle": -22.5, "axis": "x", "origin": [-4, 14, 4.5]},
			"faces": {
				"north": {"uv": [3.5, 0.5, 4, 2], "texture": "#texture"},
				"east": {"uv": [10.5, 0.5, 11.5, 2], "texture": "#texture"},
				"south": {"uv": [12, 0.5, 12.5, 2], "texture": "#texture"},
				"west": {"uv": [4.5, 0.5, 5.5, 2], "texture": "#texture"},
				"up": {"uv": [12, 4.5, 12.5, 5.5], "texture": "#texture"},
				"down": {"uv": [12, 10.5, 12.5, 11.5], "texture": "#texture"}
			}
		},
		{
			"name": "Box82",
			"from": [-2.5, 14, 4.5],
			"to": [-2, 15, 5.5],
			"rotation": {"angle": -22.5, "axis": "x", "origin": [-2.5, 14, 4.5]},
			"faces": {
				"north": {"uv": [3.5, 0.5, 4, 2], "texture": "#texture"},
				"east": {"uv": [10.5, 0.5, 11.5, 2], "texture": "#texture"},
				"south": {"uv": [12, 0.5, 12.5, 2], "texture": "#texture"},
				"west": {"uv": [4.5, 0.5, 5.5, 2], "texture": "#texture"},
				"up": {"uv": [12, 4.5, 12.5, 5.5], "texture": "#texture"},
				"down": {"uv": [12, 10.5, 12.5, 11.5], "texture": "#texture"}
			}
		},
		{
			"name": "Box82",
			"from": [-2.5, 14, 5],
			"to": [-2, 15, 6],
			"rotation": {"angle": 22.5, "axis": "x", "origin": [-2, 14, 6]},
			"faces": {
				"north": {"uv": [12, 0.5, 12.5, 2], "texture": "#texture"},
				"east": {"uv": [4.5, 0.5, 5.5, 2], "texture": "#texture"},
				"south": {"uv": [3.5, 0.5, 4, 2], "texture": "#texture"},
				"west": {"uv": [10.5, 0.5, 11.5, 2], "texture": "#texture"},
				"up": {"uv": [12, 4.5, 12.5, 5.5], "rotation": 180, "texture": "#texture"},
				"down": {"uv": [12, 10.5, 12.5, 11.5], "rotation": 180, "texture": "#texture"}
			}
		},
		{
			"name": "Box82",
			"from": [-4, 14, 5],
			"to": [-3.5, 15, 6],
			"rotation": {"angle": 22.5, "axis": "x", "origin": [-3.5, 14, 6]},
			"faces": {
				"north": {"uv": [12, 0.5, 12.5, 2], "texture": "#texture"},
				"east": {"uv": [4.5, 0.5, 5.5, 2], "texture": "#texture"},
				"south": {"uv": [3.5, 0.5, 4, 2], "texture": "#texture"},
				"west": {"uv": [10.5, 0.5, 11.5, 2], "texture": "#texture"},
				"up": {"uv": [12, 4.5, 12.5, 5.5], "rotation": 180, "texture": "#texture"},
				"down": {"uv": [12, 10.5, 12.5, 11.5], "rotation": 180, "texture": "#texture"}
			}
		},
		{
			"name": "Box81",
			"from": [-4.5, 14.5, 4.5],
			"to": [-1.5, 15.5, 5],
			"rotation": {"angle": -22.5, "axis": "x", "origin": [-4.5, 14.5, 4.5]},
			"faces": {
				"north": {"uv": [1.5, 0, 4.5, 1.5], "texture": "#texture1"},
				"east": {"uv": [11, 0, 11.5, 1.5], "texture": "#texture1"},
				"south": {"uv": [11.5, 0, 14.5, 1.5], "texture": "#texture1"},
				"west": {"uv": [4.5, 0, 5, 1.5], "texture": "#texture1"},
				"up": {"uv": [11.5, 4.5, 14.5, 5], "texture": "#texture1"},
				"down": {"uv": [11.5, 11, 14.5, 11.5], "texture": "#texture1"}
			}
		},
		{
			"name": "Box81",
			"from": [-4.5, 14.5, 5.5],
			"to": [-1.5, 15.5, 6],
			"rotation": {"angle": 22.5, "axis": "x", "origin": [-1.5, 14.5, 6]},
			"faces": {
				"north": {"uv": [11.5, 0, 14.5, 1.5], "texture": "#texture1"},
				"east": {"uv": [4.5, 0, 5, 1.5], "texture": "#texture1"},
				"south": {"uv": [1.5, 0, 4.5, 1.5], "texture": "#texture1"},
				"west": {"uv": [11, 0, 11.5, 1.5], "texture": "#texture1"},
				"up": {"uv": [11.5, 4.5, 14.5, 5], "rotation": 180, "texture": "#texture1"},
				"down": {"uv": [11.5, 11, 14.5, 11.5], "rotation": 180, "texture": "#texture1"}
			}
		},
		{
			"name": "Box83",
			"from": [-4.5, 15.45, 4.05],
			"to": [-1.5, 16.45, 4.55],
			"faces": {
				"north": {"uv": [1.5, 0, 4.5, 0.55], "texture": "#texture1"},
				"east": {"uv": [11.45, 0, 11.95, 0.55], "texture": "#texture1"},
				"south": {"uv": [11.5, 0, 14.5, 0.55], "texture": "#texture1"},
				"west": {"uv": [4.05, 0, 4.55, 0.55], "texture": "#texture1"},
				"up": {"uv": [11.5, 4.05, 14.5, 4.55], "texture": "#texture1"},
				"down": {"uv": [11.5, 11.45, 14.5, 11.95], "texture": "#texture1"}
			}
		},
		{
			"name": "Box83",
			"from": [-4.5, 15.45, 5.95],
			"to": [-1.5, 16.45, 6.45],
			"faces": {
				"north": {"uv": [1.5, 0, 4.5, 0.55], "texture": "#texture1"},
				"east": {"uv": [9.55, 0, 10.05, 0.55], "texture": "#texture1"},
				"south": {"uv": [11.5, 0, 14.5, 0.55], "texture": "#texture1"},
				"west": {"uv": [5.95, 0, 6.45, 0.55], "texture": "#texture1"},
				"up": {"uv": [11.5, 5.95, 14.5, 6.45], "texture": "#texture1"},
				"down": {"uv": [11.5, 9.55, 14.5, 10.05], "texture": "#texture1"}
			}
		},
		{
			"name": "Box85",
			"from": [-4.4, 16.5, 4],
			"to": [-1.4075, 17.5, 4.45],
			"rotation": {"angle": 45, "axis": "x", "origin": [-4.4, 16.5, 4]},
			"faces": {
				"north": {"uv": [1.5, 14.5, 4.5, 15.5], "texture": "#texture1"},
				"east": {"uv": [11.5, 14.5, 12, 15.5], "texture": "#texture1"},
				"south": {"uv": [11.5, 14.5, 14.5, 15.5], "texture": "#texture1"},
				"west": {"uv": [4, 14.5, 4.5, 15.5], "texture": "#texture1"},
				"up": {"uv": [11.5, 4, 14.5, 4.5], "texture": "#texture1"},
				"down": {"uv": [11.5, 11.5, 14.5, 12], "texture": "#texture1"}
			}
		},
		{
			"name": "Box85",
			"from": [-4.3475, 16.5, 6],
			"to": [-1.355, 17.5, 6.5],
			"rotation": {"angle": -45, "axis": "x", "origin": [-1.355, 16.5, 6.5]},
			"faces": {
				"north": {"uv": [11.5, 14.5, 14.5, 15.5], "texture": "#texture1"},
				"east": {"uv": [4, 14.5, 4.5, 15.5], "texture": "#texture1"},
				"south": {"uv": [1.5, 14.5, 4.5, 15.5], "texture": "#texture1"},
				"west": {"uv": [11.5, 14.5, 12, 15.5], "texture": "#texture1"},
				"up": {"uv": [11.5, 4, 14.5, 4.5], "rotation": 180, "texture": "#texture1"},
				"down": {"uv": [11.5, 11.5, 14.5, 12], "rotation": 180, "texture": "#texture1"}
			}
		},
		{
			"name": "Box87",
			"from": [-4.5, 16.75, 4.5],
			"to": [-1.5, 17.25, 6],
			"faces": {
				"north": {"uv": [1.5, 14.75, 4.5, 15.25], "texture": "#texture1"},
				"east": {"uv": [10, 14.75, 11.5, 15.25], "texture": "#texture1"},
				"south": {"uv": [11.5, 14.75, 14.5, 15.25], "texture": "#texture1"},
				"west": {"uv": [4.5, 14.75, 6, 15.25], "texture": "#texture1"},
				"up": {"uv": [11.5, 4.5, 14.5, 6], "texture": "#texture1"},
				"down": {"uv": [11.5, 10, 14.5, 11.5], "texture": "#texture1"}
			}
		},
		{
			"name": "Box95",
			"from": [-4.5, 15, 4.5],
			"to": [-1.5, 15.5, 6],
			"faces": {
				"north": {"uv": [1.5, 0.5, 4.5, 1], "texture": "#texture1"},
				"east": {"uv": [10, 0.5, 11.5, 1], "texture": "#texture1"},
				"south": {"uv": [11.5, 0.5, 14.5, 1], "texture": "#texture1"},
				"west": {"uv": [4.5, 0.5, 6, 1], "texture": "#texture1"},
				"up": {"uv": [11.5, 4.5, 14.5, 6], "texture": "#texture1"},
				"down": {"uv": [11.5, 10, 14.5, 11.5], "texture": "#texture1"}
			}
		},
		{
			"name": "Box89",
			"from": [-1.5, 15, 4.5],
			"to": [-0.5, 15.5, 6],
			"faces": {
				"north": {"uv": [0.5, 0.5, 1.5, 1], "texture": "#texture"},
				"east": {"uv": [10, 0.5, 11.5, 1], "texture": "#texture"},
				"south": {"uv": [14.5, 0.5, 15.5, 1], "texture": "#texture"},
				"west": {"uv": [4.5, 0.5, 6, 1], "texture": "#texture"},
				"up": {"uv": [14.5, 4.5, 15.5, 6], "texture": "#texture"},
				"down": {"uv": [14.5, 10, 15.5, 11.5], "texture": "#texture"}
			}
		},
		{
			"name": "Box90",
			"from": [-1.5, 15, 4.5],
			"to": [-0.5, 16, 5],
			"rotation": {"angle": -22.5, "axis": "x", "origin": [-1.5, 15, 4.5]},
			"faces": {
				"north": {"uv": [0.5, 0, 1.5, 1], "texture": "#texture"},
				"east": {"uv": [11, 0, 11.5, 1], "texture": "#texture"},
				"south": {"uv": [14.5, 0, 15.5, 1], "texture": "#texture"},
				"west": {"uv": [4.5, 0, 5, 1], "texture": "#texture"},
				"up": {"uv": [14.5, 4.5, 15.5, 5], "texture": "#texture"},
				"down": {"uv": [14.5, 11, 15.5, 11.5], "texture": "#texture"}
			}
		},
		{
			"name": "Box92",
			"from": [-1.5, 15, 5.5],
			"to": [-0.5, 16, 6],
			"rotation": {"angle": 22.5, "axis": "x", "origin": [-0.5, 15, 6]},
			"faces": {
				"north": {"uv": [14.5, 0, 15.5, 1], "texture": "#texture"},
				"east": {"uv": [5.5, 0, 6, 1], "texture": "#texture"},
				"south": {"uv": [0.5, 0, 1.5, 1], "texture": "#texture"},
				"west": {"uv": [10, 0, 10.5, 1], "texture": "#texture"},
				"up": {"uv": [14.5, 5.5, 15.5, 6], "rotation": 180, "texture": "#texture"},
				"down": {"uv": [14.5, 10, 15.5, 10.5], "rotation": 180, "texture": "#texture"}
			}
		},
		{
			"name": "Box89",
			"from": [-1.5, 16.5, 4.5],
			"to": [-0.5, 17, 6],
			"faces": {
				"north": {"uv": [15.5, 13.5, 14.5, 13], "texture": "#texture"},
				"east": {"uv": [10, 13, 11.5, 13.5], "rotation": 180, "texture": "#texture"},
				"south": {"uv": [1.5, 13.5, 0.5, 13], "texture": "#texture"},
				"west": {"uv": [4.5, 13, 6, 13.5], "rotation": 180, "texture": "#texture"},
				"up": {"uv": [14.5, 10, 15.5, 11.5], "texture": "#texture"},
				"down": {"uv": [14.5, 4.5, 15.5, 6], "texture": "#texture"}
			}
		},
		{
			"name": "Box90",
			"from": [-1.5, 16, 5.5],
			"to": [-0.6, 17, 6],
			"rotation": {"angle": -22.5, "axis": "x", "origin": [-1.5, 17, 6]},
			"faces": {
				"north": {"uv": [15.5, 1, 14.5, 0], "texture": "#texture"},
				"east": {"uv": [11, 0, 11.5, 1], "rotation": 180, "texture": "#texture"},
				"south": {"uv": [1.5, 1, 0.5, 0], "texture": "#texture"},
				"west": {"uv": [4.5, 0, 5, 1], "rotation": 180, "texture": "#texture"},
				"up": {"uv": [14.5, 11, 15.5, 11.5], "texture": "#texture"},
				"down": {"uv": [14.5, 4.5, 15.5, 5], "texture": "#texture"}
			}
		},
		{
			"name": "Box92",
			"from": [-1.5, 15.426, 4.6142],
			"to": [-0.6, 16.426, 5.1142],
			"rotation": {"angle": 22.5, "axis": "x", "origin": [-1.5, 17, 6]},
			"faces": {
				"north": {"uv": [1.5, 1, 0.5, 0], "texture": "#texture"},
				"east": {"uv": [5.5, 0, 6, 1], "rotation": 180, "texture": "#texture"},
				"south": {"uv": [15.5, 1, 14.5, 0], "texture": "#texture"},
				"west": {"uv": [10, 0, 10.5, 1], "rotation": 180, "texture": "#texture"},
				"up": {"uv": [14.5, 10, 15.5, 10.5], "rotation": 180, "texture": "#texture"},
				"down": {"uv": [14.5, 5.5, 15.5, 6], "rotation": 180, "texture": "#texture"}
			}
		},
		{
			"name": "Box96",
			"from": [-1.5, 15.5, 6],
			"to": [-0.5, 16.5, 6.5],
			"faces": {
				"north": {"uv": [0.5, 0, 1.5, 0.5], "texture": "#texture"},
				"east": {"uv": [9.5, 0, 10, 0.5], "texture": "#texture"},
				"south": {"uv": [14.5, 0, 15.5, 0.5], "texture": "#texture"},
				"west": {"uv": [6, 0, 6.5, 0.5], "texture": "#texture"},
				"up": {"uv": [14.5, 6, 15.5, 6.5], "texture": "#texture"},
				"down": {"uv": [14.5, 9.5, 15.5, 10], "texture": "#texture"}
			}
		},
		{
			"name": "Box96",
			"from": [-1.5, 15.5, 4],
			"to": [-0.5, 16.5, 4.5],
			"faces": {
				"north": {"uv": [0.5, 0, 1.5, 0.5], "texture": "#texture"},
				"east": {"uv": [11.5, 0, 12, 0.5], "texture": "#texture"},
				"south": {"uv": [14.5, 0, 15.5, 0.5], "texture": "#texture"},
				"west": {"uv": [4, 0, 4.5, 0.5], "texture": "#texture"},
				"up": {"uv": [14.5, 4, 15.5, 4.5], "texture": "#texture"},
				"down": {"uv": [14.5, 11.5, 15.5, 12], "texture": "#texture"}
			}
		},
		{
			"name": "Box104",
			"from": [-4.5, 16.5, 4.5],
			"to": [-4, 17, 6],
			"faces": {
				"north": {"uv": [4, 15, 4.5, 15.5], "texture": "#texture1"},
				"east": {"uv": [10, 15, 11.5, 15.5], "texture": "#texture1"},
				"south": {"uv": [11.5, 15, 12, 15.5], "texture": "#texture1"},
				"west": {"uv": [4.5, 15, 6, 15.5], "texture": "#texture1"},
				"up": {"uv": [11.5, 4.5, 12, 6], "texture": "#texture1"},
				"down": {"uv": [11.5, 10, 12, 11.5], "texture": "#texture1"}
			}
		},
		{
			"name": "Box108",
			"from": [-3.5, 12.5, 6],
			"to": [-2.5, 13.5, 6.5],
			"faces": {
				"north": {"uv": [2.5, 2.5, 3.5, 3.5], "texture": "#texture2"},
				"east": {"uv": [9.5, 2.5, 10, 3.5], "texture": "#texture2"},
				"south": {"uv": [12.5, 2.5, 13.5, 3.5], "texture": "#texture2"},
				"west": {"uv": [6, 2.5, 6.5, 3.5], "texture": "#texture2"},
				"up": {"uv": [12.5, 6, 13.5, 6.5], "texture": "#texture2"},
				"down": {"uv": [12.5, 9.5, 13.5, 10], "texture": "#texture2"}
			}
		},
		{
			"name": "Box109",
			"from": [-3.5, 12.5, 6.5],
			"to": [-2.5, 13, 7],
			"rotation": {"angle": -22.5, "axis": "x", "origin": [-3.5, 12.5, 6.5]},
			"faces": {
				"north": {"uv": [1, 3, 2, 3.5], "texture": "#texture2"},
				"east": {"uv": [9, 3, 9.5, 3.5], "texture": "#texture2"},
				"south": {"uv": [14, 3, 15, 3.5], "texture": "#texture2"},
				"west": {"uv": [6.5, 3, 7, 3.5], "texture": "#texture2"},
				"up": {"uv": [14, 6.5, 15, 7], "texture": "#texture2"},
				"down": {"uv": [14, 9, 15, 9.5], "texture": "#texture2"}
			}
		},
		{
			"name": "Box110",
			"from": [-3.5, 13, 6.5],
			"to": [-2.5, 13.5, 7],
			"rotation": {"angle": 22.5, "axis": "x", "origin": [-3.5, 13.5, 6.5]},
			"faces": {
				"north": {"uv": [14.5, 9.5, 14, 9], "texture": "#texture2"},
				"east": {"uv": [9, 2.5, 9.5, 3], "rotation": 270, "texture": "#texture2"},
				"south": {"uv": [14, 6.5, 14.5, 7], "texture": "#texture2"},
				"west": {"uv": [6.5, 2.5, 7, 3], "rotation": 90, "texture": "#texture2"},
				"up": {"uv": [2, 3, 1.5, 2.5], "texture": "#texture2"},
				"down": {"uv": [14, 2.5, 14.5, 3], "texture": "#texture2"}
			}
		},
		{
			"name": "Box111",
			"from": [-3.5, 12.75, 6.75],
			"to": [-2.5, 13.25, 7],
			"faces": {
				"north": {"uv": [2.5, 2.75, 3.5, 3.25], "texture": "#texture2"},
				"east": {"uv": [9, 2.75, 9.25, 3.25], "texture": "#texture2"},
				"south": {"uv": [12.5, 2.75, 13.5, 3.25], "texture": "#texture2"},
				"west": {"uv": [6.75, 2.75, 7, 3.25], "texture": "#texture2"},
				"up": {"uv": [12.5, 6.75, 13.5, 7], "texture": "#texture2"},
				"down": {"uv": [12.5, 9, 13.5, 9.25], "texture": "#texture2"}
			}
		},
		{
			"name": "Box112",
			"from": [-3, 15.9, 5.15],
			"to": [-2.75, 16.15, 5.4],
			"faces": {
				"north": {"uv": [2.75, 0, 3, 0.1], "texture": "#texture3"},
				"east": {"uv": [10.6, 0, 10.85, 0.1], "texture": "#texture3"},
				"south": {"uv": [13, 0, 13.25, 0.1], "texture": "#texture3"},
				"west": {"uv": [5.15, 0, 5.4, 0.1], "texture": "#texture3"},
				"up": {"uv": [13, 5.15, 13.25, 5.4], "texture": "#texture3"},
				"down": {"uv": [13, 10.6, 13.25, 10.85], "texture": "#texture3"}
			}
		},
		{
			"name": "Box89",
			"from": [-5, 15, 4.5],
			"to": [-4.5, 15.5, 6],
			"faces": {
				"north": {"uv": [4.5, 0.5, 5, 1], "texture": "#texture"},
				"east": {"uv": [10, 0.5, 11.5, 1], "texture": "#texture"},
				"south": {"uv": [11, 0.5, 11.5, 1], "texture": "#texture"},
				"west": {"uv": [4.5, 0.5, 6, 1], "texture": "#texture"},
				"up": {"uv": [11, 4.5, 11.5, 6], "texture": "#texture"},
				"down": {"uv": [11, 10, 11.5, 11.5], "texture": "#texture"}
			}
		},
		{
			"name": "Box92",
			"from": [-5, 15, 5.5],
			"to": [-4.5, 16, 6],
			"rotation": {"angle": 22.5, "axis": "x", "origin": [-4.5, 15, 6]},
			"faces": {
				"north": {"uv": [14.5, 0, 15.5, 1], "texture": "#texture"},
				"east": {"uv": [5.5, 0, 6, 1], "texture": "#texture"},
				"south": {"uv": [0.5, 0, 1.5, 1], "texture": "#texture"},
				"west": {"uv": [10, 0, 10.5, 1], "texture": "#texture"},
				"up": {"uv": [14.5, 5.5, 15.5, 6], "rotation": 180, "texture": "#texture"},
				"down": {"uv": [14.5, 10, 15.5, 10.5], "rotation": 180, "texture": "#texture"}
			}
		},
		{
			"name": "Box96",
			"from": [-5, 15.5, 6],
			"to": [-4.5, 16.5, 6.5],
			"faces": {
				"north": {"uv": [4.5, 0, 5, 0.5], "texture": "#texture"},
				"east": {"uv": [9.5, 0, 10, 0.5], "texture": "#texture"},
				"south": {"uv": [11, 0, 11.5, 0.5], "texture": "#texture"},
				"west": {"uv": [6, 0, 6.5, 0.5], "texture": "#texture"},
				"up": {"uv": [11, 6, 11.5, 6.5], "texture": "#texture"},
				"down": {"uv": [11, 9.5, 11.5, 10], "texture": "#texture"}
			}
		},
		{
			"name": "Box90",
			"from": [-5, 16, 5.5],
			"to": [-4.6, 17, 6],
			"rotation": {"angle": -22.5, "axis": "x", "origin": [-5, 17, 6]},
			"faces": {
				"north": {"uv": [15.5, 1, 14.5, 0], "texture": "#texture"},
				"east": {"uv": [11, 0, 11.5, 1], "rotation": 180, "texture": "#texture"},
				"south": {"uv": [1.5, 1, 0.5, 0], "texture": "#texture"},
				"west": {"uv": [4.5, 0, 5, 1], "rotation": 180, "texture": "#texture"},
				"up": {"uv": [14.5, 11, 15.5, 11.5], "texture": "#texture"},
				"down": {"uv": [14.5, 4.5, 15.5, 5], "texture": "#texture"}
			}
		},
		{
			"name": "Box89",
			"from": [-5, 16.5, 4.5],
			"to": [-4.5, 17, 6],
			"faces": {
				"north": {"uv": [15.5, 13.5, 14.5, 13], "texture": "#texture"},
				"east": {"uv": [10, 13, 11.5, 13.5], "rotation": 180, "texture": "#texture"},
				"south": {"uv": [1.5, 13.5, 0.5, 13], "texture": "#texture"},
				"west": {"uv": [4.5, 13, 6, 13.5], "rotation": 180, "texture": "#texture"},
				"up": {"uv": [14.5, 10, 15.5, 11.5], "texture": "#texture"},
				"down": {"uv": [14.5, 4.5, 15.5, 6], "texture": "#texture"}
			}
		},
		{
			"name": "Box92",
			"from": [-5, 15.426, 4.6142],
			"to": [-4.6, 16.426, 5.1142],
			"rotation": {"angle": 22.5, "axis": "x", "origin": [-5, 17, 6]},
			"faces": {
				"north": {"uv": [1.5, 1, 0.5, 0], "texture": "#texture"},
				"east": {"uv": [5.5, 0, 6, 1], "rotation": 180, "texture": "#texture"},
				"south": {"uv": [15.5, 1, 14.5, 0], "texture": "#texture"},
				"west": {"uv": [10, 0, 10.5, 1], "rotation": 180, "texture": "#texture"},
				"up": {"uv": [14.5, 10, 15.5, 10.5], "rotation": 180, "texture": "#texture"},
				"down": {"uv": [14.5, 5.5, 15.5, 6], "rotation": 180, "texture": "#texture"}
			}
		},
		{
			"name": "Box90",
			"from": [-5, 15, 4.5],
			"to": [-4.5, 16, 5],
			"rotation": {"angle": -22.5, "axis": "x", "origin": [-5, 15, 4.5]},
			"faces": {
				"north": {"uv": [0.5, 0, 1.5, 1], "texture": "#texture"},
				"east": {"uv": [11, 0, 11.5, 1], "texture": "#texture"},
				"south": {"uv": [14.5, 0, 15.5, 1], "texture": "#texture"},
				"west": {"uv": [4.5, 0, 5, 1], "texture": "#texture"},
				"up": {"uv": [14.5, 4.5, 15.5, 5], "texture": "#texture"},
				"down": {"uv": [14.5, 11, 15.5, 11.5], "texture": "#texture"}
			}
		},
		{
			"name": "Box96",
			"from": [-5, 15.5, 4],
			"to": [-4.5, 16.5, 4.5],
			"faces": {
				"north": {"uv": [4.5, 0, 5, 0.5], "texture": "#texture"},
				"east": {"uv": [11.5, 0, 12, 0.5], "texture": "#texture"},
				"south": {"uv": [11, 0, 11.5, 0.5], "texture": "#texture"},
				"west": {"uv": [4, 0, 4.5, 0.5], "texture": "#texture"},
				"up": {"uv": [11, 4, 11.5, 4.5], "texture": "#texture"},
				"down": {"uv": [11, 11.5, 11.5, 12], "texture": "#texture"}
			}
		},
		{
			"name": "Box40",
			"from": [0.5, 10.5, 4.1],
			"to": [1.5, 13, 4.6],
			"rotation": {"angle": 22.5, "axis": "z", "origin": [0.5, 10.5, 4.1]},
			"faces": {
				"north": {"uv": [10.5, 4, 11.5, 6], "texture": "#texture"},
				"east": {"uv": [1, 4, 2, 6], "texture": "#texture"},
				"south": {"uv": [4.5, 4, 5.5, 6], "texture": "#texture"},
				"west": {"uv": [14, 4, 15, 6], "texture": "#texture"},
				"up": {"uv": [4.5, 14, 5.5, 15], "texture": "#texture"},
				"down": {"uv": [4.5, 1, 5.5, 2], "texture": "#texture"}
			}
		},
		{
			"name": "Box40",
			"from": [0.5, 10.5, 5.9],
			"to": [1.5, 13, 6.4],
			"rotation": {"angle": 22.5, "axis": "z", "origin": [0.5, 10.5, 5.9]},
			"faces": {
				"north": {"uv": [10.5, 4, 11.5, 6], "texture": "#texture"},
				"east": {"uv": [1, 4, 2, 6], "texture": "#texture"},
				"south": {"uv": [4.5, 4, 5.5, 6], "texture": "#texture"},
				"west": {"uv": [14, 4, 15, 6], "texture": "#texture"},
				"up": {"uv": [4.5, 14, 5.5, 15], "texture": "#texture"},
				"down": {"uv": [4.5, 1, 5.5, 2], "texture": "#texture"}
			}
		},
		{
			"name": "Box113",
			"from": [0, 13, 4.25],
			"to": [0.5, 13.5, 6.25],
			"faces": {
				"north": {"uv": [15.5, 2.5, 16, 3], "texture": "#texture"},
				"east": {"uv": [9.75, 2.5, 11.75, 3], "texture": "#texture"},
				"south": {"uv": [0, 2.5, 0.5, 3], "texture": "#texture"},
				"west": {"uv": [4.25, 2.5, 6.25, 3], "texture": "#texture"},
				"up": {"uv": [0, 4.25, 0.5, 6.25], "texture": "#texture"},
				"down": {"uv": [0, 9.75, 0.5, 11.75], "texture": "#texture"}
			}
		},
		{
			"name": "Box113",
			"from": [1, 11, 4.25],
			"to": [1.5, 11.5, 6.25],
			"faces": {
				"north": {"uv": [14.5, 4.5, 15, 5], "texture": "#texture"},
				"east": {"uv": [9.75, 4.5, 11.75, 5], "texture": "#texture"},
				"south": {"uv": [1, 4.5, 1.5, 5], "texture": "#texture"},
				"west": {"uv": [4.25, 4.5, 6.25, 5], "texture": "#texture"},
				"up": {"uv": [1, 4.25, 1.5, 6.25], "texture": "#texture"},
				"down": {"uv": [1, 9.75, 1.5, 11.75], "texture": "#texture"}
			}
		},
		{
			"name": "Box115",
			"from": [-1, 11, 4],
			"to": [0.5, 13, 4.5],
			"faces": {
				"north": {"uv": [15.5, 3, 16, 5], "texture": "#texture"},
				"east": {"uv": [11.5, 3, 12, 5], "texture": "#texture"},
				"south": {"uv": [0, 3, 0.5, 5], "texture": "#texture"},
				"west": {"uv": [4, 3, 4.5, 5], "texture": "#texture"},
				"up": {"uv": [0, 4, 0.5, 4.5], "texture": "#texture"},
				"down": {"uv": [0, 11.5, 0.5, 12], "texture": "#texture"}
			}
		},
		{
			"name": "Box115",
			"from": [-1, 11, 6],
			"to": [0.5, 13, 6.5],
			"faces": {
				"north": {"uv": [15.5, 3, 16, 5], "texture": "#texture"},
				"east": {"uv": [9.5, 3, 10, 5], "texture": "#texture"},
				"south": {"uv": [0, 3, 0.5, 5], "texture": "#texture"},
				"west": {"uv": [6, 3, 6.5, 5], "texture": "#texture"},
				"up": {"uv": [0, 6, 0.5, 6.5], "texture": "#texture"},
				"down": {"uv": [0, 9.5, 0.5, 10], "texture": "#texture"}
			}
		},
		{
			"name": "Box2",
			"from": [-9, 9, 5.5],
			"to": [-8.5, 10.5, 6],
			"faces": {
				"north": {"uv": [4.5, 7.5, 5.5, 8.5], "texture": "#texture"},
				"east": {"uv": [2.5, 7.5, 3.5, 8.5], "texture": "#texture"},
				"south": {"uv": [10.5, 7.5, 11.5, 8.5], "texture": "#texture"},
				"west": {"uv": [12.5, 7.5, 13.5, 8.5], "texture": "#texture"},
				"up": {"uv": [13.5, 5.5, 12.5, 4.5], "rotation": 270, "texture": "#texture"},
				"down": {"uv": [13.5, 11.5, 12.5, 10.5], "rotation": 90, "texture": "#texture"}
			}
		},
		{
			"name": "Box120",
			"from": [-9, 10.5, 4.5],
			"to": [-8.5, 11, 5],
			"rotation": {"angle": 22.5, "axis": "x", "origin": [-9, 10.5, 4.5]},
			"faces": {
				"north": {"uv": [8.5, 5, 9, 5.5], "texture": "#texture"},
				"east": {"uv": [11, 5, 11.5, 5.5], "texture": "#texture"},
				"south": {"uv": [7, 5, 7.5, 5.5], "texture": "#texture"},
				"west": {"uv": [4.5, 5, 5, 5.5], "texture": "#texture"},
				"up": {"uv": [7, 4.5, 7.5, 5], "texture": "#texture"},
				"down": {"uv": [7, 11, 7.5, 11.5], "texture": "#texture"}
			}
		},
		{
			"name": "Box121",
			"from": [-9, 10.5, 5.5],
			"to": [-8.5, 11, 6],
			"rotation": {"angle": -22.5, "axis": "x", "origin": [-8.5, 10.5, 6]},
			"faces": {
				"north": {"uv": [7, 5, 7.5, 5.5], "texture": "#texture"},
				"east": {"uv": [5.5, 5, 6, 5.5], "texture": "#texture"},
				"south": {"uv": [8.5, 5, 9, 5.5], "texture": "#texture"},
				"west": {"uv": [10, 5, 10.5, 5.5], "texture": "#texture"},
				"up": {"uv": [7, 5.5, 7.5, 6], "rotation": 180, "texture": "#texture"},
				"down": {"uv": [7, 10, 7.5, 10.5], "rotation": 180, "texture": "#texture"}
			}
		},
		{
			"name": "Box122",
			"from": [-9, 10.5, 4.75],
			"to": [-8.5, 11, 5.75],
			"faces": {
				"north": {"uv": [8.5, 5, 9, 5.5], "texture": "#texture"},
				"east": {"uv": [10.25, 5, 11.25, 5.5], "texture": "#texture"},
				"south": {"uv": [7, 5, 7.5, 5.5], "texture": "#texture"},
				"west": {"uv": [4.75, 5, 5.75, 5.5], "texture": "#texture"},
				"up": {"uv": [7, 4.75, 7.5, 5.75], "texture": "#texture"},
				"down": {"uv": [7, 10.25, 7.5, 11.25], "texture": "#texture"}
			}
		},
		{
			"name": "Box120",
			"from": [-9, 8.5, 5.5],
			"to": [-8.5, 9, 6],
			"rotation": {"angle": 22.5, "axis": "x", "origin": [-9, 9, 6]},
			"faces": {
				"north": {"uv": [7.5, 5.5, 7, 5], "texture": "#texture"},
				"east": {"uv": [11, 5, 11.5, 5.5], "rotation": 180, "texture": "#texture"},
				"south": {"uv": [9, 5.5, 8.5, 5], "texture": "#texture"},
				"west": {"uv": [4.5, 5, 5, 5.5], "rotation": 180, "texture": "#texture"},
				"up": {"uv": [7, 11, 7.5, 11.5], "texture": "#texture"},
				"down": {"uv": [7, 4.5, 7.5, 5], "texture": "#texture"}
			}
		},
		{
			"name": "Box122",
			"from": [-9, 8.5, 4.75],
			"to": [-8.5, 9, 5.75],
			"faces": {
				"north": {"uv": [7.5, 5.5, 7, 5], "texture": "#texture"},
				"east": {"uv": [10.25, 5, 11.25, 5.5], "rotation": 180, "texture": "#texture"},
				"south": {"uv": [9, 5.5, 8.5, 5], "texture": "#texture"},
				"west": {"uv": [4.75, 5, 5.75, 5.5], "rotation": 180, "texture": "#texture"},
				"up": {"uv": [7, 10.25, 7.5, 11.25], "texture": "#texture"},
				"down": {"uv": [7, 4.75, 7.5, 5.75], "texture": "#texture"}
			}
		},
		{
			"name": "Box121",
			"from": [-9, 9.074, 4.6142],
			"to": [-8.5, 9.574, 5.1142],
			"rotation": {"angle": -22.5, "axis": "x", "origin": [-9, 9, 6]},
			"faces": {
				"north": {"uv": [9, 5.5, 8.5, 5], "texture": "#texture"},
				"east": {"uv": [5.5, 5, 6, 5.5], "rotation": 180, "texture": "#texture"},
				"south": {"uv": [7.5, 5.5, 7, 5], "texture": "#texture"},
				"west": {"uv": [10, 5, 10.5, 5.5], "rotation": 180, "texture": "#texture"},
				"up": {"uv": [7, 10, 7.5, 10.5], "rotation": 180, "texture": "#texture"},
				"down": {"uv": [7, 5.5, 7.5, 6], "rotation": 180, "texture": "#texture"}
			}
		},
		{
			"name": "Box126",
			"from": [-8.501, 9, 5],
			"to": [-8.5, 10.5, 5.5],
			"faces": {
				"north": {"uv": [7.5, 5.5, 7.501, 8.5], "texture": "#texture3"},
				"east": {"uv": [5, 5.5, 5.5, 8.5], "texture": "#texture3"},
				"south": {"uv": [8.499, 5.5, 8.5, 8.5], "texture": "#texture3"},
				"west": {"uv": [10.5, 5.5, 11, 8.5], "texture": "#texture3"},
				"up": {"uv": [7.5, 5, 7.501, 5.5], "rotation": 180, "texture": "#texture3"},
				"down": {"uv": [7.5, 10.5, 7.501, 11], "rotation": 180, "texture": "#texture3"}
			}
		},
		{
			"name": "Box128",
			"from": [9, 8.5, 4],
			"to": [10, 10.5, 4.5],
			"rotation": {"angle": -22.5, "axis": "z", "origin": [9, 8.5, 4]},
			"faces": {
				"north": {"uv": [4.5, 6, 5.5, 7.5], "texture": "#texture"},
				"east": {"uv": [11.5, 6, 12, 7.5], "texture": "#texture"},
				"south": {"uv": [10.5, 6, 11.5, 7.5], "texture": "#texture"},
				"west": {"uv": [4, 6, 4.5, 7.5], "texture": "#texture"},
				"up": {"uv": [10.5, 4, 11.5, 4.5], "texture": "#texture"},
				"down": {"uv": [10.5, 11.5, 11.5, 12], "texture": "#texture"}
			}
		},
		{
			"name": "Box128",
			"from": [9, 8.5, 6],
			"to": [10, 10.5, 6.5],
			"rotation": {"angle": -22.5, "axis": "z", "origin": [9, 8.5, 6]},
			"faces": {
				"north": {"uv": [4.5, 6, 5.5, 7.5], "texture": "#texture"},
				"east": {"uv": [11.5, 6, 12, 7.5], "texture": "#texture"},
				"south": {"uv": [10.5, 6, 11.5, 7.5], "texture": "#texture"},
				"west": {"uv": [4, 6, 4.5, 7.5], "texture": "#texture"},
				"up": {"uv": [10.5, 4, 11.5, 4.5], "texture": "#texture"},
				"down": {"uv": [10.5, 11.5, 11.5, 12], "texture": "#texture"}
			}
		},
		{
			"name": "Box130",
			"from": [10, 8.5, 4],
			"to": [13, 10, 4.5],
			"faces": {
				"north": {"uv": [3, 6, 6, 7.5], "texture": "#texture"},
				"east": {"uv": [11.5, 6, 12, 7.5], "texture": "#texture"},
				"south": {"uv": [10, 6, 13, 7.5], "texture": "#texture"},
				"west": {"uv": [4, 6, 4.5, 7.5], "texture": "#texture"},
				"up": {"uv": [10, 4, 13, 4.5], "texture": "#texture"},
				"down": {"uv": [10, 11.5, 13, 12], "texture": "#texture"}
			}
		},
		{
			"name": "Box130",
			"from": [10, 8.5, 6],
			"to": [13, 10, 6.5],
			"faces": {
				"north": {"uv": [3, 6, 6, 7.5], "texture": "#texture"},
				"east": {"uv": [9.5, 6, 10, 7.5], "texture": "#texture"},
				"south": {"uv": [10, 6, 13, 7.5], "texture": "#texture"},
				"west": {"uv": [6, 6, 6.5, 7.5], "texture": "#texture"},
				"up": {"uv": [10, 6, 13, 6.5], "texture": "#texture"},
				"down": {"uv": [10, 9.5, 13, 10], "texture": "#texture"}
			}
		},
		{
			"name": "Box132",
			"from": [-6.5, 8, 4.25],
			"to": [-1.5, 9, 6.25],
			"faces": {
				"north": {"uv": [1.5, 7, 6.5, 8], "texture": "#texture"},
				"east": {"uv": [9.75, 7, 11.75, 8], "texture": "#texture"},
				"south": {"uv": [9.5, 7, 14.5, 8], "texture": "#texture"},
				"west": {"uv": [4.25, 7, 6.25, 8], "texture": "#texture"},
				"up": {"uv": [9.5, 4.25, 14.5, 6.25], "texture": "#texture"},
				"down": {"uv": [9.5, 9.75, 14.5, 11.75], "texture": "#texture"}
			}
		},
		{
			"name": "Box133",
			"from": [-5, 7, 4.5],
			"to": [-1.5, 8, 6],
			"faces": {
				"north": {"uv": [1.5, 8, 5, 9], "texture": "#texture"},
				"east": {"uv": [10, 8, 11.5, 9], "texture": "#texture"},
				"south": {"uv": [11, 8, 14.5, 9], "texture": "#texture"},
				"west": {"uv": [4.5, 8, 6, 9], "texture": "#texture"},
				"up": {"uv": [11, 4.5, 14.5, 6], "texture": "#texture"},
				"down": {"uv": [11, 10, 14.5, 11.5], "texture": "#texture"}
			}
		},
		{
			"name": "Box134",
			"from": [-7, 7, 4.75],
			"to": [-5, 8, 5.75],
			"faces": {
				"north": {"uv": [5, 8, 7, 9], "texture": "#texture"},
				"east": {"uv": [10.25, 8, 11.25, 9], "texture": "#texture"},
				"south": {"uv": [9, 8, 11, 9], "texture": "#texture"},
				"west": {"uv": [4.75, 8, 5.75, 9], "texture": "#texture"},
				"up": {"uv": [9, 4.75, 11, 5.75], "texture": "#texture"},
				"down": {"uv": [9, 10.25, 11, 11.25], "texture": "#texture"}
			}
		},
		{
			"name": "Box135",
			"from": [-6, 6.5, 4.75],
			"to": [0.5, 7, 5.75],
			"faces": {
				"north": {"uv": [15.5, 9, 16, 9.5], "texture": "#texture"},
				"east": {"uv": [10.25, 9, 11.25, 9.5], "texture": "#texture"},
				"south": {"uv": [0, 9, 0.5, 9.5], "texture": "#texture"},
				"west": {"uv": [4.75, 9, 5.75, 9.5], "texture": "#texture"},
				"up": {"uv": [0, 4.75, 0.5, 5.75], "texture": "#texture"},
				"down": {"uv": [0, 10.25, 0.5, 11.25], "texture": "#texture"}
			}
		},
		{
			"name": "Box137",
			"from": [-1, 15.5, 4.5],
			"to": [-0.999, 16.5, 6],
			"faces": {
				"north": {"uv": [0.999, 0, 1, 0.5], "texture": "#texture3"},
				"east": {"uv": [10, 0, 11.5, 0.5], "texture": "#texture3"},
				"south": {"uv": [15, 0, 15.001, 0.5], "texture": "#texture3"},
				"west": {"uv": [4.5, 0, 6, 0.5], "texture": "#texture3"},
				"up": {"uv": [15, 4.5, 15.001, 6], "texture": "#texture3"},
				"down": {"uv": [15, 10, 15.001, 11.5], "texture": "#texture3"}
			}
		},
		{
			"name": "Box137",
			"from": [-4.5, 15.5, 4.5],
			"to": [-4.499, 16.5, 6],
			"faces": {
				"north": {"uv": [4.499, 0, 4.5, 0.5], "texture": "#texture3"},
				"east": {"uv": [10, 0, 11.5, 0.5], "texture": "#texture3"},
				"south": {"uv": [11.5, 0, 11.501, 0.5], "texture": "#texture3"},
				"west": {"uv": [4.5, 0, 6, 0.5], "texture": "#texture3"},
				"up": {"uv": [11.5, 4.5, 11.501, 6], "texture": "#texture3"},
				"down": {"uv": [11.5, 10, 11.501, 11.5], "texture": "#texture3"}
			}
		}
	],
	"overrides": [
		{"predicate": {"damaged": 0, "damage": 0}, "model": "item/iron_pickaxe"},
		{"_cmd_": "give @p minecraft:iron_pickaxe 1 1 {Unbreakable:1}", "predicate": {"damaged": 0, "damage": 0.00398}, "model": "item/shuta_aim"},
		{"_cmd_": "give @p minecraft:iron_pickaxe 1 2 {Unbreakable:1}", "predicate": {"damaged": 0, "damage": 0.00797}, "model": "item/ice_shuta"},
		{"_cmd_": "give @p minecraft:iron_pickaxe 1 3 {Unbreakable:1}", "predicate": {"damaged": 0, "damage": 0.01195}, "model": "item/ice_shuta_aim"},
		{"predicate": {"damaged": 1, "damage": 0}, "model": "item/iron_pickaxe"}
	],
	"display": {
		"thirdperson_righthand": {
			"rotation": [0, -90, 0],
			"translation": [-1.391, 0, 3.4782],
			"scale": [0.7, 0.7, 0.7]
		},
		"thirdperson_lefthand": {
			"rotation": [0, 90, 0],
			"translation": [1.39, 0, 3.4782],
			"scale": [0.7, 0.7, 0.7]
		},
		"firstperson_righthand": {
			"rotation": [0, -90, 0],
			"translation": [-4.173, 0, 5.5652]
		},
		"firstperson_lefthand": {
			"rotation": [0, 90, 0],
			"translation": [-4.173, 0, 5.5652]
		},
		"ground": {
			"rotation": [-90, 0, 0],
			"translation": [6.2608, 0, 0]
		},
		"gui": {
			"rotation": [17, 58, 6],
			"translation": [3.4782, 0, 0],
			"scale": [0.6, 0.6, 0.6]
		},
		"head": {
			"translation": [4, 0, 2.75],
			"scale": [0.7, 0.7, 0.7]
		},
		"fixed": {
			"rotation": [0, 180, 0],
			"translation": [-4.869, 0, -4.869]
		}
	}
}