{
	"credit": "Made with Blockbench",
	"textures": {
		"trident": "block/3dstuff/trident"
	},
	"elements": [
		{
			"name": "RPG_handle1",
			"from": [2, 7.25, 7.75],
			"to": [3, 7.5, 8.25],
			"faces": {
				"north": {"uv": [0, 4, 1, 4.25], "rotation": 180, "texture": "#trident"},
				"south": {"uv": [0, 4, 1, 4.25], "rotation": 180, "texture": "#trident"},
				"west": {"uv": [0, 4, 0.5, 4.25], "rotation": 180, "texture": "#trident"},
				"down": {"uv": [0, 4, 1, 4.5], "texture": "#trident"}
			}
		},
		{
			"name": "RPG_handle2",
			"from": [3, 5, 7.75],
			"to": [3.75, 6.5, 8.25],
			"faces": {
				"north": {"uv": [8, 8, 8.75, 9.5], "rotation": 180, "texture": "#trident"},
				"east": {"uv": [8, 8, 8.5, 9.5], "rotation": 180, "texture": "#trident"},
				"south": {"uv": [8, 8, 8.75, 9.5], "rotation": 180, "texture": "#trident"},
				"west": {"uv": [8, 8, 8.5, 9.5], "rotation": 180, "texture": "#trident"},
				"down": {"uv": [8, 8, 8.75, 8.5], "texture": "#trident"}
			}
		},
		{
			"name": "RPG_handle3",
			"from": [2, 6.625, 7.75],
			"to": [2.125, 7.25, 8.25],
			"faces": {
				"north": {"uv": [0, 4, 0.125, 4.625], "rotation": 180, "texture": "#trident"},
				"east": {"uv": [0, 4, 0.5, 4.625], "rotation": 180, "texture": "#trident"},
				"south": {"uv": [0, 4, 0.125, 4.625], "rotation": 180, "texture": "#trident"},
				"west": {"uv": [0, 4, 0.5, 4.625], "rotation": 180, "texture": "#trident"}
			}
		},
		{
			"name": "RPG_handle4",
			"from": [2, 6.5, 7.75],
			"to": [3, 6.625, 8.25],
			"faces": {
				"north": {"uv": [0, 4, 1, 4.125], "rotation": 180, "texture": "#trident"},
				"south": {"uv": [0, 4, 1, 4.125], "rotation": 180, "texture": "#trident"},
				"west": {"uv": [0, 4, 0.5, 4.125], "rotation": 180, "texture": "#trident"},
				"up": {"uv": [0, 4, 1, 4.5], "texture": "#trident"},
				"down": {"uv": [0, 4, 1, 4.5], "texture": "#trident"}
			}
		},
		{
			"name": "RPG_handle5",
			"from": [3.375, 4.75, 7.75],
			"to": [3.625, 5.375, 8.25],
			"rotation": {"angle": -22.5, "axis": "z", "origin": [8, 8, 8]},
			"faces": {
				"north": {"uv": [0, 4, 0.25, 4.625], "texture": "#trident"},
				"east": {"uv": [0, 4, 0.5, 4.625], "texture": "#trident"},
				"south": {"uv": [0, 4, 0.25, 4.625], "texture": "#trident"},
				"west": {"uv": [0, 4, 0.5, 4.625], "texture": "#trident"},
				"down": {"uv": [0, 4, 0.25, 4.5], "texture": "#trident"}
			}
		},
		{
			"name": "RPG_handle6",
			"from": [3, 6.5, 7.75],
			"to": [4, 7.5, 8.25],
			"faces": {
				"north": {"uv": [0, 4, 1, 5], "rotation": 180, "texture": "#trident"},
				"east": {"uv": [0, 4, 0.5, 5], "rotation": 180, "texture": "#trident"},
				"south": {"uv": [0, 4, 1, 5], "rotation": 180, "texture": "#trident"},
				"west": {"uv": [0, 4, 0.5, 5], "rotation": 180, "texture": "#trident"},
				"down": {"uv": [0, 4, 1, 4.5], "texture": "#trident"}
			}
		},
		{
			"name": "RPG_handle7",
			"from": [5.25, 5.625, 7.75],
			"to": [6, 7.375, 8.25],
			"faces": {
				"north": {"uv": [8, 8, 8.75, 9.75], "texture": "#trident"},
				"east": {"uv": [8, 8, 8.5, 9.75], "texture": "#trident"},
				"south": {"uv": [8, 8, 8.75, 9.75], "texture": "#trident"},
				"west": {"uv": [8, 8, 8.5, 9.75], "texture": "#trident"},
				"down": {"uv": [8, 8, 8.75, 8.5], "texture": "#trident"}
			}
		},
		{
			"name": "RPG_body1",
			"from": [0, 7.5, 7.5],
			"to": [4, 8.5, 8.5],
			"faces": {
				"north": {"uv": [8, 4, 12, 5], "texture": "#trident"},
				"south": {"uv": [8, 4, 12, 5], "texture": "#trident"},
				"up": {"uv": [8, 4, 12, 5], "texture": "#trident"},
				"down": {"uv": [8, 4, 12, 5], "texture": "#trident"}
			}
		},
		{
			"name": "RPG_body2",
			"from": [4, 7.375, 7.375],
			"to": [6, 8.625, 8.625],
			"faces": {
				"north": {"uv": [7, 4, 12, 5.25], "rotation": 180, "texture": "#trident"},
				"south": {"uv": [7, 4, 12, 5.25], "texture": "#trident"},
				"west": {"uv": [4, 4, 5.25, 5.25], "texture": "#trident"},
				"up": {"uv": [7, 4, 12, 5.25], "texture": "#trident"},
				"down": {"uv": [7, 4, 12, 5.25], "texture": "#trident"}
			}
		},
		{
			"name": "RPG_body3",
			"from": [6, 7.25, 7.25],
			"to": [10, 8.75, 8.75],
			"faces": {
				"north": {"uv": [3, 8, 13, 9.5], "rotation": 180, "texture": "#trident"},
				"east": {"uv": [12, 8, 13.5, 9.5], "texture": "#trident"},
				"south": {"uv": [3, 8, 13, 9.5], "texture": "#trident"},
				"west": {"uv": [0, 8, 1.5, 9.5], "texture": "#trident"},
				"up": {"uv": [3, 8, 13, 9.5], "texture": "#trident"},
				"down": {"uv": [3, 8, 13, 9.5], "texture": "#trident"}
			}
		},
		{
			"name": "RPG_body4",
			"from": [10, 7.5, 7.5],
			"to": [13.75, 8.5, 8.5],
			"faces": {
				"north": {"uv": [0, 12, 7.75, 13], "rotation": 180, "texture": "#trident"},
				"south": {"uv": [0, 12, 7.75, 13], "texture": "#trident"},
				"up": {"uv": [0, 12, 7.75, 13], "texture": "#trident"},
				"down": {"uv": [0, 12, 7.75, 13], "texture": "#trident"}
			}
		},
		{
			"name": "RPG_body6",
			"from": [15.75, 7, 7],
			"to": [16, 9, 9],
			"faces": {
				"north": {"uv": [0, 4, 0.25, 6], "texture": "#trident"},
				"east": {"uv": [0, 4, 2, 6], "texture": "#trident"},
				"south": {"uv": [0, 4, 0.25, 6], "texture": "#trident"},
				"west": {"uv": [0, 4, 2, 6], "texture": "#trident"},
				"up": {"uv": [0, 4, 0.25, 6], "texture": "#trident"},
				"down": {"uv": [0, 4, 0.25, 6], "texture": "#trident"}
			}
		},
		{
			"name": "RPG_body5",
			"from": [14.75, 7.25, 7.25],
			"to": [15.75, 8.75, 8.75],
			"faces": {
				"north": {"uv": [4, 4, 5, 5.5], "texture": "#trident"},
				"south": {"uv": [4, 4, 5, 5.5], "texture": "#trident"},
				"west": {"uv": [4, 4, 5.5, 5.5], "texture": "#trident"},
				"up": {"uv": [4, 4, 5, 5.5], "texture": "#trident"},
				"down": {"uv": [4, 4, 5, 5.5], "texture": "#trident"}
			}
		},
		{
			"name": "RPG_body7",
			"from": [13.75, 7.375, 7.375],
			"to": [14.75, 8.625, 8.625],
			"faces": {
				"north": {"uv": [4, 4, 5, 5.25], "texture": "#trident"},
				"south": {"uv": [4, 4, 5, 5.25], "texture": "#trident"},
				"west": {"uv": [4, 4, 5.25, 5.25], "texture": "#trident"},
				"up": {"uv": [4, 4, 5, 5.25], "texture": "#trident"},
				"down": {"uv": [4, 4, 5, 5.25], "texture": "#trident"}
			}
		},
		{
			"name": "RPG_sight1",
			"from": [0.25, 8.5, 7.75],
			"to": [1.5, 9, 8.25],
			"faces": {
				"north": {"uv": [12, 4, 13.25, 4.5], "texture": "#trident"},
				"east": {"uv": [12, 4, 12.5, 4.5], "texture": "#trident"},
				"south": {"uv": [12, 4, 13.25, 4.5], "texture": "#trident"},
				"west": {"uv": [12, 4, 12.5, 4.5], "texture": "#trident"},
				"up": {"uv": [12, 4, 13.25, 4.5], "texture": "#trident"}
			}
		},
		{
			"name": "RPG_sight2",
			"from": [0.25, 9, 7.75],
			"to": [0.5, 9.5, 8.25],
			"faces": {
				"north": {"uv": [12, 4, 12.25, 4.5], "texture": "#trident"},
				"east": {"uv": [12, 3, 12.5, 7.5], "texture": "#trident"},
				"south": {"uv": [12, 4, 12.25, 4.5], "texture": "#trident"},
				"west": {"uv": [12, 4, 12.5, 4.5], "texture": "#trident"},
				"up": {"uv": [12, 4, 12.25, 4.5], "texture": "#trident"}
			}
		},
		{
			"name": "RPG_sight3",
			"from": [0.25, 9.5, 7.75],
			"to": [0.5, 9.75, 7.875],
			"faces": {
				"north": {"uv": [12, 4, 12.25, 4.25], "texture": "#trident"},
				"east": {"uv": [12, 0, 12.125, 0.25], "texture": "#trident"},
				"south": {"uv": [12, 4, 12.25, 4.25], "texture": "#trident"},
				"west": {"uv": [12, 4, 12.125, 4.25], "texture": "#trident"},
				"up": {"uv": [12, 4, 12.25, 4.125], "texture": "#trident"}
			}
		},
		{
			"name": "RPG_sight4",
			"from": [4.75, 8.625, 7.75],
			"to": [6, 9, 8.25],
			"faces": {
				"north": {"uv": [12, 4, 13.25, 4.375], "texture": "#trident"},
				"east": {"uv": [12, 4, 12.5, 4.375], "texture": "#trident"},
				"south": {"uv": [12, 4, 13.25, 4.375], "texture": "#trident"},
				"west": {"uv": [12, 4, 12.5, 4.375], "texture": "#trident"},
				"up": {"uv": [12, 4, 13.25, 4.5], "texture": "#trident"}
			}
		},
		{
			"name": "RPG_sight5",
			"from": [5.75, 9, 7.75],
			"to": [6, 9.5, 8.25],
			"faces": {
				"north": {"uv": [12, 4, 12.25, 4.5], "texture": "#trident"},
				"east": {"uv": [10, 4, 14.5, 4.5], "rotation": 90, "texture": "#trident"},
				"south": {"uv": [12, 4, 12.25, 4.5], "texture": "#trident"},
				"west": {"uv": [12, 4, 12.5, 4.5], "texture": "#trident"},
				"up": {"uv": [12, 4, 12.25, 4.5], "texture": "#trident"}
			}
		},
		{
			"name": "RPG_sight6",
			"from": [5.75, 9.5, 8.125],
			"to": [6, 10.125, 8.25],
			"faces": {
				"north": {"uv": [12, 4, 12.25, 4.625], "texture": "#trident"},
				"east": {"uv": [8, 4, 8.125, 4.625], "texture": "#trident"},
				"south": {"uv": [12, 4, 12.25, 4.625], "texture": "#trident"},
				"west": {"uv": [12, 4, 12.125, 4.625], "texture": "#trident"}
			}
		},
		{
			"name": "RPG_sight7",
			"from": [5.75, 9.5, 7.75],
			"to": [6, 10.125, 7.875],
			"faces": {
				"north": {"uv": [12, 4, 12.25, 4.625], "texture": "#trident"},
				"east": {"uv": [8, 4, 8.125, 4.625], "texture": "#trident"},
				"south": {"uv": [12, 4, 12.25, 4.625], "texture": "#trident"},
				"west": {"uv": [12, 4, 12.125, 4.625], "texture": "#trident"}
			}
		},
		{
			"name": "RPG_sight8",
			"from": [5.75, 10.125, 7.75],
			"to": [6, 10.25, 8.25],
			"faces": {
				"north": {"uv": [12, 4, 12.25, 4.125], "texture": "#trident"},
				"east": {"uv": [8, 4, 8.5, 4.125], "texture": "#trident"},
				"south": {"uv": [12, 4, 12.25, 4.125], "texture": "#trident"},
				"west": {"uv": [12, 4, 12.5, 4.125], "texture": "#trident"},
				"up": {"uv": [12, 4, 12.25, 4.5], "texture": "#trident"},
				"down": {"uv": [12, 4, 12.25, 4.5], "texture": "#trident"}
			}
		},
		{
			"name": "RPG_sight9",
			"from": [0.25, 9.5, 8.125],
			"to": [0.5, 9.75, 8.25],
			"faces": {
				"north": {"uv": [12, 4, 12.25, 4.25], "texture": "#trident"},
				"east": {"uv": [12, 0, 12.125, 0.25], "texture": "#trident"},
				"south": {"uv": [12, 4, 12.25, 4.25], "texture": "#trident"},
				"west": {"uv": [12, 4, 12.125, 4.25], "texture": "#trident"},
				"up": {"uv": [12, 4, 12.25, 4.125], "texture": "#trident"}
			}
		},
		{
			"name": "RPG_rocket1",
			"from": [-0.5, 7.375, 7.375],
			"to": [0, 8.625, 8.625],
			"faces": {
				"north": {"uv": [8, 0, 8.5, 1.25], "texture": "#trident"},
				"east": {"uv": [8, 0, 9.25, 1.25], "texture": "#trident"},
				"south": {"uv": [8, 0, 8.5, 1.25], "texture": "#trident"},
				"west": {"uv": [8, 0, 9.25, 1.25], "texture": "#trident"},
				"up": {"uv": [8, 0, 8.5, 1.25], "texture": "#trident"},
				"down": {"uv": [8, 0, 8.5, 1.25], "texture": "#trident"}
			}
		},
		{
			"name": "RPG_rocket2",
			"from": [-1.5, 7.5, 7.5],
			"to": [-0.5, 8.5, 8.5],
			"faces": {
				"north": {"uv": [4, 0, 5, 1], "texture": "#trident"},
				"south": {"uv": [4, 0, 5, 1], "texture": "#trident"},
				"up": {"uv": [4, 0, 5, 1], "texture": "#trident"},
				"down": {"uv": [4, 0, 5, 1], "texture": "#trident"}
			}
		},
		{
			"name": "RPG_rocket3",
			"from": [-2.5, 7.375, 7.375],
			"to": [-1.5, 8.625, 8.625],
			"faces": {
				"north": {"uv": [4, 0, 5, 1.25], "texture": "#trident"},
				"east": {"uv": [4, 0, 5.25, 1.25], "texture": "#trident"},
				"south": {"uv": [4, 0, 5, 1.25], "texture": "#trident"},
				"up": {"uv": [4, 0, 5, 1.25], "texture": "#trident"},
				"down": {"uv": [4, 0, 5, 1.25], "texture": "#trident"}
			}
		},
		{
			"name": "RPG_rocket4",
			"from": [-3, 7.25, 7.25],
			"to": [-2.5, 8.75, 8.75],
			"faces": {
				"north": {"uv": [7, 0, 8.5, 1.5], "texture": "#trident"},
				"east": {"uv": [4, 0, 5.5, 1.5], "texture": "#trident"},
				"south": {"uv": [7, 0, 8.5, 1.5], "rotation": 180, "texture": "#trident"},
				"west": {"uv": [8, 0, 9.5, 1.5], "texture": "#trident"},
				"up": {"uv": [7, 0, 8.5, 1.5], "rotation": 180, "texture": "#trident"},
				"down": {"uv": [7, 0, 8.5, 1.5], "rotation": 180, "texture": "#trident"}
			}
		},
		{
			"name": "RPG_rocket5",
			"from": [-4, 7.375, 7.375],
			"to": [-3, 8.625, 8.625],
			"faces": {
				"north": {"uv": [8, 0, 9, 1.25], "texture": "#trident"},
				"south": {"uv": [8, 0, 9, 1.25], "texture": "#trident"},
				"west": {"uv": [8, 0, 9.25, 1.25], "texture": "#trident"},
				"up": {"uv": [9, 0, 10, 1.25], "texture": "#trident"},
				"down": {"uv": [8, 0, 9, 1.25], "texture": "#trident"}
			}
		},
		{
			"name": "RPG_rocket6",
			"from": [-5, 7.5, 7.5],
			"to": [-4, 8.5, 8.5],
			"faces": {
				"north": {"uv": [8, 0, 9, 1], "texture": "#trident"},
				"south": {"uv": [8, 0, 9, 1], "texture": "#trident"},
				"west": {"uv": [8, 0, 9, 1], "texture": "#trident"},
				"up": {"uv": [8, 0, 9, 1], "texture": "#trident"},
				"down": {"uv": [8, 0, 9, 1], "texture": "#trident"}
			}
		},
		{
			"name": "RPG_rocket7",
			"from": [-5.5, 7.625, 7.625],
			"to": [-5, 8.375, 8.375],
			"faces": {
				"north": {"uv": [8, 0, 8.5, 0.75], "texture": "#trident"},
				"south": {"uv": [8, 0, 8.5, 0.75], "texture": "#trident"},
				"west": {"uv": [8, 0, 8.75, 0.75], "texture": "#trident"},
				"up": {"uv": [8, 0, 8.5, 0.75], "texture": "#trident"},
				"down": {"uv": [8, 0, 8.5, 0.75], "texture": "#trident"}
			}
		},
		{
			"name": "RPG_rocket8",
			"from": [-6.5, 7.75, 7.75],
			"to": [-5.5, 8.25, 8.25],
			"faces": {
				"north": {"uv": [1, 0, 3, 0.5], "rotation": 180, "texture": "#trident"},
				"south": {"uv": [1, 0, 3, 0.5], "texture": "#trident"},
				"west": {"uv": [0, 0, 0.5, 0.5], "texture": "#trident"},
				"up": {"uv": [1, 0, 3, 0.5], "texture": "#trident"},
				"down": {"uv": [1, 0, 3, 0.5], "texture": "#trident"}
			}
		}
	],
	"display": {
		"thirdperson_righthand": {
			"rotation": [0, -90, 0],
			"translation": [0, 0.75, 2.25],
			"scale": [1, 1, 1.92]
		},
		"thirdperson_lefthand": {
			"rotation": [0, 90, 0],
			"translation": [0, 0.75, 2.25],
			"scale": [1, 1, 1.92]
		},
		"firstperson_righthand": {
			"rotation": [0, -95, 0],
			"translation": [-1, 4.5, 4.5],
			"scale": [0.74, 1.13, 1.13]
		},
		"firstperson_lefthand": {
			"rotation": [0, 95, 0],
			"translation": [-1, 4.5, 4.5],
			"scale": [0.74, 1.13, 1.13]
		},
		"ground": {
			"rotation": [0, 0, 350],
			"translation": [0, 3, 0]
		},
		"gui": {
			"rotation": [0, 0, 315],
			"translation": [2, -2, 0]
		},
		"head": {
			"translation": [4.25, 1.25, 0],
			"scale": [1.5, 1.5, 1.5]
		},
		"fixed": {
			"rotation": [0, 180, 315],
			"translation": [-2, -2, 0],
			"scale": [1.25, 1.25, 1.25]
		}
	}
}