{
	"credit": "Made with Blockbench",
	"textures": {
		"2": "rugged/acacia_planks",
		"3": "rugged/cobblestone_mossy",
		"4": "rugged/smooth_stone",
		"particle": "rugged/acacia_planks"
	},
	"elements": [
		{
			"name": "Element",
			"from": [9, 4, 3],
			"to": [11, 6, 9],
			"rotation": {"angle": -45, "axis": "z", "origin": [8, 8, 8]},
			"faces": {
				"north": {"uv": [8, 3, 10, 5], "texture": "#4"},
				"east": {"uv": [3, 3, 9, 5], "texture": "#4"},
				"south": {"uv": [4, 3, 6, 5], "texture": "#4"},
				"west": {"uv": [5, 3, 11, 5], "texture": "#4"},
				"up": {"uv": [7, 3, 9, 9], "texture": "#4"},
				"down": {"uv": [7, 3, 9, 9], "texture": "#4"}
			}
		},
		{
			"name": "Element",
			"from": [6.9, 4, -2],
			"to": [7.9, 5, 6],
			"faces": {
				"north": {"uv": [8, 3, 9, 4], "texture": "#3"},
				"east": {"uv": [5, 9, 11, 10], "texture": "#3"},
				"south": {"uv": [13, 3, 2, 8], "texture": "#3"},
				"west": {"uv": [0, 8, 16, 9], "texture": "#3"},
				"up": {"uv": [7, 3, 8, 11], "texture": "#3"},
				"down": {"uv": [10, 6, 9, 13], "texture": "#3"}
			}
		},
		{
			"name": "Element",
			"from": [6.9, 5.7, -4],
			"to": [7.9, 6.7, 16],
			"faces": {
				"north": {"uv": [8, 3, 9, 4], "texture": "#3"},
				"east": {"uv": [0, 5, 16, 6], "texture": "#3"},
				"south": {"uv": [13, 3, 2, 8], "texture": "#3"},
				"west": {"uv": [0, 8, 16, 9], "texture": "#3"},
				"up": {"uv": [14, 0, 13, 16], "texture": "#3"},
				"down": {"uv": [10, 0, 10, 16], "texture": "#3"}
			}
		},
		{
			"name": "Element",
			"from": [6.4, 4, 10],
			"to": [8.4, 7, 17],
			"faces": {
				"north": {"uv": [8, 3, 10, 6], "texture": "#2"},
				"east": {"uv": [3, 3, 10, 6], "texture": "#2"},
				"south": {"uv": [4, 3, 6, 6], "texture": "#2"},
				"west": {"uv": [5, 3, 11, 5], "texture": "#2"},
				"up": {"uv": [7, 3, 9, 10], "texture": "#2"},
				"down": {"uv": [7, 3, 9, 10], "texture": "#2"}
			}
		},
		{
			"name": "Element",
			"from": [6.9, 4.1, 6],
			"to": [7.9, 5.1, 14],
			"faces": {
				"north": {"uv": [8, 3, 9, 4], "texture": "#3"},
				"east": {"uv": [5, 0, 11, 1], "texture": "#3"},
				"south": {"uv": [13, 3, 2, 8], "texture": "#3"},
				"west": {"uv": [5, 6, 13, 7], "texture": "#3"},
				"up": {"uv": [7, 3, 8, 11], "texture": "#3"},
				"down": {"uv": [10, 6, 9, 13], "texture": "#3"}
			}
		},
		{
			"name": "Element",
			"from": [8, 6.2, 11],
			"to": [9, 7.2, 16],
			"rotation": {"angle": -45, "axis": "z", "origin": [8, 8, 8]},
			"faces": {
				"north": {"uv": [8, 3, 9, 4], "texture": "#2"},
				"east": {"uv": [3, 3, 8, 4], "texture": "#2"},
				"south": {"uv": [4, 3, 5, 4], "texture": "#2"},
				"west": {"uv": [5, 3, 11, 5], "texture": "#2"},
				"up": {"uv": [7, 3, 8, 8], "texture": "#2"},
				"down": {"uv": [7, 3, 8, 8], "texture": "#2"}
			}
		},
		{
			"name": "Element",
			"from": [6.8, 6, 13],
			"to": [7.8, 8, 17],
			"rotation": {"angle": 22.5, "axis": "x", "origin": [8, 4, 8]},
			"faces": {
				"north": {"uv": [0, 0, 1, 2], "texture": "#4"},
				"east": {"uv": [5, 6, 9, 8], "texture": "#4"},
				"south": {"uv": [0, 0, 1, 2], "texture": "#4"},
				"west": {"uv": [3, 7, 7, 9], "texture": "#4"},
				"up": {"uv": [0, 0, 1, 4], "texture": "#4"},
				"down": {"uv": [0, 0, 1, 3], "texture": "#4"}
			}
		},
		{
			"name": "Element",
			"from": [6.5, 7.5, 16.7],
			"to": [8.3, 10.5, 23.7],
			"rotation": {"angle": 22.5, "axis": "x", "origin": [8, 8, 8]},
			"faces": {
				"north": {"uv": [8, 3, 9.8, 6], "texture": "#2"},
				"east": {"uv": [3, 3, 10, 6], "texture": "#2"},
				"south": {"uv": [4, 3, 5.8, 6], "texture": "#2"},
				"west": {"uv": [5, 3, 11, 5], "texture": "#2"},
				"up": {"uv": [7, 3, 8.8, 10], "texture": "#2"},
				"down": {"uv": [7, 3, 8.8, 10], "texture": "#2"}
			}
		}
	],
	"display": {
		"thirdperson_righthand": {
			"rotation": [3, 0, 0],
			"translation": [0.5, 2.75, -5.25],
			"scale": [1, 0.7, 0.62]
		},
		"thirdperson_lefthand": {
			"rotation": [3, 0, 0],
			"translation": [-0.25, 2.75, -5.25],
			"scale": [1, 0.7, 0.62]
		},
		"firstperson_righthand": {
			"rotation": [11, 0, 0],
			"translation": [3.5, 7.5, -8.347],
			"scale": [1.34, 1.78, 0.84]
		},
		"firstperson_lefthand": {
			"rotation": [11, 0, 0],
			"translation": [3.5, 7.5, -8.347],
			"scale": [1.34, 1.78, 0.84]
		},
		"ground": {
			"translation": [0, 2.7826, 0]
		},
		"gui": {
			"rotation": [-72, -130, -66],
			"translation": [0, 2.7826, 2.0862]
		},
		"head": {
			"rotation": [0, 90, 0],
			"translation": [0, 3, 0]
		},
		"fixed": {
			"rotation": [0, 90, 0],
			"translation": [0, 4.1739, -3.478]
		}
	}
}