{
	"credit": "Made with Blockbench",
	"textures": {
		"1": "rugged/flashrifle",
		"2": "rugged/smooth_stone",
		"particle": "rugged/flashrifle"
	},
	"elements": [
		{
			"name": "Voxels-151515",
			"from": [9.5, 1.5, 4],
			"to": [10.5, 2.5, 5],
			"faces": {
				"north": {"uv": [0.48, 2.48, 1.52, 3.52], "texture": "#1"},
				"east": {"uv": [0.48, 2.48, 1.52, 3.52], "texture": "#1"},
				"south": {"uv": [0.48, 2.48, 1.52, 3.52], "texture": "#1"},
				"west": {"uv": [0.48, 2.48, 1.52, 3.52], "texture": "#1"},
				"up": {"uv": [0.48, 2.48, 1.52, 3.52], "texture": "#1"},
				"down": {"uv": [0.48, 2.48, 1.52, 3.52], "texture": "#1"}
			}
		},
		{
			"name": "Voxels-191919",
			"from": [9.5, 1.5, 5],
			"to": [10.5, 2.5, 6],
			"faces": {
				"north": {"uv": [2.48, 2.48, 3.52, 3.52], "texture": "#1"},
				"east": {"uv": [2.48, 2.48, 3.52, 3.52], "texture": "#1"},
				"south": {"uv": [2.48, 2.48, 3.52, 3.52], "texture": "#1"},
				"west": {"uv": [2.48, 2.48, 3.52, 3.52], "texture": "#1"},
				"up": {"uv": [2.48, 2.48, 3.52, 3.52], "texture": "#1"},
				"down": {"uv": [2.48, 2.48, 3.52, 3.52], "texture": "#1"}
			}
		},
		{
			"name": "Voxels-101010",
			"from": [9.5, 1.5, 6],
			"to": [10.5, 2.5, 7],
			"faces": {
				"north": {"uv": [4.48, 2.48, 5.52, 3.52], "texture": "#1"},
				"east": {"uv": [4.48, 2.48, 5.52, 3.52], "texture": "#1"},
				"south": {"uv": [4.48, 2.48, 5.52, 3.52], "texture": "#1"},
				"west": {"uv": [4.48, 2.48, 5.52, 3.52], "texture": "#1"},
				"up": {"uv": [4.48, 2.48, 5.52, 3.52], "texture": "#1"},
				"down": {"uv": [4.48, 2.48, 5.52, 3.52], "texture": "#1"}
			}
		},
		{
			"name": "Voxels-050505",
			"from": [9.5, 2.5, 4],
			"to": [10.5, 3.5, 5],
			"faces": {
				"north": {"uv": [6.48, 2.48, 7.52, 3.52], "texture": "#1"},
				"east": {"uv": [6.48, 2.48, 7.52, 3.52], "texture": "#1"},
				"south": {"uv": [6.48, 2.48, 7.52, 3.52], "texture": "#1"},
				"west": {"uv": [6.48, 2.48, 7.52, 3.52], "texture": "#1"},
				"up": {"uv": [6.48, 2.48, 7.52, 3.52], "texture": "#1"},
				"down": {"uv": [6.48, 2.48, 7.52, 3.52], "texture": "#1"}
			}
		},
		{
			"name": "Voxels-1E1E1E",
			"from": [9.5, 2.5, 5],
			"to": [10.5, 3.5, 6],
			"faces": {
				"north": {"uv": [8.48, 2.48, 9.52, 3.52], "texture": "#1"},
				"east": {"uv": [8.48, 2.48, 9.52, 3.52], "texture": "#1"},
				"south": {"uv": [8.48, 2.48, 9.52, 3.52], "texture": "#1"},
				"west": {"uv": [8.48, 2.48, 9.52, 3.52], "texture": "#1"},
				"up": {"uv": [8.48, 2.48, 9.52, 3.52], "texture": "#1"},
				"down": {"uv": [8.48, 2.48, 9.52, 3.52], "texture": "#1"}
			}
		},
		{
			"name": "Voxels-020202",
			"from": [9.5, 2.5, 6],
			"to": [10.5, 3.5, 7],
			"faces": {
				"north": {"uv": [10.48, 2.48, 11.52, 3.52], "texture": "#1"},
				"east": {"uv": [10.48, 2.48, 11.52, 3.52], "texture": "#1"},
				"south": {"uv": [10.48, 2.48, 11.52, 3.52], "texture": "#1"},
				"west": {"uv": [10.48, 2.48, 11.52, 3.52], "texture": "#1"},
				"up": {"uv": [10.48, 2.48, 11.52, 3.52], "texture": "#1"},
				"down": {"uv": [10.48, 2.48, 11.52, 3.52], "texture": "#1"}
			}
		},
		{
			"name": "Voxels-161616",
			"from": [9.5, 3.5, 4],
			"to": [10.5, 4.5, 5],
			"faces": {
				"north": {"uv": [12.48, 2.48, 13.52, 3.52], "texture": "#1"},
				"east": {"uv": [12.48, 2.48, 13.52, 3.52], "texture": "#1"},
				"south": {"uv": [12.48, 2.48, 13.52, 3.52], "texture": "#1"},
				"west": {"uv": [12.48, 2.48, 13.52, 3.52], "texture": "#1"},
				"up": {"uv": [12.48, 2.48, 13.52, 3.52], "texture": "#1"},
				"down": {"uv": [12.48, 2.48, 13.52, 3.52], "texture": "#1"}
			}
		},
		{
			"name": "Voxels-0D0D0D",
			"from": [9.5, 3.5, 5],
			"to": [10.5, 4.5, 6],
			"faces": {
				"north": {"uv": [14.48, 2.48, 15.52, 3.52], "texture": "#1"},
				"east": {"uv": [14.48, 2.48, 15.52, 3.52], "texture": "#1"},
				"south": {"uv": [14.48, 2.48, 15.52, 3.52], "texture": "#1"},
				"west": {"uv": [14.48, 2.48, 15.52, 3.52], "texture": "#1"},
				"up": {"uv": [14.48, 2.48, 15.52, 3.52], "texture": "#1"},
				"down": {"uv": [14.48, 2.48, 15.52, 3.52], "texture": "#1"}
			}
		},
		{
			"name": "Voxels-151515",
			"from": [9.5, 3.5, 6],
			"to": [10.5, 4.5, 7],
			"faces": {
				"north": {"uv": [0.48, 2.48, 1.52, 3.52], "texture": "#1"},
				"east": {"uv": [0.48, 2.48, 1.52, 3.52], "texture": "#1"},
				"south": {"uv": [0.48, 2.48, 1.52, 3.52], "texture": "#1"},
				"west": {"uv": [0.48, 2.48, 1.52, 3.52], "texture": "#1"},
				"up": {"uv": [0.48, 2.48, 1.52, 3.52], "texture": "#1"},
				"down": {"uv": [0.48, 2.48, 1.52, 3.52], "texture": "#1"}
			}
		},
		{
			"name": "Voxels-1D1D1D",
			"from": [9.5, 4.5, 4],
			"to": [10.5, 5.5, 5],
			"faces": {
				"north": {"uv": [0.48, 4.48, 1.52, 5.52], "texture": "#1"},
				"east": {"uv": [0.48, 4.48, 1.52, 5.52], "texture": "#1"},
				"south": {"uv": [0.48, 4.48, 1.52, 5.52], "texture": "#1"},
				"west": {"uv": [0.48, 4.48, 1.52, 5.52], "texture": "#1"},
				"up": {"uv": [0.48, 4.48, 1.52, 5.52], "texture": "#1"},
				"down": {"uv": [0.48, 4.48, 1.52, 5.52], "texture": "#1"}
			}
		},
		{
			"name": "Voxels-000000",
			"from": [9.5, 4.5, 5],
			"to": [10.5, 5.5, 7],
			"faces": {
				"north": {"uv": [2.48, 4.48, 3.52, 5.52], "texture": "#1"},
				"east": {"uv": [2.48, 4.48, 3.52, 5.52], "texture": "#1"},
				"south": {"uv": [2.48, 4.48, 3.52, 5.52], "texture": "#1"},
				"west": {"uv": [2.48, 4.48, 3.52, 5.52], "texture": "#1"},
				"up": {"uv": [2.48, 4.48, 3.52, 5.52], "texture": "#1"},
				"down": {"uv": [2.48, 4.48, 3.52, 5.52], "texture": "#1"}
			}
		},
		{
			"name": "Voxels-131313",
			"from": [9.5, 5.5, 4],
			"to": [10.5, 6.5, 5],
			"faces": {
				"north": {"uv": [4.48, 4.48, 5.52, 5.52], "texture": "#1"},
				"east": {"uv": [4.48, 4.48, 5.52, 5.52], "texture": "#1"},
				"south": {"uv": [4.48, 4.48, 5.52, 5.52], "texture": "#1"},
				"west": {"uv": [4.48, 4.48, 5.52, 5.52], "texture": "#1"},
				"up": {"uv": [4.48, 4.48, 5.52, 5.52], "texture": "#1"},
				"down": {"uv": [4.48, 4.48, 5.52, 5.52], "texture": "#1"}
			}
		},
		{
			"name": "Voxels-060606",
			"from": [9.5, 5.5, 5],
			"to": [10.5, 6.5, 6],
			"faces": {
				"north": {"uv": [6.48, 4.48, 7.52, 5.52], "texture": "#1"},
				"east": {"uv": [6.48, 4.48, 7.52, 5.52], "texture": "#1"},
				"south": {"uv": [6.48, 4.48, 7.52, 5.52], "texture": "#1"},
				"west": {"uv": [6.48, 4.48, 7.52, 5.52], "texture": "#1"},
				"up": {"uv": [6.48, 4.48, 7.52, 5.52], "texture": "#1"},
				"down": {"uv": [6.48, 4.48, 7.52, 5.52], "texture": "#1"}
			}
		},
		{
			"name": "Voxels-0D0D0D",
			"from": [9.5, 5.5, 6],
			"to": [10.5, 6.5, 7],
			"faces": {
				"north": {"uv": [14.48, 2.48, 15.52, 3.52], "texture": "#1"},
				"east": {"uv": [14.48, 2.48, 15.52, 3.52], "texture": "#1"},
				"south": {"uv": [14.48, 2.48, 15.52, 3.52], "texture": "#1"},
				"west": {"uv": [14.48, 2.48, 15.52, 3.52], "texture": "#1"},
				"up": {"uv": [14.48, 2.48, 15.52, 3.52], "texture": "#1"},
				"down": {"uv": [14.48, 2.48, 15.52, 3.52], "texture": "#1"}
			}
		},
		{
			"name": "Voxels-090909",
			"from": [9.5, 9, 2],
			"to": [10.5, 10, 3],
			"faces": {
				"north": {"uv": [2.48, 6.48, 3.52, 7.52], "texture": "#1"},
				"east": {"uv": [2.48, 6.48, 3.52, 7.52], "texture": "#1"},
				"south": {"uv": [2.48, 6.48, 3.52, 7.52], "texture": "#1"},
				"west": {"uv": [2.48, 6.48, 3.52, 7.52], "texture": "#1"},
				"up": {"uv": [2.48, 6.48, 3.52, 7.52], "texture": "#1"},
				"down": {"uv": [2.48, 6.48, 3.52, 7.52], "texture": "#1"}
			}
		},
		{
			"name": "Voxels-000000",
			"from": [9.5, 9, 3],
			"to": [10.5, 10, 4],
			"faces": {
				"north": {"uv": [2.48, 4.48, 3.52, 5.52], "texture": "#1"},
				"east": {"uv": [2.48, 4.48, 3.52, 5.52], "texture": "#1"},
				"south": {"uv": [2.48, 4.48, 3.52, 5.52], "texture": "#1"},
				"west": {"uv": [2.48, 4.48, 3.52, 5.52], "texture": "#1"},
				"up": {"uv": [2.48, 4.48, 3.52, 5.52], "texture": "#1"},
				"down": {"uv": [2.48, 4.48, 3.52, 5.52], "texture": "#1"}
			}
		},
		{
			"name": "Voxels-1A1A1A",
			"from": [9.5, 9, 4],
			"to": [10.5, 10, 5],
			"faces": {
				"north": {"uv": [4.48, 6.48, 5.52, 7.52], "texture": "#1"},
				"east": {"uv": [4.48, 6.48, 5.52, 7.52], "texture": "#1"},
				"south": {"uv": [4.48, 6.48, 5.52, 7.52], "texture": "#1"},
				"west": {"uv": [4.48, 6.48, 5.52, 7.52], "texture": "#1"},
				"up": {"uv": [4.48, 6.48, 5.52, 7.52], "texture": "#1"},
				"down": {"uv": [4.48, 6.48, 5.52, 7.52], "texture": "#1"}
			}
		},
		{
			"name": "Voxels-000000",
			"from": [9.5, 9, 5],
			"to": [10.5, 10, 7],
			"faces": {
				"north": {"uv": [2.48, 4.48, 3.52, 5.52], "texture": "#1"},
				"east": {"uv": [2.48, 4.48, 3.52, 5.52], "texture": "#1"},
				"south": {"uv": [2.48, 4.48, 3.52, 5.52], "texture": "#1"},
				"west": {"uv": [2.48, 4.48, 3.52, 5.52], "texture": "#1"},
				"up": {"uv": [2.48, 4.48, 3.52, 5.52], "texture": "#1"},
				"down": {"uv": [2.48, 4.48, 3.52, 5.52], "texture": "#1"}
			}
		},
		{
			"name": "Voxels-070707",
			"from": [9.5, 9, 7],
			"to": [10.5, 10, 8],
			"faces": {
				"north": {"uv": [6.48, 6.48, 7.52, 7.52], "texture": "#1"},
				"east": {"uv": [6.48, 6.48, 7.52, 7.52], "texture": "#1"},
				"south": {"uv": [6.48, 6.48, 7.52, 7.52], "texture": "#1"},
				"west": {"uv": [6.48, 6.48, 7.52, 7.52], "texture": "#1"},
				"up": {"uv": [6.48, 6.48, 7.52, 7.52], "texture": "#1"},
				"down": {"uv": [6.48, 6.48, 7.52, 7.52], "texture": "#1"}
			}
		},
		{
			"name": "Voxels-1B1B1B",
			"from": [9.5, 9, 8],
			"to": [10.5, 10, 9],
			"faces": {
				"north": {"uv": [2.48, 0.48, 3.52, 1.52], "texture": "#1"},
				"east": {"uv": [2.48, 0.48, 3.52, 1.52], "texture": "#1"},
				"south": {"uv": [2.48, 0.48, 3.52, 1.52], "texture": "#1"},
				"west": {"uv": [2.48, 0.48, 3.52, 1.52], "texture": "#1"},
				"up": {"uv": [2.48, 0.48, 3.52, 1.52], "texture": "#1"},
				"down": {"uv": [2.48, 0.48, 3.52, 1.52], "texture": "#1"}
			}
		},
		{
			"name": "Voxels-191919",
			"from": [9.5, 9, 9],
			"to": [10.5, 10, 10],
			"faces": {
				"north": {"uv": [2.48, 2.48, 3.52, 3.52], "texture": "#1"},
				"east": {"uv": [2.48, 2.48, 3.52, 3.52], "texture": "#1"},
				"south": {"uv": [2.48, 2.48, 3.52, 3.52], "texture": "#1"},
				"west": {"uv": [2.48, 2.48, 3.52, 3.52], "texture": "#1"},
				"up": {"uv": [2.48, 2.48, 3.52, 3.52], "texture": "#1"},
				"down": {"uv": [2.48, 2.48, 3.52, 3.52], "texture": "#1"}
			}
		},
		{
			"name": "Voxels-3C3C3C",
			"from": [9.5, 9, 10],
			"to": [10.5, 10, 11],
			"faces": {
				"north": {"uv": [8.48, 6.48, 9.52, 7.52], "texture": "#1"},
				"east": {"uv": [8.48, 6.48, 9.52, 7.52], "texture": "#1"},
				"south": {"uv": [8.48, 6.48, 9.52, 7.52], "texture": "#1"},
				"west": {"uv": [8.48, 6.48, 9.52, 7.52], "texture": "#1"},
				"up": {"uv": [8.48, 6.48, 9.52, 7.52], "texture": "#1"},
				"down": {"uv": [8.48, 6.48, 9.52, 7.52], "texture": "#1"}
			}
		},
		{
			"name": "Voxels-161616",
			"from": [9.5, 9, 11],
			"to": [10.5, 10, 12],
			"faces": {
				"north": {"uv": [12.48, 2.48, 13.52, 3.52], "texture": "#1"},
				"east": {"uv": [12.48, 2.48, 13.52, 3.52], "texture": "#1"},
				"south": {"uv": [12.48, 2.48, 13.52, 3.52], "texture": "#1"},
				"west": {"uv": [12.48, 2.48, 13.52, 3.52], "texture": "#1"},
				"up": {"uv": [12.48, 2.48, 13.52, 3.52], "texture": "#1"},
				"down": {"uv": [12.48, 2.48, 13.52, 3.52], "texture": "#1"}
			}
		},
		{
			"name": "Voxels-080808",
			"from": [9.5, 9, 12],
			"to": [10.5, 10, 13],
			"faces": {
				"north": {"uv": [10.48, 6.48, 11.52, 7.52], "texture": "#1"},
				"east": {"uv": [10.48, 6.48, 11.52, 7.52], "texture": "#1"},
				"south": {"uv": [10.48, 6.48, 11.52, 7.52], "texture": "#1"},
				"west": {"uv": [10.48, 6.48, 11.52, 7.52], "texture": "#1"},
				"up": {"uv": [10.48, 6.48, 11.52, 7.52], "texture": "#1"},
				"down": {"uv": [10.48, 6.48, 11.52, 7.52], "texture": "#1"}
			}
		},
		{
			"name": "Voxels-1B1B1B",
			"from": [9, 3, -1.1],
			"to": [11, 5, 1.9],
			"faces": {
				"north": {"uv": [2.48, 0.48, 3.52, 1.52], "texture": "#1"},
				"east": {"uv": [2.48, 0.48, 3.52, 1.52], "texture": "#1"},
				"south": {"uv": [2.48, 0.48, 3.52, 1.52], "texture": "#1"},
				"west": {"uv": [2.48, 0.48, 3.52, 1.52], "texture": "#1"},
				"up": {"uv": [2.48, 0.48, 3.52, 1.52], "texture": "#1"},
				"down": {"uv": [2.48, 0.48, 3.52, 1.52], "texture": "#1"}
			}
		},
		{
			"name": "Voxels-272727",
			"from": [9, 5, -1],
			"to": [10, 6, 0],
			"faces": {
				"north": {"uv": [4.48, 0.48, 5.52, 1.52], "texture": "#1"},
				"east": {"uv": [4.48, 0.48, 5.52, 1.52], "texture": "#1"},
				"south": {"uv": [4.48, 0.48, 5.52, 1.52], "texture": "#1"},
				"west": {"uv": [4.48, 0.48, 5.52, 1.52], "texture": "#1"},
				"up": {"uv": [4.48, 0.48, 5.52, 1.52], "texture": "#1"},
				"down": {"uv": [4.48, 0.48, 5.52, 1.52], "texture": "#1"}
			}
		},
		{
			"name": "Voxels-1A1A1A",
			"from": [9, 5, 0],
			"to": [10, 6, 1],
			"faces": {
				"north": {"uv": [4.48, 6.48, 5.52, 7.52], "texture": "#1"},
				"east": {"uv": [4.48, 6.48, 5.52, 7.52], "texture": "#1"},
				"south": {"uv": [4.48, 6.48, 5.52, 7.52], "texture": "#1"},
				"west": {"uv": [4.48, 6.48, 5.52, 7.52], "texture": "#1"},
				"up": {"uv": [4.48, 6.48, 5.52, 7.52], "texture": "#1"},
				"down": {"uv": [4.48, 6.48, 5.52, 7.52], "texture": "#1"}
			}
		},
		{
			"name": "Voxels-0E0E0E",
			"from": [9, 5, 1],
			"to": [10, 6, 2],
			"faces": {
				"north": {"uv": [8.48, 4.48, 9.52, 5.52], "texture": "#1"},
				"east": {"uv": [8.48, 4.48, 9.52, 5.52], "texture": "#1"},
				"south": {"uv": [8.48, 4.48, 9.52, 5.52], "texture": "#1"},
				"west": {"uv": [8.48, 4.48, 9.52, 5.52], "texture": "#1"},
				"up": {"uv": [8.48, 4.48, 9.52, 5.52], "texture": "#1"},
				"down": {"uv": [8.48, 4.48, 9.52, 5.52], "texture": "#1"}
			}
		},
		{
			"name": "Voxels-222222",
			"from": [9, 6, -1],
			"to": [10, 7, 0],
			"faces": {
				"north": {"uv": [6.48, 0.48, 7.52, 1.52], "texture": "#1"},
				"east": {"uv": [6.48, 0.48, 7.52, 1.52], "texture": "#1"},
				"south": {"uv": [6.48, 0.48, 7.52, 1.52], "texture": "#1"},
				"west": {"uv": [6.48, 0.48, 7.52, 1.52], "texture": "#1"},
				"up": {"uv": [6.48, 0.48, 7.52, 1.52], "texture": "#1"},
				"down": {"uv": [6.48, 0.48, 7.52, 1.52], "texture": "#1"}
			}
		},
		{
			"name": "Voxels-0D0D0D",
			"from": [9, 6, 0],
			"to": [10, 7, 1],
			"faces": {
				"north": {"uv": [14.48, 2.48, 15.52, 3.52], "texture": "#1"},
				"east": {"uv": [14.48, 2.48, 15.52, 3.52], "texture": "#1"},
				"south": {"uv": [14.48, 2.48, 15.52, 3.52], "texture": "#1"},
				"west": {"uv": [14.48, 2.48, 15.52, 3.52], "texture": "#1"},
				"up": {"uv": [14.48, 2.48, 15.52, 3.52], "texture": "#1"},
				"down": {"uv": [14.48, 2.48, 15.52, 3.52], "texture": "#1"}
			}
		},
		{
			"name": "Voxels-0C0C0C",
			"from": [9, 6, 1],
			"to": [10, 9, 2],
			"faces": {
				"north": {"uv": [12.48, 6.48, 13.52, 7.52], "texture": "#1"},
				"east": {"uv": [12.48, 6.48, 13.52, 7.52], "texture": "#1"},
				"south": {"uv": [12.48, 6.48, 13.52, 7.52], "texture": "#1"},
				"west": {"uv": [12.48, 6.48, 13.52, 7.52], "texture": "#1"},
				"up": {"uv": [12.48, 6.48, 13.52, 7.52], "texture": "#1"},
				"down": {"uv": [12.48, 6.48, 13.52, 7.52], "texture": "#1"}
			}
		},
		{
			"name": "Voxels-121212",
			"from": [9, 6, 2],
			"to": [11, 9, 3],
			"faces": {
				"north": {"uv": [10.48, 0.48, 11.52, 1.52], "texture": "#1"},
				"east": {"uv": [10.48, 0.48, 11.52, 1.52], "texture": "#1"},
				"south": {"uv": [10.48, 0.48, 11.52, 1.52], "texture": "#1"},
				"west": {"uv": [10.48, 0.48, 11.52, 1.52], "texture": "#1"},
				"up": {"uv": [10.48, 0.48, 11.52, 1.52], "texture": "#1"},
				"down": {"uv": [10.48, 0.48, 11.52, 1.52], "texture": "#1"}
			}
		},
		{
			"name": "Voxels-101010",
			"from": [9, 6, 3],
			"to": [10, 9, 4],
			"faces": {
				"north": {"uv": [4.48, 2.48, 5.52, 3.52], "texture": "#1"},
				"east": {"uv": [4.48, 2.48, 5.52, 3.52], "texture": "#1"},
				"south": {"uv": [4.48, 2.48, 5.52, 3.52], "texture": "#1"},
				"west": {"uv": [4.48, 2.48, 5.52, 3.52], "texture": "#1"},
				"up": {"uv": [4.48, 2.48, 5.52, 3.52], "texture": "#1"},
				"down": {"uv": [4.48, 2.48, 5.52, 3.52], "texture": "#1"}
			}
		},
		{
			"name": "Voxels-1B1B1B",
			"from": [9, 6, 4],
			"to": [11, 7, 7],
			"faces": {
				"north": {"uv": [2.48, 0.48, 3.52, 1.52], "texture": "#1"},
				"east": {"uv": [2.48, 0.48, 3.52, 1.52], "texture": "#1"},
				"south": {"uv": [2.48, 0.48, 3.52, 1.52], "texture": "#1"},
				"west": {"uv": [2.48, 0.48, 3.52, 1.52], "texture": "#1"},
				"up": {"uv": [2.48, 0.48, 3.52, 1.52], "texture": "#1"},
				"down": {"uv": [2.48, 0.48, 3.52, 1.52], "texture": "#1"}
			}
		},
		{
			"name": "Voxels-0F0F0F",
			"from": [9, 6, 7],
			"to": [10, 7, 8],
			"faces": {
				"north": {"uv": [8.48, 0.48, 9.52, 1.52], "texture": "#1"},
				"east": {"uv": [8.48, 0.48, 9.52, 1.52], "texture": "#1"},
				"south": {"uv": [8.48, 0.48, 9.52, 1.52], "texture": "#1"},
				"west": {"uv": [8.48, 0.48, 9.52, 1.52], "texture": "#1"},
				"up": {"uv": [8.48, 0.48, 9.52, 1.52], "texture": "#1"},
				"down": {"uv": [8.48, 0.48, 9.52, 1.52], "texture": "#1"}
			}
		},
		{
			"name": "Voxels-1B1B1B",
			"from": [9, 6, 8],
			"to": [10.5, 9, 9],
			"faces": {
				"north": {"uv": [2.48, 0.48, 3.52, 1.52], "texture": "#1"},
				"east": {"uv": [2.48, 0.48, 3.52, 1.52], "texture": "#1"},
				"south": {"uv": [2.48, 0.48, 3.52, 1.52], "texture": "#1"},
				"west": {"uv": [2.48, 0.48, 3.52, 1.52], "texture": "#1"},
				"up": {"uv": [2.48, 0.48, 3.52, 1.52], "texture": "#1"},
				"down": {"uv": [2.48, 0.48, 3.52, 1.52], "texture": "#1"}
			}
		},
		{
			"name": "Voxels-220000",
			"from": [8.5, 6, 9],
			"to": [10, 8, 10],
			"faces": {
				"north": {"uv": [14.48, 6.48, 15.52, 7.52], "texture": "#1"},
				"east": {"uv": [14.48, 6.48, 15.52, 7.52], "texture": "#1"},
				"south": {"uv": [14.48, 6.48, 15.52, 7.52], "texture": "#1"},
				"west": {"uv": [14.48, 6.48, 15.52, 7.52], "texture": "#1"},
				"up": {"uv": [14.48, 6.48, 15.52, 7.52], "texture": "#1"},
				"down": {"uv": [14.48, 6.48, 15.52, 7.52], "texture": "#1"}
			}
		},
		{
			"name": "Voxels-2F0B00",
			"from": [8.5, 6, 10],
			"to": [10, 8, 11],
			"faces": {
				"north": {"uv": [0.48, 8.48, 1.52, 9.52], "texture": "#1"},
				"east": {"uv": [0.48, 8.48, 1.52, 9.52], "texture": "#1"},
				"south": {"uv": [0.48, 8.48, 1.52, 9.52], "texture": "#1"},
				"west": {"uv": [0.48, 8.48, 1.52, 9.52], "texture": "#1"},
				"up": {"uv": [0.48, 8.48, 1.52, 9.52], "texture": "#1"},
				"down": {"uv": [0.48, 8.48, 1.52, 9.52], "texture": "#1"}
			}
		},
		{
			"name": "Voxels-330F03",
			"from": [8.5, 6, 11],
			"to": [10, 8, 12],
			"faces": {
				"north": {"uv": [2.48, 8.48, 3.52, 9.52], "texture": "#1"},
				"east": {"uv": [2.48, 8.48, 3.52, 9.52], "texture": "#1"},
				"south": {"uv": [2.48, 8.48, 3.52, 9.52], "texture": "#1"},
				"west": {"uv": [2.48, 8.48, 3.52, 9.52], "texture": "#1"},
				"up": {"uv": [2.48, 8.48, 3.52, 9.52], "texture": "#1"},
				"down": {"uv": [2.48, 8.48, 3.52, 9.52], "texture": "#1"}
			}
		},
		{
			"name": "Voxels-2C0800",
			"from": [8.5, 6, 12],
			"to": [10, 8, 13],
			"faces": {
				"north": {"uv": [4.48, 8.48, 5.52, 9.52], "texture": "#1"},
				"east": {"uv": [4.48, 8.48, 5.52, 9.52], "texture": "#1"},
				"south": {"uv": [4.48, 8.48, 5.52, 9.52], "texture": "#1"},
				"west": {"uv": [4.48, 8.48, 5.52, 9.52], "texture": "#1"},
				"up": {"uv": [4.48, 8.48, 5.52, 9.52], "texture": "#1"},
				"down": {"uv": [4.48, 8.48, 5.52, 9.52], "texture": "#1"}
			}
		},
		{
			"name": "Voxels-0F0F0F",
			"from": [9, 7, -1],
			"to": [10, 8, 0],
			"faces": {
				"north": {"uv": [8.48, 0.48, 9.52, 1.52], "texture": "#1"},
				"east": {"uv": [8.48, 0.48, 9.52, 1.52], "texture": "#1"},
				"south": {"uv": [8.48, 0.48, 9.52, 1.52], "texture": "#1"},
				"west": {"uv": [8.48, 0.48, 9.52, 1.52], "texture": "#1"},
				"up": {"uv": [8.48, 0.48, 9.52, 1.52], "texture": "#1"},
				"down": {"uv": [8.48, 0.48, 9.52, 1.52], "texture": "#1"}
			}
		},
		{
			"name": "Voxels-171717",
			"from": [9, 7, 0],
			"to": [10, 8, 1],
			"faces": {
				"north": {"uv": [14.48, 0.48, 15.52, 1.52], "texture": "#1"},
				"east": {"uv": [14.48, 0.48, 15.52, 1.52], "texture": "#1"},
				"south": {"uv": [14.48, 0.48, 15.52, 1.52], "texture": "#1"},
				"west": {"uv": [14.48, 0.48, 15.52, 1.52], "texture": "#1"},
				"up": {"uv": [14.48, 0.48, 15.52, 1.52], "texture": "#1"},
				"down": {"uv": [14.48, 0.48, 15.52, 1.52], "texture": "#1"}
			}
		},
		{
			"name": "Voxels-0E0E0E",
			"from": [9, 7, 4],
			"to": [10, 9, 5],
			"faces": {
				"north": {"uv": [8.48, 4.48, 9.52, 5.52], "texture": "#1"},
				"east": {"uv": [8.48, 4.48, 9.52, 5.52], "texture": "#1"},
				"south": {"uv": [8.48, 4.48, 9.52, 5.52], "texture": "#1"},
				"west": {"uv": [8.48, 4.48, 9.52, 5.52], "texture": "#1"},
				"up": {"uv": [8.48, 4.48, 9.52, 5.52], "texture": "#1"},
				"down": {"uv": [8.48, 4.48, 9.52, 5.52], "texture": "#1"}
			}
		},
		{
			"name": "Voxels-0F0F0F",
			"from": [9, 7, 5],
			"to": [10, 9, 6],
			"faces": {
				"north": {"uv": [8.48, 0.48, 9.52, 1.52], "texture": "#1"},
				"east": {"uv": [8.48, 0.48, 9.52, 1.52], "texture": "#1"},
				"south": {"uv": [8.48, 0.48, 9.52, 1.52], "texture": "#1"},
				"west": {"uv": [8.48, 0.48, 9.52, 1.52], "texture": "#1"},
				"up": {"uv": [8.48, 0.48, 9.52, 1.52], "texture": "#1"},
				"down": {"uv": [8.48, 0.48, 9.52, 1.52], "texture": "#1"}
			}
		},
		{
			"name": "Voxels-0C0C0C",
			"from": [9, 7, 6],
			"to": [10, 9, 8],
			"faces": {
				"north": {"uv": [12.48, 6.48, 13.52, 7.52], "texture": "#1"},
				"east": {"uv": [12.48, 6.48, 13.52, 7.52], "texture": "#1"},
				"south": {"uv": [12.48, 6.48, 13.52, 7.52], "texture": "#1"},
				"west": {"uv": [12.48, 6.48, 13.52, 7.52], "texture": "#1"},
				"up": {"uv": [12.48, 6.48, 13.52, 7.52], "texture": "#1"},
				"down": {"uv": [12.48, 6.48, 13.52, 7.52], "texture": "#1"}
			}
		},
		{
			"name": "Voxels-0B0B0B",
			"from": [9, 7, 13],
			"to": [10, 9, 14],
			"faces": {
				"north": {"uv": [8.48, 8.48, 9.52, 9.52], "texture": "#1"},
				"east": {"uv": [8.48, 8.48, 9.52, 9.52], "texture": "#1"},
				"south": {"uv": [8.48, 8.48, 9.52, 9.52], "texture": "#1"},
				"west": {"uv": [8.48, 8.48, 9.52, 9.52], "texture": "#1"},
				"up": {"uv": [8.48, 8.48, 9.52, 9.52], "texture": "#1"},
				"down": {"uv": [8.48, 8.48, 9.52, 9.52], "texture": "#1"}
			}
		},
		{
			"name": "Voxels-1B1B1B",
			"from": [9, 7, 14],
			"to": [11, 9, 15],
			"faces": {
				"north": {"uv": [2.48, 0.48, 3.52, 1.52], "texture": "#1"},
				"east": {"uv": [2.48, 0.48, 3.52, 1.52], "texture": "#1"},
				"south": {"uv": [2.48, 0.48, 3.52, 1.52], "texture": "#1"},
				"west": {"uv": [2.48, 0.48, 3.52, 1.52], "texture": "#1"},
				"up": {"uv": [2.48, 0.48, 3.52, 1.52], "texture": "#1"},
				"down": {"uv": [2.48, 0.48, 3.52, 1.52], "texture": "#1"}
			}
		},
		{
			"name": "Voxels-1B1B1B",
			"from": [9, 8, -1],
			"to": [11, 11, 0],
			"faces": {
				"north": {"uv": [2.48, 0.48, 3.52, 1.52], "texture": "#1"},
				"east": {"uv": [2.48, 0.48, 3.52, 1.52], "texture": "#1"},
				"south": {"uv": [2.48, 0.48, 3.52, 1.52], "texture": "#1"},
				"west": {"uv": [2.48, 0.48, 3.52, 1.52], "texture": "#1"},
				"up": {"uv": [2.48, 0.48, 3.52, 1.52], "texture": "#1"},
				"down": {"uv": [2.48, 0.48, 3.52, 1.52], "texture": "#1"}
			}
		},
		{
			"name": "Voxels-191919",
			"from": [9, 8, 0],
			"to": [10, 9, 1],
			"faces": {
				"north": {"uv": [2.48, 2.48, 3.52, 3.52], "texture": "#1"},
				"east": {"uv": [2.48, 2.48, 3.52, 3.52], "texture": "#1"},
				"south": {"uv": [2.48, 2.48, 3.52, 3.52], "texture": "#1"},
				"west": {"uv": [2.48, 2.48, 3.52, 3.52], "texture": "#1"},
				"up": {"uv": [2.48, 2.48, 3.52, 3.52], "texture": "#1"},
				"down": {"uv": [2.48, 2.48, 3.52, 3.52], "texture": "#1"}
			}
		},
		{
			"name": "Voxels-210000",
			"from": [8.5, 8, 9],
			"to": [10, 9, 10],
			"faces": {
				"north": {"uv": [10.48, 8.48, 11.52, 9.52], "texture": "#1"},
				"east": {"uv": [10.48, 8.48, 11.52, 9.52], "texture": "#1"},
				"south": {"uv": [10.48, 8.48, 11.52, 9.52], "texture": "#1"},
				"west": {"uv": [10.48, 8.48, 11.52, 9.52], "texture": "#1"},
				"up": {"uv": [10.48, 8.48, 11.52, 9.52], "texture": "#1"},
				"down": {"uv": [10.48, 8.48, 11.52, 9.52], "texture": "#1"}
			}
		},
		{
			"name": "Voxels-341004",
			"from": [8.5, 8, 10],
			"to": [10, 9, 11],
			"faces": {
				"north": {"uv": [12.48, 8.48, 13.52, 9.52], "texture": "#1"},
				"east": {"uv": [12.48, 8.48, 13.52, 9.52], "texture": "#1"},
				"south": {"uv": [12.48, 8.48, 13.52, 9.52], "texture": "#1"},
				"west": {"uv": [12.48, 8.48, 13.52, 9.52], "texture": "#1"},
				"up": {"uv": [12.48, 8.48, 13.52, 9.52], "texture": "#1"},
				"down": {"uv": [12.48, 8.48, 13.52, 9.52], "texture": "#1"}
			}
		},
		{
			"name": "Voxels-391509",
			"from": [8.5, 8, 11],
			"to": [10, 9, 12],
			"faces": {
				"north": {"uv": [14.48, 8.48, 15.52, 9.52], "texture": "#1"},
				"east": {"uv": [14.48, 8.48, 15.52, 9.52], "texture": "#1"},
				"south": {"uv": [14.48, 8.48, 15.52, 9.52], "texture": "#1"},
				"west": {"uv": [14.48, 8.48, 15.52, 9.52], "texture": "#1"},
				"up": {"uv": [14.48, 8.48, 15.52, 9.52], "texture": "#1"},
				"down": {"uv": [14.48, 8.48, 15.52, 9.52], "texture": "#1"}
			}
		},
		{
			"name": "Voxels-2B0700",
			"from": [8.5, 8, 12],
			"to": [10, 9, 13],
			"faces": {
				"north": {"uv": [6.48, 8.48, 7.52, 9.52], "texture": "#1"},
				"east": {"uv": [6.48, 8.48, 7.52, 9.52], "texture": "#1"},
				"south": {"uv": [6.48, 8.48, 7.52, 9.52], "texture": "#1"},
				"west": {"uv": [6.48, 8.48, 7.52, 9.52], "texture": "#1"},
				"up": {"uv": [6.48, 8.48, 7.52, 9.52], "texture": "#1"},
				"down": {"uv": [6.48, 8.48, 7.52, 9.52], "texture": "#1"}
			}
		},
		{
			"name": "Voxels-1B1B1B",
			"from": [9, 9, 0],
			"to": [11, 12, 1],
			"faces": {
				"north": {"uv": [2.48, 0.48, 3.52, 1.52], "texture": "#1"},
				"east": {"uv": [2.48, 0.48, 3.52, 1.52], "texture": "#1"},
				"south": {"uv": [2.48, 0.48, 3.52, 1.52], "texture": "#1"},
				"west": {"uv": [2.48, 0.48, 3.52, 1.52], "texture": "#1"},
				"up": {"uv": [2.48, 0.48, 3.52, 1.52], "texture": "#1"},
				"down": {"uv": [2.48, 0.48, 3.52, 1.52], "texture": "#1"}
			}
		},
		{
			"name": "Voxels-111111",
			"from": [9, 9, 1],
			"to": [10, 10, 2],
			"faces": {
				"north": {"uv": [10.48, 4.48, 11.52, 5.52], "texture": "#1"},
				"east": {"uv": [10.48, 4.48, 11.52, 5.52], "texture": "#1"},
				"south": {"uv": [10.48, 4.48, 11.52, 5.52], "texture": "#1"},
				"west": {"uv": [10.48, 4.48, 11.52, 5.52], "texture": "#1"},
				"up": {"uv": [10.48, 4.48, 11.52, 5.52], "texture": "#1"},
				"down": {"uv": [10.48, 4.48, 11.52, 5.52], "texture": "#1"}
			}
		},
		{
			"name": "Voxels-121212",
			"from": [9, 9, 13],
			"to": [10, 10, 14],
			"faces": {
				"north": {"uv": [10.48, 0.48, 11.52, 1.52], "texture": "#1"},
				"east": {"uv": [10.48, 0.48, 11.52, 1.52], "texture": "#1"},
				"south": {"uv": [10.48, 0.48, 11.52, 1.52], "texture": "#1"},
				"west": {"uv": [10.48, 0.48, 11.52, 1.52], "texture": "#1"},
				"up": {"uv": [10.48, 0.48, 11.52, 1.52], "texture": "#1"},
				"down": {"uv": [10.48, 0.48, 11.52, 1.52], "texture": "#1"}
			}
		},
		{
			"name": "Voxels-0E0E0E",
			"from": [9, 10, 1],
			"to": [10, 12, 2],
			"faces": {
				"north": {"uv": [8.48, 4.48, 9.52, 5.52], "texture": "#1"},
				"east": {"uv": [8.48, 4.48, 9.52, 5.52], "texture": "#1"},
				"south": {"uv": [8.48, 4.48, 9.52, 5.52], "texture": "#1"},
				"west": {"uv": [8.48, 4.48, 9.52, 5.52], "texture": "#1"},
				"up": {"uv": [8.48, 4.48, 9.52, 5.52], "texture": "#1"},
				"down": {"uv": [8.48, 4.48, 9.52, 5.52], "texture": "#1"}
			}
		},
		{
			"name": "Voxels-1A1A1A",
			"from": [9, 10, 2],
			"to": [11, 11, 3],
			"faces": {
				"north": {"uv": [4.48, 6.48, 5.52, 7.52], "texture": "#1"},
				"east": {"uv": [4.48, 6.48, 5.52, 7.52], "texture": "#1"},
				"south": {"uv": [4.48, 6.48, 5.52, 7.52], "texture": "#1"},
				"west": {"uv": [4.48, 6.48, 5.52, 7.52], "texture": "#1"},
				"up": {"uv": [4.48, 6.48, 5.52, 7.52], "texture": "#1"},
				"down": {"uv": [4.48, 6.48, 5.52, 7.52], "texture": "#1"}
			}
		},
		{
			"name": "Voxels-0F0F0F",
			"from": [9, 10, 3],
			"to": [11, 11, 4],
			"faces": {
				"north": {"uv": [8.48, 0.48, 9.52, 1.52], "texture": "#1"},
				"east": {"uv": [8.48, 0.48, 9.52, 1.52], "texture": "#1"},
				"south": {"uv": [8.48, 0.48, 9.52, 1.52], "texture": "#1"},
				"west": {"uv": [8.48, 0.48, 9.52, 1.52], "texture": "#1"},
				"up": {"uv": [8.48, 0.48, 9.52, 1.52], "texture": "#1"},
				"down": {"uv": [8.48, 0.48, 9.52, 1.52], "texture": "#1"}
			}
		},
		{
			"name": "Voxels-0D0D0D",
			"from": [9, 10, 4],
			"to": [10, 11, 5],
			"faces": {
				"north": {"uv": [14.48, 2.48, 15.52, 3.52], "texture": "#1"},
				"east": {"uv": [14.48, 2.48, 15.52, 3.52], "texture": "#1"},
				"south": {"uv": [14.48, 2.48, 15.52, 3.52], "texture": "#1"},
				"west": {"uv": [14.48, 2.48, 15.52, 3.52], "texture": "#1"},
				"up": {"uv": [14.48, 2.48, 15.52, 3.52], "texture": "#1"},
				"down": {"uv": [14.48, 2.48, 15.52, 3.52], "texture": "#1"}
			}
		},
		{
			"name": "Voxels-0F0F0F",
			"from": [9, 10, 5],
			"to": [11, 11, 6],
			"faces": {
				"north": {"uv": [8.48, 0.48, 9.52, 1.52], "texture": "#1"},
				"east": {"uv": [8.48, 0.48, 9.52, 1.52], "texture": "#1"},
				"south": {"uv": [8.48, 0.48, 9.52, 1.52], "texture": "#1"},
				"west": {"uv": [8.48, 0.48, 9.52, 1.52], "texture": "#1"},
				"up": {"uv": [8.48, 0.48, 9.52, 1.52], "texture": "#1"},
				"down": {"uv": [8.48, 0.48, 9.52, 1.52], "texture": "#1"}
			}
		},
		{
			"name": "Voxels-191919",
			"from": [9, 10, 6],
			"to": [11, 11, 7],
			"faces": {
				"north": {"uv": [2.48, 2.48, 3.52, 3.52], "texture": "#1"},
				"east": {"uv": [2.48, 2.48, 3.52, 3.52], "texture": "#1"},
				"south": {"uv": [2.48, 2.48, 3.52, 3.52], "texture": "#1"},
				"west": {"uv": [2.48, 2.48, 3.52, 3.52], "texture": "#1"},
				"up": {"uv": [2.48, 2.48, 3.52, 3.52], "texture": "#1"},
				"down": {"uv": [2.48, 2.48, 3.52, 3.52], "texture": "#1"}
			}
		},
		{
			"name": "Voxels-0F0F0F",
			"from": [9, 10, 7],
			"to": [11, 11, 8],
			"faces": {
				"north": {"uv": [8.48, 0.48, 9.52, 1.52], "texture": "#1"},
				"east": {"uv": [8.48, 0.48, 9.52, 1.52], "texture": "#1"},
				"south": {"uv": [8.48, 0.48, 9.52, 1.52], "texture": "#1"},
				"west": {"uv": [8.48, 0.48, 9.52, 1.52], "texture": "#1"},
				"up": {"uv": [8.48, 0.48, 9.52, 1.52], "texture": "#1"},
				"down": {"uv": [8.48, 0.48, 9.52, 1.52], "texture": "#1"}
			}
		},
		{
			"name": "Voxels-101010",
			"from": [9, 10, 8],
			"to": [10, 11, 9],
			"faces": {
				"north": {"uv": [4.48, 2.48, 5.52, 3.52], "texture": "#1"},
				"east": {"uv": [4.48, 2.48, 5.52, 3.52], "texture": "#1"},
				"south": {"uv": [4.48, 2.48, 5.52, 3.52], "texture": "#1"},
				"west": {"uv": [4.48, 2.48, 5.52, 3.52], "texture": "#1"},
				"up": {"uv": [4.48, 2.48, 5.52, 3.52], "texture": "#1"},
				"down": {"uv": [4.48, 2.48, 5.52, 3.52], "texture": "#1"}
			}
		},
		{
			"name": "Voxels-0F0F0F",
			"from": [9, 10, 9],
			"to": [11, 11, 10],
			"faces": {
				"north": {"uv": [8.48, 0.48, 9.52, 1.52], "texture": "#1"},
				"east": {"uv": [8.48, 0.48, 9.52, 1.52], "texture": "#1"},
				"south": {"uv": [8.48, 0.48, 9.52, 1.52], "texture": "#1"},
				"west": {"uv": [8.48, 0.48, 9.52, 1.52], "texture": "#1"},
				"up": {"uv": [8.48, 0.48, 9.52, 1.52], "texture": "#1"},
				"down": {"uv": [8.48, 0.48, 9.52, 1.52], "texture": "#1"}
			}
		},
		{
			"name": "Voxels-1A1A1A",
			"from": [9, 10, 10],
			"to": [11, 11, 11],
			"faces": {
				"north": {"uv": [4.48, 6.48, 5.52, 7.52], "texture": "#1"},
				"east": {"uv": [4.48, 6.48, 5.52, 7.52], "texture": "#1"},
				"south": {"uv": [4.48, 6.48, 5.52, 7.52], "texture": "#1"},
				"west": {"uv": [4.48, 6.48, 5.52, 7.52], "texture": "#1"},
				"up": {"uv": [4.48, 6.48, 5.52, 7.52], "texture": "#1"},
				"down": {"uv": [4.48, 6.48, 5.52, 7.52], "texture": "#1"}
			}
		},
		{
			"name": "Voxels-0E0E0E",
			"from": [9, 10, 11],
			"to": [10, 11, 12],
			"faces": {
				"north": {"uv": [8.48, 4.48, 9.52, 5.52], "texture": "#1"},
				"east": {"uv": [8.48, 4.48, 9.52, 5.52], "texture": "#1"},
				"south": {"uv": [8.48, 4.48, 9.52, 5.52], "texture": "#1"},
				"west": {"uv": [8.48, 4.48, 9.52, 5.52], "texture": "#1"},
				"up": {"uv": [8.48, 4.48, 9.52, 5.52], "texture": "#1"},
				"down": {"uv": [8.48, 4.48, 9.52, 5.52], "texture": "#1"}
			}
		},
		{
			"name": "Voxels-0B0B0B",
			"from": [9, 10, 12],
			"to": [10, 11, 13],
			"faces": {
				"north": {"uv": [8.48, 8.48, 9.52, 9.52], "texture": "#1"},
				"east": {"uv": [8.48, 8.48, 9.52, 9.52], "texture": "#1"},
				"south": {"uv": [8.48, 8.48, 9.52, 9.52], "texture": "#1"},
				"west": {"uv": [8.48, 8.48, 9.52, 9.52], "texture": "#1"},
				"up": {"uv": [8.48, 8.48, 9.52, 9.52], "texture": "#1"},
				"down": {"uv": [8.48, 8.48, 9.52, 9.52], "texture": "#1"}
			}
		},
		{
			"name": "Voxels-0C0C0C",
			"from": [9, 10, 13],
			"to": [10, 11, 14],
			"faces": {
				"north": {"uv": [12.48, 6.48, 13.52, 7.52], "texture": "#1"},
				"east": {"uv": [12.48, 6.48, 13.52, 7.52], "texture": "#1"},
				"south": {"uv": [12.48, 6.48, 13.52, 7.52], "texture": "#1"},
				"west": {"uv": [12.48, 6.48, 13.52, 7.52], "texture": "#1"},
				"up": {"uv": [12.48, 6.48, 13.52, 7.52], "texture": "#1"},
				"down": {"uv": [12.48, 6.48, 13.52, 7.52], "texture": "#1"}
			}
		},
		{
			"name": "Voxels-1B1B1B",
			"from": [9, 10, 14],
			"to": [11, 11, 15],
			"faces": {
				"north": {"uv": [2.48, 0.48, 3.52, 1.52], "texture": "#1"},
				"east": {"uv": [2.48, 0.48, 3.52, 1.52], "texture": "#1"},
				"south": {"uv": [2.48, 0.48, 3.52, 1.52], "texture": "#1"},
				"west": {"uv": [2.48, 0.48, 3.52, 1.52], "texture": "#1"},
				"up": {"uv": [2.48, 0.48, 3.52, 1.52], "texture": "#1"},
				"down": {"uv": [2.48, 0.48, 3.52, 1.52], "texture": "#1"}
			}
		},
		{
			"name": "Voxels-1B1B1B",
			"from": [14, 11, 17],
			"to": [15, 12, 18],
			"rotation": {"angle": -45, "axis": "y", "origin": [15, 9, 11]},
			"faces": {
				"north": {"uv": [2.48, 0.48, 3.52, 1.52], "texture": "#1"},
				"east": {"uv": [2.48, 0.48, 3.52, 1.52], "texture": "#1"},
				"south": {"uv": [2.48, 0.48, 3.52, 1.52], "texture": "#1"},
				"west": {"uv": [2.48, 0.48, 3.52, 1.52], "texture": "#1"},
				"up": {"uv": [2.48, 0.48, 3.52, 1.52], "texture": "#1"},
				"down": {"uv": [2.48, 0.48, 3.52, 1.52], "texture": "#1"}
			}
		},
		{
			"name": "Voxels-1B1B1B",
			"from": [14, 10, 17],
			"to": [15, 11, 18],
			"rotation": {"angle": -45, "axis": "y", "origin": [15, 8, 11]},
			"faces": {
				"north": {"uv": [2.48, 0.48, 3.52, 1.52], "texture": "#1"},
				"east": {"uv": [2.48, 0.48, 3.52, 1.52], "texture": "#1"},
				"south": {"uv": [2.48, 0.48, 3.52, 1.52], "texture": "#1"},
				"west": {"uv": [2.48, 0.48, 3.52, 1.52], "texture": "#1"},
				"up": {"uv": [2.48, 0.48, 3.52, 1.52], "texture": "#1"},
				"down": {"uv": [2.48, 0.48, 3.52, 1.52], "texture": "#1"}
			}
		},
		{
			"name": "Voxels-1B1B1B",
			"from": [14, 9, 17],
			"to": [15, 10, 18],
			"rotation": {"angle": -45, "axis": "y", "origin": [15, 7, 11]},
			"faces": {
				"north": {"uv": [2.48, 0.48, 3.52, 1.52], "texture": "#1"},
				"east": {"uv": [2.48, 0.48, 3.52, 1.52], "texture": "#1"},
				"south": {"uv": [2.48, 0.48, 3.52, 1.52], "texture": "#1"},
				"west": {"uv": [2.48, 0.48, 3.52, 1.52], "texture": "#1"},
				"up": {"uv": [2.48, 0.48, 3.52, 1.52], "texture": "#1"},
				"down": {"uv": [2.48, 0.48, 3.52, 1.52], "texture": "#1"}
			}
		},
		{
			"name": "Voxels-1B1B1B",
			"from": [14, 8, 17],
			"to": [15, 9, 18],
			"rotation": {"angle": -45, "axis": "y", "origin": [15, 6, 11]},
			"faces": {
				"north": {"uv": [2.48, 0.48, 3.52, 1.52], "texture": "#1"},
				"east": {"uv": [2.48, 0.48, 3.52, 1.52], "texture": "#1"},
				"south": {"uv": [2.48, 0.48, 3.52, 1.52], "texture": "#1"},
				"west": {"uv": [2.48, 0.48, 3.52, 1.52], "texture": "#1"},
				"up": {"uv": [2.48, 0.48, 3.52, 1.52], "texture": "#1"},
				"down": {"uv": [2.48, 0.48, 3.52, 1.52], "texture": "#1"}
			}
		},
		{
			"name": "Voxels-1B1B1B",
			"from": [14, 7, 17],
			"to": [15, 8, 18],
			"rotation": {"angle": -45, "axis": "y", "origin": [15, 5, 11]},
			"faces": {
				"north": {"uv": [2.48, 0.48, 3.52, 1.52], "texture": "#1"},
				"east": {"uv": [2.48, 0.48, 3.52, 1.52], "texture": "#1"},
				"south": {"uv": [2.48, 0.48, 3.52, 1.52], "texture": "#1"},
				"west": {"uv": [2.48, 0.48, 3.52, 1.52], "texture": "#1"},
				"up": {"uv": [2.48, 0.48, 3.52, 1.52], "texture": "#1"},
				"down": {"uv": [2.48, 0.48, 3.52, 1.52], "texture": "#1"}
			}
		},
		{
			"name": "Voxels-1B1B1B",
			"from": [9, 11, 14],
			"to": [11, 12, 15],
			"rotation": {"angle": 0, "axis": "y", "origin": [8, 9, 8]},
			"faces": {
				"north": {"uv": [2.48, 0.48, 3.52, 1.52], "texture": "#1"},
				"east": {"uv": [4, 2, 5.04, 3.04], "texture": "#1"},
				"south": {"uv": [2.48, 0.48, 3.52, 1.52], "texture": "#1"},
				"west": {"uv": [2.48, 0.48, 3.52, 1.52], "texture": "#1"},
				"up": {"uv": [2.48, 0.48, 3.52, 1.52], "texture": "#1"},
				"down": {"uv": [2.48, 0.48, 3.52, 1.52], "texture": "#1"}
			}
		},
		{
			"name": "Voxels-1B1B1B",
			"from": [9, 11, 2],
			"to": [11, 12, 3],
			"faces": {
				"north": {"uv": [2.48, 0.48, 3.52, 1.52], "texture": "#1"},
				"east": {"uv": [2.48, 0.48, 3.52, 1.52], "texture": "#1"},
				"south": {"uv": [2.48, 0.48, 3.52, 1.52], "texture": "#1"},
				"west": {"uv": [2.48, 0.48, 3.52, 1.52], "texture": "#1"},
				"up": {"uv": [2.48, 0.48, 3.52, 1.52], "texture": "#1"},
				"down": {"uv": [2.48, 0.48, 3.52, 1.52], "texture": "#1"}
			}
		},
		{
			"name": "Voxels-191919",
			"from": [9, 11, 3],
			"to": [10, 12, 4],
			"faces": {
				"north": {"uv": [2.48, 2.48, 3.52, 3.52], "texture": "#1"},
				"east": {"uv": [2.48, 2.48, 3.52, 3.52], "texture": "#1"},
				"south": {"uv": [2.48, 2.48, 3.52, 3.52], "texture": "#1"},
				"west": {"uv": [2.48, 2.48, 3.52, 3.52], "texture": "#1"},
				"up": {"uv": [2.48, 2.48, 3.52, 3.52], "texture": "#1"},
				"down": {"uv": [2.48, 2.48, 3.52, 3.52], "texture": "#1"}
			}
		},
		{
			"name": "Voxels-111111",
			"from": [9, 11, 4],
			"to": [10, 12, 5],
			"faces": {
				"north": {"uv": [10.48, 4.48, 11.52, 5.52], "texture": "#1"},
				"east": {"uv": [10.48, 4.48, 11.52, 5.52], "texture": "#1"},
				"south": {"uv": [10.48, 4.48, 11.52, 5.52], "texture": "#1"},
				"west": {"uv": [10.48, 4.48, 11.52, 5.52], "texture": "#1"},
				"up": {"uv": [10.48, 4.48, 11.52, 5.52], "texture": "#1"},
				"down": {"uv": [10.48, 4.48, 11.52, 5.52], "texture": "#1"}
			}
		},
		{
			"name": "Voxels-0D0D0D",
			"from": [9, 11, 5],
			"to": [10, 12, 6],
			"faces": {
				"north": {"uv": [14.48, 2.48, 15.52, 3.52], "texture": "#1"},
				"east": {"uv": [14.48, 2.48, 15.52, 3.52], "texture": "#1"},
				"south": {"uv": [14.48, 2.48, 15.52, 3.52], "texture": "#1"},
				"west": {"uv": [14.48, 2.48, 15.52, 3.52], "texture": "#1"},
				"up": {"uv": [14.48, 2.48, 15.52, 3.52], "texture": "#1"},
				"down": {"uv": [14.48, 2.48, 15.52, 3.52], "texture": "#1"}
			}
		},
		{
			"name": "Voxels-1B1B1B",
			"from": [9, 11, 6],
			"to": [10, 12, 7],
			"faces": {
				"north": {"uv": [2.48, 0.48, 3.52, 1.52], "texture": "#1"},
				"east": {"uv": [2.48, 0.48, 3.52, 1.52], "texture": "#1"},
				"south": {"uv": [2.48, 0.48, 3.52, 1.52], "texture": "#1"},
				"west": {"uv": [2.48, 0.48, 3.52, 1.52], "texture": "#1"},
				"up": {"uv": [2.48, 0.48, 3.52, 1.52], "texture": "#1"},
				"down": {"uv": [2.48, 0.48, 3.52, 1.52], "texture": "#1"}
			}
		},
		{
			"name": "Voxels-1A1A1A",
			"from": [9, 11, 7],
			"to": [10, 12, 8],
			"faces": {
				"north": {"uv": [4.48, 6.48, 5.52, 7.52], "texture": "#1"},
				"east": {"uv": [4.48, 6.48, 5.52, 7.52], "texture": "#1"},
				"south": {"uv": [4.48, 6.48, 5.52, 7.52], "texture": "#1"},
				"west": {"uv": [4.48, 6.48, 5.52, 7.52], "texture": "#1"},
				"up": {"uv": [4.48, 6.48, 5.52, 7.52], "texture": "#1"},
				"down": {"uv": [4.48, 6.48, 5.52, 7.52], "texture": "#1"}
			}
		},
		{
			"name": "Voxels-121212",
			"from": [9, 11, 8],
			"to": [10, 12, 9],
			"faces": {
				"north": {"uv": [10.48, 0.48, 11.52, 1.52], "texture": "#1"},
				"east": {"uv": [10.48, 0.48, 11.52, 1.52], "texture": "#1"},
				"south": {"uv": [10.48, 0.48, 11.52, 1.52], "texture": "#1"},
				"west": {"uv": [10.48, 0.48, 11.52, 1.52], "texture": "#1"},
				"up": {"uv": [10.48, 0.48, 11.52, 1.52], "texture": "#1"},
				"down": {"uv": [10.48, 0.48, 11.52, 1.52], "texture": "#1"}
			}
		},
		{
			"name": "Voxels-0D0D0D",
			"from": [9, 11, 9],
			"to": [10, 12, 10],
			"faces": {
				"north": {"uv": [14.48, 2.48, 15.52, 3.52], "texture": "#1"},
				"east": {"uv": [14.48, 2.48, 15.52, 3.52], "texture": "#1"},
				"south": {"uv": [14.48, 2.48, 15.52, 3.52], "texture": "#1"},
				"west": {"uv": [14.48, 2.48, 15.52, 3.52], "texture": "#1"},
				"up": {"uv": [14.48, 2.48, 15.52, 3.52], "texture": "#1"},
				"down": {"uv": [14.48, 2.48, 15.52, 3.52], "texture": "#1"}
			}
		},
		{
			"name": "Voxels-191919",
			"from": [9, 11, 10],
			"to": [11, 12, 11],
			"faces": {
				"north": {"uv": [2.48, 2.48, 3.52, 3.52], "texture": "#1"},
				"east": {"uv": [2.48, 2.48, 3.52, 3.52], "texture": "#1"},
				"south": {"uv": [2.48, 2.48, 3.52, 3.52], "texture": "#1"},
				"west": {"uv": [2.48, 2.48, 3.52, 3.52], "texture": "#1"},
				"up": {"uv": [2.48, 2.48, 3.52, 3.52], "texture": "#1"},
				"down": {"uv": [2.48, 2.48, 3.52, 3.52], "texture": "#1"}
			}
		},
		{
			"name": "Voxels-1A1A1A",
			"from": [9, 11, 11],
			"to": [10, 12, 12],
			"faces": {
				"north": {"uv": [4.48, 6.48, 5.52, 7.52], "texture": "#1"},
				"east": {"uv": [4.48, 6.48, 5.52, 7.52], "texture": "#1"},
				"south": {"uv": [4.48, 6.48, 5.52, 7.52], "texture": "#1"},
				"west": {"uv": [4.48, 6.48, 5.52, 7.52], "texture": "#1"},
				"up": {"uv": [4.48, 6.48, 5.52, 7.52], "texture": "#1"},
				"down": {"uv": [4.48, 6.48, 5.52, 7.52], "texture": "#1"}
			}
		},
		{
			"name": "Voxels-0F0F0F",
			"from": [9, 11, 12],
			"to": [10, 12, 14],
			"faces": {
				"north": {"uv": [8.48, 0.48, 9.52, 1.52], "texture": "#1"},
				"east": {"uv": [8.48, 0.48, 9.52, 1.52], "texture": "#1"},
				"south": {"uv": [8.48, 0.48, 9.52, 1.52], "texture": "#1"},
				"west": {"uv": [8.48, 0.48, 9.52, 1.52], "texture": "#1"},
				"up": {"uv": [8.48, 0.48, 9.52, 1.52], "texture": "#1"},
				"down": {"uv": [8.48, 0.48, 9.52, 1.52], "texture": "#1"}
			}
		},
		{
			"name": "Voxels-121212",
			"from": [10, 5, -1],
			"to": [11, 6, 0],
			"faces": {
				"north": {"uv": [10.48, 0.48, 11.52, 1.52], "texture": "#1"},
				"east": {"uv": [10.48, 0.48, 11.52, 1.52], "texture": "#1"},
				"south": {"uv": [10.48, 0.48, 11.52, 1.52], "texture": "#1"},
				"west": {"uv": [10.48, 0.48, 11.52, 1.52], "texture": "#1"},
				"up": {"uv": [10.48, 0.48, 11.52, 1.52], "texture": "#1"},
				"down": {"uv": [10.48, 0.48, 11.52, 1.52], "texture": "#1"}
			}
		},
		{
			"name": "Voxels-0D0D0D",
			"from": [10, 5, 0],
			"to": [11, 6, 1],
			"faces": {
				"north": {"uv": [14.48, 2.48, 15.52, 3.52], "texture": "#1"},
				"east": {"uv": [14.48, 2.48, 15.52, 3.52], "texture": "#1"},
				"south": {"uv": [14.48, 2.48, 15.52, 3.52], "texture": "#1"},
				"west": {"uv": [14.48, 2.48, 15.52, 3.52], "texture": "#1"},
				"up": {"uv": [14.48, 2.48, 15.52, 3.52], "texture": "#1"},
				"down": {"uv": [14.48, 2.48, 15.52, 3.52], "texture": "#1"}
			}
		},
		{
			"name": "Voxels-151515",
			"from": [10, 5, 1],
			"to": [11, 6, 2],
			"faces": {
				"north": {"uv": [0.48, 2.48, 1.52, 3.52], "texture": "#1"},
				"east": {"uv": [0.48, 2.48, 1.52, 3.52], "texture": "#1"},
				"south": {"uv": [0.48, 2.48, 1.52, 3.52], "texture": "#1"},
				"west": {"uv": [0.48, 2.48, 1.52, 3.52], "texture": "#1"},
				"up": {"uv": [0.48, 2.48, 1.52, 3.52], "texture": "#1"},
				"down": {"uv": [0.48, 2.48, 1.52, 3.52], "texture": "#1"}
			}
		},
		{
			"name": "Voxels-440000",
			"from": [9.5, 4, 2],
			"to": [10.5, 6.5, 3],
			"rotation": {"angle": -22.5, "axis": "x", "origin": [9.5, 4, 2]},
			"faces": {
				"north": {"uv": [14.48, 10.48, 15.52, 11.52], "texture": "#1"},
				"east": {"uv": [14.48, 10.48, 15.52, 11.52], "texture": "#1"},
				"south": {"uv": [14.48, 10.48, 15.52, 11.52], "texture": "#1"},
				"west": {"uv": [14.48, 10.48, 15.52, 11.52], "texture": "#1"},
				"up": {"uv": [14.48, 10.48, 15.52, 11.52], "texture": "#1"},
				"down": {"uv": [14.48, 10.48, 15.52, 11.52], "texture": "#1"}
			}
		},
		{
			"name": "Voxels-262626",
			"from": [10, 6, -1],
			"to": [11, 7, 0],
			"faces": {
				"north": {"uv": [12.48, 0.48, 13.52, 1.52], "texture": "#1"},
				"east": {"uv": [12.48, 0.48, 13.52, 1.52], "texture": "#1"},
				"south": {"uv": [12.48, 0.48, 13.52, 1.52], "texture": "#1"},
				"west": {"uv": [12.48, 0.48, 13.52, 1.52], "texture": "#1"},
				"up": {"uv": [12.48, 0.48, 13.52, 1.52], "texture": "#1"},
				"down": {"uv": [12.48, 0.48, 13.52, 1.52], "texture": "#1"}
			}
		},
		{
			"name": "Voxels-0C0C0C",
			"from": [10, 6, 0],
			"to": [11, 7, 1],
			"faces": {
				"north": {"uv": [12.48, 6.48, 13.52, 7.52], "texture": "#1"},
				"east": {"uv": [12.48, 6.48, 13.52, 7.52], "texture": "#1"},
				"south": {"uv": [12.48, 6.48, 13.52, 7.52], "texture": "#1"},
				"west": {"uv": [12.48, 6.48, 13.52, 7.52], "texture": "#1"},
				"up": {"uv": [12.48, 6.48, 13.52, 7.52], "texture": "#1"},
				"down": {"uv": [12.48, 6.48, 13.52, 7.52], "texture": "#1"}
			}
		},
		{
			"name": "Voxels-101010",
			"from": [10, 6, 1],
			"to": [11, 9, 2],
			"faces": {
				"north": {"uv": [4.48, 2.48, 5.52, 3.52], "texture": "#1"},
				"east": {"uv": [4.48, 2.48, 5.52, 3.52], "texture": "#1"},
				"south": {"uv": [4.48, 2.48, 5.52, 3.52], "texture": "#1"},
				"west": {"uv": [4.48, 2.48, 5.52, 3.52], "texture": "#1"},
				"up": {"uv": [4.48, 2.48, 5.52, 3.52], "texture": "#1"},
				"down": {"uv": [4.48, 2.48, 5.52, 3.52], "texture": "#1"}
			}
		},
		{
			"name": "Voxels-0C0C0C",
			"from": [10, 6, 3],
			"to": [11, 9, 4],
			"faces": {
				"north": {"uv": [12.48, 6.48, 13.52, 7.52], "texture": "#1"},
				"east": {"uv": [12.48, 6.48, 13.52, 7.52], "texture": "#1"},
				"south": {"uv": [12.48, 6.48, 13.52, 7.52], "texture": "#1"},
				"west": {"uv": [12.48, 6.48, 13.52, 7.52], "texture": "#1"},
				"up": {"uv": [12.48, 6.48, 13.52, 7.52], "texture": "#1"},
				"down": {"uv": [12.48, 6.48, 13.52, 7.52], "texture": "#1"}
			}
		},
		{
			"name": "Voxels-1B1B1B",
			"from": [10, 6, 7],
			"to": [11, 7, 8],
			"faces": {
				"north": {"uv": [2.48, 0.48, 3.52, 1.52], "texture": "#1"},
				"east": {"uv": [2.48, 0.48, 3.52, 1.52], "texture": "#1"},
				"south": {"uv": [2.48, 0.48, 3.52, 1.52], "texture": "#1"},
				"west": {"uv": [2.48, 0.48, 3.52, 1.52], "texture": "#1"},
				"up": {"uv": [2.48, 0.48, 3.52, 1.52], "texture": "#1"},
				"down": {"uv": [2.48, 0.48, 3.52, 1.52], "texture": "#1"}
			}
		},
		{
			"name": "Voxels-341004",
			"from": [10, 6, 9],
			"to": [11.5, 8, 10],
			"faces": {
				"north": {"uv": [12.48, 8.48, 13.52, 9.52], "texture": "#1"},
				"east": {"uv": [12.48, 8.48, 13.52, 9.52], "texture": "#1"},
				"south": {"uv": [12.48, 8.48, 13.52, 9.52], "texture": "#1"},
				"west": {"uv": [12.48, 8.48, 13.52, 9.52], "texture": "#1"},
				"up": {"uv": [12.48, 8.48, 13.52, 9.52], "texture": "#1"},
				"down": {"uv": [12.48, 8.48, 13.52, 9.52], "texture": "#1"}
			}
		},
		{
			"name": "Voxels-330F03",
			"from": [10, 6, 10],
			"to": [11.5, 8, 11],
			"faces": {
				"north": {"uv": [2.48, 8.48, 3.52, 9.52], "texture": "#1"},
				"east": {"uv": [2.48, 8.48, 3.52, 9.52], "texture": "#1"},
				"south": {"uv": [2.48, 8.48, 3.52, 9.52], "texture": "#1"},
				"west": {"uv": [2.48, 8.48, 3.52, 9.52], "texture": "#1"},
				"up": {"uv": [2.48, 8.48, 3.52, 9.52], "texture": "#1"},
				"down": {"uv": [2.48, 8.48, 3.52, 9.52], "texture": "#1"}
			}
		},
		{
			"name": "Voxels-2E0A00",
			"from": [10, 6, 11],
			"to": [11.5, 8, 12],
			"faces": {
				"north": {"uv": [0.48, 10.48, 1.52, 11.52], "texture": "#1"},
				"east": {"uv": [0.48, 10.48, 1.52, 11.52], "texture": "#1"},
				"south": {"uv": [0.48, 10.48, 1.52, 11.52], "texture": "#1"},
				"west": {"uv": [0.48, 10.48, 1.52, 11.52], "texture": "#1"},
				"up": {"uv": [0.48, 10.48, 1.52, 11.52], "texture": "#1"},
				"down": {"uv": [0.48, 10.48, 1.52, 11.52], "texture": "#1"}
			}
		},
		{
			"name": "Voxels-3A160A",
			"from": [10, 6, 12],
			"to": [11.5, 8, 13],
			"faces": {
				"north": {"uv": [2.48, 10.48, 3.52, 11.52], "texture": "#1"},
				"east": {"uv": [2.48, 10.48, 3.52, 11.52], "texture": "#1"},
				"south": {"uv": [2.48, 10.48, 3.52, 11.52], "texture": "#1"},
				"west": {"uv": [2.48, 10.48, 3.52, 11.52], "texture": "#1"},
				"up": {"uv": [2.48, 10.48, 3.52, 11.52], "texture": "#1"},
				"down": {"uv": [2.48, 10.48, 3.52, 11.52], "texture": "#1"}
			}
		},
		{
			"name": "Voxels-171717",
			"from": [10, 7, -1],
			"to": [11, 8, 0],
			"faces": {
				"north": {"uv": [14.48, 0.48, 15.52, 1.52], "texture": "#1"},
				"east": {"uv": [14.48, 0.48, 15.52, 1.52], "texture": "#1"},
				"south": {"uv": [14.48, 0.48, 15.52, 1.52], "texture": "#1"},
				"west": {"uv": [14.48, 0.48, 15.52, 1.52], "texture": "#1"},
				"up": {"uv": [14.48, 0.48, 15.52, 1.52], "texture": "#1"},
				"down": {"uv": [14.48, 0.48, 15.52, 1.52], "texture": "#1"}
			}
		},
		{
			"name": "Voxels-1D1D1D",
			"from": [10, 7, 0],
			"to": [11, 8, 1],
			"faces": {
				"north": {"uv": [0.48, 4.48, 1.52, 5.52], "texture": "#1"},
				"east": {"uv": [0.48, 4.48, 1.52, 5.52], "texture": "#1"},
				"south": {"uv": [0.48, 4.48, 1.52, 5.52], "texture": "#1"},
				"west": {"uv": [0.48, 4.48, 1.52, 5.52], "texture": "#1"},
				"up": {"uv": [0.48, 4.48, 1.52, 5.52], "texture": "#1"},
				"down": {"uv": [0.48, 4.48, 1.52, 5.52], "texture": "#1"}
			}
		},
		{
			"name": "Voxels-0F0F0F",
			"from": [10, 7, 4],
			"to": [11, 9, 5],
			"faces": {
				"north": {"uv": [8.48, 0.48, 9.52, 1.52], "texture": "#1"},
				"east": {"uv": [8.48, 0.48, 9.52, 1.52], "texture": "#1"},
				"south": {"uv": [8.48, 0.48, 9.52, 1.52], "texture": "#1"},
				"west": {"uv": [8.48, 0.48, 9.52, 1.52], "texture": "#1"},
				"up": {"uv": [8.48, 0.48, 9.52, 1.52], "texture": "#1"},
				"down": {"uv": [8.48, 0.48, 9.52, 1.52], "texture": "#1"}
			}
		},
		{
			"name": "Voxels-101010",
			"from": [10, 7, 5],
			"to": [11, 9, 6],
			"faces": {
				"north": {"uv": [4.48, 2.48, 5.52, 3.52], "texture": "#1"},
				"east": {"uv": [4.48, 2.48, 5.52, 3.52], "texture": "#1"},
				"south": {"uv": [4.48, 2.48, 5.52, 3.52], "texture": "#1"},
				"west": {"uv": [4.48, 2.48, 5.52, 3.52], "texture": "#1"},
				"up": {"uv": [4.48, 2.48, 5.52, 3.52], "texture": "#1"},
				"down": {"uv": [4.48, 2.48, 5.52, 3.52], "texture": "#1"}
			}
		},
		{
			"name": "Voxels-0F0F0F",
			"from": [10, 7, 6],
			"to": [11, 9, 8],
			"faces": {
				"north": {"uv": [8.48, 0.48, 9.52, 1.52], "texture": "#1"},
				"east": {"uv": [8.48, 0.48, 9.52, 1.52], "texture": "#1"},
				"south": {"uv": [8.48, 0.48, 9.52, 1.52], "texture": "#1"},
				"west": {"uv": [8.48, 0.48, 9.52, 1.52], "texture": "#1"},
				"up": {"uv": [8.48, 0.48, 9.52, 1.52], "texture": "#1"},
				"down": {"uv": [8.48, 0.48, 9.52, 1.52], "texture": "#1"}
			}
		},
		{
			"name": "Voxels-0D0D0D",
			"from": [10, 7, 8],
			"to": [11, 9, 9],
			"faces": {
				"north": {"uv": [14.48, 2.48, 15.52, 3.52], "texture": "#1"},
				"east": {"uv": [14.48, 2.48, 15.52, 3.52], "texture": "#1"},
				"south": {"uv": [14.48, 2.48, 15.52, 3.52], "texture": "#1"},
				"west": {"uv": [14.48, 2.48, 15.52, 3.52], "texture": "#1"},
				"up": {"uv": [14.48, 2.48, 15.52, 3.52], "texture": "#1"},
				"down": {"uv": [14.48, 2.48, 15.52, 3.52], "texture": "#1"}
			}
		},
		{
			"name": "Voxels-0E0E0E",
			"from": [10, 7, 13],
			"to": [11, 9, 14],
			"faces": {
				"north": {"uv": [8.48, 4.48, 9.52, 5.52], "texture": "#1"},
				"east": {"uv": [8.48, 4.48, 9.52, 5.52], "texture": "#1"},
				"south": {"uv": [8.48, 4.48, 9.52, 5.52], "texture": "#1"},
				"west": {"uv": [8.48, 4.48, 9.52, 5.52], "texture": "#1"},
				"up": {"uv": [8.48, 4.48, 9.52, 5.52], "texture": "#1"},
				"down": {"uv": [8.48, 4.48, 9.52, 5.52], "texture": "#1"}
			}
		},
		{
			"name": "Voxels-232323",
			"from": [10, 8, 0],
			"to": [11, 9, 1],
			"faces": {
				"north": {"uv": [4.48, 10.48, 5.52, 11.52], "texture": "#1"},
				"east": {"uv": [4.48, 10.48, 5.52, 11.52], "texture": "#1"},
				"south": {"uv": [4.48, 10.48, 5.52, 11.52], "texture": "#1"},
				"west": {"uv": [4.48, 10.48, 5.52, 11.52], "texture": "#1"},
				"up": {"uv": [4.48, 10.48, 5.52, 11.52], "texture": "#1"},
				"down": {"uv": [4.48, 10.48, 5.52, 11.52], "texture": "#1"}
			}
		},
		{
			"name": "Voxels-310D01",
			"from": [10, 8, 9],
			"to": [11.5, 9, 11],
			"faces": {
				"north": {"uv": [6.48, 10.48, 7.52, 11.52], "texture": "#1"},
				"east": {"uv": [6.48, 10.48, 7.52, 11.52], "texture": "#1"},
				"south": {"uv": [6.48, 10.48, 7.52, 11.52], "texture": "#1"},
				"west": {"uv": [6.48, 10.48, 7.52, 11.52], "texture": "#1"},
				"up": {"uv": [6.48, 10.48, 7.52, 11.52], "texture": "#1"},
				"down": {"uv": [6.48, 10.48, 7.52, 11.52], "texture": "#1"}
			}
		},
		{
			"name": "Voxels-260200",
			"from": [10, 8, 11],
			"to": [11.5, 9, 12],
			"faces": {
				"north": {"uv": [8.48, 10.48, 9.52, 11.52], "texture": "#1"},
				"east": {"uv": [8.48, 10.48, 9.52, 11.52], "texture": "#1"},
				"south": {"uv": [8.48, 10.48, 9.52, 11.52], "texture": "#1"},
				"west": {"uv": [8.48, 10.48, 9.52, 11.52], "texture": "#1"},
				"up": {"uv": [8.48, 10.48, 9.52, 11.52], "texture": "#1"},
				"down": {"uv": [8.48, 10.48, 9.52, 11.52], "texture": "#1"}
			}
		},
		{
			"name": "Voxels-3C180C",
			"from": [10, 8, 12],
			"to": [11.5, 9, 13],
			"faces": {
				"north": {"uv": [10.48, 10.48, 11.52, 11.52], "texture": "#1"},
				"east": {"uv": [10.48, 10.48, 11.52, 11.52], "texture": "#1"},
				"south": {"uv": [10.48, 10.48, 11.52, 11.52], "texture": "#1"},
				"west": {"uv": [10.48, 10.48, 11.52, 11.52], "texture": "#1"},
				"up": {"uv": [10.48, 10.48, 11.52, 11.52], "texture": "#1"},
				"down": {"uv": [10.48, 10.48, 11.52, 11.52], "texture": "#1"}
			}
		},
		{
			"name": "Voxels-0C0C0C",
			"from": [10, 9, 1],
			"to": [11, 10, 2],
			"faces": {
				"north": {"uv": [12.48, 6.48, 13.52, 7.52], "texture": "#1"},
				"east": {"uv": [12.48, 6.48, 13.52, 7.52], "texture": "#1"},
				"south": {"uv": [12.48, 6.48, 13.52, 7.52], "texture": "#1"},
				"west": {"uv": [12.48, 6.48, 13.52, 7.52], "texture": "#1"},
				"up": {"uv": [12.48, 6.48, 13.52, 7.52], "texture": "#1"},
				"down": {"uv": [12.48, 6.48, 13.52, 7.52], "texture": "#1"}
			}
		},
		{
			"name": "Voxels-0D0D0D",
			"from": [10, 9, 13],
			"to": [11, 10, 14],
			"faces": {
				"north": {"uv": [14.48, 2.48, 15.52, 3.52], "texture": "#1"},
				"east": {"uv": [14.48, 2.48, 15.52, 3.52], "texture": "#1"},
				"south": {"uv": [14.48, 2.48, 15.52, 3.52], "texture": "#1"},
				"west": {"uv": [14.48, 2.48, 15.52, 3.52], "texture": "#1"},
				"up": {"uv": [14.48, 2.48, 15.52, 3.52], "texture": "#1"},
				"down": {"uv": [14.48, 2.48, 15.52, 3.52], "texture": "#1"}
			}
		},
		{
			"name": "Voxels-000000",
			"from": [9.5, 9, 14],
			"to": [10.5, 10, 15],
			"faces": {
				"north": {"uv": [2.48, 4.48, 3.52, 5.52], "texture": "#1"},
				"east": {"uv": [2.48, 4.48, 3.52, 5.52], "texture": "#1"},
				"south": {"uv": [2.48, 4.48, 3.52, 5.52], "texture": "#1"},
				"west": {"uv": [2.48, 4.48, 3.52, 5.52], "texture": "#1"},
				"up": {"uv": [2.48, 4.48, 3.52, 5.52], "texture": "#1"},
				"down": {"uv": [2.48, 4.48, 3.52, 5.52], "texture": "#1"}
			}
		},
		{
			"name": "Voxels-0F0F0F",
			"from": [10, 10, 1],
			"to": [11, 11, 2],
			"faces": {
				"north": {"uv": [8.48, 0.48, 9.52, 1.52], "texture": "#1"},
				"east": {"uv": [8.48, 0.48, 9.52, 1.52], "texture": "#1"},
				"south": {"uv": [8.48, 0.48, 9.52, 1.52], "texture": "#1"},
				"west": {"uv": [8.48, 0.48, 9.52, 1.52], "texture": "#1"},
				"up": {"uv": [8.48, 0.48, 9.52, 1.52], "texture": "#1"},
				"down": {"uv": [8.48, 0.48, 9.52, 1.52], "texture": "#1"}
			}
		},
		{
			"name": "Voxels-0C0C0C",
			"from": [10, 10, 4],
			"to": [11, 11, 5],
			"faces": {
				"north": {"uv": [12.48, 6.48, 13.52, 7.52], "texture": "#1"},
				"east": {"uv": [12.48, 6.48, 13.52, 7.52], "texture": "#1"},
				"south": {"uv": [12.48, 6.48, 13.52, 7.52], "texture": "#1"},
				"west": {"uv": [12.48, 6.48, 13.52, 7.52], "texture": "#1"},
				"up": {"uv": [12.48, 6.48, 13.52, 7.52], "texture": "#1"},
				"down": {"uv": [12.48, 6.48, 13.52, 7.52], "texture": "#1"}
			}
		},
		{
			"name": "Voxels-0B0B0B",
			"from": [10, 10, 8],
			"to": [11, 11, 9],
			"faces": {
				"north": {"uv": [8.48, 8.48, 9.52, 9.52], "texture": "#1"},
				"east": {"uv": [8.48, 8.48, 9.52, 9.52], "texture": "#1"},
				"south": {"uv": [8.48, 8.48, 9.52, 9.52], "texture": "#1"},
				"west": {"uv": [8.48, 8.48, 9.52, 9.52], "texture": "#1"},
				"up": {"uv": [8.48, 8.48, 9.52, 9.52], "texture": "#1"},
				"down": {"uv": [8.48, 8.48, 9.52, 9.52], "texture": "#1"}
			}
		},
		{
			"name": "Voxels-0C0C0C",
			"from": [10, 10, 11],
			"to": [11, 11, 12],
			"faces": {
				"north": {"uv": [12.48, 6.48, 13.52, 7.52], "texture": "#1"},
				"east": {"uv": [12.48, 6.48, 13.52, 7.52], "texture": "#1"},
				"south": {"uv": [12.48, 6.48, 13.52, 7.52], "texture": "#1"},
				"west": {"uv": [12.48, 6.48, 13.52, 7.52], "texture": "#1"},
				"up": {"uv": [12.48, 6.48, 13.52, 7.52], "texture": "#1"},
				"down": {"uv": [12.48, 6.48, 13.52, 7.52], "texture": "#1"}
			}
		},
		{
			"name": "Voxels-0E0E0E",
			"from": [10, 10, 12],
			"to": [11, 11, 13],
			"faces": {
				"north": {"uv": [8.48, 4.48, 9.52, 5.52], "texture": "#1"},
				"east": {"uv": [8.48, 4.48, 9.52, 5.52], "texture": "#1"},
				"south": {"uv": [8.48, 4.48, 9.52, 5.52], "texture": "#1"},
				"west": {"uv": [8.48, 4.48, 9.52, 5.52], "texture": "#1"},
				"up": {"uv": [8.48, 4.48, 9.52, 5.52], "texture": "#1"},
				"down": {"uv": [8.48, 4.48, 9.52, 5.52], "texture": "#1"}
			}
		},
		{
			"name": "Voxels-0F0F0F",
			"from": [10, 10, 13],
			"to": [11, 11, 14],
			"faces": {
				"north": {"uv": [8.48, 0.48, 9.52, 1.52], "texture": "#1"},
				"east": {"uv": [8.48, 0.48, 9.52, 1.52], "texture": "#1"},
				"south": {"uv": [8.48, 0.48, 9.52, 1.52], "texture": "#1"},
				"west": {"uv": [8.48, 0.48, 9.52, 1.52], "texture": "#1"},
				"up": {"uv": [8.48, 0.48, 9.52, 1.52], "texture": "#1"},
				"down": {"uv": [8.48, 0.48, 9.52, 1.52], "texture": "#1"}
			}
		},
		{
			"name": "Voxels-0B0B0B",
			"from": [10, 11, 1],
			"to": [11, 12, 2],
			"faces": {
				"north": {"uv": [8.48, 8.48, 9.52, 9.52], "texture": "#1"},
				"east": {"uv": [8.48, 8.48, 9.52, 9.52], "texture": "#1"},
				"south": {"uv": [8.48, 8.48, 9.52, 9.52], "texture": "#1"},
				"west": {"uv": [8.48, 8.48, 9.52, 9.52], "texture": "#1"},
				"up": {"uv": [8.48, 8.48, 9.52, 9.52], "texture": "#1"},
				"down": {"uv": [8.48, 8.48, 9.52, 9.52], "texture": "#1"}
			}
		},
		{
			"name": "Voxels-1B1B1B",
			"from": [10, 11, 3],
			"to": [11, 12, 4],
			"faces": {
				"north": {"uv": [2.48, 0.48, 3.52, 1.52], "texture": "#1"},
				"east": {"uv": [2.48, 0.48, 3.52, 1.52], "texture": "#1"},
				"south": {"uv": [2.48, 0.48, 3.52, 1.52], "texture": "#1"},
				"west": {"uv": [2.48, 0.48, 3.52, 1.52], "texture": "#1"},
				"up": {"uv": [2.48, 0.48, 3.52, 1.52], "texture": "#1"},
				"down": {"uv": [2.48, 0.48, 3.52, 1.52], "texture": "#1"}
			}
		},
		{
			"name": "Voxels-0D0D0D",
			"from": [10, 11, 4],
			"to": [11, 12, 5],
			"faces": {
				"north": {"uv": [14.48, 2.48, 15.52, 3.52], "texture": "#1"},
				"east": {"uv": [14.48, 2.48, 15.52, 3.52], "texture": "#1"},
				"south": {"uv": [14.48, 2.48, 15.52, 3.52], "texture": "#1"},
				"west": {"uv": [14.48, 2.48, 15.52, 3.52], "texture": "#1"},
				"up": {"uv": [14.48, 2.48, 15.52, 3.52], "texture": "#1"},
				"down": {"uv": [14.48, 2.48, 15.52, 3.52], "texture": "#1"}
			}
		},
		{
			"name": "Voxels-0E0E0E",
			"from": [10, 11, 5],
			"to": [11, 12, 6],
			"faces": {
				"north": {"uv": [8.48, 4.48, 9.52, 5.52], "texture": "#1"},
				"east": {"uv": [8.48, 4.48, 9.52, 5.52], "texture": "#1"},
				"south": {"uv": [8.48, 4.48, 9.52, 5.52], "texture": "#1"},
				"west": {"uv": [8.48, 4.48, 9.52, 5.52], "texture": "#1"},
				"up": {"uv": [8.48, 4.48, 9.52, 5.52], "texture": "#1"},
				"down": {"uv": [8.48, 4.48, 9.52, 5.52], "texture": "#1"}
			}
		},
		{
			"name": "Voxels-1C1C1C",
			"from": [10, 11, 6],
			"to": [11, 12, 7],
			"faces": {
				"north": {"uv": [12.48, 10.48, 13.52, 11.52], "texture": "#1"},
				"east": {"uv": [12.48, 10.48, 13.52, 11.52], "texture": "#1"},
				"south": {"uv": [12.48, 10.48, 13.52, 11.52], "texture": "#1"},
				"west": {"uv": [12.48, 10.48, 13.52, 11.52], "texture": "#1"},
				"up": {"uv": [12.48, 10.48, 13.52, 11.52], "texture": "#1"},
				"down": {"uv": [12.48, 10.48, 13.52, 11.52], "texture": "#1"}
			}
		},
		{
			"name": "Voxels-1B1B1B",
			"from": [10, 11, 7],
			"to": [11, 12, 8],
			"faces": {
				"north": {"uv": [2.48, 0.48, 3.52, 1.52], "texture": "#1"},
				"east": {"uv": [2.48, 0.48, 3.52, 1.52], "texture": "#1"},
				"south": {"uv": [2.48, 0.48, 3.52, 1.52], "texture": "#1"},
				"west": {"uv": [2.48, 0.48, 3.52, 1.52], "texture": "#1"},
				"up": {"uv": [2.48, 0.48, 3.52, 1.52], "texture": "#1"},
				"down": {"uv": [2.48, 0.48, 3.52, 1.52], "texture": "#1"}
			}
		},
		{
			"name": "Voxels-0F0F0F",
			"from": [10, 11, 8],
			"to": [11, 12, 9],
			"faces": {
				"north": {"uv": [8.48, 0.48, 9.52, 1.52], "texture": "#1"},
				"east": {"uv": [8.48, 0.48, 9.52, 1.52], "texture": "#1"},
				"south": {"uv": [8.48, 0.48, 9.52, 1.52], "texture": "#1"},
				"west": {"uv": [8.48, 0.48, 9.52, 1.52], "texture": "#1"},
				"up": {"uv": [8.48, 0.48, 9.52, 1.52], "texture": "#1"},
				"down": {"uv": [8.48, 0.48, 9.52, 1.52], "texture": "#1"}
			}
		},
		{
			"name": "Voxels-0E0E0E",
			"from": [10, 11, 9],
			"to": [11, 12, 10],
			"faces": {
				"north": {"uv": [8.48, 4.48, 9.52, 5.52], "texture": "#1"},
				"east": {"uv": [8.48, 4.48, 9.52, 5.52], "texture": "#1"},
				"south": {"uv": [8.48, 4.48, 9.52, 5.52], "texture": "#1"},
				"west": {"uv": [8.48, 4.48, 9.52, 5.52], "texture": "#1"},
				"up": {"uv": [8.48, 4.48, 9.52, 5.52], "texture": "#1"},
				"down": {"uv": [8.48, 4.48, 9.52, 5.52], "texture": "#1"}
			}
		},
		{
			"name": "Voxels-1B1B1B",
			"from": [10, 11, 11],
			"to": [11, 12, 12],
			"faces": {
				"north": {"uv": [2.48, 0.48, 3.52, 1.52], "texture": "#1"},
				"east": {"uv": [2.48, 0.48, 3.52, 1.52], "texture": "#1"},
				"south": {"uv": [2.48, 0.48, 3.52, 1.52], "texture": "#1"},
				"west": {"uv": [2.48, 0.48, 3.52, 1.52], "texture": "#1"},
				"up": {"uv": [2.48, 0.48, 3.52, 1.52], "texture": "#1"},
				"down": {"uv": [2.48, 0.48, 3.52, 1.52], "texture": "#1"}
			}
		},
		{
			"name": "Voxels-0D0D0D",
			"from": [10, 11, 12],
			"to": [11, 12, 13],
			"faces": {
				"north": {"uv": [14.48, 2.48, 15.52, 3.52], "texture": "#1"},
				"east": {"uv": [14.48, 2.48, 15.52, 3.52], "texture": "#1"},
				"south": {"uv": [14.48, 2.48, 15.52, 3.52], "texture": "#1"},
				"west": {"uv": [14.48, 2.48, 15.52, 3.52], "texture": "#1"},
				"up": {"uv": [14.48, 2.48, 15.52, 3.52], "texture": "#1"},
				"down": {"uv": [14.48, 2.48, 15.52, 3.52], "texture": "#1"}
			}
		},
		{
			"name": "Voxels-101010",
			"from": [10, 11, 13],
			"to": [11, 12, 14],
			"faces": {
				"north": {"uv": [4.48, 2.48, 5.52, 3.52], "texture": "#1"},
				"east": {"uv": [4.48, 2.48, 5.52, 3.52], "texture": "#1"},
				"south": {"uv": [4.48, 2.48, 5.52, 3.52], "texture": "#1"},
				"west": {"uv": [4.48, 2.48, 5.52, 3.52], "texture": "#1"},
				"up": {"uv": [4.48, 2.48, 5.52, 3.52], "texture": "#1"},
				"down": {"uv": [4.48, 2.48, 5.52, 3.52], "texture": "#1"}
			}
		},
		{
			"name": "Voxels-1B1B1B",
			"from": [9, 8, 14],
			"to": [11, 10, 15],
			"faces": {
				"north": {"uv": [2.48, 0.48, 3.52, 1.52], "texture": "#1"},
				"east": {"uv": [2.48, 0.48, 3.52, 1.52], "texture": "#1"},
				"south": {"uv": [2.48, 0.48, 3.52, 1.52], "texture": "#1"},
				"west": {"uv": [2.48, 0.48, 3.52, 1.52], "texture": "#1"},
				"up": {"uv": [2.48, 0.48, 3.52, 1.52], "texture": "#1"},
				"down": {"uv": [2.48, 0.48, 3.52, 1.52], "texture": "#1"}
			}
		},
		{
			"name": "Voxels-0D0D0D",
			"from": [10.5, 6, 8],
			"to": [11, 8, 9],
			"faces": {
				"north": {"uv": [14.48, 2.48, 15.52, 3.52], "texture": "#1"},
				"east": {"uv": [14.48, 2.48, 15.52, 3.52], "texture": "#1"},
				"south": {"uv": [14.48, 2.48, 15.52, 3.52], "texture": "#1"},
				"west": {"uv": [14.48, 2.48, 15.52, 3.52], "texture": "#1"},
				"up": {"uv": [14.48, 2.48, 15.52, 3.52], "texture": "#1"},
				"down": {"uv": [14.48, 2.48, 15.52, 3.52], "texture": "#1"}
			}
		},
		{
			"name": "Voxels-0E0E0E",
			"from": [12, 6.5, 5],
			"to": [13, 7.5, 6],
			"rotation": {"angle": -45, "axis": "z", "origin": [13, 7.5, 5]},
			"faces": {
				"north": {"uv": [9.52, 5.52, 8.48, 4.48], "texture": "#1"},
				"east": {"uv": [8.48, 4.48, 9.52, 5.52], "rotation": 180, "texture": "#1"},
				"south": {"uv": [9.52, 5.52, 8.48, 4.48], "texture": "#1"},
				"west": {"uv": [8.48, 4.48, 9.52, 5.52], "rotation": 180, "texture": "#1"},
				"up": {"uv": [8.48, 4.48, 9.52, 5.52], "rotation": 180, "texture": "#1"},
				"down": {"uv": [8.48, 4.48, 9.52, 5.52], "rotation": 180, "texture": "#1"}
			}
		},
		{
			"name": "Voxels-111111",
			"from": [12, 6.5, 6],
			"to": [13, 7.5, 7],
			"rotation": {"angle": -45, "axis": "z", "origin": [13, 7.5, 5]},
			"faces": {
				"north": {"uv": [11.52, 5.52, 10.48, 4.48], "texture": "#1"},
				"east": {"uv": [10.48, 4.48, 11.52, 5.52], "rotation": 180, "texture": "#1"},
				"south": {"uv": [11.52, 5.52, 10.48, 4.48], "texture": "#1"},
				"west": {"uv": [10.48, 4.48, 11.52, 5.52], "rotation": 180, "texture": "#1"},
				"up": {"uv": [10.48, 4.48, 11.52, 5.52], "rotation": 180, "texture": "#1"},
				"down": {"uv": [10.48, 4.48, 11.52, 5.52], "rotation": 180, "texture": "#1"}
			}
		},
		{
			"name": "Voxels-300C00",
			"from": [10.5, 7, 7],
			"to": [12.5, 7.999, 8],
			"faces": {
				"north": {"uv": [12.48, 4.48, 13.52, 5.52], "rotation": 270, "texture": "#1"},
				"east": {"uv": [13.52, 5.52, 12.48, 4.48], "rotation": 270, "texture": "#1"},
				"south": {"uv": [12.48, 4.48, 13.52, 5.52], "rotation": 90, "texture": "#1"},
				"west": {"uv": [12.48, 4.48, 13.52, 5.52], "rotation": 90, "texture": "#1"},
				"up": {"uv": [13.52, 5.52, 12.48, 4.48], "rotation": 270, "texture": "#1"},
				"down": {"uv": [12.48, 4.48, 13.52, 5.52], "rotation": 90, "texture": "#1"}
			}
		},
		{
			"name": "Voxels-300C00",
			"from": [12, 6.5, 7],
			"to": [13, 7.5, 8],
			"rotation": {"angle": -45, "axis": "z", "origin": [13, 7.5, 5]},
			"faces": {
				"north": {"uv": [13.52, 5.52, 12.48, 4.48], "texture": "#1"},
				"east": {"uv": [12.48, 4.48, 13.52, 5.52], "rotation": 180, "texture": "#1"},
				"south": {"uv": [13.52, 5.52, 12.48, 4.48], "texture": "#1"},
				"west": {"uv": [12.48, 4.48, 13.52, 5.52], "rotation": 180, "texture": "#1"},
				"up": {"uv": [12.48, 4.48, 13.52, 5.52], "rotation": 180, "texture": "#1"},
				"down": {"uv": [12.48, 4.48, 13.52, 5.52], "rotation": 180, "texture": "#1"}
			}
		},
		{
			"name": "Voxels-171717",
			"from": [12, 6.5, 8],
			"to": [13, 7.5, 9],
			"rotation": {"angle": -45, "axis": "z", "origin": [13, 7.5, 5]},
			"faces": {
				"north": {"uv": [15.52, 1.52, 14.48, 0.48], "texture": "#1"},
				"east": {"uv": [14.48, 0.48, 15.52, 1.52], "rotation": 180, "texture": "#1"},
				"south": {"uv": [15.52, 1.52, 14.48, 0.48], "texture": "#1"},
				"west": {"uv": [14.48, 0.48, 15.52, 1.52], "rotation": 180, "texture": "#1"},
				"up": {"uv": [14.48, 0.48, 15.52, 1.52], "rotation": 180, "texture": "#1"},
				"down": {"uv": [14.48, 0.48, 15.52, 1.52], "rotation": 180, "texture": "#1"}
			}
		},
		{
			"name": "Voxels-181818",
			"from": [12, 6.5, 9],
			"to": [13, 7.5, 10],
			"rotation": {"angle": -45, "axis": "z", "origin": [13, 7.5, 5]},
			"faces": {
				"north": {"uv": [15.52, 5.52, 14.48, 4.48], "texture": "#1"},
				"east": {"uv": [14.48, 4.48, 15.52, 5.52], "rotation": 180, "texture": "#1"},
				"south": {"uv": [15.52, 5.52, 14.48, 4.48], "texture": "#1"},
				"west": {"uv": [14.48, 4.48, 15.52, 5.52], "rotation": 180, "texture": "#1"},
				"up": {"uv": [14.48, 4.48, 15.52, 5.52], "rotation": 180, "texture": "#1"},
				"down": {"uv": [14.48, 4.48, 15.52, 5.52], "rotation": 180, "texture": "#1"}
			}
		},
		{
			"name": "Voxels-797900",
			"from": [12, 6.5, 10],
			"to": [13, 7.5, 12],
			"rotation": {"angle": -45, "axis": "z", "origin": [13, 7.5, 5]},
			"faces": {
				"north": {"uv": [12.04, 3.04, 10, 1], "texture": "#2"},
				"east": {"uv": [7, 7, 9.04, 9.04], "rotation": 180, "texture": "#2"},
				"south": {"uv": [13.04, 13.04, 11, 11], "texture": "#2"},
				"west": {"uv": [5, 10, 7.04, 12.04], "rotation": 180, "texture": "#2"},
				"up": {"uv": [1, 1, 3.04, 3.04], "rotation": 180, "texture": "#2"},
				"down": {"uv": [1, 12, 3.04, 14.04], "rotation": 180, "texture": "#2"}
			}
		},
		{
			"name": "Voxels-797901",
			"from": [13, 5.5, 10],
			"to": [14, 6.5, 12],
			"rotation": {"angle": -22.5, "axis": "z", "origin": [14, 8.5, 5]},
			"faces": {
				"north": {"uv": [12.04, 3.04, 10, 1], "texture": "#2"},
				"east": {"uv": [7, 7, 9.04, 9.04], "rotation": 180, "texture": "#2"},
				"south": {"uv": [13.04, 13.04, 11, 11], "texture": "#2"},
				"west": {"uv": [5, 10, 7.04, 12.04], "rotation": 180, "texture": "#2"},
				"up": {"uv": [1, 1, 3.04, 3.04], "rotation": 180, "texture": "#2"},
				"down": {"uv": [1, 12, 3.04, 14.04], "rotation": 180, "texture": "#2"}
			}
		},
		{
			"name": "Voxels-797902",
			"from": [13, 4.5, 10],
			"to": [14, 5.5, 12],
			"rotation": {"angle": 0, "axis": "z", "origin": [15, 6.5, 3]},
			"faces": {
				"north": {"uv": [12.04, 3.04, 10, 1], "texture": "#2"},
				"east": {"uv": [7, 7, 9.04, 9.04], "rotation": 180, "texture": "#2"},
				"south": {"uv": [13.04, 13.04, 11, 11], "texture": "#2"},
				"west": {"uv": [5, 10, 7.04, 12.04], "rotation": 180, "texture": "#2"},
				"up": {"uv": [1, 1, 3.04, 3.04], "rotation": 180, "texture": "#2"},
				"down": {"uv": [1, 12, 3.04, 14.04], "rotation": 180, "texture": "#2"}
			}
		},
		{
			"name": "Voxels-797903",
			"from": [14, 0.5, 10],
			"to": [15, 1.5, 12],
			"rotation": {"angle": -22.5, "axis": "x", "origin": [15, 2.5, 5]},
			"faces": {
				"north": {"uv": [12.04, 3.04, 10, 1], "texture": "#2"},
				"east": {"uv": [7, 7, 9.04, 9.04], "rotation": 180, "texture": "#2"},
				"south": {"uv": [13.04, 13.04, 11, 11], "texture": "#2"},
				"west": {"uv": [5, 10, 7.04, 12.04], "rotation": 180, "texture": "#2"},
				"up": {"uv": [1, 1, 3.04, 3.04], "rotation": 180, "texture": "#2"},
				"down": {"uv": [1, 12, 3.04, 14.04], "rotation": 180, "texture": "#2"}
			}
		},
		{
			"name": "Voxels-797904",
			"from": [15, -3.5, 12],
			"to": [16, -2.5, 14],
			"rotation": {"angle": -45, "axis": "x", "origin": [16, -1.5, 7]},
			"faces": {
				"north": {"uv": [12.04, 3.04, 10, 1], "texture": "#2"},
				"east": {"uv": [7, 7, 9.04, 9.04], "rotation": 180, "texture": "#2"},
				"south": {"uv": [13.04, 13.04, 11, 11], "texture": "#2"},
				"west": {"uv": [5, 10, 7.04, 12.04], "rotation": 180, "texture": "#2"},
				"up": {"uv": [1, 1, 3.04, 3.04], "rotation": 180, "texture": "#2"},
				"down": {"uv": [1, 12, 3.04, 14.04], "rotation": 180, "texture": "#2"}
			}
		},
		{
			"name": "Voxels-1B1B1B",
			"from": [9, 1.287, -0.1929],
			"to": [11, 3.477, 2.8071],
			"rotation": {"angle": -22.5, "axis": "x", "origin": [9, 1, 0.5]},
			"faces": {
				"north": {"uv": [2.48, 0.48, 3.52, 1.52], "texture": "#1"},
				"east": {"uv": [2.48, 0.48, 3.52, 1.52], "texture": "#1"},
				"south": {"uv": [2.48, 0.48, 3.52, 1.52], "texture": "#1"},
				"west": {"uv": [2.48, 0.48, 3.52, 1.52], "texture": "#1"},
				"up": {"uv": [2.48, 0.48, 3.52, 1.52], "texture": "#1"},
				"down": {"uv": [2.48, 0.48, 3.52, 1.52], "texture": "#1"}
			}
		},
		{
			"name": "Voxels-0F0F0F",
			"from": [9.25, 11, 19],
			"to": [10.25, 12, 20],
			"rotation": {"angle": -22.5, "axis": "x", "origin": [8, -1, 15]},
			"faces": {
				"north": {"uv": [8.48, 0.48, 9.52, 1.52], "texture": "#1"},
				"east": {"uv": [8.48, 0.48, 9.52, 1.52], "texture": "#1"},
				"south": {"uv": [8.48, 0.48, 9.52, 1.52], "texture": "#1"},
				"west": {"uv": [8.48, 0.48, 9.52, 1.52], "texture": "#1"},
				"up": {"uv": [8.48, 0.48, 9.52, 1.52], "texture": "#1"},
				"down": {"uv": [8.48, 0.48, 9.52, 1.52], "texture": "#1"}
			}
		},
		{
			"name": "Voxels-0F0F0F",
			"from": [9.25, 11, 17],
			"to": [10.25, 12, 18],
			"rotation": {"angle": -22.5, "axis": "x", "origin": [8, -1, 13]},
			"faces": {
				"north": {"uv": [8.48, 0.48, 9.52, 1.52], "texture": "#1"},
				"east": {"uv": [8.48, 0.48, 9.52, 1.52], "texture": "#1"},
				"south": {"uv": [8.48, 0.48, 9.52, 1.52], "texture": "#1"},
				"west": {"uv": [8.48, 0.48, 9.52, 1.52], "texture": "#1"},
				"up": {"uv": [8.48, 0.48, 9.52, 1.52], "texture": "#1"},
				"down": {"uv": [8.48, 0.48, 9.52, 1.52], "texture": "#1"}
			}
		},
		{
			"name": "Voxels-0F0F0F",
			"from": [9.25, 11, 15],
			"to": [10.25, 12, 16],
			"rotation": {"angle": -22.5, "axis": "x", "origin": [8, -1, 11]},
			"faces": {
				"north": {"uv": [8.48, 0.48, 9.52, 1.52], "texture": "#1"},
				"east": {"uv": [8.48, 0.48, 9.52, 1.52], "texture": "#1"},
				"south": {"uv": [8.48, 0.48, 9.52, 1.52], "texture": "#1"},
				"west": {"uv": [8.48, 0.48, 9.52, 1.52], "texture": "#1"},
				"up": {"uv": [8.48, 0.48, 9.52, 1.52], "texture": "#1"},
				"down": {"uv": [8.48, 0.48, 9.52, 1.52], "texture": "#1"}
			}
		},
		{
			"name": "Voxels-0F0F0F",
			"from": [9.25, 11, 13],
			"to": [10.25, 12, 14],
			"rotation": {"angle": -22.5, "axis": "x", "origin": [8, -1, 9]},
			"faces": {
				"north": {"uv": [8.48, 0.48, 9.52, 1.52], "texture": "#1"},
				"east": {"uv": [8.48, 0.48, 9.52, 1.52], "texture": "#1"},
				"south": {"uv": [8.48, 0.48, 9.52, 1.52], "texture": "#1"},
				"west": {"uv": [8.48, 0.48, 9.52, 1.52], "texture": "#1"},
				"up": {"uv": [8.48, 0.48, 9.52, 1.52], "texture": "#1"},
				"down": {"uv": [8.48, 0.48, 9.52, 1.52], "texture": "#1"}
			}
		},
		{
			"name": "Voxels-0F0F0F",
			"from": [9.25, 11, 11],
			"to": [10.25, 12, 12],
			"rotation": {"angle": -22.5, "axis": "x", "origin": [8, -1, 7]},
			"faces": {
				"north": {"uv": [8.48, 0.48, 9.52, 1.52], "texture": "#1"},
				"east": {"uv": [8.48, 0.48, 9.52, 1.52], "texture": "#1"},
				"south": {"uv": [8.48, 0.48, 9.52, 1.52], "texture": "#1"},
				"west": {"uv": [8.48, 0.48, 9.52, 1.52], "texture": "#1"},
				"up": {"uv": [8.48, 0.48, 9.52, 1.52], "texture": "#1"},
				"down": {"uv": [8.48, 0.48, 9.52, 1.52], "texture": "#1"}
			}
		},
		{
			"name": "Voxels-0F0F0F",
			"from": [9.25, 11, 9],
			"to": [10.25, 12, 10],
			"rotation": {"angle": -22.5, "axis": "x", "origin": [8, -1, 5]},
			"faces": {
				"north": {"uv": [8.48, 0.48, 9.52, 1.52], "texture": "#1"},
				"east": {"uv": [8.48, 0.48, 9.52, 1.52], "texture": "#1"},
				"south": {"uv": [8.48, 0.48, 9.52, 1.52], "texture": "#1"},
				"west": {"uv": [8.48, 0.48, 9.52, 1.52], "texture": "#1"},
				"up": {"uv": [8.48, 0.48, 9.52, 1.52], "texture": "#1"},
				"down": {"uv": [8.48, 0.48, 9.52, 1.52], "texture": "#1"}
			}
		},
		{
			"name": "Voxels-0F0F0F",
			"from": [9.25, 11, 7],
			"to": [10.25, 12, 8],
			"rotation": {"angle": -22.5, "axis": "x", "origin": [8, -1, 3]},
			"faces": {
				"north": {"uv": [8.48, 0.48, 9.52, 1.52], "texture": "#1"},
				"east": {"uv": [8.48, 0.48, 9.52, 1.52], "texture": "#1"},
				"south": {"uv": [8.48, 0.48, 9.52, 1.52], "texture": "#1"},
				"west": {"uv": [8.48, 0.48, 9.52, 1.52], "texture": "#1"},
				"up": {"uv": [8.48, 0.48, 9.52, 1.52], "texture": "#1"},
				"down": {"uv": [8.48, 0.48, 9.52, 1.52], "texture": "#1"}
			}
		},
		{
			"name": "Voxels-0F0F0F",
			"from": [9.25, 11, 5],
			"to": [10.25, 12, 6],
			"rotation": {"angle": -22.5, "axis": "x", "origin": [8, -1, 1]},
			"faces": {
				"north": {"uv": [8.48, 0.48, 9.52, 1.52], "texture": "#1"},
				"east": {"uv": [8.48, 0.48, 9.52, 1.52], "texture": "#1"},
				"south": {"uv": [8.48, 0.48, 9.52, 1.52], "texture": "#1"},
				"west": {"uv": [8.48, 0.48, 9.52, 1.52], "texture": "#1"},
				"up": {"uv": [8.48, 0.48, 9.52, 1.52], "texture": "#1"},
				"down": {"uv": [8.48, 0.48, 9.52, 1.52], "texture": "#1"}
			}
		},
		{
			"name": "Voxels-0F0F0F",
			"from": [9.5, 11, -0.5],
			"to": [10.5, 12.5, 14.5],
			"faces": {
				"north": {"uv": [8.48, 0.48, 9.52, 1.52], "texture": "#1"},
				"east": {"uv": [8.48, 0.48, 9.52, 1.52], "texture": "#1"},
				"south": {"uv": [8.48, 0.48, 9.52, 1.52], "texture": "#1"},
				"west": {"uv": [8.48, 0.48, 9.52, 1.52], "texture": "#1"},
				"up": {"uv": [8.48, 0.48, 9.52, 1.52], "texture": "#1"},
				"down": {"uv": [8.48, 0.48, 9.52, 1.52], "texture": "#1"}
			}
		}
	],
	"display": {
		"thirdperson_righthand": {
			"translation": [1.75, 1, -4.5],
			"scale": [-0.79, 0.5, -0.89]
		},
		"thirdperson_lefthand": {
			"translation": [1.75, 1, -4.5],
			"scale": [-0.79, 0.5, -0.89]
		},
		"firstperson_righthand": {
			"rotation": [1, -180, -1],
			"translation": [4.75, 2.0876, -6.955]
		},
		"firstperson_lefthand": {
			"rotation": [1, -180, -1],
			"translation": [4.75, 2.0876, -6.955]
		},
		"gui": {
			"rotation": [-74, -62, -92],
			"translation": [-0.2718, 0.25, 4.8695],
			"scale": [-0.843, 1, 1]
		},
		"head": {
			"rotation": [0, -90, 0],
			"translation": [0, 1.25, 0],
			"scale": [0.8, 0.8, 0.8]
		},
		"fixed": {
			"rotation": [-74, -62, -92],
			"translation": [-1.75, 2.25, -7.5]
		}
	}
}