{
	"credit": "Made with Blockbench",
	"textures": {
		"particle": "3dguns/guns/1-metal",
		"texture": "3dguns/guns/1-metal",
		"sandstone smooth": "3dguns/guns/green"
	},
	"elements": [
		{
			"from": [-2.5, 10, 7.5],
			"to": [7.25, 10.25, 8.5],
			"faces": {
				"north": {"uv": [8.75, 5.75, 16, 6], "texture": "#texture", "cullface": "west"},
				"west": {"uv": [7.5, 5.75, 8.5, 6], "texture": "#texture", "cullface": "west"},
				"up": {"uv": [0, 7.5, 7.25, 8.5], "texture": "#texture", "cullface": "west"},
				"down": {"uv": [16, 8.5, 8.75, 7.5], "texture": "#texture", "cullface": "west"}
			}
		},
		{
			"from": [-2.5, 8.75, 7],
			"to": [7.25, 9.75, 7.25],
			"faces": {
				"north": {"uv": [8.75, 6.25, 16, 7.25], "texture": "#texture", "cullface": "west"},
				"south": {"uv": [0, 6.25, 7.25, 7.25], "texture": "#texture", "cullface": "west"},
				"west": {"uv": [7, 6.25, 7.25, 7.25], "texture": "#texture", "cullface": "west"},
				"up": {"uv": [0, 7, 7.25, 7.25], "texture": "#texture", "cullface": "west"},
				"down": {"uv": [16, 7.25, 8.75, 7], "texture": "#texture", "cullface": "west"}
			}
		},
		{
			"from": [-2.5, 8.75, 8.75],
			"to": [7.25, 9.75, 9],
			"faces": {
				"north": {"uv": [8.75, 6.25, 16, 7.25], "texture": "#texture", "cullface": "west"},
				"south": {"uv": [0, 6.25, 7.25, 7.25], "texture": "#texture", "cullface": "west"},
				"west": {"uv": [8.75, 6.25, 9, 7.25], "texture": "#texture", "cullface": "west"},
				"up": {"uv": [0, 8.75, 7.25, 9], "texture": "#texture", "cullface": "west"},
				"down": {"uv": [16, 9, 8.75, 8.75], "texture": "#texture", "cullface": "west"}
			}
		},
		{
			"from": [-2.5, 8.25, 7.5],
			"to": [7.25, 8.5, 8.5],
			"faces": {
				"north": {"uv": [8.75, 7.5, 16, 7.75], "texture": "#texture", "cullface": "west"},
				"south": {"uv": [0, 7.5, 7.25, 7.75], "texture": "#texture", "cullface": "west"},
				"west": {"uv": [7.5, 7.5, 8.5, 7.75], "texture": "#texture", "cullface": "west"},
				"up": {"uv": [0, 7.5, 7.25, 8.5], "texture": "#texture", "cullface": "west"},
				"down": {"uv": [16, 8.5, 8.75, 7.5], "texture": "#texture", "cullface": "west"}
			}
		},
		{
			"from": [-1, 7.75, 7],
			"to": [6.25, 10.75, 9],
			"faces": {
				"north": {"uv": [9.75, 5.25, 16, 8.25], "texture": "#sandstone smooth", "cullface": "west"},
				"east": {"uv": [7, 5.25, 9, 8.25], "texture": "#sandstone smooth", "cullface": "west"},
				"south": {"uv": [0, 5.25, 6.25, 8.25], "texture": "#sandstone smooth", "cullface": "west"},
				"west": {"uv": [7, 5.25, 9, 8.25], "texture": "#sandstone smooth", "cullface": "west"},
				"up": {"uv": [0, 7, 6.25, 9], "texture": "#sandstone smooth", "cullface": "west"},
				"down": {"uv": [16, 9, 9.75, 7], "texture": "#sandstone smooth", "cullface": "west"}
			}
		},
		{
			"from": [-1, 8, 6.75],
			"to": [6.25, 10.5, 9.25],
			"faces": {
				"north": {"uv": [9.75, 5.5, 16, 8], "texture": "#sandstone smooth", "cullface": "west"},
				"east": {"uv": [6.75, 5.5, 9.25, 8], "texture": "#sandstone smooth", "cullface": "west"},
				"south": {"uv": [0, 5.5, 6.25, 8], "texture": "#sandstone smooth", "cullface": "west"},
				"west": {"uv": [6.75, 5.5, 9.25, 8], "texture": "#sandstone smooth", "cullface": "west"},
				"up": {"uv": [0, 6.75, 6.25, 9.25], "texture": "#sandstone smooth", "cullface": "west"},
				"down": {"uv": [16, 9.25, 9.75, 6.75], "texture": "#sandstone smooth", "cullface": "west"}
			}
		},
		{
			"from": [7.25, 4, 7],
			"to": [8.25, 11.5, 9],
			"faces": {
				"north": {"uv": [7.75, 4.5, 8.75, 12], "texture": "#texture"},
				"east": {"uv": [7, 4.5, 9, 12], "texture": "#texture"},
				"south": {"uv": [7.25, 4.5, 8.25, 12], "texture": "#texture"},
				"west": {"uv": [7, 4.5, 9, 12], "texture": "#texture"},
				"up": {"uv": [7.25, 7, 8.25, 9], "texture": "#texture"},
				"down": {"uv": [8.75, 9, 7.75, 7], "texture": "#texture"}
			}
		},
		{
			"from": [7.25, 7, 4.25],
			"to": [8.25, 8.5, 11.75],
			"faces": {
				"north": {"uv": [7.75, 7.5, 8.75, 9], "texture": "#texture"},
				"east": {"uv": [4.25, 7.5, 11.75, 9], "texture": "#texture"},
				"south": {"uv": [7.25, 7.5, 8.25, 9], "texture": "#texture"},
				"west": {"uv": [4.25, 7.5, 11.75, 9], "texture": "#texture"},
				"up": {"uv": [7.25, 4.25, 8.25, 11.75], "texture": "#texture"},
				"down": {"uv": [8.75, 11.75, 7.75, 4.25], "texture": "#texture"}
			}
		},
		{
			"from": [7.25, 6, 4.5],
			"to": [8.25, 9.5, 11.5],
			"faces": {
				"north": {"uv": [7.75, 6.5, 8.75, 10], "texture": "#texture"},
				"east": {"uv": [4.5, 6.5, 11.5, 10], "texture": "#texture"},
				"south": {"uv": [7.25, 6.5, 8.25, 10], "texture": "#texture"},
				"west": {"uv": [4.5, 6.5, 11.5, 10], "texture": "#texture"},
				"up": {"uv": [7.25, 4.5, 8.25, 11.5], "texture": "#texture"},
				"down": {"uv": [8.75, 11.5, 7.75, 4.5], "texture": "#texture"}
			}
		},
		{
			"from": [7.25, 4.25, 6.25],
			"to": [8.25, 11.25, 9.75],
			"faces": {
				"north": {"uv": [7.75, 4.75, 8.75, 11.75], "texture": "#texture"},
				"east": {"uv": [6.25, 4.75, 9.75, 11.75], "texture": "#texture"},
				"south": {"uv": [7.25, 4.75, 8.25, 11.75], "texture": "#texture"},
				"west": {"uv": [6.25, 4.75, 9.75, 11.75], "texture": "#texture"},
				"up": {"uv": [7.25, 6.25, 8.25, 9.75], "texture": "#texture"},
				"down": {"uv": [8.75, 9.75, 7.75, 6.25], "texture": "#texture"}
			}
		},
		{
			"from": [7.25, 5.5, 4.75],
			"to": [8.25, 10, 11.25],
			"faces": {
				"north": {"uv": [7.75, 6, 8.75, 10.5], "texture": "#texture"},
				"east": {"uv": [4.75, 6, 11.25, 10.5], "texture": "#texture"},
				"south": {"uv": [7.25, 6, 8.25, 10.5], "texture": "#texture"},
				"west": {"uv": [4.75, 6, 11.25, 10.5], "texture": "#texture"},
				"up": {"uv": [7.25, 4.75, 8.25, 11.25], "texture": "#texture"},
				"down": {"uv": [8.75, 11.25, 7.75, 4.75], "texture": "#texture"}
			}
		},
		{
			"from": [7.25, 4.5, 5.75],
			"to": [8.25, 11, 10.25],
			"faces": {
				"north": {"uv": [7.75, 5, 8.75, 11.5], "texture": "#texture"},
				"east": {"uv": [5.75, 5, 10.25, 11.5], "texture": "#texture"},
				"south": {"uv": [7.25, 5, 8.25, 11.5], "texture": "#texture"},
				"west": {"uv": [5.75, 5, 10.25, 11.5], "texture": "#texture"},
				"up": {"uv": [7.25, 5.75, 8.25, 10.25], "texture": "#texture"},
				"down": {"uv": [8.75, 10.25, 7.75, 5.75], "texture": "#texture"}
			}
		},
		{
			"from": [7.25, 5, 5],
			"to": [8.25, 10.5, 11],
			"faces": {
				"north": {"uv": [7.75, 5.5, 8.75, 11], "texture": "#texture"},
				"east": {"uv": [5, 5.5, 11, 11], "texture": "#texture"},
				"south": {"uv": [7.25, 5.5, 8.25, 11], "texture": "#texture"},
				"west": {"uv": [5, 5.5, 11, 11], "texture": "#texture"},
				"up": {"uv": [7.25, 5, 8.25, 11], "texture": "#texture"},
				"down": {"uv": [8.75, 11, 7.75, 5], "texture": "#texture"}
			}
		},
		{
			"from": [7.25, 4.75, 5.25],
			"to": [8.25, 10.75, 10.75],
			"faces": {
				"north": {"uv": [7.75, 5.25, 8.75, 11.25], "texture": "#texture"},
				"east": {"uv": [5.25, 5.25, 10.75, 11.25], "texture": "#texture"},
				"south": {"uv": [7.25, 5.25, 8.25, 11.25], "texture": "#texture"},
				"west": {"uv": [5.25, 5.25, 10.75, 11.25], "texture": "#texture"},
				"up": {"uv": [7.25, 5.25, 8.25, 10.75], "texture": "#texture"},
				"down": {"uv": [8.75, 10.75, 7.75, 5.25], "texture": "#texture"}
			}
		},
		{
			"from": [8.25, 8, 5],
			"to": [14, 10, 6.5],
			"faces": {
				"north": {"uv": [2, 6, 7.75, 8], "texture": "#sandstone smooth"},
				"east": {"uv": [9.5, 6, 11, 8], "texture": "#sandstone smooth"},
				"south": {"uv": [8.25, 6, 14, 8], "texture": "#sandstone smooth"},
				"up": {"uv": [8.25, 5, 14, 6.5], "texture": "#sandstone smooth"},
				"down": {"uv": [7.75, 6.5, 2, 5], "texture": "#sandstone smooth"}
			}
		},
		{
			"from": [8.25, 8.25, 9.25],
			"to": [14, 9.75, 11.25],
			"faces": {
				"north": {"uv": [2, 6.25, 7.75, 7.75], "texture": "#sandstone smooth"},
				"east": {"uv": [4.75, 6.25, 6.75, 7.75], "texture": "#sandstone smooth"},
				"south": {"uv": [8.25, 6.25, 14, 7.75], "texture": "#sandstone smooth"},
				"up": {"uv": [8.25, 9.25, 14, 11.25], "texture": "#sandstone smooth"},
				"down": {"uv": [7.75, 11.25, 2, 9.25], "texture": "#sandstone smooth"}
			}
		},
		{
			"from": [8.25, 8.25, 4.75],
			"to": [14, 9.75, 6.75],
			"faces": {
				"north": {"uv": [2, 6.25, 7.75, 7.75], "texture": "#sandstone smooth"},
				"east": {"uv": [9.25, 6.25, 11.25, 7.75], "texture": "#sandstone smooth"},
				"south": {"uv": [8.25, 6.25, 14, 7.75], "texture": "#sandstone smooth"},
				"up": {"uv": [8.25, 4.75, 14, 6.75], "texture": "#sandstone smooth"},
				"down": {"uv": [7.75, 6.75, 2, 4.75], "texture": "#sandstone smooth"}
			}
		},
		{
			"from": [8.25, 9, 7.25],
			"to": [14, 11, 8.75],
			"faces": {
				"north": {"uv": [2, 5, 7.75, 7], "texture": "#sandstone smooth"},
				"south": {"uv": [8.25, 5, 14, 7], "texture": "#sandstone smooth"},
				"up": {"uv": [8.25, 7.25, 14, 8.75], "texture": "#sandstone smooth"},
				"down": {"uv": [7.75, 8.75, 2, 7.25], "texture": "#sandstone smooth"}
			}
		},
		{
			"from": [8.25, 4.75, 7],
			"to": [14, 6.25, 9],
			"faces": {
				"north": {"uv": [2, 9.75, 7.75, 11.25], "texture": "#sandstone smooth"},
				"south": {"uv": [8.25, 9.75, 14, 11.25], "texture": "#sandstone smooth"},
				"down": {"uv": [7.75, 9, 2, 7], "texture": "#sandstone smooth"}
			}
		},
		{
			"from": [8.25, 5.5, 9.5],
			"to": [14, 7.5, 11],
			"faces": {
				"north": {"uv": [2, 8.5, 7.75, 10.5], "texture": "#sandstone smooth"},
				"east": {"uv": [5, 8.5, 6.5, 10.5], "texture": "#sandstone smooth"},
				"south": {"uv": [8.25, 8.5, 14, 10.5], "texture": "#sandstone smooth"},
				"up": {"uv": [8.25, 9.5, 14, 11], "texture": "#sandstone smooth"},
				"down": {"uv": [7.75, 11, 2, 9.5], "texture": "#sandstone smooth"}
			}
		},
		{
			"from": [8.25, 8, 9.5],
			"to": [14, 10, 11],
			"faces": {
				"north": {"uv": [2, 6, 7.75, 8], "texture": "#sandstone smooth"},
				"east": {"uv": [5, 6, 6.5, 8], "texture": "#sandstone smooth"},
				"south": {"uv": [8.25, 6, 14, 8], "texture": "#sandstone smooth"},
				"up": {"uv": [8.25, 9.5, 14, 11], "texture": "#sandstone smooth"},
				"down": {"uv": [7.75, 11, 2, 9.5], "texture": "#sandstone smooth"}
			}
		},
		{
			"from": [8.25, 9.25, 7],
			"to": [14, 10.75, 9],
			"faces": {
				"north": {"uv": [2, 5.25, 7.75, 6.75], "texture": "#sandstone smooth"},
				"south": {"uv": [8.25, 5.25, 14, 6.75], "texture": "#sandstone smooth"},
				"up": {"uv": [8.25, 7, 14, 9], "texture": "#sandstone smooth"},
				"down": {"uv": [7.75, 9, 2, 7], "texture": "#sandstone smooth"}
			}
		},
		{
			"from": [8.25, 5.75, 4.75],
			"to": [14, 7.25, 6.75],
			"faces": {
				"north": {"uv": [2, 8.75, 7.75, 10.25], "texture": "#sandstone smooth"},
				"east": {"uv": [9.25, 8.75, 11.25, 10.25], "texture": "#sandstone smooth"},
				"south": {"uv": [8.25, 8.75, 14, 10.25], "texture": "#sandstone smooth"},
				"up": {"uv": [8.25, 4.75, 14, 6.75], "texture": "#sandstone smooth"},
				"down": {"uv": [7.75, 6.75, 2, 4.75], "texture": "#sandstone smooth"}
			}
		},
		{
			"from": [8.1875, 5.75, 9.25],
			"to": [13.9375, 7.25, 11.25],
			"faces": {
				"north": {"uv": [2.0625, 8.75, 7.8125, 10.25], "texture": "#sandstone smooth"},
				"east": {"uv": [4.75, 8.75, 6.75, 10.25], "texture": "#sandstone smooth"},
				"south": {"uv": [8.1875, 8.75, 13.9375, 10.25], "texture": "#sandstone smooth"},
				"west": {"uv": [9.25, 8.75, 11.25, 10.25], "texture": "#sandstone smooth"},
				"up": {"uv": [8.1875, 9.25, 13.9375, 11.25], "texture": "#sandstone smooth"},
				"down": {"uv": [7.8125, 11.25, 2.0625, 9.25], "texture": "#sandstone smooth"}
			}
		},
		{
			"from": [8.25, 4.5, 7.25],
			"to": [14, 6.5, 8.75],
			"faces": {
				"north": {"uv": [2, 9.5, 7.75, 11.5], "texture": "#sandstone smooth"},
				"south": {"uv": [8.25, 9.5, 14, 11.5], "texture": "#sandstone smooth"},
				"up": {"uv": [8.25, 7.25, 14, 8.75], "texture": "#sandstone smooth"},
				"down": {"uv": [7.75, 8.75, 2, 7.25], "texture": "#sandstone smooth"}
			}
		},
		{
			"from": [8.25, 5.5, 5],
			"to": [14, 7.5, 6.5],
			"faces": {
				"north": {"uv": [2, 8.5, 8.25, 10.5], "texture": "#sandstone smooth"},
				"east": {"uv": [9.5, 8.5, 11, 10.5], "texture": "#sandstone smooth"},
				"south": {"uv": [7.75, 8.5, 14, 10.5], "texture": "#sandstone smooth"},
				"up": {"uv": [7.75, 5, 14, 6.5], "texture": "#sandstone smooth"},
				"down": {"uv": [8.25, 6.5, 2, 5], "texture": "#sandstone smooth"}
			}
		},
		{
			"from": [8.25, 9.02163, 6],
			"to": [14, 10.0216, 7.25],
			"rotation": {"angle": -22.5, "axis": "x", "origin": [8.25, 10.0216, 6]},
			"faces": {
				"north": {"uv": [2, 5.5, 8.25, 6.5], "texture": "#texture"},
				"up": {"uv": [7.75, 8.75, 14, 9.75], "texture": "#texture"},
				"down": {"uv": [8.25, 9.75, 2, 8.75], "texture": "#texture"}
			}
		},
		{
			"from": [8.25, 9.4375, 9],
			"to": [14, 10.4375, 10.25],
			"rotation": {"angle": 22.5, "axis": "x", "origin": [8.25, 10.4375, 9]},
			"faces": {
				"south": {"uv": [7.75, 5.5, 14, 6.5], "texture": "#texture"},
				"up": {"uv": [7.75, 8.75, 14, 9.75], "texture": "#texture"},
				"down": {"uv": [8.25, 9.75, 2, 8.75], "texture": "#texture"}
			}
		},
		{
			"from": [8.25, 7.25, 5.5],
			"to": [14, 8.25, 10.5],
			"faces": {
				"north": {"uv": [2, 7.75, 7.75, 8.75], "texture": "#texture"},
				"south": {"uv": [8.25, 7.75, 14, 8.75], "texture": "#texture"},
				"up": {"uv": [8.25, 5.5, 14, 10.5], "texture": "#texture"},
				"down": {"uv": [7.75, 10.5, 2, 5.5], "texture": "#texture"}
			}
		},
		{
			"from": [8.25, 6.25, 6.25],
			"to": [14, 9.5, 9.75],
			"faces": {
				"north": {"uv": [2, 6.5, 7.75, 9.75], "texture": "#texture"},
				"south": {"uv": [8.25, 6.5, 14, 9.75], "texture": "#texture"},
				"up": {"uv": [8.25, 6.25, 14, 9.75], "texture": "#texture"},
				"down": {"uv": [7.75, 9.75, 2, 6.25], "texture": "#texture"}
			}
		},
		{
			"from": [8.25, 5.02164, 8.5],
			"to": [14, 6.02164, 9.75],
			"rotation": {"angle": -22.5, "axis": "x", "origin": [8.25, 6.02164, 8.5]},
			"faces": {
				"north": {"uv": [2, 5.5, 8.25, 6.5], "texture": "#texture"},
				"south": {"uv": [7.75, 5.5, 14, 6.5], "texture": "#texture"},
				"up": {"uv": [7.75, 8.75, 14, 9.75], "texture": "#texture"},
				"down": {"uv": [8.25, 9.75, 2, 8.75], "texture": "#texture"}
			}
		},
		{
			"from": [8.25, 5.5, 6.25],
			"to": [14, 6.5, 7.5],
			"rotation": {"angle": 22.5, "axis": "x", "origin": [8.25, 6.5, 6.25]},
			"faces": {
				"north": {"uv": [2, 5.5, 8.25, 6.5], "texture": "#texture"},
				"south": {"uv": [7.75, 5.5, 14, 6.5], "texture": "#texture"},
				"up": {"uv": [7.75, 8.75, 14, 9.75], "texture": "#texture"},
				"down": {"uv": [8.25, 9.75, 2, 8.75], "texture": "#texture"}
			}
		},
		{
			"from": [8, 12, 7.5],
			"to": [15.75, 12.5, 8.5],
			"faces": {
				"north": {"uv": [0.25, 3.5, 8, 4], "texture": "#texture"},
				"south": {"uv": [8, 3.5, 15.75, 4], "texture": "#texture"},
				"up": {"uv": [8, 7.5, 15.75, 8.5], "texture": "#texture"},
				"down": {"uv": [8, 8.5, 0.25, 7.5], "texture": "#texture"}
			}
		},
		{
			"from": [7.75, 3.75, 7.5],
			"to": [13, 4, 8.5],
			"faces": {
				"north": {"uv": [3, 12, 8.25, 12.25], "texture": "#texture"},
				"east": {"uv": [7.5, 12, 8.5, 12.25], "texture": "#texture"},
				"south": {"uv": [7.75, 12, 13, 12.25], "texture": "#texture"},
				"west": {"uv": [7.5, 12, 8.5, 12.25], "texture": "#texture"},
				"up": {"uv": [7.75, 7.5, 13, 8.5], "texture": "#texture"},
				"down": {"uv": [8.25, 8.5, 3, 7.5], "texture": "#texture"}
			}
		},
		{
			"from": [12.9375, 3.75, 7.5],
			"to": [14.1875, 4, 8.5],
			"rotation": {"angle": 22.5, "axis": "z", "origin": [12.9375, 4, 7.5]},
			"faces": {
				"north": {"uv": [6, 11.75, 8.25, 12], "texture": "#texture"},
				"east": {"uv": [7.5, 11.75, 8.5, 12], "texture": "#texture"},
				"south": {"uv": [7.75, 11.75, 10, 12], "texture": "#texture"},
				"west": {"uv": [7.5, 11.75, 8.5, 12], "texture": "#texture"},
				"up": {"uv": [7.75, 7.5, 10, 8.5], "texture": "#texture"},
				"down": {"uv": [8.25, 8.5, 6, 7.5], "texture": "#texture"}
			}
		},
		{
			"from": [14, 4.25, 7.25],
			"to": [14.25, 11.25, 8.75],
			"faces": {
				"north": {"uv": [1.75, 4.75, 2, 11.75], "texture": "#texture"},
				"east": {"uv": [7.25, 4.75, 8.75, 11.75], "texture": "#texture"},
				"south": {"uv": [14, 4.75, 14.25, 11.75], "texture": "#texture"},
				"west": {"uv": [7.25, 4.75, 8.75, 11.75], "texture": "#texture"},
				"up": {"uv": [14, 7.25, 14.25, 8.75], "texture": "#texture"},
				"down": {"uv": [2, 8.75, 1.75, 7.25], "texture": "#texture"}
			}
		},
		{
			"from": [14, 7, 4.5],
			"to": [14.25, 8.5, 11.5],
			"faces": {
				"north": {"uv": [1.75, 7.5, 2, 9], "texture": "#texture"},
				"east": {"uv": [4.5, 7.5, 11.5, 9], "texture": "#texture"},
				"south": {"uv": [14, 7.5, 14.25, 9], "texture": "#texture"},
				"west": {"uv": [4.5, 7.5, 11.5, 9], "texture": "#texture"},
				"up": {"uv": [14, 4.5, 14.25, 11.5], "texture": "#texture"},
				"down": {"uv": [2, 11.5, 1.75, 4.5], "texture": "#texture"}
			}
		},
		{
			"from": [14, 6.25, 4.75],
			"to": [14.25, 9.25, 11.25],
			"faces": {
				"north": {"uv": [1.75, 6.75, 2, 9.75], "texture": "#texture"},
				"east": {"uv": [4.75, 6.75, 11.25, 9.75], "texture": "#texture"},
				"south": {"uv": [14, 6.75, 14.25, 9.75], "texture": "#texture"},
				"west": {"uv": [4.75, 6.75, 11.25, 9.75], "texture": "#texture"},
				"up": {"uv": [14, 4.75, 14.25, 11.25], "texture": "#texture"},
				"down": {"uv": [2, 11.25, 1.75, 4.75], "texture": "#texture"}
			}
		},
		{
			"from": [14, 4.5, 6.5],
			"to": [14.25, 11, 9.5],
			"faces": {
				"north": {"uv": [1.75, 5, 2, 11.5], "texture": "#texture"},
				"east": {"uv": [6.5, 5, 9.5, 11.5], "texture": "#texture"},
				"south": {"uv": [14, 5, 14.25, 11.5], "texture": "#texture"},
				"west": {"uv": [6.5, 5, 9.5, 11.5], "texture": "#texture"},
				"up": {"uv": [14, 6.5, 14.25, 9.5], "texture": "#texture"},
				"down": {"uv": [2, 9.5, 1.75, 6.5], "texture": "#texture"}
			}
		},
		{
			"from": [14, 5.75, 5],
			"to": [14.25, 9.75, 11],
			"faces": {
				"north": {"uv": [1.75, 6.25, 2, 10.25], "texture": "#texture"},
				"east": {"uv": [5, 6.25, 11, 10.25], "texture": "#texture"},
				"south": {"uv": [14, 6.25, 14.25, 10.25], "texture": "#texture"},
				"west": {"uv": [5, 6.25, 11, 10.25], "texture": "#texture"},
				"up": {"uv": [14, 5, 14.25, 11], "texture": "#texture"},
				"down": {"uv": [2, 11, 1.75, 5], "texture": "#texture"}
			}
		},
		{
			"from": [14, 4.75, 6],
			"to": [14.25, 10.75, 10],
			"faces": {
				"north": {"uv": [1.75, 5.25, 2, 11.25], "texture": "#texture"},
				"east": {"uv": [6, 5.25, 10, 11.25], "texture": "#texture"},
				"south": {"uv": [14, 5.25, 14.25, 11.25], "texture": "#texture"},
				"west": {"uv": [6, 5.25, 10, 11.25], "texture": "#texture"},
				"up": {"uv": [14, 6, 14.25, 10], "texture": "#texture"},
				"down": {"uv": [2, 10, 1.75, 6], "texture": "#texture"}
			}
		},
		{
			"from": [14, 5.25, 5.25],
			"to": [14.25, 10.25, 10.75],
			"faces": {
				"north": {"uv": [1.75, 5.75, 2, 10.75], "texture": "#texture"},
				"east": {"uv": [5.25, 5.75, 10.75, 10.75], "texture": "#texture"},
				"south": {"uv": [14, 5.75, 14.25, 10.75], "texture": "#texture"},
				"west": {"uv": [5.25, 5.75, 10.75, 10.75], "texture": "#texture"},
				"up": {"uv": [14, 5.25, 14.25, 10.75], "texture": "#texture"},
				"down": {"uv": [2, 10.75, 1.75, 5.25], "texture": "#texture"}
			}
		},
		{
			"from": [14, 5, 5.5],
			"to": [14.25, 10.5, 10.5],
			"faces": {
				"north": {"uv": [1.75, 5.5, 2, 11], "texture": "#texture"},
				"east": {"uv": [5.5, 5.5, 10.5, 11], "texture": "#texture"},
				"south": {"uv": [14, 5.5, 14.25, 11], "texture": "#texture"},
				"west": {"uv": [5.5, 5.5, 10.5, 11], "texture": "#texture"},
				"up": {"uv": [14, 5.5, 14.25, 10.5], "texture": "#texture"},
				"down": {"uv": [2, 10.5, 1.75, 5.5], "texture": "#texture"}
			}
		},
		{
			"from": [17.75, 10, 7.75],
			"to": [19.75, 11, 8.25],
			"faces": {
				"north": {"uv": [0, 5, 0, 6], "texture": "#texture", "cullface": "east"},
				"south": {"uv": [16, 5, 16, 6], "texture": "#texture", "cullface": "east"},
				"up": {"uv": [16, 7.75, 16, 8.25], "texture": "#texture", "cullface": "east"},
				"down": {"uv": [0, 8.25, 0, 7.75], "texture": "#texture", "cullface": "east"}
			}
		},
		{
			"from": [19.75, 9.75, 7.25],
			"to": [25.5, 11.25, 8.75],
			"faces": {
				"north": {"uv": [0, 4.75, 0, 6.25], "texture": "#sandstone smooth", "cullface": "east"},
				"south": {"uv": [16, 4.75, 16, 6.25], "texture": "#sandstone smooth", "cullface": "east"},
				"west": {"uv": [7.25, 4.75, 8.75, 6.25], "texture": "#sandstone smooth", "cullface": "east"},
				"up": {"uv": [16, 7.25, 16, 8.75], "texture": "#sandstone smooth", "cullface": "east"},
				"down": {"uv": [0, 8.75, 0, 7.25], "texture": "#sandstone smooth", "cullface": "east"}
			}
		},
		{
			"from": [25.5, 6, 7],
			"to": [26.25, 11.25, 9],
			"faces": {
				"north": {"uv": [0, 4.75, 0, 10], "texture": "#sandstone smooth", "cullface": "east"},
				"east": {"uv": [7, 4.75, 9, 10], "texture": "#sandstone smooth", "cullface": "east"},
				"south": {"uv": [16, 4.75, 16, 10], "texture": "#sandstone smooth", "cullface": "east"},
				"west": {"uv": [7, 4.75, 9, 10], "texture": "#sandstone smooth", "cullface": "east"},
				"up": {"uv": [16, 7, 16, 9], "texture": "#sandstone smooth", "cullface": "east"},
				"down": {"uv": [0, 9, 0, 7], "texture": "#sandstone smooth", "cullface": "east"}
			}
		},
		{
			"from": [22.5, 9, 7.5],
			"to": [23.25, 9.75, 8.5],
			"faces": {
				"north": {"uv": [0, 6.25, 0, 7], "texture": "#sandstone smooth", "cullface": "east"},
				"south": {"uv": [16, 6.25, 16, 7], "texture": "#sandstone smooth", "cullface": "east"},
				"west": {"uv": [7.5, 6.25, 8.5, 7], "texture": "#sandstone smooth", "cullface": "east"},
				"down": {"uv": [0, 8.5, 0, 7.5], "texture": "#sandstone smooth", "cullface": "east"}
			}
		},
		{
			"from": [23.25, 8.25, 7.5],
			"to": [23.75, 9.75, 8.5],
			"faces": {
				"north": {"uv": [0, 6.25, 0, 7.75], "texture": "#sandstone smooth", "cullface": "east"},
				"east": {"uv": [7.5, 6.25, 8.5, 7.75], "texture": "#sandstone smooth", "cullface": "east"},
				"south": {"uv": [16, 6.25, 16, 7.75], "texture": "#sandstone smooth", "cullface": "east"},
				"west": {"uv": [7.5, 6.25, 8.5, 7.75], "texture": "#sandstone smooth", "cullface": "east"},
				"down": {"uv": [0, 8.5, 0, 7.5], "texture": "#sandstone smooth", "cullface": "east"}
			}
		},
		{
			"from": [21.9375, 9.875, 7.5],
			"to": [27.6875, 10.625, 8.5],
			"rotation": {"angle": -45, "axis": "z", "origin": [21.9375, 10.625, 7.5]},
			"faces": {
				"north": {"uv": [0, 7.75, 0, 8.75], "texture": "#sandstone smooth", "cullface": "east"},
				"east": {"uv": [7.5, 7.75, 8.5, 8.75], "texture": "#sandstone smooth", "cullface": "east"},
				"south": {"uv": [16, 7.75, 16, 8.75], "texture": "#sandstone smooth", "cullface": "east"},
				"west": {"uv": [7.5, 7.75, 8.5, 8.75], "texture": "#sandstone smooth", "cullface": "east"},
				"up": {"uv": [16, 7.5, 16, 8.5], "texture": "#sandstone smooth", "cullface": "east"},
				"down": {"uv": [0, 8.5, 0, 7.5], "texture": "#sandstone smooth", "cullface": "east"}
			}
		},
		{
			"from": [14.0625, 10.0625, 6.75],
			"to": [18.5625, 10.5625, 9.25],
			"rotation": {"angle": -22.5, "axis": "z", "origin": [14.0625, 10.5625, 6.75]},
			"faces": {
				"north": {"uv": [0, 6.25, 1.75, 6.75], "texture": "#sandstone smooth", "cullface": "east"},
				"east": {"uv": [6.5, 6.25, 9.5, 6.75], "texture": "#sandstone smooth", "cullface": "east"},
				"south": {"uv": [13.75, 6.25, 15.5, 6.75], "texture": "#sandstone smooth", "cullface": "east"},
				"west": {"uv": [6.5, 6.25, 9.5, 6.75], "texture": "#sandstone smooth", "cullface": "east"},
				"up": {"uv": [13.75, 6.5, 15.5, 9.5], "texture": "#sandstone smooth", "cullface": "east"},
				"down": {"uv": [1.75, 9.5, 0, 6.5], "texture": "#sandstone smooth", "cullface": "east"}
			}
		},
		{
			"from": [14.25, 7.75, 6.75],
			"to": [18.25, 8.75, 9.25],
			"faces": {
				"north": {"uv": [0, 7.75, 4, 8.75], "texture": "#sandstone smooth", "cullface": "east"},
				"east": {"uv": [6.75, 7.75, 9.25, 8.75], "texture": "#sandstone smooth", "cullface": "east"},
				"south": {"uv": [12, 7.75, 16, 8.75], "texture": "#sandstone smooth", "cullface": "east"},
				"up": {"uv": [12, 6.75, 16, 9.25], "texture": "#sandstone smooth", "cullface": "east"},
				"down": {"uv": [0, 6.75, 4, 9.25], "texture": "#sandstone smooth", "cullface": "east"}
			}
		},
		{
			"from": [16.25, 3.75, 7.4375],
			"to": [18, 8, 8.4375],
			"rotation": {"angle": 22.5, "axis": "z", "origin": [16.25, 8, 7.4375]},
			"faces": {
				"north": {"uv": [0, 9.5, 0, 13.75], "texture": "#texture", "cullface": "east"},
				"east": {"uv": [7, 9.5, 8.75, 13.75], "texture": "#texture", "cullface": "east"},
				"south": {"uv": [16, 9.5, 16, 13.75], "texture": "#texture", "cullface": "east"},
				"west": {"uv": [7.25, 9.5, 9, 13.75], "texture": "#texture", "cullface": "east"},
				"up": {"uv": [16, 7.25, 16, 9], "texture": "#texture", "cullface": "east"},
				"down": {"uv": [0, 9, 0, 7.25], "texture": "#texture", "cullface": "east"}
			}
		},
		{
			"from": [14.25, 6.25, 7.75],
			"to": [17.25, 6.5, 8.25],
			"faces": {
				"north": {"uv": [0, 9.5, 1.75, 9.75], "texture": "#texture", "cullface": "east"},
				"east": {"uv": [7.75, 9.5, 8.25, 9.75], "texture": "#texture", "cullface": "east"},
				"south": {"uv": [14.25, 9.5, 16, 9.75], "texture": "#texture", "cullface": "east"},
				"up": {"uv": [14.25, 7.75, 16, 8.25], "texture": "#texture", "cullface": "east"},
				"down": {"uv": [1.75, 8.25, 0, 7.75], "texture": "#texture", "cullface": "east"}
			}
		},
		{
			"from": [14, 5.25, 7.75],
			"to": [15.375, 5.5, 8.25],
			"rotation": {"angle": 45, "axis": "z", "origin": [14, 5.5, 7.75]},
			"faces": {
				"north": {"uv": [14, 10.5, 15.375, 10.75], "texture": "#texture"},
				"east": {"uv": [7.75, 10.5, 8.25, 10.75], "texture": "#texture"},
				"south": {"uv": [14, 10.5, 15.375, 10.75], "texture": "#texture"},
				"up": {"uv": [14, 7.75, 15.375, 8.25], "texture": "#texture"},
				"down": {"uv": [14, 7.75, 15.375, 8.25], "texture": "#texture"}
			}
		},
		{
			"from": [15.5, 6.75, 7.875],
			"to": [15.75, 8, 8.125],
			"rotation": {"angle": -22.5, "axis": "z", "origin": [15.5, 8, 7.875]},
			"faces": {
				"north": {"uv": [8, 0, 8.25, 1.25], "texture": "#texture"},
				"east": {"uv": [7.5, 0, 8.5, 1.25], "texture": "#texture"},
				"south": {"uv": [7.75, 0, 8, 1.25], "texture": "#texture"},
				"west": {"uv": [7.5, 0, 8.5, 1.25], "texture": "#texture"},
				"up": {"uv": [7.75, 7.5, 8, 8.5], "texture": "#texture"},
				"down": {"uv": [8.25, 8.5, 8, 7.5], "texture": "#texture"}
			}
		},
		{
			"from": [14.25, 8.75, 6.75],
			"to": [17.375, 9, 9.25],
			"faces": {
				"north": {"uv": [0, 7.5, 1.75, 7.75], "texture": "#sandstone smooth", "cullface": "east"},
				"east": {"uv": [6.75, 7.5, 9.25, 7.75], "texture": "#sandstone smooth", "cullface": "east"},
				"south": {"uv": [13.25, 7.5, 15, 7.75], "texture": "#sandstone smooth", "cullface": "east"},
				"up": {"uv": [13.25, 6.75, 15, 9.25], "texture": "#sandstone smooth", "cullface": "east"}
			}
		},
		{
			"from": [14.25, 9, 6.75],
			"to": [16.5, 9.25, 9.25],
			"faces": {
				"north": {"uv": [0, 7.25, 1.75, 7.5], "texture": "#sandstone smooth", "cullface": "east"},
				"east": {"uv": [6.75, 7.25, 9.25, 7.5], "texture": "#sandstone smooth", "cullface": "east"},
				"south": {"uv": [13.25, 7.25, 15, 7.5], "texture": "#sandstone smooth", "cullface": "east"},
				"up": {"uv": [13.25, 6.75, 15, 9.25], "texture": "#sandstone smooth", "cullface": "east"}
			}
		},
		{
			"from": [14.25, 9.25, 6.75],
			"to": [16, 9.5, 9.25],
			"faces": {
				"north": {"uv": [0, 7, 1.75, 7.25], "texture": "#sandstone smooth"},
				"east": {"uv": [6.5, 7, 9, 7.25], "texture": "#sandstone smooth", "cullface": "east"},
				"south": {"uv": [13.25, 7, 15, 7.25], "texture": "#sandstone smooth"},
				"up": {"uv": [13.25, 6.75, 15, 9.25], "texture": "#sandstone smooth"}
			}
		},
		{
			"from": [14.25, 9.5, 6.75],
			"to": [15.25, 9.75, 9.25],
			"faces": {
				"north": {"uv": [0.75, 6.75, 1.75, 7], "texture": "#sandstone smooth"},
				"east": {"uv": [6.75, 6.75, 9.25, 7], "texture": "#sandstone smooth"},
				"south": {"uv": [14, 6.75, 15, 7], "texture": "#sandstone smooth"},
				"up": {"uv": [14, 6.75, 15, 9.25], "texture": "#sandstone smooth"}
			}
		},
		{
			"from": [14.25, 9.75, 6.75],
			"to": [15, 10, 9.25],
			"faces": {
				"north": {"uv": [1, 6, 1.75, 6.25], "texture": "#sandstone smooth"},
				"east": {"uv": [6.75, 6, 9.25, 6.25], "texture": "#sandstone smooth"},
				"south": {"uv": [14.25, 6, 15, 6.25], "texture": "#sandstone smooth"},
				"up": {"uv": [14.25, 6.75, 15, 9.25], "texture": "#sandstone smooth"}
			}
		},
		{
			"from": [17.75, 10.25, 7.5],
			"to": [19.75, 10.75, 8.5],
			"faces": {
				"north": {"uv": [0, 5.25, 0, 5.75], "texture": "#texture", "cullface": "east"},
				"south": {"uv": [16, 5.25, 16, 5.75], "texture": "#texture", "cullface": "east"},
				"up": {"uv": [16, 7.5, 16, 8.5], "texture": "#texture", "cullface": "east"},
				"down": {"uv": [0, 8.5, 0, 7.5], "texture": "#texture", "cullface": "east"}
			}
		},
		{
			"from": [19.75, 10, 7],
			"to": [26.25, 11, 9],
			"faces": {
				"north": {"uv": [0, 5, 0, 6], "texture": "#sandstone smooth", "cullface": "east"},
				"east": {"uv": [7, 5, 9, 6], "texture": "#sandstone smooth", "cullface": "east"},
				"south": {"uv": [16, 5, 16, 6], "texture": "#sandstone smooth", "cullface": "east"},
				"west": {"uv": [7, 5, 9, 6], "texture": "#sandstone smooth", "cullface": "east"},
				"up": {"uv": [16, 7, 16, 9], "texture": "#sandstone smooth", "cullface": "east"},
				"down": {"uv": [0, 9, 0, 7], "texture": "#sandstone smooth", "cullface": "east"}
			}
		},
		{
			"from": [14.25, 9.5, 7.25],
			"to": [17.75, 11.5, 8.75],
			"faces": {
				"north": {"uv": [0, 4.5, 1.75, 6.5], "texture": "#sandstone smooth", "cullface": "east"},
				"east": {"uv": [7.25, 4.5, 8.75, 6.5], "texture": "#sandstone smooth", "cullface": "east"},
				"south": {"uv": [14.25, 4.5, 16, 6.5], "texture": "#sandstone smooth", "cullface": "east"},
				"west": {"uv": [7.25, 4.5, 8.75, 6.5], "texture": "#sandstone smooth", "cullface": "east"},
				"up": {"uv": [14.25, 7.25, 16, 8.75], "texture": "#sandstone smooth", "cullface": "east"},
				"down": {"uv": [1.75, 8.75, 0, 7.25], "texture": "#sandstone smooth", "cullface": "east"}
			}
		},
		{
			"from": [14.25, 9.75, 7],
			"to": [17.75, 11.25, 9],
			"faces": {
				"north": {"uv": [0, 4.75, 1.75, 6.25], "texture": "#sandstone smooth", "cullface": "east"},
				"east": {"uv": [7, 4.75, 9, 6.25], "texture": "#sandstone smooth", "cullface": "east"},
				"south": {"uv": [14.25, 4.75, 16, 6.25], "texture": "#sandstone smooth", "cullface": "east"},
				"west": {"uv": [7, 4.75, 9, 6.25], "texture": "#sandstone smooth", "cullface": "east"},
				"up": {"uv": [14.25, 7, 16, 9], "texture": "#sandstone smooth", "cullface": "east"},
				"down": {"uv": [1.75, 9, 0, 7], "texture": "#sandstone smooth", "cullface": "east"}
			}
		},
		{
			"from": [-2.5, 8.6875, 7.1875],
			"to": [7.25, 8.9375, 7.9375],
			"rotation": {"angle": 45, "axis": "x", "origin": [-2.5, 8.9375, 7.1875]},
			"faces": {
				"north": {"uv": [0, 7.0625, 0.75, 7.3125], "texture": "#texture", "cullface": "west"},
				"south": {"uv": [0, 7.0625, 0.75, 7.3125], "texture": "#texture", "cullface": "west"},
				"west": {"uv": [7.1875, 7.0625, 7.9375, 7.3125], "texture": "#texture", "cullface": "west"},
				"up": {"uv": [0, 7.1875, 0.75, 7.9375], "texture": "#texture", "cullface": "west"},
				"down": {"uv": [-2.5, 7.1875, -1.75, 7.9375], "texture": "#texture", "cullface": "west"}
			}
		},
		{
			"from": [-2.5, 8.1875, 8.3125],
			"to": [7.25, 8.4375, 9.0625],
			"rotation": {"angle": -45, "axis": "x", "origin": [-2.5, 8.4375, 8.3125]},
			"faces": {
				"north": {"uv": [0, 7.5625, 0.75, 7.8125], "texture": "#texture", "cullface": "west"},
				"south": {"uv": [0, 7.5625, 0.75, 7.8125], "texture": "#texture", "cullface": "west"},
				"west": {"uv": [8.3125, 7.5625, 9.0625, 7.8125], "texture": "#texture", "cullface": "west"},
				"up": {"uv": [0, 8.3125, 0.75, 9.0625], "texture": "#texture", "cullface": "west"},
				"down": {"uv": [-2.5, 8.3125, -1.75, 9.0625], "texture": "#texture", "cullface": "west"}
			}
		},
		{
			"from": [-2.5, 10, 8.5],
			"to": [7.25, 10.25, 9.25],
			"rotation": {"angle": 45, "axis": "x", "origin": [-2.5, 10.25, 8.5]},
			"faces": {
				"south": {"uv": [0, 5.75, 0.75, 6], "texture": "#texture", "cullface": "west"},
				"west": {"uv": [8.5, 5.75, 9.25, 6], "texture": "#texture", "cullface": "west"},
				"up": {"uv": [0, 8.5, 0.75, 9.25], "texture": "#texture", "cullface": "west"},
				"down": {"uv": [-2.5, 8.5, -1.75, 9.25], "texture": "#texture", "cullface": "west"}
			}
		},
		{
			"from": [-2.5, 9.5, 7],
			"to": [7.25, 9.75, 7.75],
			"rotation": {"angle": -45, "axis": "x", "origin": [-2.5, 9.75, 7]},
			"faces": {
				"north": {"uv": [0, 6.25, 0.75, 6.5], "texture": "#texture", "cullface": "west"},
				"south": {"uv": [0, 6.25, 0.75, 6.5], "texture": "#texture", "cullface": "west"},
				"west": {"uv": [7, 6.25, 7.75, 6.5], "texture": "#texture", "cullface": "west"},
				"up": {"uv": [0, 7, 0.75, 7.75], "texture": "#texture", "cullface": "west"},
				"down": {"uv": [-2.5, 7, -1.75, 7.75], "texture": "#texture", "cullface": "west"}
			}
		},
		{
			"from": [6.75, 9.25, 7.25],
			"to": [7.25, 12.75, 8.75],
			"faces": {
				"north": {"uv": [8.75, 3.25, 9.25, 6.75], "texture": "#texture"},
				"east": {"uv": [7.25, 3.25, 8.75, 6.75], "texture": "#texture"},
				"south": {"uv": [6.75, 3.25, 7.25, 6.75], "texture": "#texture"},
				"west": {"uv": [7.25, 3.25, 8.75, 6.75], "texture": "#texture"},
				"up": {"uv": [6.75, 7.25, 7.25, 8.75], "texture": "#texture"},
				"down": {"uv": [9.25, 8.75, 8.75, 7.25], "texture": "#texture"}
			}
		},
		{
			"from": [7.25, 11.5, 7.5],
			"to": [8, 12.75, 8.5],
			"faces": {
				"north": {"uv": [8, 3.25, 8.75, 4.5], "texture": "#texture"},
				"east": {"uv": [7.5, 3.25, 8.5, 4.5], "texture": "#texture"},
				"south": {"uv": [7.25, 3.25, 8, 4.5], "texture": "#texture"},
				"up": {"uv": [7.25, 7.5, 8, 8.5], "texture": "#texture"}
			}
		},
		{
			"from": [8, 11.75, 7.75],
			"to": [15.75, 12, 8.25],
			"faces": {
				"north": {"uv": [0.25, 4, 8, 4.25], "texture": "#texture"},
				"south": {"uv": [8, 4, 15.75, 4.25], "texture": "#texture"},
				"down": {"uv": [8, 8.25, 0.25, 7.75], "texture": "#texture"}
			}
		},
		{
			"from": [15.75, 11.5, 7.5],
			"to": [16, 12.75, 8.5],
			"faces": {
				"north": {"uv": [0, 3.25, 0.25, 4.5], "texture": "#texture"},
				"east": {"uv": [7.5, 3.25, 8.5, 4.5], "texture": "#texture", "cullface": "east"},
				"south": {"uv": [15.75, 3.25, 16, 4.5], "texture": "#texture"},
				"west": {"uv": [7.5, 3.25, 8.5, 4.5], "texture": "#texture"},
				"up": {"uv": [15.75, 7.5, 16, 8.5], "texture": "#texture"}
			}
		},
		{
			"from": [16.25, 9, 7.5],
			"to": [17.5, 10, 8.5],
			"faces": {
				"north": {"uv": [0, 6, 0, 7], "texture": "#texture", "cullface": "east"},
				"east": {"uv": [7.5, 6, 8.5, 7], "texture": "#texture", "cullface": "east"},
				"south": {"uv": [16, 6, 16, 7], "texture": "#texture", "cullface": "east"},
				"west": {"uv": [7.5, 6, 8.5, 7], "texture": "#texture", "cullface": "east"},
				"up": {"uv": [16, 7.5, 16, 8.5], "texture": "#texture", "cullface": "east"},
				"down": {"uv": [0, 8.5, 0, 7.5], "texture": "#texture", "cullface": "east"}
			}
		},
		{
			"from": [8.75, 12.5, 7.5],
			"to": [13.5, 12.875, 8.5],
			"faces": {
				"north": {"uv": [2.5, 3.125, 7.25, 3.5], "texture": "#sandstone smooth"},
				"east": {"uv": [7.5, 3.125, 8.5, 3.5], "texture": "#sandstone smooth"},
				"south": {"uv": [8.75, 3.125, 13.5, 3.5], "texture": "#sandstone smooth"},
				"west": {"uv": [7.5, 3.125, 8.5, 3.5], "texture": "#sandstone smooth"},
				"up": {"uv": [8.75, 7.5, 13.5, 8.5], "texture": "#sandstone smooth"}
			}
		},
		{
			"from": [8, 12.5, 7.75],
			"to": [8.75, 12.75, 8.25],
			"faces": {
				"north": {"uv": [7.25, 3.25, 8, 3.5], "texture": "#texture"},
				"south": {"uv": [8, 3.25, 8.75, 3.5], "texture": "#texture"},
				"up": {"uv": [8, 7.75, 8.75, 8.25], "texture": "#texture"}
			}
		},
		{
			"from": [13.5, 12.5, 7.75],
			"to": [15.75, 12.75, 8.25],
			"faces": {
				"north": {"uv": [0.25, 3.25, 2.5, 3.5], "texture": "#texture"},
				"south": {"uv": [13.5, 3.25, 15.75, 3.5], "texture": "#texture"},
				"up": {"uv": [13.5, 7.75, 15.75, 8.25], "texture": "#texture"}
			}
		},
		{
			"from": [16.4375, 3.875, 7.25],
			"to": [17.6875, 8.125, 8.75],
			"rotation": {"angle": 22.5, "axis": "z", "origin": [16.4375, 8.125, 7.25]},
			"faces": {
				"north": {"uv": [0, 8, 0, 12.25], "texture": "#texture", "cullface": "east"},
				"east": {"uv": [7.25, 8, 8.75, 12.25], "texture": "#texture", "cullface": "east"},
				"south": {"uv": [16, 8, 16, 12.25], "texture": "#texture", "cullface": "east"},
				"west": {"uv": [7.25, 8, 8.75, 12.25], "texture": "#texture", "cullface": "east"},
				"up": {"uv": [16, 7.25, 16, 8.75], "texture": "#texture", "cullface": "east"},
				"down": {"uv": [0, 8.75, 0, 7.25], "texture": "#texture", "cullface": "east"}
			}
		},
		{
			"from": [-0.75, 7.625, 7.5],
			"to": [6, 10.875, 8.5],
			"faces": {
				"north": {"uv": [10, 5.125, 16, 8.375], "texture": "#sandstone smooth", "cullface": "west"},
				"east": {"uv": [7.5, 5.125, 8.5, 8.375], "texture": "#sandstone smooth", "cullface": "west"},
				"south": {"uv": [0, 5.125, 6, 8.375], "texture": "#sandstone smooth", "cullface": "west"},
				"west": {"uv": [7.5, 5.125, 8.5, 8.375], "texture": "#sandstone smooth", "cullface": "west"},
				"up": {"uv": [0, 7.5, 6, 8.5], "texture": "#sandstone smooth", "cullface": "west"},
				"down": {"uv": [16, 8.5, 10, 7.5], "texture": "#sandstone smooth", "cullface": "west"}
			}
		},
		{
			"from": [-0.75, 8.75, 6.625],
			"to": [6, 9.75, 9.375],
			"faces": {
				"north": {"uv": [10, 6.25, 16, 7.25], "texture": "#sandstone smooth", "cullface": "west"},
				"east": {"uv": [6.625, 6.25, 9.375, 7.25], "texture": "#sandstone smooth", "cullface": "west"},
				"south": {"uv": [0, 6.25, 6, 7.25], "texture": "#sandstone smooth", "cullface": "west"},
				"west": {"uv": [6.625, 6.25, 9.375, 7.25], "texture": "#sandstone smooth", "cullface": "west"},
				"up": {"uv": [0, 6.625, 6, 9.375], "texture": "#sandstone smooth", "cullface": "west"},
				"down": {"uv": [16, 9.375, 10, 6.625], "texture": "#sandstone smooth", "cullface": "west"}
			}
		},
		{
			"from": [-0.75, 7.5, 7.5],
			"to": [-0.5, 11, 8.5],
			"faces": {
				"north": {"uv": [16, 5, 16, 8.5], "texture": "#sandstone smooth", "cullface": "west"},
				"east": {"uv": [7.5, 5, 8.5, 8.5], "texture": "#sandstone smooth", "cullface": "west"},
				"south": {"uv": [0, 5, 0, 8.5], "texture": "#sandstone smooth", "cullface": "west"},
				"west": {"uv": [7.5, 5, 8.5, 8.5], "texture": "#sandstone smooth", "cullface": "west"},
				"up": {"uv": [0, 7.5, 0, 8.5], "texture": "#sandstone smooth", "cullface": "west"},
				"down": {"uv": [16, 8.5, 16, 7.5], "texture": "#sandstone smooth", "cullface": "west"}
			}
		},
		{
			"from": [0.25, 7.5, 7.5],
			"to": [0.5, 11, 8.5],
			"faces": {
				"north": {"uv": [15.5, 5, 15.75, 8.5], "texture": "#sandstone smooth"},
				"east": {"uv": [7.5, 5, 8.5, 8.5], "texture": "#sandstone smooth"},
				"south": {"uv": [0.25, 5, 0.5, 8.5], "texture": "#sandstone smooth"},
				"west": {"uv": [7.5, 5, 8.5, 8.5], "texture": "#sandstone smooth"},
				"up": {"uv": [0.25, 7.5, 0.5, 8.5], "texture": "#sandstone smooth"},
				"down": {"uv": [15.75, 8.5, 15.5, 7.5], "texture": "#sandstone smooth"}
			}
		},
		{
			"from": [0.75, 7.5, 7.5],
			"to": [1, 11, 8.5],
			"faces": {
				"north": {"uv": [15, 5, 15.25, 8.5], "texture": "#sandstone smooth"},
				"east": {"uv": [7.5, 5, 8.5, 8.5], "texture": "#sandstone smooth"},
				"south": {"uv": [0.75, 5, 1, 8.5], "texture": "#sandstone smooth"},
				"west": {"uv": [7.5, 5, 8.5, 8.5], "texture": "#sandstone smooth"},
				"up": {"uv": [0.75, 7.5, 1, 8.5], "texture": "#sandstone smooth"},
				"down": {"uv": [15.25, 8.5, 15, 7.5], "texture": "#sandstone smooth"}
			}
		},
		{
			"from": [1.25, 7.5, 7.5],
			"to": [1.5, 11, 8.5],
			"faces": {
				"north": {"uv": [14.5, 5, 14.75, 8.5], "texture": "#sandstone smooth"},
				"east": {"uv": [7.5, 5, 8.5, 8.5], "texture": "#sandstone smooth"},
				"south": {"uv": [1.25, 5, 1.5, 8.5], "texture": "#sandstone smooth"},
				"west": {"uv": [7.5, 5, 8.5, 8.5], "texture": "#sandstone smooth"},
				"up": {"uv": [1.25, 7.5, 1.5, 8.5], "texture": "#sandstone smooth"},
				"down": {"uv": [14.75, 8.5, 14.5, 7.5], "texture": "#sandstone smooth"}
			}
		},
		{
			"from": [1.75, 7.5, 7.5],
			"to": [2, 11, 8.5],
			"faces": {
				"north": {"uv": [14, 5, 14.25, 8.5], "texture": "#sandstone smooth"},
				"east": {"uv": [7.5, 5, 8.5, 8.5], "texture": "#sandstone smooth"},
				"south": {"uv": [1.75, 5, 2, 8.5], "texture": "#sandstone smooth"},
				"west": {"uv": [7.5, 5, 8.5, 8.5], "texture": "#sandstone smooth"},
				"up": {"uv": [1.75, 7.5, 2, 8.5], "texture": "#sandstone smooth"},
				"down": {"uv": [14.25, 8.5, 14, 7.5], "texture": "#sandstone smooth"}
			}
		},
		{
			"from": [2.25, 7.5, 7.5],
			"to": [2.5, 11, 8.5],
			"faces": {
				"north": {"uv": [13.5, 5, 13.75, 8.5], "texture": "#sandstone smooth"},
				"east": {"uv": [7.5, 5, 8.5, 8.5], "texture": "#sandstone smooth"},
				"south": {"uv": [2.25, 5, 2.5, 8.5], "texture": "#sandstone smooth"},
				"west": {"uv": [7.5, 5, 8.5, 8.5], "texture": "#sandstone smooth"},
				"up": {"uv": [2.25, 7.5, 2.5, 8.5], "texture": "#sandstone smooth"},
				"down": {"uv": [13.75, 8.5, 13.5, 7.5], "texture": "#sandstone smooth"}
			}
		},
		{
			"from": [2.75, 7.5, 7.5],
			"to": [3, 11, 8.5],
			"faces": {
				"north": {"uv": [13, 5, 13.25, 8.5], "texture": "#sandstone smooth"},
				"east": {"uv": [7.5, 5, 8.5, 8.5], "texture": "#sandstone smooth"},
				"south": {"uv": [2.75, 5, 3, 8.5], "texture": "#sandstone smooth"},
				"west": {"uv": [7.5, 5, 8.5, 8.5], "texture": "#sandstone smooth"},
				"up": {"uv": [2.75, 7.5, 3, 8.5], "texture": "#sandstone smooth"},
				"down": {"uv": [13.25, 8.5, 13, 7.5], "texture": "#sandstone smooth"}
			}
		},
		{
			"from": [3.25, 7.5, 7.5],
			"to": [3.5, 11, 8.5],
			"faces": {
				"north": {"uv": [12.5, 5, 12.75, 8.5], "texture": "#sandstone smooth"},
				"east": {"uv": [7.5, 5, 8.5, 8.5], "texture": "#sandstone smooth"},
				"south": {"uv": [3.25, 5, 3.5, 8.5], "texture": "#sandstone smooth"},
				"west": {"uv": [7.5, 5, 8.5, 8.5], "texture": "#sandstone smooth"},
				"up": {"uv": [3.25, 7.5, 3.5, 8.5], "texture": "#sandstone smooth"},
				"down": {"uv": [12.75, 8.5, 12.5, 7.5], "texture": "#sandstone smooth"}
			}
		},
		{
			"from": [3.75, 7.5, 7.5],
			"to": [4, 11, 8.5],
			"faces": {
				"north": {"uv": [12, 5, 12.25, 8.5], "texture": "#sandstone smooth"},
				"east": {"uv": [7.5, 5, 8.5, 8.5], "texture": "#sandstone smooth"},
				"south": {"uv": [3.75, 5, 4, 8.5], "texture": "#sandstone smooth"},
				"west": {"uv": [7.5, 5, 8.5, 8.5], "texture": "#sandstone smooth"},
				"up": {"uv": [3.75, 7.5, 4, 8.5], "texture": "#sandstone smooth"},
				"down": {"uv": [12.25, 8.5, 12, 7.5], "texture": "#sandstone smooth"}
			}
		},
		{
			"from": [4.25, 7.5, 7.5],
			"to": [4.5, 11, 8.5],
			"faces": {
				"north": {"uv": [11.5, 5, 11.75, 8.5], "texture": "#sandstone smooth"},
				"east": {"uv": [7.5, 5, 8.5, 8.5], "texture": "#sandstone smooth"},
				"south": {"uv": [4.25, 5, 4.5, 8.5], "texture": "#sandstone smooth"},
				"west": {"uv": [7.5, 5, 8.5, 8.5], "texture": "#sandstone smooth"},
				"up": {"uv": [4.25, 7.5, 4.5, 8.5], "texture": "#sandstone smooth"},
				"down": {"uv": [11.75, 8.5, 11.5, 7.5], "texture": "#sandstone smooth"}
			}
		},
		{
			"from": [4.75, 7.5, 7.5],
			"to": [5, 11, 8.5],
			"faces": {
				"north": {"uv": [11, 5, 11.25, 8.5], "texture": "#sandstone smooth"},
				"east": {"uv": [7.5, 5, 8.5, 8.5], "texture": "#sandstone smooth"},
				"south": {"uv": [4.75, 5, 5, 8.5], "texture": "#sandstone smooth"},
				"west": {"uv": [7.5, 5, 8.5, 8.5], "texture": "#sandstone smooth"},
				"up": {"uv": [4.75, 7.5, 5, 8.5], "texture": "#sandstone smooth"},
				"down": {"uv": [11.25, 8.5, 11, 7.5], "texture": "#sandstone smooth"}
			}
		},
		{
			"from": [5.25, 7.5, 7.5],
			"to": [5.5, 11, 8.5],
			"faces": {
				"north": {"uv": [10.5, 5, 10.75, 8.5], "texture": "#sandstone smooth"},
				"east": {"uv": [7.5, 5, 8.5, 8.5], "texture": "#sandstone smooth"},
				"south": {"uv": [5.25, 5, 5.5, 8.5], "texture": "#sandstone smooth"},
				"west": {"uv": [7.5, 5, 8.5, 8.5], "texture": "#sandstone smooth"},
				"up": {"uv": [5.25, 7.5, 5.5, 8.5], "texture": "#sandstone smooth"},
				"down": {"uv": [10.75, 8.5, 10.5, 7.5], "texture": "#sandstone smooth"}
			}
		},
		{
			"from": [5.75, 7.5, 7.5],
			"to": [6, 11, 8.5],
			"faces": {
				"north": {"uv": [10, 5, 10.25, 8.5], "texture": "#sandstone smooth"},
				"east": {"uv": [7.5, 5, 8.5, 8.5], "texture": "#sandstone smooth"},
				"south": {"uv": [5.75, 5, 6, 8.5], "texture": "#sandstone smooth"},
				"west": {"uv": [7.5, 5, 8.5, 8.5], "texture": "#sandstone smooth"},
				"up": {"uv": [5.75, 7.5, 6, 8.5], "texture": "#sandstone smooth"},
				"down": {"uv": [10.25, 8.5, 10, 7.5], "texture": "#sandstone smooth"}
			}
		},
		{
			"from": [12.75, 12.75, 7.5],
			"to": [13, 13, 8.5],
			"faces": {
				"north": {"uv": [3, 3, 3.25, 3.25], "texture": "#sandstone smooth"},
				"east": {"uv": [7.5, 3, 8.5, 3.25], "texture": "#sandstone smooth"},
				"south": {"uv": [12.75, 3, 13, 3.25], "texture": "#sandstone smooth"},
				"west": {"uv": [7.5, 3, 8.5, 3.25], "texture": "#sandstone smooth"},
				"up": {"uv": [12.75, 7.5, 13, 8.5], "texture": "#sandstone smooth"},
				"down": {"uv": [3.25, 8.5, 3, 7.5], "texture": "#sandstone smooth"}
			}
		},
		{
			"from": [-0.25, 7.5, 7.5],
			"to": [0, 11, 8.5],
			"faces": {
				"north": {"uv": [16, 5, 16, 8.5], "texture": "#sandstone smooth", "cullface": "west"},
				"east": {"uv": [7.5, 5, 8.5, 8.5], "texture": "#sandstone smooth", "cullface": "west"},
				"south": {"uv": [0, 5, 0, 8.5], "texture": "#sandstone smooth", "cullface": "west"},
				"west": {"uv": [7.5, 5, 8.5, 8.5], "texture": "#sandstone smooth", "cullface": "west"},
				"up": {"uv": [0, 7.5, 0, 8.5], "texture": "#sandstone smooth", "cullface": "west"},
				"down": {"uv": [16, 8.5, 16, 7.5], "texture": "#sandstone smooth", "cullface": "west"}
			}
		},
		{
			"from": [8.75, 12.75, 7.5],
			"to": [9, 13, 8.5],
			"faces": {
				"north": {"uv": [7, 3, 7.25, 3.25], "texture": "#sandstone smooth"},
				"east": {"uv": [7.5, 3, 8.5, 3.25], "texture": "#sandstone smooth"},
				"south": {"uv": [8.75, 3, 9, 3.25], "texture": "#sandstone smooth"},
				"west": {"uv": [7.5, 3, 8.5, 3.25], "texture": "#sandstone smooth"},
				"up": {"uv": [8.75, 7.5, 9, 8.5], "texture": "#sandstone smooth"},
				"down": {"uv": [7.25, 8.5, 7, 7.5], "texture": "#sandstone smooth"}
			}
		},
		{
			"from": [9.25, 12.75, 7.5],
			"to": [9.5, 13, 8.5],
			"faces": {
				"north": {"uv": [6.5, 3, 6.75, 3.25], "texture": "#sandstone smooth"},
				"east": {"uv": [7.5, 3, 8.5, 3.25], "texture": "#sandstone smooth"},
				"south": {"uv": [9.25, 3, 9.5, 3.25], "texture": "#sandstone smooth"},
				"west": {"uv": [7.5, 3, 8.5, 3.25], "texture": "#sandstone smooth"},
				"up": {"uv": [9.25, 7.5, 9.5, 8.5], "texture": "#sandstone smooth"},
				"down": {"uv": [6.75, 8.5, 6.5, 7.5], "texture": "#sandstone smooth"}
			}
		},
		{
			"from": [9.75, 12.75, 7.5],
			"to": [10, 13, 8.5],
			"faces": {
				"north": {"uv": [6, 3, 6.25, 3.25], "texture": "#sandstone smooth"},
				"east": {"uv": [7.5, 3, 8.5, 3.25], "texture": "#sandstone smooth"},
				"south": {"uv": [9.75, 3, 10, 3.25], "texture": "#sandstone smooth"},
				"west": {"uv": [7.5, 3, 8.5, 3.25], "texture": "#sandstone smooth"},
				"up": {"uv": [9.75, 7.5, 10, 8.5], "texture": "#sandstone smooth"},
				"down": {"uv": [6.25, 8.5, 6, 7.5], "texture": "#sandstone smooth"}
			}
		},
		{
			"from": [10.25, 12.75, 7.5],
			"to": [10.5, 13, 8.5],
			"faces": {
				"north": {"uv": [5.5, 3, 5.75, 3.25], "texture": "#sandstone smooth"},
				"east": {"uv": [7.5, 3, 8.5, 3.25], "texture": "#sandstone smooth"},
				"south": {"uv": [10.25, 3, 10.5, 3.25], "texture": "#sandstone smooth"},
				"west": {"uv": [7.5, 3, 8.5, 3.25], "texture": "#sandstone smooth"},
				"up": {"uv": [10.25, 7.5, 10.5, 8.5], "texture": "#sandstone smooth"},
				"down": {"uv": [5.75, 8.5, 5.5, 7.5], "texture": "#sandstone smooth"}
			}
		},
		{
			"from": [10.75, 12.75, 7.5],
			"to": [11, 13, 8.5],
			"faces": {
				"north": {"uv": [5, 3, 5.25, 3.25], "texture": "#sandstone smooth"},
				"east": {"uv": [7.5, 3, 8.5, 3.25], "texture": "#sandstone smooth"},
				"south": {"uv": [10.75, 3, 11, 3.25], "texture": "#sandstone smooth"},
				"west": {"uv": [7.5, 3, 8.5, 3.25], "texture": "#sandstone smooth"},
				"up": {"uv": [10.75, 7.5, 11, 8.5], "texture": "#sandstone smooth"},
				"down": {"uv": [5.25, 8.5, 5, 7.5], "texture": "#sandstone smooth"}
			}
		},
		{
			"from": [11.25, 12.75, 7.5],
			"to": [11.5, 13, 8.5],
			"faces": {
				"north": {"uv": [4.5, 3, 4.75, 3.25], "texture": "#sandstone smooth"},
				"east": {"uv": [7.5, 3, 8.5, 3.25], "texture": "#sandstone smooth"},
				"south": {"uv": [11.25, 3, 11.5, 3.25], "texture": "#sandstone smooth"},
				"west": {"uv": [7.5, 3, 8.5, 3.25], "texture": "#sandstone smooth"},
				"up": {"uv": [11.25, 7.5, 11.5, 8.5], "texture": "#sandstone smooth"},
				"down": {"uv": [4.75, 8.5, 4.5, 7.5], "texture": "#sandstone smooth"}
			}
		},
		{
			"from": [11.75, 12.75, 7.5],
			"to": [12, 13, 8.5],
			"faces": {
				"north": {"uv": [4, 3, 4.25, 3.25], "texture": "#sandstone smooth"},
				"east": {"uv": [7.5, 3, 8.5, 3.25], "texture": "#sandstone smooth"},
				"south": {"uv": [11.75, 3, 12, 3.25], "texture": "#sandstone smooth"},
				"west": {"uv": [7.5, 3, 8.5, 3.25], "texture": "#sandstone smooth"},
				"up": {"uv": [11.75, 7.5, 12, 8.5], "texture": "#sandstone smooth"},
				"down": {"uv": [4.25, 8.5, 4, 7.5], "texture": "#sandstone smooth"}
			}
		},
		{
			"from": [12.25, 12.75, 7.5],
			"to": [12.5, 13, 8.5],
			"faces": {
				"north": {"uv": [3.5, 3, 3.75, 3.25], "texture": "#sandstone smooth"},
				"east": {"uv": [7.5, 3, 8.5, 3.25], "texture": "#sandstone smooth"},
				"south": {"uv": [12.25, 3, 12.5, 3.25], "texture": "#sandstone smooth"},
				"west": {"uv": [7.5, 3, 8.5, 3.25], "texture": "#sandstone smooth"},
				"up": {"uv": [12.25, 7.5, 12.5, 8.5], "texture": "#sandstone smooth"},
				"down": {"uv": [3.75, 8.5, 3.5, 7.5], "texture": "#sandstone smooth"}
			}
		},
		{
			"from": [13.25, 12.75, 7.5],
			"to": [13.5, 13, 8.5],
			"faces": {
				"north": {"uv": [2.5, 3, 2.75, 3.25], "texture": "#sandstone smooth"},
				"east": {"uv": [7.5, 3, 8.5, 3.25], "texture": "#sandstone smooth"},
				"south": {"uv": [13.25, 3, 13.5, 3.25], "texture": "#sandstone smooth"},
				"west": {"uv": [7.5, 3, 8.5, 3.25], "texture": "#sandstone smooth"},
				"up": {"uv": [13.25, 7.5, 13.5, 8.5], "texture": "#sandstone smooth"},
				"down": {"uv": [2.75, 8.5, 2.5, 7.5], "texture": "#sandstone smooth"}
			}
		},
		{
			"from": [0.75, 8.75, 6.5],
			"to": [1, 9.75, 9.5],
			"faces": {
				"north": {"uv": [15, 6.25, 15.25, 7.25], "texture": "#sandstone smooth"},
				"east": {"uv": [6.5, 6.25, 9.5, 7.25], "texture": "#sandstone smooth"},
				"south": {"uv": [0.75, 6.25, 1, 7.25], "texture": "#sandstone smooth"},
				"west": {"uv": [6.5, 6.25, 9.5, 7.25], "texture": "#sandstone smooth"},
				"up": {"uv": [0.75, 6.5, 1, 9.5], "texture": "#sandstone smooth"},
				"down": {"uv": [15.25, 9.5, 15, 6.5], "texture": "#sandstone smooth"}
			}
		},
		{
			"from": [1.25, 8.75, 6.5],
			"to": [1.5, 9.75, 9.5],
			"faces": {
				"north": {"uv": [14.5, 6.25, 14.75, 7.25], "texture": "#sandstone smooth"},
				"east": {"uv": [6.5, 6.25, 9.5, 7.25], "texture": "#sandstone smooth"},
				"south": {"uv": [1.25, 6.25, 1.5, 7.25], "texture": "#sandstone smooth"},
				"west": {"uv": [6.5, 6.25, 9.5, 7.25], "texture": "#sandstone smooth"},
				"up": {"uv": [1.25, 6.5, 1.5, 9.5], "texture": "#sandstone smooth"},
				"down": {"uv": [14.75, 9.5, 14.5, 6.5], "texture": "#sandstone smooth"}
			}
		},
		{
			"from": [1.75, 8.75, 6.5],
			"to": [2, 9.75, 9.5],
			"faces": {
				"north": {"uv": [14, 6.25, 14.25, 7.25], "texture": "#sandstone smooth"},
				"east": {"uv": [6.5, 6.25, 9.5, 7.25], "texture": "#sandstone smooth"},
				"south": {"uv": [1.75, 6.25, 2, 7.25], "texture": "#sandstone smooth"},
				"west": {"uv": [6.5, 6.25, 9.5, 7.25], "texture": "#sandstone smooth"},
				"up": {"uv": [1.75, 6.5, 2, 9.5], "texture": "#sandstone smooth"},
				"down": {"uv": [14.25, 9.5, 14, 6.5], "texture": "#sandstone smooth"}
			}
		},
		{
			"from": [2.25, 8.75, 6.5],
			"to": [2.5, 9.75, 9.5],
			"faces": {
				"north": {"uv": [13.5, 6.25, 13.75, 7.25], "texture": "#sandstone smooth"},
				"east": {"uv": [6.5, 6.25, 9.5, 7.25], "texture": "#sandstone smooth"},
				"south": {"uv": [2.25, 6.25, 2.5, 7.25], "texture": "#sandstone smooth"},
				"west": {"uv": [6.5, 6.25, 9.5, 7.25], "texture": "#sandstone smooth"},
				"up": {"uv": [2.25, 6.5, 2.5, 9.5], "texture": "#sandstone smooth"},
				"down": {"uv": [13.75, 9.5, 13.5, 6.5], "texture": "#sandstone smooth"}
			}
		},
		{
			"from": [3.25, 8.75, 6.5],
			"to": [3.5, 9.75, 9.5],
			"faces": {
				"north": {"uv": [12.5, 6.25, 12.75, 7.25], "texture": "#sandstone smooth"},
				"east": {"uv": [6.5, 6.25, 9.5, 7.25], "texture": "#sandstone smooth"},
				"south": {"uv": [3.25, 6.25, 3.5, 7.25], "texture": "#sandstone smooth"},
				"west": {"uv": [6.5, 6.25, 9.5, 7.25], "texture": "#sandstone smooth"},
				"up": {"uv": [3.25, 6.5, 3.5, 9.5], "texture": "#sandstone smooth"},
				"down": {"uv": [12.75, 9.5, 12.5, 6.5], "texture": "#sandstone smooth"}
			}
		},
		{
			"from": [2.75, 8.75, 6.5],
			"to": [3, 9.75, 9.5],
			"faces": {
				"north": {"uv": [13, 6.25, 13.25, 7.25], "texture": "#sandstone smooth"},
				"east": {"uv": [6.5, 6.25, 9.5, 7.25], "texture": "#sandstone smooth"},
				"south": {"uv": [2.75, 6.25, 3, 7.25], "texture": "#sandstone smooth"},
				"west": {"uv": [6.5, 6.25, 9.5, 7.25], "texture": "#sandstone smooth"},
				"up": {"uv": [2.75, 6.5, 3, 9.5], "texture": "#sandstone smooth"},
				"down": {"uv": [13.25, 9.5, 13, 6.5], "texture": "#sandstone smooth"}
			}
		},
		{
			"from": [3.75, 8.75, 6.5],
			"to": [4, 9.75, 9.5],
			"faces": {
				"north": {"uv": [12, 6.25, 12.25, 7.25], "texture": "#sandstone smooth"},
				"east": {"uv": [6.5, 6.25, 9.5, 7.25], "texture": "#sandstone smooth"},
				"south": {"uv": [3.75, 6.25, 4, 7.25], "texture": "#sandstone smooth"},
				"west": {"uv": [6.5, 6.25, 9.5, 7.25], "texture": "#sandstone smooth"},
				"up": {"uv": [3.75, 6.5, 4, 9.5], "texture": "#sandstone smooth"},
				"down": {"uv": [12.25, 9.5, 12, 6.5], "texture": "#sandstone smooth"}
			}
		},
		{
			"from": [4.25, 8.75, 6.5],
			"to": [4.5, 9.75, 9.5],
			"faces": {
				"north": {"uv": [11.5, 6.25, 11.75, 7.25], "texture": "#sandstone smooth"},
				"east": {"uv": [6.5, 6.25, 9.5, 7.25], "texture": "#sandstone smooth"},
				"south": {"uv": [4.25, 6.25, 4.5, 7.25], "texture": "#sandstone smooth"},
				"west": {"uv": [6.5, 6.25, 9.5, 7.25], "texture": "#sandstone smooth"},
				"up": {"uv": [4.25, 6.5, 4.5, 9.5], "texture": "#sandstone smooth"},
				"down": {"uv": [11.75, 9.5, 11.5, 6.5], "texture": "#sandstone smooth"}
			}
		},
		{
			"from": [4.75, 8.75, 6.5],
			"to": [5, 9.75, 9.5],
			"faces": {
				"north": {"uv": [11, 6.25, 11.25, 7.25], "texture": "#sandstone smooth"},
				"east": {"uv": [6.5, 6.25, 9.5, 7.25], "texture": "#sandstone smooth"},
				"south": {"uv": [4.75, 6.25, 5, 7.25], "texture": "#sandstone smooth"},
				"west": {"uv": [6.5, 6.25, 9.5, 7.25], "texture": "#sandstone smooth"},
				"up": {"uv": [4.75, 6.5, 5, 9.5], "texture": "#sandstone smooth"},
				"down": {"uv": [11.25, 9.5, 11, 6.5], "texture": "#sandstone smooth"}
			}
		},
		{
			"from": [5.25, 8.75, 6.5],
			"to": [5.5, 9.75, 9.5],
			"faces": {
				"north": {"uv": [10.5, 6.25, 10.75, 7.25], "texture": "#sandstone smooth"},
				"east": {"uv": [6.5, 6.25, 9.5, 7.25], "texture": "#sandstone smooth"},
				"south": {"uv": [5.25, 6.25, 5.5, 7.25], "texture": "#sandstone smooth"},
				"west": {"uv": [6.5, 6.25, 9.5, 7.25], "texture": "#sandstone smooth"},
				"up": {"uv": [5.25, 6.5, 5.5, 9.5], "texture": "#sandstone smooth"},
				"down": {"uv": [10.75, 9.5, 10.5, 6.5], "texture": "#sandstone smooth"}
			}
		},
		{
			"from": [5.75, 8.75, 6.5],
			"to": [6, 9.75, 9.5],
			"faces": {
				"north": {"uv": [10, 6.25, 10.25, 7.25], "texture": "#sandstone smooth"},
				"east": {"uv": [6.5, 6.25, 9.5, 7.25], "texture": "#sandstone smooth"},
				"south": {"uv": [5.75, 6.25, 6, 7.25], "texture": "#sandstone smooth"},
				"west": {"uv": [6.5, 6.25, 9.5, 7.25], "texture": "#sandstone smooth"},
				"up": {"uv": [5.75, 6.5, 6, 9.5], "texture": "#sandstone smooth"},
				"down": {"uv": [10.25, 9.5, 10, 6.5], "texture": "#sandstone smooth"}
			}
		},
		{
			"from": [-0.75, 8.75, 6.5],
			"to": [-0.5, 9.75, 9.5],
			"faces": {
				"north": {"uv": [16, 6.25, 16, 7.25], "texture": "#sandstone smooth", "cullface": "west"},
				"east": {"uv": [6.5, 6.25, 9.5, 7.25], "texture": "#sandstone smooth", "cullface": "west"},
				"south": {"uv": [0, 6.25, 0, 7.25], "texture": "#sandstone smooth", "cullface": "west"},
				"west": {"uv": [6.5, 6.25, 9.5, 7.25], "texture": "#sandstone smooth", "cullface": "west"},
				"up": {"uv": [0, 6.5, 0, 9.5], "texture": "#sandstone smooth", "cullface": "west"},
				"down": {"uv": [16, 9.5, 16, 6.5], "texture": "#sandstone smooth", "cullface": "west"}
			}
		},
		{
			"from": [0.25, 8.75, 6.5],
			"to": [0.5, 9.75, 9.5],
			"faces": {
				"north": {"uv": [15.5, 6.25, 15.75, 7.25], "texture": "#sandstone smooth"},
				"east": {"uv": [6.5, 6.25, 9.5, 7.25], "texture": "#sandstone smooth"},
				"south": {"uv": [0.25, 6.25, 0.5, 7.25], "texture": "#sandstone smooth"},
				"west": {"uv": [6.5, 6.25, 9.5, 7.25], "texture": "#sandstone smooth"},
				"up": {"uv": [0.25, 6.5, 0.5, 9.5], "texture": "#sandstone smooth"},
				"down": {"uv": [15.75, 9.5, 15.5, 6.5], "texture": "#sandstone smooth"}
			}
		},
		{
			"from": [-0.25, 8.75, 6.5],
			"to": [0, 9.75, 9.5],
			"faces": {
				"north": {"uv": [16, 6.25, 16, 7.25], "texture": "#sandstone smooth", "cullface": "west"},
				"east": {"uv": [6.5, 6.25, 9.5, 7.25], "texture": "#sandstone smooth", "cullface": "west"},
				"south": {"uv": [0, 6.25, 0, 7.25], "texture": "#sandstone smooth", "cullface": "west"},
				"west": {"uv": [6.5, 6.25, 9.5, 7.25], "texture": "#sandstone smooth", "cullface": "west"},
				"up": {"uv": [0, 6.5, 0, 9.5], "texture": "#sandstone smooth", "cullface": "west"},
				"down": {"uv": [16, 9.5, 16, 6.5], "texture": "#sandstone smooth", "cullface": "west"}
			}
		},
		{
			"from": [13.75, 6, 7.75],
			"to": [14.75, 6.25, 8.25],
			"faces": {
				"north": {"uv": [1.25, 9.75, 2.25, 10], "texture": "#texture"},
				"east": {"uv": [7.75, 9.75, 8.25, 10], "texture": "#texture"},
				"south": {"uv": [13.75, 9.75, 14.75, 10], "texture": "#texture"},
				"west": {"uv": [7.75, 9.75, 8.25, 10], "texture": "#texture"},
				"up": {"uv": [13.75, 7.75, 14.75, 8.25], "texture": "#texture"},
				"down": {"uv": [2.25, 8.25, 1.25, 7.75], "texture": "#texture"}
			}
		},
		{
			"from": [13.75, 5.75, 7.75],
			"to": [14.5625, 6, 8.25],
			"faces": {
				"north": {"uv": [1.4375, 10, 2.25, 10.25], "texture": "#texture"},
				"east": {"uv": [7.75, 10, 8.25, 10.25], "texture": "#texture"},
				"south": {"uv": [13.75, 10, 14.5625, 10.25], "texture": "#texture"},
				"west": {"uv": [7.75, 10, 8.25, 10.25], "texture": "#texture"},
				"down": {"uv": [2.25, 8.25, 1.4375, 7.75], "texture": "#texture"}
			}
		},
		{
			"from": [16.25, 6.5, 7.75],
			"to": [17, 7.75, 8.25],
			"faces": {
				"north": {"uv": [0, 8.25, 0, 9.5], "texture": "#texture", "cullface": "east"},
				"east": {"uv": [7.75, 8.25, 8.25, 9.5], "texture": "#texture", "cullface": "east"},
				"south": {"uv": [16, 8.25, 16, 9.5], "texture": "#texture", "cullface": "east"},
				"west": {"uv": [7.75, 8.25, 8.25, 9.5], "texture": "#texture", "cullface": "east"}
			}
		}
	],
	"display": {
		"thirdperson_righthand": {
			"rotation": [-180, -90, -180],
			"translation": [0, -0.87, -3.74],
			"scale": [0.7, 0.7, 0.7]
		},
		"thirdperson_lefthand": {
			"rotation": [-180, 90, -180],
			"translation": [0, -1.12, -4.49],
			"scale": [0.7, 0.7, 0.7]
		},
		"firstperson_righthand": {
			"rotation": [4, -90, 0],
			"translation": [-3.4, 2.83, -2.46],
			"scale": [0.9, 0.9, 0.9]
		},
		"firstperson_lefthand": {
			"rotation": [4, 90, 0],
			"translation": [-4.72, 2.83, -2.46],
			"scale": [0.9, 0.9, 0.9]
		},
		"ground": {
			"rotation": [90, 0, 0]
		},
		"gui": {
			"rotation": [0, 0, -45],
			"translation": [-1.7, 1.51, 0],
			"scale": [0.5, 0.5, 0.5]
		},
		"head": {
			"translation": [-3.75, 0, 0]
		},
		"fixed": {
			"rotation": [0, 180, -45],
			"translation": [2.6, 1.4, -1.1],
			"scale": [1.5, 1.5, 1.5]
		}
	}
}