{
	"credit": "Made with Blockbench",
	"textures": {
		"0": "3dguns/blocks/cauldron_side",
		"1": "3dguns/blocks/dropper_front_vertical",
		"particle": "3dguns/blocks/cauldron_side"
	},
	"elements": [
		{
			"from": [8, 8, -16],
			"to": [8.5, 8.1, -15],
			"rotation": {"angle": 0, "axis": "y", "origin": [16, 16, -8]},
			"faces": {
				"north": {"uv": [6, 0, 7, 1], "texture": "#1"},
				"east": {"uv": [6, 0, 7, 1], "texture": "#1"},
				"south": {"uv": [6, 0, 7, 1], "texture": "#1"},
				"west": {"uv": [6, 0, 7, 1], "texture": "#1"},
				"up": {"uv": [6, 0, 7, 1], "texture": "#1"},
				"down": {"uv": [6, 0, 7, 1], "texture": "#1"}
			}
		},
		{
			"from": [8, 8, -14],
			"to": [8.5, 8.1, -13],
			"rotation": {"angle": 0, "axis": "y", "origin": [16, 16, -6]},
			"faces": {
				"north": {"uv": [6, 0, 7, 1], "texture": "#1"},
				"east": {"uv": [6, 0, 7, 1], "texture": "#1"},
				"south": {"uv": [6, 0, 7, 1], "texture": "#1"},
				"west": {"uv": [6, 0, 7, 1], "texture": "#1"},
				"up": {"uv": [6, 0, 7, 1], "texture": "#1"},
				"down": {"uv": [6, 0, 7, 1], "texture": "#1"}
			}
		},
		{
			"from": [8, 8, -13.3],
			"to": [8.5, 8.3, -13],
			"rotation": {"angle": 0, "axis": "y", "origin": [16, 16, -6]},
			"faces": {
				"north": {"uv": [6, 0, 7, 1], "texture": "#1"},
				"east": {"uv": [6, 0, 7, 1], "texture": "#1"},
				"south": {"uv": [6, 0, 7, 1], "texture": "#1"},
				"west": {"uv": [6, 0, 7, 1], "texture": "#1"},
				"up": {"uv": [6, 0, 7, 1], "texture": "#1"},
				"down": {"uv": [6, 0, 7, 1], "texture": "#1"}
			}
		},
		{
			"from": [8, 8, -12.8],
			"to": [8.5, 8.3, -12.5],
			"rotation": {"angle": 0, "axis": "y", "origin": [16, 16, -5.5]},
			"faces": {
				"north": {"uv": [6, 0, 7, 1], "texture": "#1"},
				"east": {"uv": [6, 0, 7, 1], "texture": "#1"},
				"south": {"uv": [6, 0, 7, 1], "texture": "#1"},
				"west": {"uv": [6, 0, 7, 1], "texture": "#1"},
				"up": {"uv": [6, 0, 7, 1], "texture": "#1"},
				"down": {"uv": [6, 0, 7, 1], "texture": "#1"}
			}
		},
		{
			"from": [8, 8, -12.3],
			"to": [8.5, 8.3, -12],
			"rotation": {"angle": 0, "axis": "y", "origin": [16, 16, -5]},
			"faces": {
				"north": {"uv": [6, 0, 7, 1], "texture": "#1"},
				"east": {"uv": [6, 0, 7, 1], "texture": "#1"},
				"south": {"uv": [6, 0, 7, 1], "texture": "#1"},
				"west": {"uv": [6, 0, 7, 1], "texture": "#1"},
				"up": {"uv": [6, 0, 7, 1], "texture": "#1"},
				"down": {"uv": [6, 0, 7, 1], "texture": "#1"}
			}
		},
		{
			"from": [7.9, 8.4, -13.1],
			"to": [8.6, 9.1, -9.7],
			"rotation": {"angle": 0, "axis": "y", "origin": [16, 16.3, -5]},
			"faces": {
				"north": {"uv": [0, 0, 0.4, 0.9], "texture": "#1"},
				"east": {"uv": [0, 0, 0.4, 0.9], "texture": "#1"},
				"south": {"uv": [0, 0, 0.4, 0.9], "texture": "#1"},
				"west": {"uv": [0, 0, 0.4, 0.9], "texture": "#1"},
				"up": {"uv": [0, 0, 0.4, 0.9], "texture": "#1"},
				"down": {"uv": [0, 0, 0.4, 0.9], "texture": "#1"}
			}
		},
		{
			"from": [7.8, 8.3, -9.7],
			"to": [8.7, 9.2, -3.3],
			"rotation": {"angle": 0, "axis": "y", "origin": [16, 16.3, -1.6]},
			"faces": {
				"north": {"uv": [6, 0, 7, 1], "texture": "#1"},
				"east": {"uv": [6, 0, 7, 1], "texture": "#1"},
				"south": {"uv": [6, 0, 7, 1], "texture": "#1"},
				"west": {"uv": [6, 0, 7, 1], "texture": "#1"},
				"up": {"uv": [6, 0, 7, 1], "texture": "#1"},
				"down": {"uv": [6, 0, 7, 1], "texture": "#1"}
			}
		},
		{
			"from": [7.8, 8.3, 16.3],
			"to": [8.7, 9.2, 22.7],
			"rotation": {"angle": 0, "axis": "y", "origin": [16, 16.3, 24.4]},
			"faces": {
				"north": {"uv": [0, 0, 0.4, 0.9], "texture": "#1"},
				"east": {"uv": [0, 0, 0.4, 0.9], "texture": "#1"},
				"south": {"uv": [0, 0, 0.4, 0.9], "texture": "#1"},
				"west": {"uv": [0, 0, 0.4, 0.9], "texture": "#1"},
				"up": {"uv": [0, 0, 0.4, 0.9], "texture": "#1"},
				"down": {"uv": [0, 0, 0.4, 0.9], "texture": "#1"}
			}
		},
		{
			"from": [7.8, 7, 16.3],
			"to": [8.7, 7.9, 22.7],
			"rotation": {"angle": 0, "axis": "y", "origin": [16, 15, 24.4]},
			"faces": {
				"north": {"uv": [0, 0, 0.4, 0.9], "texture": "#1"},
				"east": {"uv": [0, 0, 0.4, 0.9], "texture": "#1"},
				"south": {"uv": [0, 0, 0.4, 0.9], "texture": "#1"},
				"west": {"uv": [0, 0, 0.4, 0.9], "texture": "#1"},
				"up": {"uv": [0, 0, 0.4, 0.9], "texture": "#1"},
				"down": {"uv": [0, 0, 0.4, 0.9], "texture": "#1"}
			}
		},
		{
			"from": [7.7, 6.3, -5.7],
			"to": [8.8, 7.6, -3.3],
			"rotation": {"angle": 0, "axis": "y", "origin": [16, 14.5, -1.6]},
			"faces": {
				"north": {"uv": [6, 0, 7, 1], "texture": "#1"},
				"east": {"uv": [6, 0, 7, 1], "texture": "#1"},
				"south": {"uv": [6, 0, 7, 1], "texture": "#1"},
				"west": {"uv": [6, 0, 7, 1], "texture": "#1"},
				"up": {"uv": [6, 0, 7, 1], "texture": "#1"},
				"down": {"uv": [6, 0, 7, 1], "texture": "#1"}
			}
		},
		{
			"from": [7.8, 6.5, -8.1],
			"to": [8.7, 7.4, -5.7],
			"rotation": {"angle": 0, "axis": "y", "origin": [16, 14.5, -4]},
			"faces": {
				"north": {"uv": [0, 0, 0.4, 0.9], "texture": "#1"},
				"east": {"uv": [0, 0, 0.4, 0.9], "texture": "#1"},
				"south": {"uv": [0, 0, 0.4, 0.9], "texture": "#1"},
				"west": {"uv": [0, 0, 0.4, 0.9], "texture": "#1"},
				"up": {"uv": [0, 0, 0.4, 0.9], "texture": "#1"},
				"down": {"uv": [0, 0, 0.4, 0.9], "texture": "#1"}
			}
		},
		{
			"from": [7.8, 8.5, -13.1],
			"to": [8.7, 9, -9.7],
			"rotation": {"angle": 0, "axis": "y", "origin": [16, 16.3, -5]},
			"faces": {
				"north": {"uv": [0, 0, 0.4, 0], "texture": "#1"},
				"east": {"uv": [0, 0, 0.4, 0], "texture": "#1"},
				"south": {"uv": [0, 0, 0.4, 0], "texture": "#1"},
				"west": {"uv": [0, 0, 0.4, 0], "texture": "#1"},
				"up": {"uv": [0, 0, 0.4, 0], "texture": "#1"},
				"down": {"uv": [0, 0, 0.4, 0], "texture": "#1"}
			}
		},
		{
			"from": [7.7, 8.4, -9.7],
			"to": [8.8, 9.1, -3.3],
			"rotation": {"angle": 0, "axis": "y", "origin": [16, 16.3, -1.6]},
			"faces": {
				"north": {"uv": [6, 0, 7, 1], "texture": "#1"},
				"east": {"uv": [6, 0, 7, 1], "texture": "#1"},
				"south": {"uv": [6, 0, 7, 1], "texture": "#1"},
				"west": {"uv": [6, 0, 7, 1], "texture": "#1"},
				"up": {"uv": [6, 0, 7, 1], "texture": "#1"},
				"down": {"uv": [6, 0, 7, 1], "texture": "#1"}
			}
		},
		{
			"from": [7.7, 8.4, 16.3],
			"to": [8.8, 9.1, 22.7],
			"rotation": {"angle": 0, "axis": "y", "origin": [16, 16.3, 24.4]},
			"faces": {
				"north": {"uv": [0, 0, 0.4, 0.9], "texture": "#1"},
				"east": {"uv": [0, 0, 0.4, 0.9], "texture": "#1"},
				"south": {"uv": [0, 0, 0.4, 0.9], "texture": "#1"},
				"west": {"uv": [0, 0, 0.4, 0.9], "texture": "#1"},
				"up": {"uv": [0, 0, 0.4, 0.9], "texture": "#1"},
				"down": {"uv": [0, 0, 0.4, 0.9], "texture": "#1"}
			}
		},
		{
			"from": [7.7, 7.1, 16.3],
			"to": [8.8, 7.8, 22.7],
			"rotation": {"angle": 0, "axis": "y", "origin": [16, 15, 24.4]},
			"faces": {
				"north": {"uv": [0, 0, 0.4, 0.9], "texture": "#1"},
				"east": {"uv": [0, 0, 0.4, 0.9], "texture": "#1"},
				"south": {"uv": [0, 0, 0.4, 0.9], "texture": "#1"},
				"west": {"uv": [0, 0, 0.4, 0.9], "texture": "#1"},
				"up": {"uv": [0, 0, 0.4, 0.9], "texture": "#1"},
				"down": {"uv": [0, 0, 0.4, 0.9], "texture": "#1"}
			}
		},
		{
			"from": [7.6, 6.4, -5.7],
			"to": [8.9, 7.5, -3.3],
			"rotation": {"angle": 0, "axis": "y", "origin": [16, 14.5, -1.6]},
			"faces": {
				"north": {"uv": [6, 0, 7, 1], "texture": "#1"},
				"east": {"uv": [6, 0, 7, 1], "texture": "#1"},
				"south": {"uv": [6, 0, 7, 1], "texture": "#1"},
				"west": {"uv": [6, 0, 7, 1], "texture": "#1"},
				"up": {"uv": [6, 0, 7, 1], "texture": "#1"},
				"down": {"uv": [6, 0, 7, 1], "texture": "#1"}
			}
		},
		{
			"from": [8, 5.7, -3.3],
			"to": [8.5, 9.8, -3],
			"rotation": {"angle": 0, "axis": "y", "origin": [16, 14.5, 0.8]},
			"faces": {
				"north": {"uv": [0, 0, 0.4, 0], "texture": "#1"},
				"east": {"uv": [0, 0, 0.4, 0], "texture": "#1"},
				"south": {"uv": [0, 0, 0.4, 0], "texture": "#1"},
				"west": {"uv": [0, 0, 0.4, 0], "texture": "#1"},
				"up": {"uv": [0, 0, 0.4, 0], "texture": "#1"},
				"down": {"uv": [0, 0, 0.4, 0], "texture": "#1"}
			}
		},
		{
			"from": [8, 5.7, 4.3],
			"to": [8.5, 9.8, 4.6],
			"rotation": {"angle": 0, "axis": "y", "origin": [16, 14.5, 8.4]},
			"faces": {
				"north": {"uv": [0, 0, 0.4, 0], "texture": "#1"},
				"east": {"uv": [0, 0, 0.4, 0], "texture": "#1"},
				"south": {"uv": [0, 0, 0.4, 0], "texture": "#1"},
				"west": {"uv": [0, 0, 0.4, 0], "texture": "#1"},
				"up": {"uv": [0, 0, 0.4, 0], "texture": "#1"},
				"down": {"uv": [0, 0, 0.4, 0], "texture": "#1"}
			}
		},
		{
			"from": [8, 5.7, -3],
			"to": [8.5, 9.8, 4.3],
			"rotation": {"angle": 0, "axis": "y", "origin": [16, 14.5, 1.1]},
			"faces": {
				"north": {"uv": [1, 8, 3.5, 15.3], "texture": "#0"},
				"east": {"uv": [1, 8, 3.5, 15.3], "texture": "#0"},
				"south": {"uv": [1, 8, 3.5, 15.3], "texture": "#0"},
				"west": {"uv": [1, 8, 3.5, 15.3], "texture": "#0"},
				"up": {"uv": [1, 8, 3.5, 15.3], "texture": "#0"},
				"down": {"uv": [1, 8, 3.5, 15.3], "texture": "#0"}
			}
		},
		{
			"from": [7.8, 5.8, -3.3],
			"to": [8.7, 9.7, -3],
			"rotation": {"angle": 0, "axis": "y", "origin": [16, 14.5, 0.8]},
			"faces": {
				"north": {"uv": [0, 0, 0.4, 0], "texture": "#1"},
				"east": {"uv": [0, 0, 0.4, 0], "texture": "#1"},
				"south": {"uv": [0, 0, 0.4, 0], "texture": "#1"},
				"west": {"uv": [0, 0, 0.4, 0], "texture": "#1"},
				"up": {"uv": [0, 0, 0.4, 0], "texture": "#1"},
				"down": {"uv": [0, 0, 0.4, 0], "texture": "#1"}
			}
		},
		{
			"from": [7.8, 5.8, 4.3],
			"to": [8.7, 9.7, 4.6],
			"rotation": {"angle": 0, "axis": "y", "origin": [16, 14.5, 8.4]},
			"faces": {
				"north": {"uv": [0, 0, 0.4, 0], "texture": "#1"},
				"east": {"uv": [0, 0, 0.4, 0], "texture": "#1"},
				"south": {"uv": [0, 0, 0.4, 0], "texture": "#1"},
				"west": {"uv": [0, 0, 0.4, 0], "texture": "#1"},
				"up": {"uv": [0, 0, 0.4, 0], "texture": "#1"},
				"down": {"uv": [0, 0, 0.4, 0], "texture": "#1"}
			}
		},
		{
			"from": [7.8, 5.8, -3],
			"to": [8.7, 9.7, 4.3],
			"rotation": {"angle": 0, "axis": "y", "origin": [16, 14.5, 1.1]},
			"faces": {
				"north": {"uv": [1, 8, 3.5, 15.3], "texture": "#0"},
				"east": {"uv": [1, 8, 3.5, 15.3], "texture": "#0"},
				"south": {"uv": [1, 8, 3.5, 15.3], "texture": "#0"},
				"west": {"uv": [1, 8, 3.5, 15.3], "texture": "#0"},
				"up": {"uv": [1, 8, 3.5, 15.3], "texture": "#0"},
				"down": {"uv": [1, 8, 3.5, 15.3], "texture": "#0"}
			}
		},
		{
			"from": [7.7, 5.9, -3.3],
			"to": [8.8, 9.6, -3],
			"rotation": {"angle": 0, "axis": "y", "origin": [16, 14.5, 0.8]},
			"faces": {
				"north": {"uv": [0, 0, 0.4, 0], "texture": "#1"},
				"east": {"uv": [0, 0, 0.4, 0], "texture": "#1"},
				"south": {"uv": [0, 0, 0.4, 0], "texture": "#1"},
				"west": {"uv": [0, 0, 0.4, 0], "texture": "#1"},
				"up": {"uv": [0, 0, 0.4, 0], "texture": "#1"},
				"down": {"uv": [0, 0, 0.4, 0], "texture": "#1"}
			}
		},
		{
			"from": [7.7, 5.9, 4.3],
			"to": [8.8, 9.6, 4.6],
			"rotation": {"angle": 0, "axis": "y", "origin": [16, 14.5, 8.4]},
			"faces": {
				"north": {"uv": [0, 0, 0.4, 0], "texture": "#1"},
				"east": {"uv": [0, 0, 0.4, 0], "texture": "#1"},
				"south": {"uv": [0, 0, 0.4, 0], "texture": "#1"},
				"west": {"uv": [0, 0, 0.4, 0], "texture": "#1"},
				"up": {"uv": [0, 0, 0.4, 0], "texture": "#1"},
				"down": {"uv": [0, 0, 0.4, 0], "texture": "#1"}
			}
		},
		{
			"from": [7.7, 5.9, -3],
			"to": [8.8, 9.6, 4.3],
			"rotation": {"angle": 0, "axis": "y", "origin": [16, 14.5, 1.1]},
			"faces": {
				"north": {"uv": [1, 8, 3.5, 15.3], "texture": "#0"},
				"east": {"uv": [1, 8, 3.5, 15.3], "texture": "#0"},
				"south": {"uv": [1, 8, 3.5, 15.3], "texture": "#0"},
				"west": {"uv": [1, 8, 3.5, 15.3], "texture": "#0"},
				"up": {"uv": [1, 8, 3.5, 15.3], "texture": "#0"},
				"down": {"uv": [1, 8, 3.5, 15.3], "texture": "#0"}
			}
		},
		{
			"from": [7.5, 6.4, -3.3],
			"to": [9, 9.1, -3],
			"rotation": {"angle": 0, "axis": "y", "origin": [16, 14.5, 0.8]},
			"faces": {
				"north": {"uv": [0, 0, 0.4, 0], "texture": "#1"},
				"east": {"uv": [0, 0, 0.4, 0], "texture": "#1"},
				"south": {"uv": [0, 0, 0.4, 0], "texture": "#1"},
				"west": {"uv": [0, 0, 0.4, 0], "texture": "#1"},
				"up": {"uv": [0, 0, 0.4, 0], "texture": "#1"},
				"down": {"uv": [0, 0, 0.4, 0], "texture": "#1"}
			}
		},
		{
			"from": [7.5, 6.4, 4.3],
			"to": [9, 9.1, 4.6],
			"rotation": {"angle": 0, "axis": "y", "origin": [16, 14.5, 8.4]},
			"faces": {
				"north": {"uv": [0, 0, 0.4, 0], "texture": "#1"},
				"east": {"uv": [0, 0, 0.4, 0], "texture": "#1"},
				"south": {"uv": [0, 0, 0.4, 0], "texture": "#1"},
				"west": {"uv": [0, 0, 0.4, 0], "texture": "#1"},
				"up": {"uv": [0, 0, 0.4, 0], "texture": "#1"},
				"down": {"uv": [0, 0, 0.4, 0], "texture": "#1"}
			}
		},
		{
			"from": [7.5, 6.4, -3],
			"to": [9, 9.1, 4.3],
			"rotation": {"angle": 0, "axis": "y", "origin": [16, 14.5, 1.1]},
			"faces": {
				"north": {"uv": [1, 8, 3.5, 15.3], "texture": "#0"},
				"east": {"uv": [1, 8, 3.5, 15.3], "texture": "#0"},
				"south": {"uv": [1, 8, 3.5, 15.3], "texture": "#0"},
				"west": {"uv": [1, 8, 3.5, 15.3], "texture": "#0"},
				"up": {"uv": [1, 8, 3.5, 15.3], "texture": "#0"},
				"down": {"uv": [1, 8, 3.5, 15.3], "texture": "#0"}
			}
		},
		{
			"from": [7.6, 6.1, -3.3],
			"to": [8.9, 9.4, -3],
			"rotation": {"angle": 0, "axis": "y", "origin": [16, 14.5, 0.8]},
			"faces": {
				"north": {"uv": [0, 0, 0.4, 0], "texture": "#1"},
				"east": {"uv": [0, 0, 0.4, 0], "texture": "#1"},
				"south": {"uv": [0, 0, 0.4, 0], "texture": "#1"},
				"west": {"uv": [0, 0, 0.4, 0], "texture": "#1"},
				"up": {"uv": [0, 0, 0.4, 0], "texture": "#1"},
				"down": {"uv": [0, 0, 0.4, 0], "texture": "#1"}
			}
		},
		{
			"from": [7.6, 6.1, 4.3],
			"to": [8.9, 9.4, 4.6],
			"rotation": {"angle": 0, "axis": "y", "origin": [16, 14.5, 8.4]},
			"faces": {
				"north": {"uv": [0, 0, 0.4, 0], "texture": "#1"},
				"east": {"uv": [0, 0, 0.4, 0], "texture": "#1"},
				"south": {"uv": [0, 0, 0.4, 0], "texture": "#1"},
				"west": {"uv": [0, 0, 0.4, 0], "texture": "#1"},
				"up": {"uv": [0, 0, 0.4, 0], "texture": "#1"},
				"down": {"uv": [0, 0, 0.4, 0], "texture": "#1"}
			}
		},
		{
			"from": [7.6, 6.1, -3],
			"to": [8.9, 9.4, 4.3],
			"rotation": {"angle": 0, "axis": "y", "origin": [16, 14.5, 1.1]},
			"faces": {
				"north": {"uv": [1, 8, 3.5, 15.3], "texture": "#0"},
				"east": {"uv": [1, 8, 3.5, 15.3], "texture": "#0"},
				"south": {"uv": [1, 8, 3.5, 15.3], "texture": "#0"},
				"west": {"uv": [1, 8, 3.5, 15.3], "texture": "#0"},
				"up": {"uv": [1, 8, 3.5, 15.3], "texture": "#0"},
				"down": {"uv": [1, 8, 3.5, 15.3], "texture": "#0"}
			}
		},
		{
			"from": [7.7, 6.6, -8.1],
			"to": [8.8, 7.3, -5.7],
			"rotation": {"angle": 0, "axis": "y", "origin": [16, 14.5, -4]},
			"faces": {
				"north": {"uv": [0, 0, 0.4, 0.9], "texture": "#1"},
				"east": {"uv": [0, 0, 0.4, 0.9], "texture": "#1"},
				"south": {"uv": [0, 0, 0.4, 0.9], "texture": "#1"},
				"west": {"uv": [0, 0, 0.4, 0.9], "texture": "#1"},
				"up": {"uv": [0, 0, 0.4, 0.9], "texture": "#1"},
				"down": {"uv": [0, 0, 0.4, 0.9], "texture": "#1"}
			}
		},
		{
			"from": [7.8, 6.4, -8.5],
			"to": [8.7, 6.6, -7.8],
			"rotation": {"angle": 0, "axis": "y", "origin": [16, 14.5, -4.4]},
			"faces": {
				"north": {"uv": [0, 0, 0.4, 0.9], "texture": "#1"},
				"east": {"uv": [0, 0, 0.4, 0.9], "texture": "#1"},
				"south": {"uv": [0, 0, 0.4, 0.9], "texture": "#1"},
				"west": {"uv": [0, 0, 0.4, 0.9], "texture": "#1"},
				"up": {"uv": [0, 0, 0.4, 0.9], "texture": "#1"},
				"down": {"uv": [0, 0, 0.4, 0.9], "texture": "#1"}
			}
		},
		{
			"from": [7.8, 1.2, 0.3],
			"to": [8.7, 1.4, 1],
			"rotation": {"angle": 0, "axis": "y", "origin": [16, 9.3, 4.4]},
			"faces": {
				"north": {"uv": [6, 0, 7, 1], "texture": "#1"},
				"east": {"uv": [6, 0, 7, 1], "texture": "#1"},
				"south": {"uv": [6, 0, 7, 1], "texture": "#1"},
				"west": {"uv": [6, 0, 7, 1], "texture": "#1"},
				"up": {"uv": [6, 0, 7, 1], "texture": "#1"},
				"down": {"uv": [6, 0, 7, 1], "texture": "#1"}
			}
		},
		{
			"from": [8, 3.9, 9.9],
			"to": [8.5, 4.4, 12.4],
			"rotation": {"angle": 0, "axis": "y", "origin": [16, 12.1, 15.7]},
			"faces": {
				"north": {"uv": [0, 0, 0.4, 0], "texture": "#1"},
				"east": {"uv": [0, 0, 0.4, 0], "texture": "#1"},
				"south": {"uv": [0, 0, 0.4, 0], "texture": "#1"},
				"west": {"uv": [0, 0, 0.4, 0], "texture": "#1"},
				"up": {"uv": [0, 0, 0.4, 0], "texture": "#1"},
				"down": {"uv": [0, 0, 0.4, 0], "texture": "#1"}
			}
		},
		{
			"from": [8, 7.3, 10.55],
			"to": [8.5, 9.8, 11.05],
			"rotation": {"angle": -22.5, "axis": "x", "origin": [16, 4, 18.75]},
			"faces": {
				"north": {"uv": [0, 0, 0.4, 0], "rotation": 270, "texture": "#1"},
				"east": {"uv": [0, 0, 0.4, 0], "rotation": 270, "texture": "#1"},
				"south": {"uv": [0, 0, 0.4, 0], "rotation": 270, "texture": "#1"},
				"west": {"uv": [0, 0, 0.4, 0], "rotation": 270, "texture": "#1"},
				"up": {"uv": [0, 0, 0.4, 0], "rotation": 270, "texture": "#1"},
				"down": {"uv": [0, 0, 0.4, 0], "rotation": 270, "texture": "#1"}
			}
		},
		{
			"from": [7.3, 6.5, -2.7],
			"to": [9.2, 7.8, -2],
			"rotation": {"angle": 0, "axis": "y", "origin": [16, 14.6, 1.4]},
			"faces": {
				"north": {"uv": [7, 7, 8, 8], "texture": "#1"},
				"east": {"uv": [7, 7, 8, 8], "texture": "#1"},
				"south": {"uv": [7, 7, 8, 8], "texture": "#1"},
				"west": {"uv": [7, 7, 8, 8], "texture": "#1"},
				"up": {"uv": [7, 7, 8, 8], "texture": "#1"},
				"down": {"uv": [7, 7, 8, 8], "texture": "#1"}
			}
		},
		{
			"from": [7.3, 6.5, -0.7],
			"to": [9.2, 7.8, 0],
			"rotation": {"angle": 0, "axis": "y", "origin": [16, 14.6, 3.4]},
			"faces": {
				"north": {"uv": [7, 7, 8, 8], "texture": "#1"},
				"east": {"uv": [7, 7, 8, 8], "texture": "#1"},
				"south": {"uv": [7, 7, 8, 8], "texture": "#1"},
				"west": {"uv": [7, 7, 8, 8], "texture": "#1"},
				"up": {"uv": [7, 7, 8, 8], "texture": "#1"},
				"down": {"uv": [7, 7, 8, 8], "texture": "#1"}
			}
		},
		{
			"from": [7.3, 6.5, 1.3],
			"to": [9.2, 7.8, 2],
			"rotation": {"angle": 0, "axis": "y", "origin": [16, 14.6, 5.4]},
			"faces": {
				"north": {"uv": [7, 7, 8, 8], "texture": "#1"},
				"east": {"uv": [7, 7, 8, 8], "texture": "#1"},
				"south": {"uv": [7, 7, 8, 8], "texture": "#1"},
				"west": {"uv": [7, 7, 8, 8], "texture": "#1"},
				"up": {"uv": [7, 7, 8, 8], "texture": "#1"},
				"down": {"uv": [7, 7, 8, 8], "texture": "#1"}
			}
		},
		{
			"from": [7.3, 6.5, -1.7],
			"to": [9.2, 7.8, -1],
			"rotation": {"angle": 0, "axis": "y", "origin": [16, 14.6, 2.4]},
			"faces": {
				"north": {"uv": [7, 7, 8, 8], "texture": "#1"},
				"east": {"uv": [7, 7, 8, 8], "texture": "#1"},
				"south": {"uv": [7, 7, 8, 8], "texture": "#1"},
				"west": {"uv": [7, 7, 8, 8], "texture": "#1"},
				"up": {"uv": [7, 7, 8, 8], "texture": "#1"},
				"down": {"uv": [7, 7, 8, 8], "texture": "#1"}
			}
		},
		{
			"from": [7.3, 6.5, 0.3],
			"to": [9.2, 7.8, 1],
			"rotation": {"angle": 0, "axis": "y", "origin": [16, 14.6, 4.4]},
			"faces": {
				"north": {"uv": [7, 7, 8, 8], "texture": "#1"},
				"east": {"uv": [7, 7, 8, 8], "texture": "#1"},
				"south": {"uv": [7, 7, 8, 8], "texture": "#1"},
				"west": {"uv": [7, 7, 8, 8], "texture": "#1"},
				"up": {"uv": [7, 7, 8, 8], "texture": "#1"},
				"down": {"uv": [7, 7, 8, 8], "texture": "#1"}
			}
		},
		{
			"from": [7.3, 6.5, 2.3],
			"to": [9.2, 7.8, 3],
			"rotation": {"angle": 0, "axis": "y", "origin": [16, 14.6, 6.4]},
			"faces": {
				"north": {"uv": [7, 7, 8, 8], "texture": "#1"},
				"east": {"uv": [7, 7, 8, 8], "texture": "#1"},
				"south": {"uv": [7, 7, 8, 8], "texture": "#1"},
				"west": {"uv": [7, 7, 8, 8], "texture": "#1"},
				"up": {"uv": [7, 7, 8, 8], "texture": "#1"},
				"down": {"uv": [7, 7, 8, 8], "texture": "#1"}
			}
		},
		{
			"from": [7.3, 6.5, 3.3],
			"to": [9.2, 7.8, 4],
			"rotation": {"angle": 0, "axis": "y", "origin": [16, 14.6, 7.4]},
			"faces": {
				"north": {"uv": [7, 7, 8, 8], "texture": "#1"},
				"east": {"uv": [7, 7, 8, 8], "texture": "#1"},
				"south": {"uv": [7, 7, 8, 8], "texture": "#1"},
				"west": {"uv": [7, 7, 8, 8], "texture": "#1"},
				"up": {"uv": [7, 7, 8, 8], "texture": "#1"},
				"down": {"uv": [7, 7, 8, 8], "texture": "#1"}
			}
		},
		{
			"from": [7.2, 8.4, 9.3],
			"to": [9.3, 9.8, 9.5],
			"rotation": {"angle": 0, "axis": "y", "origin": [16, 16.5, 13.4]},
			"faces": {
				"north": {"uv": [0, 0, 0.4, 0], "texture": "#1"},
				"east": {"uv": [0, 0, 0.4, 0], "texture": "#1"},
				"south": {"uv": [0, 0, 0.4, 0], "texture": "#1"},
				"west": {"uv": [0, 0, 0.4, 0], "texture": "#1"},
				"up": {"uv": [0, 0, 0.4, 0], "texture": "#1"},
				"down": {"uv": [0, 0, 0.4, 0], "texture": "#1"}
			}
		},
		{
			"from": [7.2, 8.4, 10.5],
			"to": [9.3, 9.8, 10.7],
			"rotation": {"angle": 0, "axis": "y", "origin": [16, 16.5, 14.6]},
			"faces": {
				"north": {"uv": [0, 0, 0.4, 0], "texture": "#1"},
				"east": {"uv": [0, 0, 0.4, 0], "texture": "#1"},
				"south": {"uv": [0, 0, 0.4, 0], "texture": "#1"},
				"west": {"uv": [0, 0, 0.4, 0], "texture": "#1"},
				"up": {"uv": [0, 0, 0.4, 0], "texture": "#1"},
				"down": {"uv": [0, 0, 0.4, 0], "texture": "#1"}
			}
		},
		{
			"from": [7.2, 8.4, 9.9],
			"to": [9.3, 9.8, 10.1],
			"rotation": {"angle": 0, "axis": "y", "origin": [16, 16.5, 14]},
			"faces": {
				"north": {"uv": [0, 0, 0.4, 0], "texture": "#1"},
				"east": {"uv": [0, 0, 0.4, 0], "texture": "#1"},
				"south": {"uv": [0, 0, 0.4, 0], "texture": "#1"},
				"west": {"uv": [0, 0, 0.4, 0], "texture": "#1"},
				"up": {"uv": [0, 0, 0.4, 0], "texture": "#1"},
				"down": {"uv": [0, 0, 0.4, 0], "texture": "#1"}
			}
		},
		{
			"from": [7.2, 8.4, 11.1],
			"to": [9.3, 9.8, 11.3],
			"rotation": {"angle": 0, "axis": "y", "origin": [16, 16.5, 15.2]},
			"faces": {
				"north": {"uv": [0, 0, 0.4, 0], "texture": "#1"},
				"east": {"uv": [0, 0, 0.4, 0], "texture": "#1"},
				"south": {"uv": [0, 0, 0.4, 0], "texture": "#1"},
				"west": {"uv": [0, 0, 0.4, 0], "texture": "#1"},
				"up": {"uv": [0, 0, 0.4, 0], "texture": "#1"},
				"down": {"uv": [0, 0, 0.4, 0], "texture": "#1"}
			}
		},
		{
			"from": [7.2, 8.4, 9.6],
			"to": [9.3, 9.8, 9.8],
			"rotation": {"angle": 0, "axis": "y", "origin": [16, 16.5, 13.7]},
			"faces": {
				"north": {"uv": [0, 0, 0.4, 0], "texture": "#1"},
				"east": {"uv": [0, 0, 0.4, 0], "texture": "#1"},
				"south": {"uv": [0, 0, 0.4, 0], "texture": "#1"},
				"west": {"uv": [0, 0, 0.4, 0], "texture": "#1"},
				"up": {"uv": [0, 0, 0.4, 0], "texture": "#1"},
				"down": {"uv": [0, 0, 0.4, 0], "texture": "#1"}
			}
		},
		{
			"from": [7.2, 8.4, 10.8],
			"to": [9.3, 9.8, 11],
			"rotation": {"angle": 0, "axis": "y", "origin": [16, 16.5, 14.9]},
			"faces": {
				"north": {"uv": [0, 0, 0.4, 0], "texture": "#1"},
				"east": {"uv": [0, 0, 0.4, 0], "texture": "#1"},
				"south": {"uv": [0, 0, 0.4, 0], "texture": "#1"},
				"west": {"uv": [0, 0, 0.4, 0], "texture": "#1"},
				"up": {"uv": [0, 0, 0.4, 0], "texture": "#1"},
				"down": {"uv": [0, 0, 0.4, 0], "texture": "#1"}
			}
		},
		{
			"from": [7.2, 8.4, 10.2],
			"to": [9.3, 9.8, 10.4],
			"rotation": {"angle": 0, "axis": "y", "origin": [16, 16.5, 14.3]},
			"faces": {
				"north": {"uv": [0, 0, 0.4, 0], "texture": "#1"},
				"east": {"uv": [0, 0, 0.4, 0], "texture": "#1"},
				"south": {"uv": [0, 0, 0.4, 0], "texture": "#1"},
				"west": {"uv": [0, 0, 0.4, 0], "texture": "#1"},
				"up": {"uv": [0, 0, 0.4, 0], "texture": "#1"},
				"down": {"uv": [0, 0, 0.4, 0], "texture": "#1"}
			}
		},
		{
			"from": [7.2, 8.4, 11.4],
			"to": [9.3, 9.8, 11.6],
			"rotation": {"angle": 0, "axis": "y", "origin": [16, 16.5, 15.5]},
			"faces": {
				"north": {"uv": [0, 0, 0.4, 0], "texture": "#1"},
				"east": {"uv": [0, 0, 0.4, 0], "texture": "#1"},
				"south": {"uv": [0, 0, 0.4, 0], "texture": "#1"},
				"west": {"uv": [0, 0, 0.4, 0], "texture": "#1"},
				"up": {"uv": [0, 0, 0.4, 0], "texture": "#1"},
				"down": {"uv": [0, 0, 0.4, 0], "texture": "#1"}
			}
		},
		{
			"from": [7.6, 8.3, -8.5],
			"to": [8.9, 9.1, -7.8],
			"rotation": {"angle": 0, "axis": "y", "origin": [16, 16.7, -4.4]},
			"faces": {
				"north": {"uv": [0, 0, 0.4, 0.9], "texture": "#1"},
				"east": {"uv": [0, 0, 0.4, 0.9], "texture": "#1"},
				"south": {"uv": [0, 0, 0.4, 0.9], "texture": "#1"},
				"west": {"uv": [0, 0, 0.4, 0.9], "texture": "#1"},
				"up": {"uv": [0, 0, 0.4, 0.9], "texture": "#1"},
				"down": {"uv": [0, 0, 0.4, 0.9], "texture": "#1"}
			}
		},
		{
			"from": [7.6, 2, 0.2],
			"to": [8.9, 5.3, 1.1],
			"rotation": {"angle": 0, "axis": "y", "origin": [16, 11.5, 4.4]},
			"faces": {
				"north": {"uv": [6, 0, 7, 1], "texture": "#1"},
				"east": {"uv": [6, 0, 7, 1], "texture": "#1"},
				"south": {"uv": [6, 0, 7, 1], "texture": "#1"},
				"west": {"uv": [6, 0, 7, 1], "texture": "#1"},
				"up": {"uv": [6, 0, 7, 1], "texture": "#1"},
				"down": {"uv": [6, 0, 7, 1], "texture": "#1"}
			}
		},
		{
			"from": [7.5, 8.5, -8.5],
			"to": [9, 8.9, -7.8],
			"rotation": {"angle": 0, "axis": "y", "origin": [16, 16.7, -4.4]},
			"faces": {
				"north": {"uv": [0, 0, 0.4, 0.9], "texture": "#1"},
				"east": {"uv": [0, 0, 0.4, 0.9], "texture": "#1"},
				"south": {"uv": [0, 0, 0.4, 0.9], "texture": "#1"},
				"west": {"uv": [0, 0, 0.4, 0.9], "texture": "#1"},
				"up": {"uv": [0, 0, 0.4, 0.9], "texture": "#1"},
				"down": {"uv": [0, 0, 0.4, 0.9], "texture": "#1"}
			}
		},
		{
			"from": [7.5, 2.7, 0.1],
			"to": [9, 4.6, 1.2],
			"rotation": {"angle": 0, "axis": "y", "origin": [16, 11.5, 4.4]},
			"faces": {
				"north": {"uv": [6, 0, 7, 1], "texture": "#1"},
				"east": {"uv": [6, 0, 7, 1], "texture": "#1"},
				"south": {"uv": [6, 0, 7, 1], "texture": "#1"},
				"west": {"uv": [6, 0, 7, 1], "texture": "#1"},
				"up": {"uv": [6, 0, 7, 1], "texture": "#1"},
				"down": {"uv": [6, 0, 7, 1], "texture": "#1"}
			}
		},
		{
			"from": [7.5, 2, 9],
			"to": [9, 7.6, 11.2],
			"rotation": {"angle": -22.5, "axis": "x", "origin": [16, 13, 14.4]},
			"faces": {
				"north": {"uv": [0, 0, 0.4, 0], "texture": "#1"},
				"east": {"uv": [0, 0, 0.4, 0], "texture": "#1"},
				"south": {"uv": [0, 0, 0.4, 0], "texture": "#1"},
				"west": {"uv": [0, 0, 0.4, 0], "texture": "#1"},
				"up": {"uv": [0, 0, 0.4, 0], "texture": "#1"},
				"down": {"uv": [0, 0, 0.4, 0], "texture": "#1"}
			}
		},
		{
			"from": [8.1, 9.8, -3],
			"to": [8.4, 10, 4.3],
			"rotation": {"angle": 0, "axis": "y", "origin": [16, 18, 1.1]},
			"faces": {
				"north": {"uv": [0, 0, 0.4, 0], "texture": "#1"},
				"east": {"uv": [0, 0, 0.4, 0], "texture": "#1"},
				"south": {"uv": [0, 0, 0.4, 0], "texture": "#1"},
				"west": {"uv": [0, 0, 0.4, 0], "texture": "#1"},
				"up": {"uv": [0, 0, 0.4, 0], "texture": "#1"},
				"down": {"uv": [0, 0, 0.4, 0], "texture": "#1"}
			}
		},
		{
			"from": [8.1, 5.5, -3],
			"to": [8.4, 5.7, 4.3],
			"rotation": {"angle": 0, "axis": "y", "origin": [16, 13.7, 1.1]},
			"faces": {
				"north": {"uv": [0, 0, 0.4, 0], "texture": "#1"},
				"east": {"uv": [0, 0, 0.4, 0], "texture": "#1"},
				"south": {"uv": [0, 0, 0.4, 0], "texture": "#1"},
				"west": {"uv": [0, 0, 0.4, 0], "texture": "#1"},
				"up": {"uv": [0, 0, 0.4, 0], "texture": "#1"},
				"down": {"uv": [0, 0, 0.4, 0], "texture": "#1"}
			}
		},
		{
			"from": [8, 10, -3],
			"to": [8.5, 10.1, 4.3],
			"rotation": {"angle": 0, "axis": "y", "origin": [16, 18.2, 1.1]},
			"faces": {
				"north": {"uv": [0, 0, 0.4, 0], "texture": "#1"},
				"east": {"uv": [0, 0, 0.4, 0], "texture": "#1"},
				"south": {"uv": [0, 0, 0.4, 0], "texture": "#1"},
				"west": {"uv": [0, 0, 0.4, 0], "texture": "#1"},
				"up": {"uv": [0, 0, 0.4, 0], "texture": "#1"},
				"down": {"uv": [0, 0, 0.4, 0], "texture": "#1"}
			}
		},
		{
			"from": [8, 5.4, -3],
			"to": [8.5, 5.5, 4.3],
			"rotation": {"angle": 0, "axis": "y", "origin": [16, 13.6, 1.1]},
			"faces": {
				"north": {"uv": [0, 0, 0.4, 0], "texture": "#1"},
				"east": {"uv": [0, 0, 0.4, 0], "texture": "#1"},
				"south": {"uv": [0, 0, 0.4, 0], "texture": "#1"},
				"west": {"uv": [0, 0, 0.4, 0], "texture": "#1"},
				"up": {"uv": [0, 0, 0.4, 0], "texture": "#1"},
				"down": {"uv": [0, 0, 0.4, 0], "texture": "#1"}
			}
		},
		{
			"from": [7.9, 6.3, -8.5],
			"to": [8.6, 6.4, -7.8],
			"rotation": {"angle": 0, "axis": "y", "origin": [16, 14.3, -4.4]},
			"faces": {
				"north": {"uv": [0, 0, 0.4, 0.9], "texture": "#1"},
				"east": {"uv": [0, 0, 0.4, 0.9], "texture": "#1"},
				"south": {"uv": [0, 0, 0.4, 0.9], "texture": "#1"},
				"west": {"uv": [0, 0, 0.4, 0.9], "texture": "#1"},
				"up": {"uv": [0, 0, 0.4, 0.9], "texture": "#1"},
				"down": {"uv": [0, 0, 0.4, 0.9], "texture": "#1"}
			}
		},
		{
			"from": [7.9, 1.1, 0.3],
			"to": [8.6, 1.2, 1],
			"rotation": {"angle": 0, "axis": "y", "origin": [16, 9.1, 4.4]},
			"faces": {
				"north": {"uv": [6, 0, 7, 1], "texture": "#1"},
				"east": {"uv": [6, 0, 7, 1], "texture": "#1"},
				"south": {"uv": [6, 0, 7, 1], "texture": "#1"},
				"west": {"uv": [6, 0, 7, 1], "texture": "#1"},
				"up": {"uv": [6, 0, 7, 1], "texture": "#1"},
				"down": {"uv": [6, 0, 7, 1], "texture": "#1"}
			}
		},
		{
			"from": [8.1, 6.2, -8.5],
			"to": [8.4, 6.3, -7.8],
			"rotation": {"angle": 0, "axis": "y", "origin": [16, 14.2, -4.4]},
			"faces": {
				"north": {"uv": [0, 0, 0.4, 0.9], "texture": "#1"},
				"east": {"uv": [0, 0, 0.4, 0.9], "texture": "#1"},
				"south": {"uv": [0, 0, 0.4, 0.9], "texture": "#1"},
				"west": {"uv": [0, 0, 0.4, 0.9], "texture": "#1"},
				"up": {"uv": [0, 0, 0.4, 0.9], "texture": "#1"},
				"down": {"uv": [0, 0, 0.4, 0.9], "texture": "#1"}
			}
		},
		{
			"from": [8.1, 1, 0.3],
			"to": [8.4, 1.1, 1],
			"rotation": {"angle": 0, "axis": "y", "origin": [16, 9, 4.4]},
			"faces": {
				"north": {"uv": [6, 0, 7, 1], "texture": "#1"},
				"east": {"uv": [6, 0, 7, 1], "texture": "#1"},
				"south": {"uv": [6, 0, 7, 1], "texture": "#1"},
				"west": {"uv": [6, 0, 7, 1], "texture": "#1"},
				"up": {"uv": [6, 0, 7, 1], "texture": "#1"},
				"down": {"uv": [6, 0, 7, 1], "texture": "#1"}
			}
		},
		{
			"from": [8.5, 11.1, -8.5],
			"to": [8.8, 11.2, -7.8],
			"rotation": {"angle": 0, "axis": "y", "origin": [16.4, 19.1, -4.4]},
			"faces": {
				"north": {"uv": [0, 0, 0.4, 0.9], "texture": "#1"},
				"east": {"uv": [0, 0, 0.4, 0.9], "texture": "#1"},
				"south": {"uv": [0, 0, 0.4, 0.9], "texture": "#1"},
				"west": {"uv": [0, 0, 0.4, 0.9], "texture": "#1"},
				"up": {"uv": [0, 0, 0.4, 0.9], "texture": "#1"},
				"down": {"uv": [0, 0, 0.4, 0.9], "texture": "#1"}
			}
		},
		{
			"from": [7.7, 11.1, -8.5],
			"to": [8, 11.2, -7.8],
			"rotation": {"angle": 0, "axis": "y", "origin": [15.6, 19.1, -4.4]},
			"faces": {
				"north": {"uv": [0, 0, 0.4, 0.9], "texture": "#1"},
				"east": {"uv": [0, 0, 0.4, 0.9], "texture": "#1"},
				"south": {"uv": [0, 0, 0.4, 0.9], "texture": "#1"},
				"west": {"uv": [0, 0, 0.4, 0.9], "texture": "#1"},
				"up": {"uv": [0, 0, 0.4, 0.9], "texture": "#1"},
				"down": {"uv": [0, 0, 0.4, 0.9], "texture": "#1"}
			}
		},
		{
			"from": [7.7, 11.2, -8.5],
			"to": [7.8, 11.5, -7.8],
			"rotation": {"angle": 0, "axis": "y", "origin": [15.6, 19.2, -4.4]},
			"faces": {
				"north": {"uv": [0, 0, 0.4, 0.9], "texture": "#1"},
				"east": {"uv": [0, 0, 0.4, 0.9], "texture": "#1"},
				"south": {"uv": [0, 0, 0.4, 0.9], "texture": "#1"},
				"west": {"uv": [0, 0, 0.4, 0.9], "texture": "#1"},
				"up": {"uv": [0, 0, 0.4, 0.9], "texture": "#1"},
				"down": {"uv": [0, 0, 0.4, 0.9], "texture": "#1"}
			}
		},
		{
			"from": [8.7, 11.2, -8.5],
			"to": [8.8, 11.5, -7.8],
			"rotation": {"angle": 0, "axis": "y", "origin": [16.6, 19.2, -4.4]},
			"faces": {
				"north": {"uv": [0, 0, 0.4, 0.9], "texture": "#1"},
				"east": {"uv": [0, 0, 0.4, 0.9], "texture": "#1"},
				"south": {"uv": [0, 0, 0.4, 0.9], "texture": "#1"},
				"west": {"uv": [0, 0, 0.4, 0.9], "texture": "#1"},
				"up": {"uv": [0, 0, 0.4, 0.9], "texture": "#1"},
				"down": {"uv": [0, 0, 0.4, 0.9], "texture": "#1"}
			}
		},
		{
			"from": [7.7, 6.6, -8.5],
			"to": [8.8, 11.1, -7.8],
			"rotation": {"angle": 0, "axis": "y", "origin": [16, 14.5, -4.4]},
			"faces": {
				"north": {"uv": [0, 0, 0.4, 0.9], "texture": "#1"},
				"east": {"uv": [0, 0, 0.4, 0.9], "texture": "#1"},
				"south": {"uv": [0, 0, 0.4, 0.9], "texture": "#1"},
				"west": {"uv": [0, 0, 0.4, 0.9], "texture": "#1"},
				"up": {"uv": [0, 0, 0.4, 0.9], "texture": "#1"},
				"down": {"uv": [0, 0, 0.4, 0.9], "texture": "#1"}
			}
		},
		{
			"from": [7.7, 1.4, 0.3],
			"to": [8.8, 5.9, 1],
			"rotation": {"angle": 0, "axis": "y", "origin": [16, 9.3, 4.4]},
			"faces": {
				"north": {"uv": [6, 0, 7, 1], "texture": "#1"},
				"east": {"uv": [6, 0, 7, 1], "texture": "#1"},
				"south": {"uv": [6, 0, 7, 1], "texture": "#1"},
				"west": {"uv": [6, 0, 7, 1], "texture": "#1"},
				"up": {"uv": [6, 0, 7, 1], "texture": "#1"},
				"down": {"uv": [6, 0, 7, 1], "texture": "#1"}
			}
		},
		{
			"from": [8, 8.3, -13.1],
			"to": [8.5, 9.2, -9.7],
			"rotation": {"angle": 0, "axis": "y", "origin": [16, 16.3, -5]},
			"faces": {
				"north": {"uv": [0, 0, 0.4, 0.9], "texture": "#1"},
				"east": {"uv": [0, 0, 0.4, 0.9], "texture": "#1"},
				"south": {"uv": [0, 0, 0.4, 0.9], "texture": "#1"},
				"west": {"uv": [0, 0, 0.4, 0.9], "texture": "#1"},
				"up": {"uv": [0, 0, 0.4, 0.9], "texture": "#1"},
				"down": {"uv": [0, 0, 0.4, 0.9], "texture": "#1"}
			}
		},
		{
			"from": [7.9, 8.2, -9.7],
			"to": [8.6, 9.3, -3.3],
			"rotation": {"angle": 0, "axis": "y", "origin": [16, 16.3, -1.6]},
			"faces": {
				"north": {"uv": [6, 0, 7, 1], "texture": "#1"},
				"east": {"uv": [6, 0, 7, 1], "texture": "#1"},
				"south": {"uv": [6, 0, 7, 1], "texture": "#1"},
				"west": {"uv": [6, 0, 7, 1], "texture": "#1"},
				"up": {"uv": [6, 0, 7, 1], "texture": "#1"},
				"down": {"uv": [6, 0, 7, 1], "texture": "#1"}
			}
		},
		{
			"from": [7.9, 5.9, 21.9],
			"to": [8.6, 9.3, 22.7],
			"rotation": {"angle": 0, "axis": "y", "origin": [16, 16.3, 24.4]},
			"faces": {
				"north": {"uv": [0, 0, 0.4, 0.9], "texture": "#1"},
				"east": {"uv": [0, 0, 0.4, 0.9], "texture": "#1"},
				"south": {"uv": [0, 0, 0.4, 0.9], "texture": "#1"},
				"west": {"uv": [0, 0, 0.4, 0.9], "texture": "#1"},
				"up": {"uv": [0, 0, 0.4, 0.9], "texture": "#1"},
				"down": {"uv": [0, 0, 0.4, 0.9], "texture": "#1"}
			}
		},
		{
			"from": [7.9, 5.1, 21.8],
			"to": [8.6, 5.9, 22.6],
			"rotation": {"angle": 0, "axis": "y", "origin": [16, 12.9, 24.3]},
			"faces": {
				"north": {"uv": [0, 0, 0.4, 0.9], "texture": "#1"},
				"east": {"uv": [0, 0, 0.4, 0.9], "texture": "#1"},
				"south": {"uv": [0, 0, 0.4, 0.9], "texture": "#1"},
				"west": {"uv": [0, 0, 0.4, 0.9], "texture": "#1"},
				"up": {"uv": [0, 0, 0.4, 0.9], "texture": "#1"},
				"down": {"uv": [0, 0, 0.4, 0.9], "texture": "#1"}
			}
		},
		{
			"from": [7.9, 4.3, 21.7],
			"to": [8.6, 5.1, 22.5],
			"rotation": {"angle": 0, "axis": "y", "origin": [16, 12.1, 24.2]},
			"faces": {
				"north": {"uv": [0, 0, 0.4, 0.9], "texture": "#1"},
				"east": {"uv": [0, 0, 0.4, 0.9], "texture": "#1"},
				"south": {"uv": [0, 0, 0.4, 0.9], "texture": "#1"},
				"west": {"uv": [0, 0, 0.4, 0.9], "texture": "#1"},
				"up": {"uv": [0, 0, 0.4, 0.9], "texture": "#1"},
				"down": {"uv": [0, 0, 0.4, 0.9], "texture": "#1"}
			}
		},
		{
			"from": [7.9, 8.2, 16.3],
			"to": [8.6, 9.3, 22.7],
			"rotation": {"angle": 0, "axis": "y", "origin": [16, 16.3, 24.4]},
			"faces": {
				"north": {"uv": [0, 0, 0.4, 0.9], "texture": "#1"},
				"east": {"uv": [0, 0, 0.4, 0.9], "texture": "#1"},
				"south": {"uv": [0, 0, 0.4, 0.9], "texture": "#1"},
				"west": {"uv": [0, 0, 0.4, 0.9], "texture": "#1"},
				"up": {"uv": [0, 0, 0.4, 0.9], "texture": "#1"},
				"down": {"uv": [0, 0, 0.4, 0.9], "texture": "#1"}
			}
		},
		{
			"from": [7.9, 6.9, 16.3],
			"to": [8.6, 8, 22.7],
			"rotation": {"angle": 0, "axis": "y", "origin": [16, 15, 24.4]},
			"faces": {
				"north": {"uv": [0, 0, 0.4, 0.9], "texture": "#1"},
				"east": {"uv": [0, 0, 0.4, 0.9], "texture": "#1"},
				"south": {"uv": [0, 0, 0.4, 0.9], "texture": "#1"},
				"west": {"uv": [0, 0, 0.4, 0.9], "texture": "#1"},
				"up": {"uv": [0, 0, 0.4, 0.9], "texture": "#1"},
				"down": {"uv": [0, 0, 0.4, 0.9], "texture": "#1"}
			}
		},
		{
			"from": [7.8, 6.2, -5.7],
			"to": [8.7, 7.7, -3.3],
			"rotation": {"angle": 0, "axis": "y", "origin": [16, 14.5, -1.6]},
			"faces": {
				"north": {"uv": [6, 0, 7, 1], "texture": "#1"},
				"east": {"uv": [6, 0, 7, 1], "texture": "#1"},
				"south": {"uv": [6, 0, 7, 1], "texture": "#1"},
				"west": {"uv": [6, 0, 7, 1], "texture": "#1"},
				"up": {"uv": [6, 0, 7, 1], "texture": "#1"},
				"down": {"uv": [6, 0, 7, 1], "texture": "#1"}
			}
		},
		{
			"from": [7.9, 6.4, -8.1],
			"to": [8.6, 7.5, -5.7],
			"rotation": {"angle": 0, "axis": "y", "origin": [16, 14.5, -4]},
			"faces": {
				"north": {"uv": [0, 0, 0.4, 0.9], "texture": "#1"},
				"east": {"uv": [0, 0, 0.4, 0.9], "texture": "#1"},
				"south": {"uv": [0, 0, 0.4, 0.9], "texture": "#1"},
				"west": {"uv": [0, 0, 0.4, 0.9], "texture": "#1"},
				"up": {"uv": [0, 0, 0.4, 0.9], "texture": "#1"},
				"down": {"uv": [0, 0, 0.4, 0.9], "texture": "#1"}
			}
		},
		{
			"from": [8, 8, -15],
			"to": [8.5, 8.1, -14],
			"rotation": {"angle": 0, "axis": "y", "origin": [16, 16, -7]},
			"faces": {
				"north": {"uv": [6, 0, 7, 1], "texture": "#1"},
				"east": {"uv": [6, 0, 7, 1], "texture": "#1"},
				"south": {"uv": [6, 0, 7, 1], "texture": "#1"},
				"west": {"uv": [6, 0, 7, 1], "texture": "#1"},
				"up": {"uv": [6, 0, 7, 1], "texture": "#1"},
				"down": {"uv": [6, 0, 7, 1], "texture": "#1"}
			}
		},
		{
			"from": [8, 9.4, -16],
			"to": [8.5, 9.5, -15],
			"rotation": {"angle": 0, "axis": "y", "origin": [16, 17.4, -8]},
			"faces": {
				"north": {"uv": [6, 0, 7, 1], "texture": "#1"},
				"east": {"uv": [6, 0, 7, 1], "texture": "#1"},
				"south": {"uv": [6, 0, 7, 1], "texture": "#1"},
				"west": {"uv": [6, 0, 7, 1], "texture": "#1"},
				"up": {"uv": [6, 0, 7, 1], "texture": "#1"},
				"down": {"uv": [6, 0, 7, 1], "texture": "#1"}
			}
		},
		{
			"from": [8, 9.4, -14],
			"to": [8.5, 9.5, -13],
			"rotation": {"angle": 0, "axis": "y", "origin": [16, 17.4, -6]},
			"faces": {
				"north": {"uv": [6, 0, 7, 1], "texture": "#1"},
				"east": {"uv": [6, 0, 7, 1], "texture": "#1"},
				"south": {"uv": [6, 0, 7, 1], "texture": "#1"},
				"west": {"uv": [6, 0, 7, 1], "texture": "#1"},
				"up": {"uv": [6, 0, 7, 1], "texture": "#1"},
				"down": {"uv": [6, 0, 7, 1], "texture": "#1"}
			}
		},
		{
			"from": [8, 9.2, -13.3],
			"to": [8.5, 9.5, -13],
			"rotation": {"angle": 0, "axis": "y", "origin": [16, 17.4, -6]},
			"faces": {
				"north": {"uv": [6, 0, 7, 1], "texture": "#1"},
				"east": {"uv": [6, 0, 7, 1], "texture": "#1"},
				"south": {"uv": [6, 0, 7, 1], "texture": "#1"},
				"west": {"uv": [6, 0, 7, 1], "texture": "#1"},
				"up": {"uv": [6, 0, 7, 1], "texture": "#1"},
				"down": {"uv": [6, 0, 7, 1], "texture": "#1"}
			}
		},
		{
			"from": [8, 9.2, -12.8],
			"to": [8.5, 9.5, -12.5],
			"rotation": {"angle": 0, "axis": "y", "origin": [16, 17.4, -5.5]},
			"faces": {
				"north": {"uv": [6, 0, 7, 1], "texture": "#1"},
				"east": {"uv": [6, 0, 7, 1], "texture": "#1"},
				"south": {"uv": [6, 0, 7, 1], "texture": "#1"},
				"west": {"uv": [6, 0, 7, 1], "texture": "#1"},
				"up": {"uv": [6, 0, 7, 1], "texture": "#1"},
				"down": {"uv": [6, 0, 7, 1], "texture": "#1"}
			}
		},
		{
			"from": [8, 9.2, -12.3],
			"to": [8.5, 9.5, -12],
			"rotation": {"angle": 0, "axis": "y", "origin": [16, 17.4, -5]},
			"faces": {
				"north": {"uv": [6, 0, 7, 1], "texture": "#1"},
				"east": {"uv": [6, 0, 7, 1], "texture": "#1"},
				"south": {"uv": [6, 0, 7, 1], "texture": "#1"},
				"west": {"uv": [6, 0, 7, 1], "texture": "#1"},
				"up": {"uv": [6, 0, 7, 1], "texture": "#1"},
				"down": {"uv": [6, 0, 7, 1], "texture": "#1"}
			}
		},
		{
			"from": [8, 9.4, -15],
			"to": [8.5, 9.5, -14],
			"rotation": {"angle": 0, "axis": "y", "origin": [16, 17.4, -7]},
			"faces": {
				"north": {"uv": [6, 0, 7, 1], "texture": "#1"},
				"east": {"uv": [6, 0, 7, 1], "texture": "#1"},
				"south": {"uv": [6, 0, 7, 1], "texture": "#1"},
				"west": {"uv": [6, 0, 7, 1], "texture": "#1"},
				"up": {"uv": [6, 0, 7, 1], "texture": "#1"},
				"down": {"uv": [6, 0, 7, 1], "texture": "#1"}
			}
		},
		{
			"from": [8.5, 8.1, -16],
			"to": [8.7, 8.2, -15.2],
			"rotation": {"angle": 0, "axis": "y", "origin": [16.5, 16.1, -8]},
			"faces": {
				"north": {"uv": [6, 0, 7, 1], "texture": "#1"},
				"east": {"uv": [6, 0, 7, 1], "texture": "#1"},
				"south": {"uv": [6, 0, 7, 1], "texture": "#1"},
				"west": {"uv": [6, 0, 7, 1], "texture": "#1"},
				"up": {"uv": [6, 0, 7, 1], "texture": "#1"},
				"down": {"uv": [6, 0, 7, 1], "texture": "#1"}
			}
		},
		{
			"from": [8.5, 8.1, -13.8],
			"to": [8.7, 8.2, -13],
			"rotation": {"angle": 0, "axis": "y", "origin": [16.5, 16.1, -6]},
			"faces": {
				"north": {"uv": [6, 0, 7, 1], "texture": "#1"},
				"east": {"uv": [6, 0, 7, 1], "texture": "#1"},
				"south": {"uv": [6, 0, 7, 1], "texture": "#1"},
				"west": {"uv": [6, 0, 7, 1], "texture": "#1"},
				"up": {"uv": [6, 0, 7, 1], "texture": "#1"},
				"down": {"uv": [6, 0, 7, 1], "texture": "#1"}
			}
		},
		{
			"from": [8.5, 8.1, -13.3],
			"to": [8.7, 8.4, -13],
			"rotation": {"angle": 0, "axis": "y", "origin": [16.5, 16.1, -6]},
			"faces": {
				"north": {"uv": [6, 0, 7, 1], "texture": "#1"},
				"east": {"uv": [6, 0, 7, 1], "texture": "#1"},
				"south": {"uv": [6, 0, 7, 1], "texture": "#1"},
				"west": {"uv": [6, 0, 7, 1], "texture": "#1"},
				"up": {"uv": [6, 0, 7, 1], "texture": "#1"},
				"down": {"uv": [6, 0, 7, 1], "texture": "#1"}
			}
		},
		{
			"from": [8.5, 8.1, -12.8],
			"to": [8.7, 8.4, -12.5],
			"rotation": {"angle": 0, "axis": "y", "origin": [16.5, 16.1, -5.5]},
			"faces": {
				"north": {"uv": [6, 0, 7, 1], "texture": "#1"},
				"east": {"uv": [6, 0, 7, 1], "texture": "#1"},
				"south": {"uv": [6, 0, 7, 1], "texture": "#1"},
				"west": {"uv": [6, 0, 7, 1], "texture": "#1"},
				"up": {"uv": [6, 0, 7, 1], "texture": "#1"},
				"down": {"uv": [6, 0, 7, 1], "texture": "#1"}
			}
		},
		{
			"from": [8.5, 8.1, -12.3],
			"to": [8.7, 8.4, -12],
			"rotation": {"angle": 0, "axis": "y", "origin": [16.5, 16.1, -5]},
			"faces": {
				"north": {"uv": [6, 0, 7, 1], "texture": "#1"},
				"east": {"uv": [6, 0, 7, 1], "texture": "#1"},
				"south": {"uv": [6, 0, 7, 1], "texture": "#1"},
				"west": {"uv": [6, 0, 7, 1], "texture": "#1"},
				"up": {"uv": [6, 0, 7, 1], "texture": "#1"},
				"down": {"uv": [6, 0, 7, 1], "texture": "#1"}
			}
		},
		{
			"from": [8.5, 9.3, -16],
			"to": [8.7, 9.4, -15.2],
			"rotation": {"angle": 0, "axis": "y", "origin": [16.5, 17.3, -8]},
			"faces": {
				"north": {"uv": [6, 0, 7, 1], "texture": "#1"},
				"east": {"uv": [6, 0, 7, 1], "texture": "#1"},
				"south": {"uv": [6, 0, 7, 1], "texture": "#1"},
				"west": {"uv": [6, 0, 7, 1], "texture": "#1"},
				"up": {"uv": [6, 0, 7, 1], "texture": "#1"},
				"down": {"uv": [6, 0, 7, 1], "texture": "#1"}
			}
		},
		{
			"from": [8.5, 9.3, -13.8],
			"to": [8.7, 9.4, -13],
			"rotation": {"angle": 0, "axis": "y", "origin": [16.5, 17.3, -6]},
			"faces": {
				"north": {"uv": [6, 0, 7, 1], "texture": "#1"},
				"east": {"uv": [6, 0, 7, 1], "texture": "#1"},
				"south": {"uv": [6, 0, 7, 1], "texture": "#1"},
				"west": {"uv": [6, 0, 7, 1], "texture": "#1"},
				"up": {"uv": [6, 0, 7, 1], "texture": "#1"},
				"down": {"uv": [6, 0, 7, 1], "texture": "#1"}
			}
		},
		{
			"from": [8.5, 9.1, -13.3],
			"to": [8.7, 9.4, -13],
			"rotation": {"angle": 0, "axis": "y", "origin": [16.5, 17.3, -6]},
			"faces": {
				"north": {"uv": [6, 0, 7, 1], "texture": "#1"},
				"east": {"uv": [6, 0, 7, 1], "texture": "#1"},
				"south": {"uv": [6, 0, 7, 1], "texture": "#1"},
				"west": {"uv": [6, 0, 7, 1], "texture": "#1"},
				"up": {"uv": [6, 0, 7, 1], "texture": "#1"},
				"down": {"uv": [6, 0, 7, 1], "texture": "#1"}
			}
		},
		{
			"from": [8.5, 9.1, -12.8],
			"to": [8.7, 9.4, -12.5],
			"rotation": {"angle": 0, "axis": "y", "origin": [16.5, 17.3, -5.5]},
			"faces": {
				"north": {"uv": [6, 0, 7, 1], "texture": "#1"},
				"east": {"uv": [6, 0, 7, 1], "texture": "#1"},
				"south": {"uv": [6, 0, 7, 1], "texture": "#1"},
				"west": {"uv": [6, 0, 7, 1], "texture": "#1"},
				"up": {"uv": [6, 0, 7, 1], "texture": "#1"},
				"down": {"uv": [6, 0, 7, 1], "texture": "#1"}
			}
		},
		{
			"from": [8.5, 9.1, -12.3],
			"to": [8.7, 9.4, -12],
			"rotation": {"angle": 0, "axis": "y", "origin": [16.5, 17.3, -5]},
			"faces": {
				"north": {"uv": [6, 0, 7, 1], "texture": "#1"},
				"east": {"uv": [6, 0, 7, 1], "texture": "#1"},
				"south": {"uv": [6, 0, 7, 1], "texture": "#1"},
				"west": {"uv": [6, 0, 7, 1], "texture": "#1"},
				"up": {"uv": [6, 0, 7, 1], "texture": "#1"},
				"down": {"uv": [6, 0, 7, 1], "texture": "#1"}
			}
		},
		{
			"from": [8.7, 8.2, -16],
			"to": [8.8, 8.3, -15.3],
			"rotation": {"angle": 0, "axis": "y", "origin": [16.6, 16.2, -8]},
			"faces": {
				"north": {"uv": [6, 0, 7, 1], "texture": "#1"},
				"east": {"uv": [6, 0, 7, 1], "texture": "#1"},
				"south": {"uv": [6, 0, 7, 1], "texture": "#1"},
				"west": {"uv": [6, 0, 7, 1], "texture": "#1"},
				"up": {"uv": [6, 0, 7, 1], "texture": "#1"},
				"down": {"uv": [6, 0, 7, 1], "texture": "#1"}
			}
		},
		{
			"from": [8.7, 8.2, -13.7],
			"to": [8.8, 8.3, -13],
			"rotation": {"angle": 0, "axis": "y", "origin": [16.6, 16.2, -6]},
			"faces": {
				"north": {"uv": [6, 0, 7, 1], "texture": "#1"},
				"east": {"uv": [6, 0, 7, 1], "texture": "#1"},
				"south": {"uv": [6, 0, 7, 1], "texture": "#1"},
				"west": {"uv": [6, 0, 7, 1], "texture": "#1"},
				"up": {"uv": [6, 0, 7, 1], "texture": "#1"},
				"down": {"uv": [6, 0, 7, 1], "texture": "#1"}
			}
		},
		{
			"from": [8.5, 8.2, -13.3],
			"to": [8.8, 8.5, -13],
			"rotation": {"angle": 0, "axis": "y", "origin": [16.6, 16.2, -6]},
			"faces": {
				"north": {"uv": [6, 0, 7, 1], "texture": "#1"},
				"east": {"uv": [6, 0, 7, 1], "texture": "#1"},
				"south": {"uv": [6, 0, 7, 1], "texture": "#1"},
				"west": {"uv": [6, 0, 7, 1], "texture": "#1"},
				"up": {"uv": [6, 0, 7, 1], "texture": "#1"},
				"down": {"uv": [6, 0, 7, 1], "texture": "#1"}
			}
		},
		{
			"from": [8.5, 8.2, -12.8],
			"to": [8.8, 8.5, -12.5],
			"rotation": {"angle": 0, "axis": "y", "origin": [16.6, 16.2, -5.5]},
			"faces": {
				"north": {"uv": [6, 0, 7, 1], "texture": "#1"},
				"east": {"uv": [6, 0, 7, 1], "texture": "#1"},
				"south": {"uv": [6, 0, 7, 1], "texture": "#1"},
				"west": {"uv": [6, 0, 7, 1], "texture": "#1"},
				"up": {"uv": [6, 0, 7, 1], "texture": "#1"},
				"down": {"uv": [6, 0, 7, 1], "texture": "#1"}
			}
		},
		{
			"from": [8.5, 8.2, -12.3],
			"to": [8.8, 8.5, -12],
			"rotation": {"angle": 0, "axis": "y", "origin": [16.6, 16.2, -5]},
			"faces": {
				"north": {"uv": [6, 0, 7, 1], "texture": "#1"},
				"east": {"uv": [6, 0, 7, 1], "texture": "#1"},
				"south": {"uv": [6, 0, 7, 1], "texture": "#1"},
				"west": {"uv": [6, 0, 7, 1], "texture": "#1"},
				"up": {"uv": [6, 0, 7, 1], "texture": "#1"},
				"down": {"uv": [6, 0, 7, 1], "texture": "#1"}
			}
		},
		{
			"from": [7.7, 8.2, -16],
			"to": [7.8, 8.3, -15.3],
			"rotation": {"angle": 0, "axis": "y", "origin": [15.6, 16.2, -8]},
			"faces": {
				"north": {"uv": [6, 0, 7, 1], "texture": "#1"},
				"east": {"uv": [6, 0, 7, 1], "texture": "#1"},
				"south": {"uv": [6, 0, 7, 1], "texture": "#1"},
				"west": {"uv": [6, 0, 7, 1], "texture": "#1"},
				"up": {"uv": [6, 0, 7, 1], "texture": "#1"},
				"down": {"uv": [6, 0, 7, 1], "texture": "#1"}
			}
		},
		{
			"from": [7.7, 8.2, -13.7],
			"to": [7.8, 8.3, -13],
			"rotation": {"angle": 0, "axis": "y", "origin": [15.6, 16.2, -6]},
			"faces": {
				"north": {"uv": [6, 0, 7, 1], "texture": "#1"},
				"east": {"uv": [6, 0, 7, 1], "texture": "#1"},
				"south": {"uv": [6, 0, 7, 1], "texture": "#1"},
				"west": {"uv": [6, 0, 7, 1], "texture": "#1"},
				"up": {"uv": [6, 0, 7, 1], "texture": "#1"},
				"down": {"uv": [6, 0, 7, 1], "texture": "#1"}
			}
		},
		{
			"from": [7.7, 8.2, -13.3],
			"to": [8, 8.5, -13],
			"rotation": {"angle": 0, "axis": "y", "origin": [15.6, 16.2, -6]},
			"faces": {
				"north": {"uv": [6, 0, 7, 1], "texture": "#1"},
				"east": {"uv": [6, 0, 7, 1], "texture": "#1"},
				"south": {"uv": [6, 0, 7, 1], "texture": "#1"},
				"west": {"uv": [6, 0, 7, 1], "texture": "#1"},
				"up": {"uv": [6, 0, 7, 1], "texture": "#1"},
				"down": {"uv": [6, 0, 7, 1], "texture": "#1"}
			}
		},
		{
			"from": [7.7, 8.2, -12.8],
			"to": [8, 8.5, -12.5],
			"rotation": {"angle": 0, "axis": "y", "origin": [15.6, 16.2, -5.5]},
			"faces": {
				"north": {"uv": [6, 0, 7, 1], "texture": "#1"},
				"east": {"uv": [6, 0, 7, 1], "texture": "#1"},
				"south": {"uv": [6, 0, 7, 1], "texture": "#1"},
				"west": {"uv": [6, 0, 7, 1], "texture": "#1"},
				"up": {"uv": [6, 0, 7, 1], "texture": "#1"},
				"down": {"uv": [6, 0, 7, 1], "texture": "#1"}
			}
		},
		{
			"from": [7.7, 8.2, -12.3],
			"to": [8, 8.5, -12],
			"rotation": {"angle": 0, "axis": "y", "origin": [15.6, 16.2, -5]},
			"faces": {
				"north": {"uv": [6, 0, 7, 1], "texture": "#1"},
				"east": {"uv": [6, 0, 7, 1], "texture": "#1"},
				"south": {"uv": [6, 0, 7, 1], "texture": "#1"},
				"west": {"uv": [6, 0, 7, 1], "texture": "#1"},
				"up": {"uv": [6, 0, 7, 1], "texture": "#1"},
				"down": {"uv": [6, 0, 7, 1], "texture": "#1"}
			}
		},
		{
			"from": [8.7, 9.2, -16],
			"to": [8.8, 9.3, -15.3],
			"rotation": {"angle": 0, "axis": "y", "origin": [16.6, 17.2, -8]},
			"faces": {
				"north": {"uv": [6, 0, 7, 1], "texture": "#1"},
				"east": {"uv": [6, 0, 7, 1], "texture": "#1"},
				"south": {"uv": [6, 0, 7, 1], "texture": "#1"},
				"west": {"uv": [6, 0, 7, 1], "texture": "#1"},
				"up": {"uv": [6, 0, 7, 1], "texture": "#1"},
				"down": {"uv": [6, 0, 7, 1], "texture": "#1"}
			}
		},
		{
			"from": [8.7, 9.2, -13.7],
			"to": [8.8, 9.3, -13],
			"rotation": {"angle": 0, "axis": "y", "origin": [16.6, 17.2, -6]},
			"faces": {
				"north": {"uv": [6, 0, 7, 1], "texture": "#1"},
				"east": {"uv": [6, 0, 7, 1], "texture": "#1"},
				"south": {"uv": [6, 0, 7, 1], "texture": "#1"},
				"west": {"uv": [6, 0, 7, 1], "texture": "#1"},
				"up": {"uv": [6, 0, 7, 1], "texture": "#1"},
				"down": {"uv": [6, 0, 7, 1], "texture": "#1"}
			}
		},
		{
			"from": [8.5, 9, -13.3],
			"to": [8.8, 9.3, -13],
			"rotation": {"angle": 0, "axis": "y", "origin": [16.6, 17.2, -6]},
			"faces": {
				"north": {"uv": [6, 0, 7, 1], "texture": "#1"},
				"east": {"uv": [6, 0, 7, 1], "texture": "#1"},
				"south": {"uv": [6, 0, 7, 1], "texture": "#1"},
				"west": {"uv": [6, 0, 7, 1], "texture": "#1"},
				"up": {"uv": [6, 0, 7, 1], "texture": "#1"},
				"down": {"uv": [6, 0, 7, 1], "texture": "#1"}
			}
		},
		{
			"from": [8.5, 9, -12.8],
			"to": [8.8, 9.3, -12.5],
			"rotation": {"angle": 0, "axis": "y", "origin": [16.6, 17.2, -5.5]},
			"faces": {
				"north": {"uv": [6, 0, 7, 1], "texture": "#1"},
				"east": {"uv": [6, 0, 7, 1], "texture": "#1"},
				"south": {"uv": [6, 0, 7, 1], "texture": "#1"},
				"west": {"uv": [6, 0, 7, 1], "texture": "#1"},
				"up": {"uv": [6, 0, 7, 1], "texture": "#1"},
				"down": {"uv": [6, 0, 7, 1], "texture": "#1"}
			}
		},
		{
			"from": [8.5, 9, -12.3],
			"to": [8.8, 9.3, -12],
			"rotation": {"angle": 0, "axis": "y", "origin": [16.6, 17.2, -5]},
			"faces": {
				"north": {"uv": [6, 0, 7, 1], "texture": "#1"},
				"east": {"uv": [6, 0, 7, 1], "texture": "#1"},
				"south": {"uv": [6, 0, 7, 1], "texture": "#1"},
				"west": {"uv": [6, 0, 7, 1], "texture": "#1"},
				"up": {"uv": [6, 0, 7, 1], "texture": "#1"},
				"down": {"uv": [6, 0, 7, 1], "texture": "#1"}
			}
		},
		{
			"from": [7.7, 9.2, -16],
			"to": [7.8, 9.3, -15.3],
			"rotation": {"angle": 0, "axis": "y", "origin": [15.6, 17.2, -8]},
			"faces": {
				"north": {"uv": [6, 0, 7, 1], "texture": "#1"},
				"east": {"uv": [6, 0, 7, 1], "texture": "#1"},
				"south": {"uv": [6, 0, 7, 1], "texture": "#1"},
				"west": {"uv": [6, 0, 7, 1], "texture": "#1"},
				"up": {"uv": [6, 0, 7, 1], "texture": "#1"},
				"down": {"uv": [6, 0, 7, 1], "texture": "#1"}
			}
		},
		{
			"from": [7.7, 9.2, -13.7],
			"to": [7.8, 9.3, -13],
			"rotation": {"angle": 0, "axis": "y", "origin": [15.6, 17.2, -6]},
			"faces": {
				"north": {"uv": [6, 0, 7, 1], "texture": "#1"},
				"east": {"uv": [6, 0, 7, 1], "texture": "#1"},
				"south": {"uv": [6, 0, 7, 1], "texture": "#1"},
				"west": {"uv": [6, 0, 7, 1], "texture": "#1"},
				"up": {"uv": [6, 0, 7, 1], "texture": "#1"},
				"down": {"uv": [6, 0, 7, 1], "texture": "#1"}
			}
		},
		{
			"from": [7.7, 9, -13.3],
			"to": [8, 9.3, -13],
			"rotation": {"angle": 0, "axis": "y", "origin": [15.6, 17.2, -6]},
			"faces": {
				"north": {"uv": [6, 0, 7, 1], "texture": "#1"},
				"east": {"uv": [6, 0, 7, 1], "texture": "#1"},
				"south": {"uv": [6, 0, 7, 1], "texture": "#1"},
				"west": {"uv": [6, 0, 7, 1], "texture": "#1"},
				"up": {"uv": [6, 0, 7, 1], "texture": "#1"},
				"down": {"uv": [6, 0, 7, 1], "texture": "#1"}
			}
		},
		{
			"from": [7.7, 9, -12.8],
			"to": [8, 9.3, -12.5],
			"rotation": {"angle": 0, "axis": "y", "origin": [15.6, 17.2, -5.5]},
			"faces": {
				"north": {"uv": [6, 0, 7, 1], "texture": "#1"},
				"east": {"uv": [6, 0, 7, 1], "texture": "#1"},
				"south": {"uv": [6, 0, 7, 1], "texture": "#1"},
				"west": {"uv": [6, 0, 7, 1], "texture": "#1"},
				"up": {"uv": [6, 0, 7, 1], "texture": "#1"},
				"down": {"uv": [6, 0, 7, 1], "texture": "#1"}
			}
		},
		{
			"from": [7.7, 9, -12.3],
			"to": [8, 9.3, -12],
			"rotation": {"angle": 0, "axis": "y", "origin": [15.6, 17.2, -5]},
			"faces": {
				"north": {"uv": [6, 0, 7, 1], "texture": "#1"},
				"east": {"uv": [6, 0, 7, 1], "texture": "#1"},
				"south": {"uv": [6, 0, 7, 1], "texture": "#1"},
				"west": {"uv": [6, 0, 7, 1], "texture": "#1"},
				"up": {"uv": [6, 0, 7, 1], "texture": "#1"},
				"down": {"uv": [6, 0, 7, 1], "texture": "#1"}
			}
		},
		{
			"from": [8.8, 8.3, -16],
			"to": [8.9, 8.5, -15.2],
			"rotation": {"angle": 0, "axis": "y", "origin": [16.7, 16.3, -8]},
			"faces": {
				"north": {"uv": [6, 0, 7, 1], "texture": "#1"},
				"east": {"uv": [6, 0, 7, 1], "texture": "#1"},
				"south": {"uv": [6, 0, 7, 1], "texture": "#1"},
				"west": {"uv": [6, 0, 7, 1], "texture": "#1"},
				"up": {"uv": [6, 0, 7, 1], "texture": "#1"},
				"down": {"uv": [6, 0, 7, 1], "texture": "#1"}
			}
		},
		{
			"from": [8.8, 8.3, -13.8],
			"to": [8.9, 8.5, -13],
			"rotation": {"angle": 0, "axis": "y", "origin": [16.7, 16.3, -6]},
			"faces": {
				"north": {"uv": [6, 0, 7, 1], "texture": "#1"},
				"east": {"uv": [6, 0, 7, 1], "texture": "#1"},
				"south": {"uv": [6, 0, 7, 1], "texture": "#1"},
				"west": {"uv": [6, 0, 7, 1], "texture": "#1"},
				"up": {"uv": [6, 0, 7, 1], "texture": "#1"},
				"down": {"uv": [6, 0, 7, 1], "texture": "#1"}
			}
		},
		{
			"from": [8.6, 8.3, -13.3],
			"to": [8.9, 8.5, -13],
			"rotation": {"angle": 0, "axis": "y", "origin": [16.7, 16.3, -6]},
			"faces": {
				"north": {"uv": [6, 0, 7, 1], "texture": "#1"},
				"east": {"uv": [6, 0, 7, 1], "texture": "#1"},
				"south": {"uv": [6, 0, 7, 1], "texture": "#1"},
				"west": {"uv": [6, 0, 7, 1], "texture": "#1"},
				"up": {"uv": [6, 0, 7, 1], "texture": "#1"},
				"down": {"uv": [6, 0, 7, 1], "texture": "#1"}
			}
		},
		{
			"from": [8.6, 8.3, -12.8],
			"to": [8.9, 8.5, -12.5],
			"rotation": {"angle": 0, "axis": "y", "origin": [16.7, 16.3, -5.5]},
			"faces": {
				"north": {"uv": [6, 0, 7, 1], "texture": "#1"},
				"east": {"uv": [6, 0, 7, 1], "texture": "#1"},
				"south": {"uv": [6, 0, 7, 1], "texture": "#1"},
				"west": {"uv": [6, 0, 7, 1], "texture": "#1"},
				"up": {"uv": [6, 0, 7, 1], "texture": "#1"},
				"down": {"uv": [6, 0, 7, 1], "texture": "#1"}
			}
		},
		{
			"from": [8.6, 8.3, -12.3],
			"to": [8.9, 8.5, -12],
			"rotation": {"angle": 0, "axis": "y", "origin": [16.7, 16.3, -5]},
			"faces": {
				"north": {"uv": [6, 0, 7, 1], "texture": "#1"},
				"east": {"uv": [6, 0, 7, 1], "texture": "#1"},
				"south": {"uv": [6, 0, 7, 1], "texture": "#1"},
				"west": {"uv": [6, 0, 7, 1], "texture": "#1"},
				"up": {"uv": [6, 0, 7, 1], "texture": "#1"},
				"down": {"uv": [6, 0, 7, 1], "texture": "#1"}
			}
		},
		{
			"from": [7.6, 8.3, -16],
			"to": [7.7, 8.5, -15.2],
			"rotation": {"angle": 0, "axis": "y", "origin": [15.5, 16.3, -8]},
			"faces": {
				"north": {"uv": [6, 0, 7, 1], "texture": "#1"},
				"east": {"uv": [6, 0, 7, 1], "texture": "#1"},
				"south": {"uv": [6, 0, 7, 1], "texture": "#1"},
				"west": {"uv": [6, 0, 7, 1], "texture": "#1"},
				"up": {"uv": [6, 0, 7, 1], "texture": "#1"},
				"down": {"uv": [6, 0, 7, 1], "texture": "#1"}
			}
		},
		{
			"from": [7.6, 8.3, -13.8],
			"to": [7.7, 8.5, -13],
			"rotation": {"angle": 0, "axis": "y", "origin": [15.5, 16.3, -6]},
			"faces": {
				"north": {"uv": [6, 0, 7, 1], "texture": "#1"},
				"east": {"uv": [6, 0, 7, 1], "texture": "#1"},
				"south": {"uv": [6, 0, 7, 1], "texture": "#1"},
				"west": {"uv": [6, 0, 7, 1], "texture": "#1"},
				"up": {"uv": [6, 0, 7, 1], "texture": "#1"},
				"down": {"uv": [6, 0, 7, 1], "texture": "#1"}
			}
		},
		{
			"from": [7.6, 8.3, -13.3],
			"to": [7.9, 8.5, -13],
			"rotation": {"angle": 0, "axis": "y", "origin": [15.5, 16.3, -6]},
			"faces": {
				"north": {"uv": [6, 0, 7, 1], "texture": "#1"},
				"east": {"uv": [6, 0, 7, 1], "texture": "#1"},
				"south": {"uv": [6, 0, 7, 1], "texture": "#1"},
				"west": {"uv": [6, 0, 7, 1], "texture": "#1"},
				"up": {"uv": [6, 0, 7, 1], "texture": "#1"},
				"down": {"uv": [6, 0, 7, 1], "texture": "#1"}
			}
		},
		{
			"from": [7.6, 8.3, -12.8],
			"to": [7.9, 8.5, -12.5],
			"rotation": {"angle": 0, "axis": "y", "origin": [15.5, 16.3, -5.5]},
			"faces": {
				"north": {"uv": [6, 0, 7, 1], "texture": "#1"},
				"east": {"uv": [6, 0, 7, 1], "texture": "#1"},
				"south": {"uv": [6, 0, 7, 1], "texture": "#1"},
				"west": {"uv": [6, 0, 7, 1], "texture": "#1"},
				"up": {"uv": [6, 0, 7, 1], "texture": "#1"},
				"down": {"uv": [6, 0, 7, 1], "texture": "#1"}
			}
		},
		{
			"from": [7.6, 8.3, -12.3],
			"to": [7.9, 8.5, -12],
			"rotation": {"angle": 0, "axis": "y", "origin": [15.5, 16.3, -5]},
			"faces": {
				"north": {"uv": [6, 0, 7, 1], "texture": "#1"},
				"east": {"uv": [6, 0, 7, 1], "texture": "#1"},
				"south": {"uv": [6, 0, 7, 1], "texture": "#1"},
				"west": {"uv": [6, 0, 7, 1], "texture": "#1"},
				"up": {"uv": [6, 0, 7, 1], "texture": "#1"},
				"down": {"uv": [6, 0, 7, 1], "texture": "#1"}
			}
		},
		{
			"from": [8.8, 9, -16],
			"to": [8.9, 9.2, -15.2],
			"rotation": {"angle": 0, "axis": "y", "origin": [16.7, 17, -8]},
			"faces": {
				"north": {"uv": [6, 0, 7, 1], "texture": "#1"},
				"east": {"uv": [6, 0, 7, 1], "texture": "#1"},
				"south": {"uv": [6, 0, 7, 1], "texture": "#1"},
				"west": {"uv": [6, 0, 7, 1], "texture": "#1"},
				"up": {"uv": [6, 0, 7, 1], "texture": "#1"},
				"down": {"uv": [6, 0, 7, 1], "texture": "#1"}
			}
		},
		{
			"from": [8.8, 9, -13.8],
			"to": [8.9, 9.2, -13],
			"rotation": {"angle": 0, "axis": "y", "origin": [16.7, 17, -6]},
			"faces": {
				"north": {"uv": [6, 0, 7, 1], "texture": "#1"},
				"east": {"uv": [6, 0, 7, 1], "texture": "#1"},
				"south": {"uv": [6, 0, 7, 1], "texture": "#1"},
				"west": {"uv": [6, 0, 7, 1], "texture": "#1"},
				"up": {"uv": [6, 0, 7, 1], "texture": "#1"},
				"down": {"uv": [6, 0, 7, 1], "texture": "#1"}
			}
		},
		{
			"from": [8.6, 9, -13.3],
			"to": [8.9, 9.2, -13],
			"rotation": {"angle": 0, "axis": "y", "origin": [16.7, 17, -6]},
			"faces": {
				"north": {"uv": [6, 0, 7, 1], "texture": "#1"},
				"east": {"uv": [6, 0, 7, 1], "texture": "#1"},
				"south": {"uv": [6, 0, 7, 1], "texture": "#1"},
				"west": {"uv": [6, 0, 7, 1], "texture": "#1"},
				"up": {"uv": [6, 0, 7, 1], "texture": "#1"},
				"down": {"uv": [6, 0, 7, 1], "texture": "#1"}
			}
		},
		{
			"from": [8.6, 9, -12.8],
			"to": [8.9, 9.2, -12.5],
			"rotation": {"angle": 0, "axis": "y", "origin": [16.7, 17, -5.5]},
			"faces": {
				"north": {"uv": [6, 0, 7, 1], "texture": "#1"},
				"east": {"uv": [6, 0, 7, 1], "texture": "#1"},
				"south": {"uv": [6, 0, 7, 1], "texture": "#1"},
				"west": {"uv": [6, 0, 7, 1], "texture": "#1"},
				"up": {"uv": [6, 0, 7, 1], "texture": "#1"},
				"down": {"uv": [6, 0, 7, 1], "texture": "#1"}
			}
		},
		{
			"from": [8.6, 9, -12.3],
			"to": [8.9, 9.2, -12],
			"rotation": {"angle": 0, "axis": "y", "origin": [16.7, 17, -5]},
			"faces": {
				"north": {"uv": [6, 0, 7, 1], "texture": "#1"},
				"east": {"uv": [6, 0, 7, 1], "texture": "#1"},
				"south": {"uv": [6, 0, 7, 1], "texture": "#1"},
				"west": {"uv": [6, 0, 7, 1], "texture": "#1"},
				"up": {"uv": [6, 0, 7, 1], "texture": "#1"},
				"down": {"uv": [6, 0, 7, 1], "texture": "#1"}
			}
		},
		{
			"from": [7.6, 9, -16],
			"to": [7.7, 9.2, -15.2],
			"rotation": {"angle": 0, "axis": "y", "origin": [15.5, 17, -8]},
			"faces": {
				"north": {"uv": [6, 0, 7, 1], "texture": "#1"},
				"east": {"uv": [6, 0, 7, 1], "texture": "#1"},
				"south": {"uv": [6, 0, 7, 1], "texture": "#1"},
				"west": {"uv": [6, 0, 7, 1], "texture": "#1"},
				"up": {"uv": [6, 0, 7, 1], "texture": "#1"},
				"down": {"uv": [6, 0, 7, 1], "texture": "#1"}
			}
		},
		{
			"from": [7.6, 9, -13.8],
			"to": [7.7, 9.2, -13],
			"rotation": {"angle": 0, "axis": "y", "origin": [15.5, 17, -6]},
			"faces": {
				"north": {"uv": [6, 0, 7, 1], "texture": "#1"},
				"east": {"uv": [6, 0, 7, 1], "texture": "#1"},
				"south": {"uv": [6, 0, 7, 1], "texture": "#1"},
				"west": {"uv": [6, 0, 7, 1], "texture": "#1"},
				"up": {"uv": [6, 0, 7, 1], "texture": "#1"},
				"down": {"uv": [6, 0, 7, 1], "texture": "#1"}
			}
		},
		{
			"from": [7.6, 9, -13.3],
			"to": [7.9, 9.2, -13],
			"rotation": {"angle": 0, "axis": "y", "origin": [15.5, 17, -6]},
			"faces": {
				"north": {"uv": [6, 0, 7, 1], "texture": "#1"},
				"east": {"uv": [6, 0, 7, 1], "texture": "#1"},
				"south": {"uv": [6, 0, 7, 1], "texture": "#1"},
				"west": {"uv": [6, 0, 7, 1], "texture": "#1"},
				"up": {"uv": [6, 0, 7, 1], "texture": "#1"},
				"down": {"uv": [6, 0, 7, 1], "texture": "#1"}
			}
		},
		{
			"from": [7.6, 9, -12.8],
			"to": [7.9, 9.2, -12.5],
			"rotation": {"angle": 0, "axis": "y", "origin": [15.5, 17, -5.5]},
			"faces": {
				"north": {"uv": [6, 0, 7, 1], "texture": "#1"},
				"east": {"uv": [6, 0, 7, 1], "texture": "#1"},
				"south": {"uv": [6, 0, 7, 1], "texture": "#1"},
				"west": {"uv": [6, 0, 7, 1], "texture": "#1"},
				"up": {"uv": [6, 0, 7, 1], "texture": "#1"},
				"down": {"uv": [6, 0, 7, 1], "texture": "#1"}
			}
		},
		{
			"from": [7.6, 9, -12.3],
			"to": [7.9, 9.2, -12],
			"rotation": {"angle": 0, "axis": "y", "origin": [15.5, 17, -5]},
			"faces": {
				"north": {"uv": [6, 0, 7, 1], "texture": "#1"},
				"east": {"uv": [6, 0, 7, 1], "texture": "#1"},
				"south": {"uv": [6, 0, 7, 1], "texture": "#1"},
				"west": {"uv": [6, 0, 7, 1], "texture": "#1"},
				"up": {"uv": [6, 0, 7, 1], "texture": "#1"},
				"down": {"uv": [6, 0, 7, 1], "texture": "#1"}
			}
		},
		{
			"from": [8.9, 8.5, -16],
			"to": [9, 9, -15],
			"rotation": {"angle": 0, "axis": "y", "origin": [16.8, 16.5, -8]},
			"faces": {
				"north": {"uv": [6, 0, 7, 1], "texture": "#1"},
				"east": {"uv": [6, 0, 7, 1], "texture": "#1"},
				"south": {"uv": [6, 0, 7, 1], "texture": "#1"},
				"west": {"uv": [6, 0, 7, 1], "texture": "#1"},
				"up": {"uv": [6, 0, 7, 1], "texture": "#1"},
				"down": {"uv": [6, 0, 7, 1], "texture": "#1"}
			}
		},
		{
			"from": [8.9, 8.5, -14],
			"to": [9, 9, -13],
			"rotation": {"angle": 0, "axis": "y", "origin": [16.8, 16.5, -6]},
			"faces": {
				"north": {"uv": [6, 0, 7, 1], "texture": "#1"},
				"east": {"uv": [6, 0, 7, 1], "texture": "#1"},
				"south": {"uv": [6, 0, 7, 1], "texture": "#1"},
				"west": {"uv": [6, 0, 7, 1], "texture": "#1"},
				"up": {"uv": [6, 0, 7, 1], "texture": "#1"},
				"down": {"uv": [6, 0, 7, 1], "texture": "#1"}
			}
		},
		{
			"from": [8.7, 8.5, -13.3],
			"to": [9, 9, -13],
			"rotation": {"angle": 0, "axis": "y", "origin": [16.8, 16.5, -6]},
			"faces": {
				"north": {"uv": [6, 0, 7, 1], "texture": "#1"},
				"east": {"uv": [6, 0, 7, 1], "texture": "#1"},
				"south": {"uv": [6, 0, 7, 1], "texture": "#1"},
				"west": {"uv": [6, 0, 7, 1], "texture": "#1"},
				"up": {"uv": [6, 0, 7, 1], "texture": "#1"},
				"down": {"uv": [6, 0, 7, 1], "texture": "#1"}
			}
		},
		{
			"from": [8.7, 8.5, -12.8],
			"to": [9, 9, -12.5],
			"rotation": {"angle": 0, "axis": "y", "origin": [16.8, 16.5, -5.5]},
			"faces": {
				"north": {"uv": [6, 0, 7, 1], "texture": "#1"},
				"east": {"uv": [6, 0, 7, 1], "texture": "#1"},
				"south": {"uv": [6, 0, 7, 1], "texture": "#1"},
				"west": {"uv": [6, 0, 7, 1], "texture": "#1"},
				"up": {"uv": [6, 0, 7, 1], "texture": "#1"},
				"down": {"uv": [6, 0, 7, 1], "texture": "#1"}
			}
		},
		{
			"from": [8.7, 8.5, -12.3],
			"to": [9, 9, -12],
			"rotation": {"angle": 0, "axis": "y", "origin": [16.8, 16.5, -5]},
			"faces": {
				"north": {"uv": [6, 0, 7, 1], "texture": "#1"},
				"east": {"uv": [6, 0, 7, 1], "texture": "#1"},
				"south": {"uv": [6, 0, 7, 1], "texture": "#1"},
				"west": {"uv": [6, 0, 7, 1], "texture": "#1"},
				"up": {"uv": [6, 0, 7, 1], "texture": "#1"},
				"down": {"uv": [6, 0, 7, 1], "texture": "#1"}
			}
		},
		{
			"from": [8.9, 8.5, -15],
			"to": [9, 9, -14],
			"rotation": {"angle": 0, "axis": "y", "origin": [16.8, 16.5, -7]},
			"faces": {
				"north": {"uv": [6, 0, 7, 1], "texture": "#1"},
				"east": {"uv": [6, 0, 7, 1], "texture": "#1"},
				"south": {"uv": [6, 0, 7, 1], "texture": "#1"},
				"west": {"uv": [6, 0, 7, 1], "texture": "#1"},
				"up": {"uv": [6, 0, 7, 1], "texture": "#1"},
				"down": {"uv": [6, 0, 7, 1], "texture": "#1"}
			}
		},
		{
			"from": [7.5, 8.5, -16],
			"to": [7.6, 9, -15],
			"rotation": {"angle": 0, "axis": "y", "origin": [15.4, 16.5, -8]},
			"faces": {
				"north": {"uv": [6, 0, 7, 1], "texture": "#1"},
				"east": {"uv": [6, 0, 7, 1], "texture": "#1"},
				"south": {"uv": [6, 0, 7, 1], "texture": "#1"},
				"west": {"uv": [6, 0, 7, 1], "texture": "#1"},
				"up": {"uv": [6, 0, 7, 1], "texture": "#1"},
				"down": {"uv": [6, 0, 7, 1], "texture": "#1"}
			}
		},
		{
			"from": [7.5, 8.5, -14],
			"to": [7.6, 9, -13],
			"rotation": {"angle": 0, "axis": "y", "origin": [15.4, 16.5, -6]},
			"faces": {
				"north": {"uv": [6, 0, 7, 1], "texture": "#1"},
				"east": {"uv": [6, 0, 7, 1], "texture": "#1"},
				"south": {"uv": [6, 0, 7, 1], "texture": "#1"},
				"west": {"uv": [6, 0, 7, 1], "texture": "#1"},
				"up": {"uv": [6, 0, 7, 1], "texture": "#1"},
				"down": {"uv": [6, 0, 7, 1], "texture": "#1"}
			}
		},
		{
			"from": [7.5, 8.5, -13.3],
			"to": [7.8, 9, -13],
			"rotation": {"angle": 0, "axis": "y", "origin": [15.4, 16.5, -6]},
			"faces": {
				"north": {"uv": [6, 0, 7, 1], "texture": "#1"},
				"east": {"uv": [6, 0, 7, 1], "texture": "#1"},
				"south": {"uv": [6, 0, 7, 1], "texture": "#1"},
				"west": {"uv": [6, 0, 7, 1], "texture": "#1"},
				"up": {"uv": [6, 0, 7, 1], "texture": "#1"},
				"down": {"uv": [6, 0, 7, 1], "texture": "#1"}
			}
		},
		{
			"from": [7.5, 8.5, -12.8],
			"to": [7.8, 9, -12.5],
			"rotation": {"angle": 0, "axis": "y", "origin": [15.4, 16.5, -5.5]},
			"faces": {
				"north": {"uv": [6, 0, 7, 1], "texture": "#1"},
				"east": {"uv": [6, 0, 7, 1], "texture": "#1"},
				"south": {"uv": [6, 0, 7, 1], "texture": "#1"},
				"west": {"uv": [6, 0, 7, 1], "texture": "#1"},
				"up": {"uv": [6, 0, 7, 1], "texture": "#1"},
				"down": {"uv": [6, 0, 7, 1], "texture": "#1"}
			}
		},
		{
			"from": [7.5, 8.5, -12.3],
			"to": [7.8, 9, -12],
			"rotation": {"angle": 0, "axis": "y", "origin": [15.4, 16.5, -5]},
			"faces": {
				"north": {"uv": [6, 0, 7, 1], "texture": "#1"},
				"east": {"uv": [6, 0, 7, 1], "texture": "#1"},
				"south": {"uv": [6, 0, 7, 1], "texture": "#1"},
				"west": {"uv": [6, 0, 7, 1], "texture": "#1"},
				"up": {"uv": [6, 0, 7, 1], "texture": "#1"},
				"down": {"uv": [6, 0, 7, 1], "texture": "#1"}
			}
		},
		{
			"from": [7.5, 8.5, -15],
			"to": [7.6, 9, -14],
			"rotation": {"angle": 0, "axis": "y", "origin": [15.4, 16.5, -7]},
			"faces": {
				"north": {"uv": [6, 0, 7, 1], "texture": "#1"},
				"east": {"uv": [6, 0, 7, 1], "texture": "#1"},
				"south": {"uv": [6, 0, 7, 1], "texture": "#1"},
				"west": {"uv": [6, 0, 7, 1], "texture": "#1"},
				"up": {"uv": [6, 0, 7, 1], "texture": "#1"},
				"down": {"uv": [6, 0, 7, 1], "texture": "#1"}
			}
		},
		{
			"from": [7.8, 8.1, -16],
			"to": [8, 8.2, -15.2],
			"rotation": {"angle": 0, "axis": "y", "origin": [15.8, 16.1, -8]},
			"faces": {
				"north": {"uv": [6, 0, 7, 1], "texture": "#1"},
				"east": {"uv": [6, 0, 7, 1], "texture": "#1"},
				"south": {"uv": [6, 0, 7, 1], "texture": "#1"},
				"west": {"uv": [6, 0, 7, 1], "texture": "#1"},
				"up": {"uv": [6, 0, 7, 1], "texture": "#1"},
				"down": {"uv": [6, 0, 7, 1], "texture": "#1"}
			}
		},
		{
			"from": [7.8, 8.1, -13.8],
			"to": [8, 8.2, -13],
			"rotation": {"angle": 0, "axis": "y", "origin": [15.8, 16.1, -6]},
			"faces": {
				"north": {"uv": [6, 0, 7, 1], "texture": "#1"},
				"east": {"uv": [6, 0, 7, 1], "texture": "#1"},
				"south": {"uv": [6, 0, 7, 1], "texture": "#1"},
				"west": {"uv": [6, 0, 7, 1], "texture": "#1"},
				"up": {"uv": [6, 0, 7, 1], "texture": "#1"},
				"down": {"uv": [6, 0, 7, 1], "texture": "#1"}
			}
		},
		{
			"from": [7.8, 8.1, -13.3],
			"to": [8, 8.4, -13],
			"rotation": {"angle": 0, "axis": "y", "origin": [15.8, 16.1, -6]},
			"faces": {
				"north": {"uv": [6, 0, 7, 1], "texture": "#1"},
				"east": {"uv": [6, 0, 7, 1], "texture": "#1"},
				"south": {"uv": [6, 0, 7, 1], "texture": "#1"},
				"west": {"uv": [6, 0, 7, 1], "texture": "#1"},
				"up": {"uv": [6, 0, 7, 1], "texture": "#1"},
				"down": {"uv": [6, 0, 7, 1], "texture": "#1"}
			}
		},
		{
			"from": [7.8, 8.1, -12.8],
			"to": [8, 8.4, -12.5],
			"rotation": {"angle": 0, "axis": "y", "origin": [15.8, 16.1, -5.5]},
			"faces": {
				"north": {"uv": [6, 0, 7, 1], "texture": "#1"},
				"east": {"uv": [6, 0, 7, 1], "texture": "#1"},
				"south": {"uv": [6, 0, 7, 1], "texture": "#1"},
				"west": {"uv": [6, 0, 7, 1], "texture": "#1"},
				"up": {"uv": [6, 0, 7, 1], "texture": "#1"},
				"down": {"uv": [6, 0, 7, 1], "texture": "#1"}
			}
		},
		{
			"from": [7.8, 8.1, -12.3],
			"to": [8, 8.4, -12],
			"rotation": {"angle": 0, "axis": "y", "origin": [15.8, 16.1, -5]},
			"faces": {
				"north": {"uv": [6, 0, 7, 1], "texture": "#1"},
				"east": {"uv": [6, 0, 7, 1], "texture": "#1"},
				"south": {"uv": [6, 0, 7, 1], "texture": "#1"},
				"west": {"uv": [6, 0, 7, 1], "texture": "#1"},
				"up": {"uv": [6, 0, 7, 1], "texture": "#1"},
				"down": {"uv": [6, 0, 7, 1], "texture": "#1"}
			}
		},
		{
			"from": [7.8, 9.3, -16],
			"to": [8, 9.4, -15.2],
			"rotation": {"angle": 0, "axis": "y", "origin": [15.8, 17.3, -8]},
			"faces": {
				"north": {"uv": [6, 0, 7, 1], "texture": "#1"},
				"east": {"uv": [6, 0, 7, 1], "texture": "#1"},
				"south": {"uv": [6, 0, 7, 1], "texture": "#1"},
				"west": {"uv": [6, 0, 7, 1], "texture": "#1"},
				"up": {"uv": [6, 0, 7, 1], "texture": "#1"},
				"down": {"uv": [6, 0, 7, 1], "texture": "#1"}
			}
		},
		{
			"from": [7.8, 9.3, -13.8],
			"to": [8, 9.4, -13],
			"rotation": {"angle": 0, "axis": "y", "origin": [15.8, 17.3, -6]},
			"faces": {
				"north": {"uv": [6, 0, 7, 1], "texture": "#1"},
				"east": {"uv": [6, 0, 7, 1], "texture": "#1"},
				"south": {"uv": [6, 0, 7, 1], "texture": "#1"},
				"west": {"uv": [6, 0, 7, 1], "texture": "#1"},
				"up": {"uv": [6, 0, 7, 1], "texture": "#1"},
				"down": {"uv": [6, 0, 7, 1], "texture": "#1"}
			}
		},
		{
			"from": [7.8, 9.1, -13.3],
			"to": [8, 9.4, -13],
			"rotation": {"angle": 0, "axis": "y", "origin": [15.8, 17.3, -6]},
			"faces": {
				"north": {"uv": [6, 0, 7, 1], "texture": "#1"},
				"east": {"uv": [6, 0, 7, 1], "texture": "#1"},
				"south": {"uv": [6, 0, 7, 1], "texture": "#1"},
				"west": {"uv": [6, 0, 7, 1], "texture": "#1"},
				"up": {"uv": [6, 0, 7, 1], "texture": "#1"},
				"down": {"uv": [6, 0, 7, 1], "texture": "#1"}
			}
		},
		{
			"from": [7.8, 9.1, -12.8],
			"to": [8, 9.4, -12.5],
			"rotation": {"angle": 0, "axis": "y", "origin": [15.8, 17.3, -5.5]},
			"faces": {
				"north": {"uv": [6, 0, 7, 1], "texture": "#1"},
				"east": {"uv": [6, 0, 7, 1], "texture": "#1"},
				"south": {"uv": [6, 0, 7, 1], "texture": "#1"},
				"west": {"uv": [6, 0, 7, 1], "texture": "#1"},
				"up": {"uv": [6, 0, 7, 1], "texture": "#1"},
				"down": {"uv": [6, 0, 7, 1], "texture": "#1"}
			}
		},
		{
			"from": [7.8, 9.1, -12.3],
			"to": [8, 9.4, -12],
			"rotation": {"angle": 0, "axis": "y", "origin": [15.8, 17.3, -5]},
			"faces": {
				"north": {"uv": [6, 0, 7, 1], "texture": "#1"},
				"east": {"uv": [6, 0, 7, 1], "texture": "#1"},
				"south": {"uv": [6, 0, 7, 1], "texture": "#1"},
				"west": {"uv": [6, 0, 7, 1], "texture": "#1"},
				"up": {"uv": [6, 0, 7, 1], "texture": "#1"},
				"down": {"uv": [6, 0, 7, 1], "texture": "#1"}
			}
		},
		{
			"from": [0, 9.2, 4.6],
			"to": [1, 10.2, 8.6],
			"rotation": {"angle": 45, "axis": "z", "origin": [8, 17.2, 12.6]},
			"faces": {
				"north": {"uv": [0, 0, 0.4, 0], "texture": "#1"},
				"east": {"uv": [0, 0, 0.4, 0], "texture": "#1"},
				"south": {"uv": [0, 0, 0.4, 0], "texture": "#1"},
				"west": {"uv": [0, 0, 0.4, 0], "texture": "#1"},
				"up": {"uv": [0, 0, 0.4, 0], "texture": "#1"},
				"down": {"uv": [0, 0, 0.4, 0], "texture": "#1"}
			}
		},
		{
			"from": [0, 11.4, 4.6],
			"to": [1, 12.4, 8.6],
			"rotation": {"angle": 45, "axis": "z", "origin": [8, 19.4, 12.6]},
			"faces": {
				"north": {"uv": [0, 0, 0.4, 0], "texture": "#1"},
				"east": {"uv": [0, 0, 0.4, 0], "texture": "#1"},
				"south": {"uv": [0, 0, 0.4, 0], "texture": "#1"},
				"west": {"uv": [0, 0, 0.4, 0], "texture": "#1"},
				"up": {"uv": [0, 0, 0.4, 0], "texture": "#1"},
				"down": {"uv": [0, 0, 0.4, 0], "texture": "#1"}
			}
		},
		{
			"from": [0.5, 9.2, 4.6],
			"to": [1.5, 10.2, 8.6],
			"rotation": {"angle": 45, "axis": "z", "origin": [8.5, 17.2, 12.6]},
			"faces": {
				"north": {"uv": [0, 0, 0.4, 0], "texture": "#1"},
				"east": {"uv": [0, 0, 0.4, 0], "texture": "#1"},
				"south": {"uv": [0, 0, 0.4, 0], "texture": "#1"},
				"west": {"uv": [0, 0, 0.4, 0], "texture": "#1"},
				"up": {"uv": [0, 0, 0.4, 0], "texture": "#1"},
				"down": {"uv": [0, 0, 0.4, 0], "texture": "#1"}
			}
		},
		{
			"from": [0.5, 11.4, 4.6],
			"to": [1.5, 12.4, 8.6],
			"rotation": {"angle": 45, "axis": "z", "origin": [8.5, 19.4, 12.6]},
			"faces": {
				"north": {"uv": [0, 0, 0.4, 0], "texture": "#1"},
				"east": {"uv": [0, 0, 0.4, 0], "texture": "#1"},
				"south": {"uv": [0, 0, 0.4, 0], "texture": "#1"},
				"west": {"uv": [0, 0, 0.4, 0], "texture": "#1"},
				"up": {"uv": [0, 0, 0.4, 0], "texture": "#1"},
				"down": {"uv": [0, 0, 0.4, 0], "texture": "#1"}
			}
		},
		{
			"from": [7.5, 6.7, 4.6],
			"to": [9, 8.7, 8.6],
			"rotation": {"angle": 0, "axis": "y", "origin": [16, 15, 12.6]},
			"faces": {
				"north": {"uv": [8, 14, 9, 15], "texture": "#1"},
				"east": {"uv": [8, 14, 9, 15], "texture": "#1"},
				"south": {"uv": [8, 14, 9, 15], "texture": "#1"},
				"west": {"uv": [8, 14, 9, 15], "texture": "#1"},
				"up": {"uv": [8, 14, 9, 15], "texture": "#1"},
				"down": {"uv": [8, 14, 9, 15], "texture": "#1"}
			}
		},
		{
			"from": [7.4, 5.8, 8.6],
			"to": [9.1, 9.6, 16.6],
			"rotation": {"angle": 0, "axis": "y", "origin": [16, 15, 16.6]},
			"faces": {
				"north": {"uv": [1, 8, 3.5, 15.3], "texture": "#0"},
				"east": {"uv": [1, 8, 3.5, 15.3], "texture": "#0"},
				"south": {"uv": [1, 8, 3.5, 15.3], "texture": "#0"},
				"west": {"uv": [1, 8, 3.5, 15.3], "texture": "#0"},
				"up": {"uv": [1, 8, 3.5, 15.3], "texture": "#0"},
				"down": {"uv": [1, 8, 3.5, 15.3], "texture": "#0"}
			}
		},
		{
			"from": [7.2, 6, 8.6],
			"to": [9.3, 9.4, 16.6],
			"rotation": {"angle": 0, "axis": "y", "origin": [16, 15, 16.6]},
			"faces": {
				"north": {"uv": [1, 8, 3.5, 15.3], "texture": "#0"},
				"east": {"uv": [1, 8, 3.5, 15.3], "texture": "#0"},
				"south": {"uv": [1, 8, 3.5, 15.3], "texture": "#0"},
				"west": {"uv": [1, 8, 3.5, 15.3], "texture": "#0"},
				"up": {"uv": [1, 8, 3.5, 15.3], "texture": "#0"},
				"down": {"uv": [1, 8, 3.5, 15.3], "texture": "#0"}
			}
		},
		{
			"from": [7.3, 5.9, 8.6],
			"to": [9.2, 9.5, 16.6],
			"rotation": {"angle": 0, "axis": "y", "origin": [16, 15, 16.6]},
			"faces": {
				"north": {"uv": [1, 8, 3.5, 15.3], "texture": "#0"},
				"east": {"uv": [1, 8, 3.5, 15.3], "texture": "#0"},
				"south": {"uv": [1, 8, 3.5, 15.3], "texture": "#0"},
				"west": {"uv": [1, 8, 3.5, 15.3], "texture": "#0"},
				"up": {"uv": [1, 8, 3.5, 15.3], "texture": "#0"},
				"down": {"uv": [1, 8, 3.5, 15.3], "texture": "#0"}
			}
		},
		{
			"from": [7, 6.2, 8.6],
			"to": [9.5, 7.4, 16.6],
			"rotation": {"angle": 0, "axis": "y", "origin": [16, 15, 16.6]},
			"faces": {
				"north": {"uv": [8, 14, 9, 15], "texture": "#1"},
				"east": {"uv": [8, 14, 9, 15], "texture": "#1"},
				"south": {"uv": [8, 14, 9, 15], "texture": "#1"},
				"west": {"uv": [8, 14, 9, 15], "texture": "#1"},
				"up": {"uv": [8, 14, 9, 15], "texture": "#1"},
				"down": {"uv": [8, 14, 9, 15], "texture": "#1"}
			}
		},
		{
			"from": [7, 8.1, 8.6],
			"to": [9.5, 9.2, 16.6],
			"rotation": {"angle": 0, "axis": "y", "origin": [16, 17.2, 16.6]},
			"faces": {
				"north": {"uv": [8, 14, 9, 15], "texture": "#1"},
				"east": {"uv": [8, 14, 9, 15], "texture": "#1"},
				"south": {"uv": [8, 14, 9, 15], "texture": "#1"},
				"west": {"uv": [8, 14, 9, 15], "texture": "#1"},
				"up": {"uv": [8, 14, 9, 15], "texture": "#1"},
				"down": {"uv": [8, 14, 9, 15], "texture": "#1"}
			}
		},
		{
			"from": [7.1, 6.1, 8.6],
			"to": [9.4, 9.3, 16.6],
			"rotation": {"angle": 0, "axis": "y", "origin": [16, 15, 16.6]},
			"faces": {
				"north": {"uv": [1, 8, 3.5, 15.3], "texture": "#0"},
				"east": {"uv": [1, 8, 3.5, 15.3], "texture": "#0"},
				"south": {"uv": [1, 8, 3.5, 15.3], "texture": "#0"},
				"west": {"uv": [1, 8, 3.5, 15.3], "texture": "#0"},
				"up": {"uv": [1, 8, 3.5, 15.3], "texture": "#0"},
				"down": {"uv": [1, 8, 3.5, 15.3], "texture": "#0"}
			}
		},
		{
			"from": [7.5, 5.7, 8.6],
			"to": [9, 9.7, 16.6],
			"rotation": {"angle": 0, "axis": "y", "origin": [16, 15, 16.6]},
			"faces": {
				"north": {"uv": [1, 8, 3.5, 15.3], "texture": "#0"},
				"east": {"uv": [1, 8, 3.5, 15.3], "texture": "#0"},
				"south": {"uv": [1, 8, 3.5, 15.3], "texture": "#0"},
				"west": {"uv": [1, 8, 3.5, 15.3], "texture": "#0"},
				"up": {"uv": [1, 8, 3.5, 15.3], "texture": "#0"},
				"down": {"uv": [1, 8, 3.5, 15.3], "texture": "#0"}
			}
		}
	],
	"display": {
		"thirdperson_righthand": {
			"translation": [-0.75, 1, 3.25],
			"scale": [0.67969, 0.5918, 0.48047]
		},
		"thirdperson_lefthand": {
			"translation": [-0.25, 1, 2.25],
			"scale": [0.71094, 0.67773, 0.58398]
		},
		"firstperson_righthand": {
			"translation": [3.25, 4.25, 0]
		},
		"firstperson_lefthand": {
			"translation": [3.5, 2.75, 0]
		},
		"ground": {
			"rotation": [2, 0, -80.5],
			"translation": [0.75, 0.75, 2],
			"scale": [0.94141, 0.87305, 0.70313]
		},
		"gui": {
			"rotation": [43.75, -34.75, 32.75],
			"translation": [-2, -0.75, 0],
			"scale": [0.8418, 0.74414, 0.57422]
		},
		"head": {
			"rotation": [0, 90, 0],
			"translation": [3.5, 0, 0]
		}
	}
}