{
	"credit": "Designed by Pavel Durov with Cubik Studio - https://cubik.studio",
	"textures": {
		"obrez_atlas": "itemss/wood_sword"
	},
	"elements": [
		{
			"name": "Voxels",
			"from": [7.5, 8.375, 7.625],
			"to": [7.75, 8.75, 7.75],
			"faces": {
				"north": {"uv": [5.875, 12.625, 5.625, 13], "texture": "#obrez_atlas"},
				"east": {"uv": [6.5, 8, 6.375, 8.375], "texture": "#obrez_atlas"},
				"south": {"uv": [6.125, 12.875, 6.375, 13.25], "texture": "#obrez_atlas"},
				"west": {"uv": [5.875, 12.625, 6, 13], "texture": "#obrez_atlas"},
				"up": {"uv": [4.75, 8.125, 5, 8], "texture": "#obrez_atlas"},
				"down": {"uv": [11.375, 15.5, 11.625, 15.625], "texture": "#obrez_atlas"}
			}
		},
		{
			"name": "Voxels",
			"from": [7.5, 8.375, 7.75],
			"to": [7.75, 8.5, 8.5],
			"faces": {
				"north": {"uv": [6, 8, 5.75, 8.125], "texture": "#obrez_atlas"},
				"east": {"uv": [7.625, 14.75, 6.875, 14.875], "texture": "#obrez_atlas"},
				"south": {"uv": [7.375, 9.125, 7.625, 9.25], "texture": "#obrez_atlas"},
				"west": {"uv": [6.875, 14.875, 7.625, 15], "texture": "#obrez_atlas"},
				"up": {"uv": [3.75, 12.375, 4, 11.625], "texture": "#obrez_atlas"},
				"down": {"uv": [3.5, 11.625, 3.75, 12.375], "texture": "#obrez_atlas"}
			}
		},
		{
			"name": "Voxels",
			"from": [7.5, 8.5, 6.75],
			"to": [8.5, 8.625, 7.625],
			"faces": {
				"north": {"uv": [6.875, 14.875, 5.875, 15], "texture": "#obrez_atlas"},
				"east": {"uv": [7, 13.375, 6.125, 13.5], "texture": "#obrez_atlas"},
				"south": {"uv": [5.875, 14.75, 6.875, 14.875], "texture": "#obrez_atlas"},
				"west": {"uv": [6.125, 13.25, 7, 13.375], "texture": "#obrez_atlas"},
				"up": {"uv": [1, 15.125, 2, 14.25], "texture": "#obrez_atlas"},
				"down": {"uv": [1, 15.125, 2, 16], "texture": "#obrez_atlas"}
			}
		},
		{
			"name": "Voxels",
			"from": [7.5, 8.5, 7.75],
			"to": [7.625, 8.75, 8.5],
			"faces": {
				"north": {"uv": [4.25, 9.75, 4.125, 10], "texture": "#obrez_atlas"},
				"east": {"uv": [4.125, 9.75, 3.375, 10], "texture": "#obrez_atlas"},
				"south": {"uv": [4.125, 9.5, 4.25, 9.75], "texture": "#obrez_atlas"},
				"west": {"uv": [3.5, 13.125, 4.25, 13.375], "texture": "#obrez_atlas"},
				"up": {"uv": [2.25, 8.75, 2.375, 8], "texture": "#obrez_atlas"},
				"down": {"uv": [2.125, 8, 2.25, 8.75], "texture": "#obrez_atlas"}
			}
		},
		{
			"name": "Voxels",
			"from": [7.5, 8.5, 8.5],
			"to": [7.875, 8.625, 8.625],
			"faces": {
				"north": {"uv": [16, 15.875, 15.625, 16], "texture": "#obrez_atlas"},
				"east": {"uv": [8.125, 14.625, 8, 14.75], "texture": "#obrez_atlas"},
				"south": {"uv": [15.25, 15.875, 15.625, 16], "texture": "#obrez_atlas"},
				"west": {"uv": [8, 14, 8.125, 14.125], "texture": "#obrez_atlas"},
				"up": {"uv": [7.75, 15.875, 8.125, 15.75], "texture": "#obrez_atlas"},
				"down": {"uv": [7.75, 15.625, 8.125, 15.75], "texture": "#obrez_atlas"}
			}
		},
		{
			"name": "Voxels",
			"from": [7.5, 8.625, 7.125],
			"to": [7.875, 8.75, 7.625],
			"faces": {
				"north": {"uv": [14.875, 15.875, 14.5, 16], "texture": "#obrez_atlas"},
				"east": {"uv": [7, 9.25, 6.5, 9.375], "texture": "#obrez_atlas"},
				"south": {"uv": [14.125, 15.875, 14.5, 16], "texture": "#obrez_atlas"},
				"west": {"uv": [7, 9.25, 7.5, 9.375], "texture": "#obrez_atlas"},
				"up": {"uv": [3.5, 9.5, 3.875, 9], "texture": "#obrez_atlas"},
				"down": {"uv": [3.125, 9, 3.5, 9.5], "texture": "#obrez_atlas"}
			}
		},
		{
			"name": "Voxels",
			"from": [7.625, 8.125, 8.75],
			"to": [7.875, 8.625, 9.125],
			"faces": {
				"north": {"uv": [7.625, 13.75, 7.375, 14.25], "texture": "#obrez_atlas"},
				"east": {"uv": [2.875, 9, 2.5, 9.5], "texture": "#obrez_atlas"},
				"south": {"uv": [6.875, 13.75, 7.125, 14.25], "texture": "#obrez_atlas"},
				"west": {"uv": [3.875, 9, 4.25, 9.5], "texture": "#obrez_atlas"},
				"up": {"uv": [6.625, 13, 6.875, 12.625], "texture": "#obrez_atlas"},
				"down": {"uv": [6.375, 12.5, 6.625, 12.875], "texture": "#obrez_atlas"}
			}
		},
		{
			"name": "Voxels",
			"from": [7.625, 8.375, 4.25],
			"to": [8.375, 8.625, 4.5],
			"faces": {
				"north": {"uv": [7.25, 15.25, 6.5, 15.5], "texture": "#obrez_atlas"},
				"east": {"uv": [6.375, 9, 6.125, 9.25], "texture": "#obrez_atlas"},
				"south": {"uv": [3.5, 13.375, 4.25, 13.625], "texture": "#obrez_atlas"},
				"west": {"uv": [6.125, 8.75, 6.375, 9], "texture": "#obrez_atlas"},
				"up": {"uv": [4.25, 15.25, 5, 15], "texture": "#obrez_atlas"},
				"down": {"uv": [3.375, 9.5, 4.125, 9.75], "texture": "#obrez_atlas"}
			}
		},
		{
			"name": "Voxels",
			"from": [7.625, 8.375, 4.5],
			"to": [7.875, 8.75, 6.75],
			"faces": {
				"north": {"uv": [7.625, 12.625, 7.375, 13], "texture": "#obrez_atlas"},
				"east": {"uv": [4.25, 15.25, 2, 15.625], "texture": "#obrez_atlas"},
				"south": {"uv": [4.25, 12, 4.5, 12.375], "texture": "#obrez_atlas"},
				"west": {"uv": [2, 15.625, 4.25, 16], "texture": "#obrez_atlas"},
				"up": {"uv": [1, 12, 1.25, 9.75], "texture": "#obrez_atlas"},
				"down": {"uv": [1, 12, 1.25, 14.25], "texture": "#obrez_atlas"}
			}
		},
		{
			"name": "Voxels",
			"from": [7.625, 8.375, 6.75],
			"to": [7.875, 8.5, 7.125],
			"faces": {
				"north": {"uv": [7.625, 9, 7.375, 9.125], "texture": "#obrez_atlas"},
				"east": {"uv": [10.375, 15.875, 10, 16], "texture": "#obrez_atlas"},
				"south": {"uv": [7.75, 14.75, 8, 14.875], "texture": "#obrez_atlas"},
				"west": {"uv": [10.375, 15.875, 10.75, 16], "texture": "#obrez_atlas"},
				"up": {"uv": [4.75, 12.375, 5, 12], "texture": "#obrez_atlas"},
				"down": {"uv": [4.5, 12, 4.75, 12.375], "texture": "#obrez_atlas"}
			}
		},
		{
			"name": "Voxels",
			"from": [7.625, 8.375, 7.125],
			"to": [7.75, 8.5, 7.625],
			"faces": {
				"north": {"uv": [8.125, 14.75, 8, 14.875], "texture": "#obrez_atlas"},
				"east": {"uv": [6.75, 9.625, 6.25, 9.75], "texture": "#obrez_atlas"},
				"south": {"uv": [8, 14.875, 8.125, 15], "texture": "#obrez_atlas"},
				"west": {"uv": [6, 9.25, 6.5, 9.375], "texture": "#obrez_atlas"},
				"up": {"uv": [1.875, 9.75, 2, 9.25], "texture": "#obrez_atlas"},
				"down": {"uv": [5.625, 8.875, 5.75, 9.375], "texture": "#obrez_atlas"}
			}
		},
		{
			"name": "Voxels",
			"from": [7.625, 8.375, 8.5],
			"to": [7.875, 8.5, 8.625],
			"faces": {
				"north": {"uv": [8, 14.125, 7.75, 14.25], "texture": "#obrez_atlas"},
				"east": {"uv": [7.625, 10.125, 7.5, 10.25], "texture": "#obrez_atlas"},
				"south": {"uv": [7.75, 13.75, 8, 13.875], "texture": "#obrez_atlas"},
				"west": {"uv": [8, 15, 8.125, 15.125], "texture": "#obrez_atlas"},
				"up": {"uv": [7.75, 14.375, 8, 14.25], "texture": "#obrez_atlas"},
				"down": {"uv": [7.75, 14.625, 8, 14.75], "texture": "#obrez_atlas"}
			}
		},
		{
			"name": "Voxels",
			"from": [7.625, 8.5, 4],
			"to": [7.875, 8.75, 4.25],
			"faces": {
				"north": {"uv": [6, 9.375, 5.75, 9.625], "texture": "#obrez_atlas"},
				"east": {"uv": [7, 9.625, 6.75, 9.875], "texture": "#obrez_atlas"},
				"south": {"uv": [7.25, 9.625, 7.5, 9.875], "texture": "#obrez_atlas"},
				"west": {"uv": [7, 9.625, 7.25, 9.875], "texture": "#obrez_atlas"},
				"up": {"uv": [5.75, 9.375, 6, 9.125], "texture": "#obrez_atlas"},
				"down": {"uv": [5.75, 8.875, 6, 9.125], "texture": "#obrez_atlas"}
			}
		},
		{
			"name": "Voxels",
			"from": [7.625, 8.5, 8],
			"to": [7.875, 8.75, 8.125],
			"faces": {
				"north": {"uv": [6.25, 9.625, 6, 9.875], "texture": "#obrez_atlas"},
				"east": {"uv": [7.625, 9.875, 7.5, 10.125], "texture": "#obrez_atlas"},
				"south": {"uv": [7.25, 9.875, 7.5, 10.125], "texture": "#obrez_atlas"},
				"west": {"uv": [5.375, 8.5, 5.5, 8.75], "texture": "#obrez_atlas"},
				"up": {"uv": [7.75, 13.625, 8, 13.5], "texture": "#obrez_atlas"},
				"down": {"uv": [7.75, 13.625, 8, 13.75], "texture": "#obrez_atlas"}
			}
		},
		{
			"name": "Voxels",
			"from": [7.625, 8.5, 8.375],
			"to": [7.875, 8.625, 8.5],
			"faces": {
				"north": {"uv": [8, 11.875, 7.75, 12], "texture": "#obrez_atlas"},
				"east": {"uv": [7.625, 10.875, 7.5, 11], "texture": "#obrez_atlas"},
				"south": {"uv": [7.75, 11.75, 8, 11.875], "texture": "#obrez_atlas"},
				"west": {"uv": [7.5, 10.25, 7.625, 10.375], "texture": "#obrez_atlas"},
				"up": {"uv": [7.75, 12.125, 8, 12], "texture": "#obrez_atlas"},
				"down": {"uv": [7.75, 12.375, 8, 12.5], "texture": "#obrez_atlas"}
			}
		},
		{
			"name": "Voxels",
			"from": [7.625, 8.5, 8.625],
			"to": [7.875, 8.625, 8.75],
			"faces": {
				"north": {"uv": [8, 11.375, 7.75, 11.5], "texture": "#obrez_atlas"},
				"east": {"uv": [7.625, 11.25, 7.5, 11.375], "texture": "#obrez_atlas"},
				"south": {"uv": [7.75, 11.25, 8, 11.375], "texture": "#obrez_atlas"},
				"west": {"uv": [4.25, 8, 4.375, 8.125], "texture": "#obrez_atlas"},
				"up": {"uv": [7.75, 11.625, 8, 11.5], "texture": "#obrez_atlas"},
				"down": {"uv": [7.75, 11.625, 8, 11.75], "texture": "#obrez_atlas"}
			}
		},
		{
			"name": "Voxels",
			"from": [7.625, 8.5, 9.125],
			"to": [8.375, 8.75, 9.25],
			"faces": {
				"north": {"uv": [3.875, 8.75, 3.125, 9], "texture": "#obrez_atlas"},
				"east": {"uv": [7.625, 9.375, 7.5, 9.625], "texture": "#obrez_atlas"},
				"south": {"uv": [4.25, 15.25, 5, 15.5], "texture": "#obrez_atlas"},
				"west": {"uv": [7.5, 9.625, 7.625, 9.875], "texture": "#obrez_atlas"},
				"up": {"uv": [6.75, 12, 7.5, 11.875], "texture": "#obrez_atlas"},
				"down": {"uv": [5.5, 12, 6.25, 12.125], "texture": "#obrez_atlas"}
			}
		},
		{
			"name": "Voxels",
			"from": [7.625, 8.625, 4.25],
			"to": [7.875, 8.75, 4.5],
			"faces": {
				"north": {"uv": [8, 10.625, 7.75, 10.75], "texture": "#obrez_atlas"},
				"east": {"uv": [8, 10.25, 7.75, 10.375], "texture": "#obrez_atlas"},
				"south": {"uv": [7.75, 10.5, 8, 10.625], "texture": "#obrez_atlas"},
				"west": {"uv": [7.75, 10.375, 8, 10.5], "texture": "#obrez_atlas"},
				"up": {"uv": [7.375, 13.5, 7.625, 13.25], "texture": "#obrez_atlas"},
				"down": {"uv": [4.75, 9.875, 5, 10.125], "texture": "#obrez_atlas"}
			}
		},
		{
			"name": "Voxels",
			"from": [7.625, 8.625, 6.75],
			"to": [7.875, 8.75, 7.125],
			"faces": {
				"north": {"uv": [11.875, 15.75, 11.625, 15.875], "texture": "#obrez_atlas"},
				"east": {"uv": [13, 15.875, 12.625, 16], "texture": "#obrez_atlas"},
				"south": {"uv": [7.75, 10.125, 8, 10.25], "texture": "#obrez_atlas"},
				"west": {"uv": [13, 15.875, 13.375, 16], "texture": "#obrez_atlas"},
				"up": {"uv": [5.125, 13, 5.375, 12.625], "texture": "#obrez_atlas"},
				"down": {"uv": [5, 12, 5.25, 12.375], "texture": "#obrez_atlas"}
			}
		},
		{
			"name": "Voxels",
			"from": [7.625, 8.625, 7.75],
			"to": [8.5, 8.75, 8],
			"faces": {
				"north": {"uv": [6.125, 13.375, 5.25, 13.5], "texture": "#obrez_atlas"},
				"east": {"uv": [8, 9.875, 7.75, 10], "texture": "#obrez_atlas"},
				"south": {"uv": [5.125, 13.125, 6, 13.25], "texture": "#obrez_atlas"},
				"west": {"uv": [7.75, 10, 8, 10.125], "texture": "#obrez_atlas"},
				"up": {"uv": [2.25, 10.625, 3.125, 10.375], "texture": "#obrez_atlas"},
				"down": {"uv": [3.125, 10.375, 4, 10.625], "texture": "#obrez_atlas"}
			}
		},
		{
			"name": "Voxels",
			"from": [7.625, 8.625, 8.125],
			"to": [8.5, 8.75, 8.375],
			"faces": {
				"north": {"uv": [6, 13, 5.125, 13.125], "texture": "#obrez_atlas"},
				"east": {"uv": [8, 9.625, 7.75, 9.75], "texture": "#obrez_atlas"},
				"south": {"uv": [5.25, 13.25, 6.125, 13.375], "texture": "#obrez_atlas"},
				"west": {"uv": [7.75, 9.75, 8, 9.875], "texture": "#obrez_atlas"},
				"up": {"uv": [3, 12.625, 3.875, 12.375], "texture": "#obrez_atlas"},
				"down": {"uv": [3, 12.625, 3.875, 12.875], "texture": "#obrez_atlas"}
			}
		},
		{
			"name": "Voxels",
			"from": [7.625, 8.625, 8.375],
			"to": [7.75, 8.75, 8.625],
			"faces": {
				"north": {"uv": [7.625, 11.375, 7.5, 11.5], "texture": "#obrez_atlas"},
				"east": {"uv": [8, 8.875, 7.75, 9], "texture": "#obrez_atlas"},
				"south": {"uv": [8.375, 13.125, 8.5, 13.25], "texture": "#obrez_atlas"},
				"west": {"uv": [7.75, 9, 8, 9.125], "texture": "#obrez_atlas"},
				"up": {"uv": [7.625, 13.75, 7.75, 13.5], "texture": "#obrez_atlas"},
				"down": {"uv": [6, 8, 6.125, 8.25], "texture": "#obrez_atlas"}
			}
		},
		{
			"name": "Voxels",
			"from": [7.625, 8.625, 8.875],
			"to": [8.375, 8.75, 9.125],
			"faces": {
				"north": {"uv": [6.25, 12.25, 5.5, 12.375], "texture": "#obrez_atlas"},
				"east": {"uv": [8, 8.625, 7.75, 8.75], "texture": "#obrez_atlas"},
				"south": {"uv": [5.5, 12.125, 6.25, 12.25], "texture": "#obrez_atlas"},
				"west": {"uv": [7.75, 8.75, 8, 8.875], "texture": "#obrez_atlas"},
				"up": {"uv": [5.75, 15.5, 6.5, 15.25], "texture": "#obrez_atlas"},
				"down": {"uv": [5, 15.25, 5.75, 15.5], "texture": "#obrez_atlas"}
			}
		},
		{
			"name": "Voxels",
			"from": [7.625, 8.625, 9.25],
			"to": [7.75, 8.875, 9.375],
			"faces": {
				"north": {"uv": [7.75, 13.25, 7.625, 13.5], "texture": "#obrez_atlas"},
				"east": {"uv": [7.75, 12.5, 7.625, 12.75], "texture": "#obrez_atlas"},
				"south": {"uv": [7.625, 13, 7.75, 13.25], "texture": "#obrez_atlas"},
				"west": {"uv": [7.625, 12.75, 7.75, 13], "texture": "#obrez_atlas"},
				"up": {"uv": [8.375, 14, 8.5, 13.875], "texture": "#obrez_atlas"},
				"down": {"uv": [8.375, 13.25, 8.5, 13.375], "texture": "#obrez_atlas"}
			}
		},
		{
			"name": "Voxels",
			"from": [7.625, 8.75, 8.875],
			"to": [7.875, 8.875, 9.25],
			"faces": {
				"north": {"uv": [8, 8.5, 7.75, 8.625], "texture": "#obrez_atlas"},
				"east": {"uv": [7.125, 8.375, 6.75, 8.5], "texture": "#obrez_atlas"},
				"south": {"uv": [7.75, 8.375, 8, 8.5], "texture": "#obrez_atlas"},
				"west": {"uv": [7.25, 8.25, 7.625, 8.375], "texture": "#obrez_atlas"},
				"up": {"uv": [4.25, 12, 4.5, 11.625], "texture": "#obrez_atlas"},
				"down": {"uv": [7.25, 12, 7.5, 12.375], "texture": "#obrez_atlas"}
			}
		},
		{
			"name": "Voxels",
			"from": [7.75, 7.125, 11.5],
			"to": [8.25, 7.25, 11.75],
			"faces": {
				"north": {"uv": [5.5, 10.25, 5, 10.375], "texture": "#obrez_atlas"},
				"east": {"uv": [8.375, 15.75, 8.125, 15.875], "texture": "#obrez_atlas"},
				"south": {"uv": [6.75, 10.375, 7.25, 10.5], "texture": "#obrez_atlas"},
				"west": {"uv": [7.75, 8, 8, 8.125], "texture": "#obrez_atlas"},
				"up": {"uv": [0, 8.25, 0.5, 8], "texture": "#obrez_atlas"},
				"down": {"uv": [5.75, 13.5, 6.25, 13.75], "texture": "#obrez_atlas"}
			}
		},
		{
			"name": "Voxels",
			"from": [7.75, 7.25, 11.375],
			"to": [8.25, 7.375, 11.5],
			"faces": {
				"north": {"uv": [6.75, 10.5, 6.25, 10.625], "texture": "#obrez_atlas"},
				"east": {"uv": [8.5, 14.125, 8.375, 14.25], "texture": "#obrez_atlas"},
				"south": {"uv": [5.75, 10.5, 6.25, 10.625], "texture": "#obrez_atlas"},
				"west": {"uv": [8.375, 14, 8.5, 14.125], "texture": "#obrez_atlas"},
				"up": {"uv": [6.75, 10.625, 7.25, 10.5], "texture": "#obrez_atlas"},
				"down": {"uv": [4.75, 10.375, 5.25, 10.5], "texture": "#obrez_atlas"}
			}
		},
		{
			"name": "Voxels",
			"from": [7.75, 7.25, 11.5],
			"to": [7.875, 8.125, 11.75],
			"faces": {
				"north": {"uv": [4.75, 12.375, 4.625, 13.25], "texture": "#obrez_atlas"},
				"east": {"uv": [3.5, 11.5, 3.25, 12.375], "texture": "#obrez_atlas"},
				"south": {"uv": [5, 12.375, 5.125, 13.25], "texture": "#obrez_atlas"},
				"west": {"uv": [3, 11.5, 3.25, 12.375], "texture": "#obrez_atlas"},
				"up": {"uv": [7.625, 12.25, 7.75, 12], "texture": "#obrez_atlas"},
				"down": {"uv": [7.625, 12.25, 7.75, 12.5], "texture": "#obrez_atlas"}
			}
		},
		{
			"name": "Voxels",
			"from": [7.75, 7.25, 11.75],
			"to": [8.25, 7.875, 11.875],
			"faces": {
				"north": {"uv": [2, 8.125, 1.5, 8.75], "texture": "#obrez_atlas"},
				"east": {"uv": [4.5, 10, 4.375, 10.625], "texture": "#obrez_atlas"},
				"south": {"uv": [1, 8.125, 1.5, 8.75], "texture": "#obrez_atlas"},
				"west": {"uv": [4.25, 9.375, 4.375, 10], "texture": "#obrez_atlas"},
				"up": {"uv": [6, 10.75, 6.5, 10.625], "texture": "#obrez_atlas"},
				"down": {"uv": [7, 10.625, 7.5, 10.75], "texture": "#obrez_atlas"}
			}
		},
		{
			"name": "Voxels",
			"from": [7.75, 7.375, 11.125],
			"to": [8.25, 7.625, 11.25],
			"faces": {
				"north": {"uv": [5.25, 14.25, 4.75, 14.5], "texture": "#obrez_atlas"},
				"east": {"uv": [7.75, 10.5, 7.625, 10.75], "texture": "#obrez_atlas"},
				"south": {"uv": [4.75, 14, 5.25, 14.25], "texture": "#obrez_atlas"},
				"west": {"uv": [7.625, 10.75, 7.75, 11], "texture": "#obrez_atlas"},
				"up": {"uv": [5, 10.75, 5.5, 10.625], "texture": "#obrez_atlas"},
				"down": {"uv": [5.5, 10.625, 6, 10.75], "texture": "#obrez_atlas"}
			}
		},
		{
			"name": "Voxels",
			"from": [7.75, 7.375, 11.25],
			"to": [8.25, 7.5, 11.375],
			"faces": {
				"north": {"uv": [7, 10.75, 6.5, 10.875], "texture": "#obrez_atlas"},
				"east": {"uv": [8.5, 14.875, 8.375, 15], "texture": "#obrez_atlas"},
				"south": {"uv": [6, 10.75, 6.5, 10.875], "texture": "#obrez_atlas"},
				"west": {"uv": [8.375, 14.5, 8.5, 14.625], "texture": "#obrez_atlas"},
				"up": {"uv": [7, 10.875, 7.5, 10.75], "texture": "#obrez_atlas"},
				"down": {"uv": [4.5, 10.625, 5, 10.75], "texture": "#obrez_atlas"}
			}
		},
		{
			"name": "Voxels",
			"from": [7.75, 7.375, 11.375],
			"to": [7.875, 8.25, 11.5],
			"faces": {
				"north": {"uv": [6.125, 12.375, 6, 13.25], "texture": "#obrez_atlas"},
				"east": {"uv": [4.625, 12.375, 4.5, 13.25], "texture": "#obrez_atlas"},
				"south": {"uv": [4.25, 12.375, 4.375, 13.25], "texture": "#obrez_atlas"},
				"west": {"uv": [4.375, 12.375, 4.5, 13.25], "texture": "#obrez_atlas"},
				"up": {"uv": [8.375, 15.25, 8.5, 15.125], "texture": "#obrez_atlas"},
				"down": {"uv": [8.375, 15, 8.5, 15.125], "texture": "#obrez_atlas"}
			}
		},
		{
			"name": "Voxels",
			"from": [7.75, 7.375, 11.875],
			"to": [8.25, 7.625, 12],
			"faces": {
				"north": {"uv": [7.125, 14.5, 6.625, 14.75], "texture": "#obrez_atlas"},
				"east": {"uv": [7.75, 8.5, 7.625, 8.75], "texture": "#obrez_atlas"},
				"south": {"uv": [7.125, 14.5, 7.625, 14.75], "texture": "#obrez_atlas"},
				"west": {"uv": [7.625, 9.75, 7.75, 10], "texture": "#obrez_atlas"},
				"up": {"uv": [4.5, 10.875, 5, 10.75], "texture": "#obrez_atlas"},
				"down": {"uv": [5, 10.75, 5.5, 10.875], "texture": "#obrez_atlas"}
			}
		},
		{
			"name": "Voxels",
			"from": [7.75, 7.5, 8.875],
			"to": [8.25, 7.625, 9],
			"faces": {
				"north": {"uv": [5.5, 10.875, 5, 11], "texture": "#obrez_atlas"},
				"east": {"uv": [13.75, 15.375, 13.625, 15.5], "texture": "#obrez_atlas"},
				"south": {"uv": [4.5, 10.875, 5, 11], "texture": "#obrez_atlas"},
				"west": {"uv": [14.75, 15.375, 14.875, 15.5], "texture": "#obrez_atlas"},
				"up": {"uv": [5.5, 11, 6, 10.875], "texture": "#obrez_atlas"},
				"down": {"uv": [7, 10.875, 7.5, 11], "texture": "#obrez_atlas"}
			}
		},
		{
			"name": "Voxels",
			"from": [7.75, 7.5, 10.875],
			"to": [8.25, 7.75, 11],
			"faces": {
				"north": {"uv": [5.25, 13.5, 4.75, 13.75], "texture": "#obrez_atlas"},
				"east": {"uv": [7.75, 8, 7.625, 8.25], "texture": "#obrez_atlas"},
				"south": {"uv": [5.25, 13.5, 5.75, 13.75], "texture": "#obrez_atlas"},
				"west": {"uv": [7.625, 8.25, 7.75, 8.5], "texture": "#obrez_atlas"},
				"up": {"uv": [5.125, 11.125, 5.625, 11], "texture": "#obrez_atlas"},
				"down": {"uv": [5.625, 11, 6.125, 11.125], "texture": "#obrez_atlas"}
			}
		},
		{
			"name": "Voxels",
			"from": [7.75, 7.5, 11],
			"to": [8.25, 7.625, 11.125],
			"faces": {
				"north": {"uv": [3.375, 9.5, 2.875, 9.625], "texture": "#obrez_atlas"},
				"east": {"uv": [13.25, 15.375, 13.125, 15.5], "texture": "#obrez_atlas"},
				"south": {"uv": [3.75, 13.625, 4.25, 13.75], "texture": "#obrez_atlas"},
				"west": {"uv": [13.25, 15.375, 13.375, 15.5], "texture": "#obrez_atlas"},
				"up": {"uv": [7.125, 15.75, 7.625, 15.625], "texture": "#obrez_atlas"},
				"down": {"uv": [7.125, 15.5, 7.625, 15.625], "texture": "#obrez_atlas"}
			}
		},
		{
			"name": "Voxels",
			"from": [7.75, 7.5, 11.25],
			"to": [7.875, 8.125, 11.375],
			"faces": {
				"north": {"uv": [4.375, 8.75, 4.25, 9.375], "texture": "#obrez_atlas"},
				"east": {"uv": [4.5, 10.625, 4.375, 11.25], "texture": "#obrez_atlas"},
				"south": {"uv": [4.25, 8.125, 4.375, 8.75], "texture": "#obrez_atlas"},
				"west": {"uv": [4.25, 10, 4.375, 10.625], "texture": "#obrez_atlas"},
				"up": {"uv": [12.625, 15.5, 12.75, 15.375], "texture": "#obrez_atlas"},
				"down": {"uv": [13, 15.375, 13.125, 15.5], "texture": "#obrez_atlas"}
			}
		},
		{
			"name": "Voxels",
			"from": [7.75, 7.625, 10.625],
			"to": [8.25, 8.125, 10.75],
			"faces": {
				"north": {"uv": [4.25, 13.75, 3.75, 14.25], "texture": "#obrez_atlas"},
				"east": {"uv": [4.5, 8, 4.375, 8.5], "texture": "#obrez_atlas"},
				"south": {"uv": [2.25, 11.875, 2.75, 12.375], "texture": "#obrez_atlas"},
				"west": {"uv": [5, 8.5, 5.125, 9], "texture": "#obrez_atlas"},
				"up": {"uv": [5, 8.5, 5.5, 8.375], "texture": "#obrez_atlas"},
				"down": {"uv": [5, 8.25, 5.5, 8.375], "texture": "#obrez_atlas"}
			}
		},
		{
			"name": "Voxels",
			"from": [7.75, 7.625, 10.75],
			"to": [8.25, 7.75, 10.875],
			"faces": {
				"north": {"uv": [7, 10.625, 6.5, 10.75], "texture": "#obrez_atlas"},
				"east": {"uv": [11.25, 15.375, 11.125, 15.5], "texture": "#obrez_atlas"},
				"south": {"uv": [6.25, 10.375, 6.75, 10.5], "texture": "#obrez_atlas"},
				"west": {"uv": [12.25, 15.375, 12.375, 15.5], "texture": "#obrez_atlas"},
				"up": {"uv": [1.5, 8.125, 2, 8], "texture": "#obrez_atlas"},
				"down": {"uv": [5.5, 10.75, 6, 10.875], "texture": "#obrez_atlas"}
			}
		},
		{
			"name": "Voxels",
			"from": [7.75, 7.625, 11],
			"to": [7.875, 8, 11.25],
			"faces": {
				"north": {"uv": [7.75, 15.625, 7.625, 16], "texture": "#obrez_atlas"},
				"east": {"uv": [6.625, 12.875, 6.375, 13.25], "texture": "#obrez_atlas"},
				"south": {"uv": [7.625, 15.25, 7.75, 15.625], "texture": "#obrez_atlas"},
				"west": {"uv": [6.125, 12.5, 6.375, 12.875], "texture": "#obrez_atlas"},
				"up": {"uv": [8.125, 13.5, 8.25, 13.25], "texture": "#obrez_atlas"},
				"down": {"uv": [8.125, 13.5, 8.25, 13.75], "texture": "#obrez_atlas"}
			}
		},
		{
			"name": "Voxels",
			"from": [7.75, 7.75, 10.25],
			"to": [8.25, 8.25, 10.625],
			"faces": {
				"north": {"uv": [2.75, 12.375, 2.25, 12.875], "texture": "#obrez_atlas"},
				"east": {"uv": [2.875, 8.5, 2.5, 9], "texture": "#obrez_atlas"},
				"south": {"uv": [1.25, 12, 1.75, 12.5], "texture": "#obrez_atlas"},
				"west": {"uv": [2.25, 11.375, 2.625, 11.875], "texture": "#obrez_atlas"},
				"up": {"uv": [2.5, 10.375, 3, 10], "texture": "#obrez_atlas"},
				"down": {"uv": [3.125, 8, 3.625, 8.375], "texture": "#obrez_atlas"}
			}
		},
		{
			"name": "Voxels",
			"from": [7.75, 7.75, 10.75],
			"to": [7.875, 8.125, 11],
			"faces": {
				"north": {"uv": [6.625, 8.75, 6.5, 9.125], "texture": "#obrez_atlas"},
				"east": {"uv": [4.75, 11.25, 4.5, 11.625], "texture": "#obrez_atlas"},
				"south": {"uv": [6.5, 8.375, 6.625, 8.75], "texture": "#obrez_atlas"},
				"west": {"uv": [4.75, 11.25, 5, 11.625], "texture": "#obrez_atlas"},
				"up": {"uv": [8.125, 13, 8.25, 12.75], "texture": "#obrez_atlas"},
				"down": {"uv": [8.125, 13, 8.25, 13.25], "texture": "#obrez_atlas"}
			}
		},
		{
			"name": "Voxels",
			"from": [7.75, 7.875, 8.875],
			"to": [8.25, 8.125, 9.125],
			"faces": {
				"north": {"uv": [7.25, 13.5, 6.75, 13.75], "texture": "#obrez_atlas"},
				"east": {"uv": [7.375, 11.625, 7.125, 11.875], "texture": "#obrez_atlas"},
				"south": {"uv": [6.25, 13.5, 6.75, 13.75], "texture": "#obrez_atlas"},
				"west": {"uv": [6.875, 12.375, 7.125, 12.625], "texture": "#obrez_atlas"},
				"up": {"uv": [4.25, 13.5, 4.75, 13.25], "texture": "#obrez_atlas"},
				"down": {"uv": [4.75, 13.25, 5.25, 13.5], "texture": "#obrez_atlas"}
			}
		},
		{
			"name": "Voxels",
			"from": [7.75, 7.875, 9.125],
			"to": [8.25, 8, 10.25],
			"faces": {
				"north": {"uv": [6.625, 11, 6.125, 11.125], "texture": "#obrez_atlas"},
				"east": {"uv": [5.875, 14.75, 4.75, 14.875], "texture": "#obrez_atlas"},
				"south": {"uv": [6.625, 11, 7.125, 11.125], "texture": "#obrez_atlas"},
				"west": {"uv": [4.75, 14.875, 5.875, 15], "texture": "#obrez_atlas"},
				"up": {"uv": [0.5, 9.375, 1, 8.25], "texture": "#obrez_atlas"},
				"down": {"uv": [1.25, 13.125, 1.75, 14.25], "texture": "#obrez_atlas"}
			}
		},
		{
			"name": "Voxels",
			"from": [7.75, 8, 7.625],
			"to": [8.25, 8.125, 8.875],
			"faces": {
				"north": {"uv": [6.5, 10.875, 6, 11], "texture": "#obrez_atlas"},
				"east": {"uv": [7.5, 15, 6.25, 15.125], "texture": "#obrez_atlas"},
				"south": {"uv": [6.5, 10.875, 7, 11], "texture": "#obrez_atlas"},
				"west": {"uv": [6.25, 15.125, 7.5, 15.25], "texture": "#obrez_atlas"},
				"up": {"uv": [0.5, 10.625, 1, 9.375], "texture": "#obrez_atlas"},
				"down": {"uv": [0, 8.25, 0.5, 9.5], "texture": "#obrez_atlas"}
			}
		},
		{
			"name": "Voxels",
			"from": [7.75, 8, 9.125],
			"to": [7.875, 8.5, 10],
			"faces": {
				"north": {"uv": [2, 8.75, 1.875, 9.25], "texture": "#obrez_atlas"},
				"east": {"uv": [1.875, 9.25, 1, 9.75], "texture": "#obrez_atlas"},
				"south": {"uv": [2.625, 11.375, 2.75, 11.875], "texture": "#obrez_atlas"},
				"west": {"uv": [1, 8.75, 1.875, 9.25], "texture": "#obrez_atlas"},
				"up": {"uv": [4.75, 13.25, 4.875, 12.375], "texture": "#obrez_atlas"},
				"down": {"uv": [4.875, 12.375, 5, 13.25], "texture": "#obrez_atlas"}
			}
		},
		{
			"name": "Voxels",
			"from": [7.75, 8, 10],
			"to": [8.25, 8.375, 10.25],
			"faces": {
				"north": {"uv": [3.375, 9.625, 2.875, 10], "texture": "#obrez_atlas"},
				"east": {"uv": [7.125, 12.625, 6.875, 13], "texture": "#obrez_atlas"},
				"south": {"uv": [3.5, 10, 4, 10.375], "texture": "#obrez_atlas"},
				"west": {"uv": [7.125, 12.625, 7.375, 13], "texture": "#obrez_atlas"},
				"up": {"uv": [4.75, 14, 5.25, 13.75], "texture": "#obrez_atlas"},
				"down": {"uv": [5.875, 14.5, 6.375, 14.75], "texture": "#obrez_atlas"}
			}
		},
		{
			"name": "Voxels",
			"from": [7.75, 8.125, 4.875],
			"to": [8.25, 8.375, 5.5],
			"faces": {
				"north": {"uv": [4.25, 11.375, 3.75, 11.625], "texture": "#obrez_atlas"},
				"east": {"uv": [4.25, 14.5, 3.625, 14.75], "texture": "#obrez_atlas"},
				"south": {"uv": [0.5, 8, 1, 8.25], "texture": "#obrez_atlas"},
				"west": {"uv": [5.625, 15, 6.25, 15.25], "texture": "#obrez_atlas"},
				"up": {"uv": [2.75, 14.25, 3.25, 13.625], "texture": "#obrez_atlas"},
				"down": {"uv": [1.25, 12.5, 1.75, 13.125], "texture": "#obrez_atlas"}
			}
		},
		{
			"name": "Voxels",
			"from": [7.75, 8.125, 5.5],
			"to": [8.25, 8.25, 7.5],
			"faces": {
				"north": {"uv": [5.25, 10.5, 4.75, 10.625], "texture": "#obrez_atlas"},
				"east": {"uv": [4, 10.625, 2, 10.75], "texture": "#obrez_atlas"},
				"south": {"uv": [5.25, 10.5, 5.75, 10.625], "texture": "#obrez_atlas"},
				"west": {"uv": [2.25, 13, 4.25, 13.125], "texture": "#obrez_atlas"},
				"up": {"uv": [0, 11.5, 0.5, 9.5], "texture": "#obrez_atlas"},
				"down": {"uv": [0.5, 14, 1, 16], "texture": "#obrez_atlas"}
			}
		},
		{
			"name": "Voxels",
			"from": [7.75, 8.125, 7.5],
			"to": [7.875, 8.375, 8.75],
			"faces": {
				"north": {"uv": [8.25, 12.5, 8.125, 12.75], "texture": "#obrez_atlas"},
				"east": {"uv": [3.5, 13.375, 2.25, 13.625], "texture": "#obrez_atlas"},
				"south": {"uv": [8.125, 12.25, 8.25, 12.5], "texture": "#obrez_atlas"},
				"west": {"uv": [2.25, 13.125, 3.5, 13.375], "texture": "#obrez_atlas"},
				"up": {"uv": [4.25, 15, 4.375, 13.75], "texture": "#obrez_atlas"},
				"down": {"uv": [4.375, 13.75, 4.5, 15], "texture": "#obrez_atlas"}
			}
		},
		{
			"name": "Voxels",
			"from": [7.75, 8.25, 4.25],
			"to": [8.25, 8.375, 4.875],
			"faces": {
				"north": {"uv": [5.75, 10.375, 5.25, 10.5], "texture": "#obrez_atlas"},
				"east": {"uv": [6.875, 11.25, 6.25, 11.375], "texture": "#obrez_atlas"},
				"south": {"uv": [5.75, 10.375, 6.25, 10.5], "texture": "#obrez_atlas"},
				"west": {"uv": [6.25, 11.375, 6.875, 11.5], "texture": "#obrez_atlas"},
				"up": {"uv": [3.25, 14.25, 3.75, 13.625], "texture": "#obrez_atlas"},
				"down": {"uv": [2.25, 13.625, 2.75, 14.25], "texture": "#obrez_atlas"}
			}
		},
		{
			"name": "Voxels",
			"from": [7.75, 8.25, 5.5],
			"to": [7.875, 8.375, 7.5],
			"faces": {
				"north": {"uv": [11.125, 15.375, 11, 15.5], "texture": "#obrez_atlas"},
				"east": {"uv": [4.25, 12.875, 2.25, 13], "texture": "#obrez_atlas"},
				"south": {"uv": [10.875, 15.375, 11, 15.5], "texture": "#obrez_atlas"},
				"west": {"uv": [2, 10.75, 4, 10.875], "texture": "#obrez_atlas"},
				"up": {"uv": [1.875, 12, 2, 10], "texture": "#obrez_atlas"},
				"down": {"uv": [1.75, 10, 1.875, 12], "texture": "#obrez_atlas"}
			}
		},
		{
			"name": "Voxels",
			"from": [7.75, 8.375, 4],
			"to": [8.25, 8.5, 4.25],
			"faces": {
				"north": {"uv": [7.5, 10.25, 7, 10.375], "texture": "#obrez_atlas"},
				"east": {"uv": [12.875, 15.75, 12.625, 15.875], "texture": "#obrez_atlas"},
				"south": {"uv": [5, 10.125, 5.5, 10.25], "texture": "#obrez_atlas"},
				"west": {"uv": [12.375, 15.75, 12.625, 15.875], "texture": "#obrez_atlas"},
				"up": {"uv": [7.125, 14.5, 7.625, 14.25], "texture": "#obrez_atlas"},
				"down": {"uv": [4.25, 13.5, 4.75, 13.75], "texture": "#obrez_atlas"}
			}
		},
		{
			"name": "Voxels",
			"from": [7.75, 8.375, 8],
			"to": [8, 8.5, 8.125],
			"faces": {
				"north": {"uv": [13.625, 15.75, 13.375, 15.875], "texture": "#obrez_atlas"},
				"east": {"uv": [9.5, 15.375, 9.375, 15.5], "texture": "#obrez_atlas"},
				"south": {"uv": [13.625, 15.75, 13.875, 15.875], "texture": "#obrez_atlas"},
				"west": {"uv": [10.75, 15.375, 10.875, 15.5], "texture": "#obrez_atlas"},
				"up": {"uv": [13.125, 15.875, 13.375, 15.75], "texture": "#obrez_atlas"},
				"down": {"uv": [12.875, 15.75, 13.125, 15.875], "texture": "#obrez_atlas"}
			}
		},
		{
			"name": "Voxels",
			"from": [7.75, 8.375, 8.375],
			"to": [7.875, 8.5, 8.5],
			"faces": {
				"north": {"uv": [16, 15.75, 15.875, 15.875], "texture": "#obrez_atlas"},
				"east": {"uv": [8.125, 9.5, 8, 9.625], "texture": "#obrez_atlas"},
				"south": {"uv": [8, 9.25, 8.125, 9.375], "texture": "#obrez_atlas"},
				"west": {"uv": [8, 9.375, 8.125, 9.5], "texture": "#obrez_atlas"},
				"up": {"uv": [8.25, 8.125, 8.375, 8], "texture": "#obrez_atlas"},
				"down": {"uv": [15.875, 15.5, 16, 15.625], "texture": "#obrez_atlas"}
			}
		},
		{
			"name": "Voxels",
			"from": [7.75, 8.375, 8.625],
			"to": [7.875, 8.5, 8.75],
			"faces": {
				"north": {"uv": [8.125, 9.75, 8, 9.875], "texture": "#obrez_atlas"},
				"east": {"uv": [8.125, 10.625, 8, 10.75], "texture": "#obrez_atlas"},
				"south": {"uv": [8, 9.875, 8.125, 10], "texture": "#obrez_atlas"},
				"west": {"uv": [8, 10.5, 8.125, 10.625], "texture": "#obrez_atlas"},
				"up": {"uv": [8, 13, 8.125, 12.875], "texture": "#obrez_atlas"},
				"down": {"uv": [8, 9.625, 8.125, 9.75], "texture": "#obrez_atlas"}
			}
		},
		{
			"name": "Voxels",
			"from": [7.75, 8.5, 7.625],
			"to": [7.875, 8.75, 7.75],
			"faces": {
				"north": {"uv": [8.25, 12, 8.125, 12.25], "texture": "#obrez_atlas"},
				"east": {"uv": [8.25, 10.75, 8.125, 11], "texture": "#obrez_atlas"},
				"south": {"uv": [8.125, 11.75, 8.25, 12], "texture": "#obrez_atlas"},
				"west": {"uv": [8.125, 11, 8.25, 11.25], "texture": "#obrez_atlas"},
				"up": {"uv": [7.5, 12, 7.625, 11.875], "texture": "#obrez_atlas"},
				"down": {"uv": [7.5, 11.5, 7.625, 11.625], "texture": "#obrez_atlas"}
			}
		},
		{
			"name": "Voxels",
			"from": [7.75, 8.5, 7.75],
			"to": [7.875, 8.625, 8],
			"faces": {
				"north": {"uv": [8.125, 10.25, 8, 10.375], "texture": "#obrez_atlas"},
				"east": {"uv": [14.375, 15.75, 14.125, 15.875], "texture": "#obrez_atlas"},
				"south": {"uv": [8, 10.375, 8.125, 10.5], "texture": "#obrez_atlas"},
				"west": {"uv": [13.875, 15.75, 14.125, 15.875], "texture": "#obrez_atlas"},
				"up": {"uv": [8.125, 10.5, 8.25, 10.25], "texture": "#obrez_atlas"},
				"down": {"uv": [8.125, 10.5, 8.25, 10.75], "texture": "#obrez_atlas"}
			}
		},
		{
			"name": "Voxels",
			"from": [7.75, 8.5, 8.125],
			"to": [7.875, 8.625, 8.375],
			"faces": {
				"north": {"uv": [8.125, 11.625, 8, 11.75], "texture": "#obrez_atlas"},
				"east": {"uv": [14.875, 15.75, 14.625, 15.875], "texture": "#obrez_atlas"},
				"south": {"uv": [8, 11.75, 8.125, 11.875], "texture": "#obrez_atlas"},
				"west": {"uv": [14.375, 15.75, 14.625, 15.875], "texture": "#obrez_atlas"},
				"up": {"uv": [8.125, 9.5, 8.25, 9.25], "texture": "#obrez_atlas"},
				"down": {"uv": [8.125, 9.5, 8.25, 9.75], "texture": "#obrez_atlas"}
			}
		},
		{
			"name": "Voxels",
			"from": [7.75, 8.5, 9.25],
			"to": [8.25, 8.625, 9.625],
			"faces": {
				"north": {"uv": [7, 10.125, 6.5, 10.25], "texture": "#obrez_atlas"},
				"east": {"uv": [13.75, 15.875, 13.375, 16], "texture": "#obrez_atlas"},
				"south": {"uv": [1, 8, 1.5, 8.125], "texture": "#obrez_atlas"},
				"west": {"uv": [13.75, 15.875, 14.125, 16], "texture": "#obrez_atlas"},
				"up": {"uv": [3.125, 8.75, 3.625, 8.375], "texture": "#obrez_atlas"},
				"down": {"uv": [3, 10, 3.5, 10.375], "texture": "#obrez_atlas"}
			}
		},
		{
			"name": "Voxels",
			"from": [7.75, 8.625, 8.5],
			"to": [8.375, 8.75, 8.625],
			"faces": {
				"north": {"uv": [6.25, 11.25, 5.625, 11.375], "texture": "#obrez_atlas"},
				"east": {"uv": [8.125, 12.5, 8, 12.625], "texture": "#obrez_atlas"},
				"south": {"uv": [6.25, 11.5, 6.875, 11.625], "texture": "#obrez_atlas"},
				"west": {"uv": [8, 12.375, 8.125, 12.5], "texture": "#obrez_atlas"},
				"up": {"uv": [5.625, 11.5, 6.25, 11.375], "texture": "#obrez_atlas"},
				"down": {"uv": [5.625, 11.5, 6.25, 11.625], "texture": "#obrez_atlas"}
			}
		},
		{
			"name": "Voxels",
			"from": [7.75, 8.625, 8.625],
			"to": [8.25, 8.75, 8.875],
			"faces": {
				"north": {"uv": [7.625, 11, 7.125, 11.125], "texture": "#obrez_atlas"},
				"east": {"uv": [15.375, 15.75, 15.125, 15.875], "texture": "#obrez_atlas"},
				"south": {"uv": [6, 10.125, 6.5, 10.25], "texture": "#obrez_atlas"},
				"west": {"uv": [14.875, 15.75, 15.125, 15.875], "texture": "#obrez_atlas"},
				"up": {"uv": [6.625, 14.5, 7.125, 14.25], "texture": "#obrez_atlas"},
				"down": {"uv": [5.875, 13.75, 6.375, 14], "texture": "#obrez_atlas"}
			}
		},
		{
			"name": "Voxels",
			"from": [7.75, 8.75, 8.5],
			"to": [8.25, 8.875, 8.625],
			"faces": {
				"north": {"uv": [6.5, 10.25, 6, 10.375], "texture": "#obrez_atlas"},
				"east": {"uv": [8.125, 13.625, 8, 13.75], "texture": "#obrez_atlas"},
				"south": {"uv": [5.5, 10.25, 6, 10.375], "texture": "#obrez_atlas"},
				"west": {"uv": [8, 13.25, 8.125, 13.375], "texture": "#obrez_atlas"},
				"up": {"uv": [6.5, 10.375, 7, 10.25], "texture": "#obrez_atlas"},
				"down": {"uv": [5.5, 10.125, 6, 10.25], "texture": "#obrez_atlas"}
			}
		},
		{
			"name": "Voxels",
			"from": [7.875, 7.125, 11.375],
			"to": [8.125, 7.25, 11.5],
			"faces": {
				"north": {"uv": [9, 15.625, 8.75, 15.75], "texture": "#obrez_atlas"},
				"east": {"uv": [14.625, 15.375, 14.5, 15.5], "texture": "#obrez_atlas"},
				"south": {"uv": [9, 15.625, 9.25, 15.75], "texture": "#obrez_atlas"},
				"west": {"uv": [14.625, 15.375, 14.75, 15.5], "texture": "#obrez_atlas"},
				"up": {"uv": [8.5, 15.75, 8.75, 15.625], "texture": "#obrez_atlas"},
				"down": {"uv": [8.25, 15.625, 8.5, 15.75], "texture": "#obrez_atlas"}
			}
		},
		{
			"name": "Voxels",
			"from": [7.875, 7.25, 11.125],
			"to": [8.125, 7.375, 11.375],
			"faces": {
				"north": {"uv": [9.5, 15.625, 9.25, 15.75], "texture": "#obrez_atlas"},
				"east": {"uv": [11.25, 15.625, 11, 15.75], "texture": "#obrez_atlas"},
				"south": {"uv": [9.5, 15.625, 9.75, 15.75], "texture": "#obrez_atlas"},
				"west": {"uv": [10.75, 15.625, 11, 15.75], "texture": "#obrez_atlas"},
				"up": {"uv": [1.75, 10, 2, 9.75], "texture": "#obrez_atlas"},
				"down": {"uv": [7.375, 11.625, 7.625, 11.875], "texture": "#obrez_atlas"}
			}
		},
		{
			"name": "Voxels",
			"from": [7.875, 7.25, 11.625],
			"to": [8.25, 7.375, 11.75],
			"faces": {
				"north": {"uv": [7.625, 10.375, 7.25, 10.5], "texture": "#obrez_atlas"},
				"east": {"uv": [8.125, 12.75, 8, 12.875], "texture": "#obrez_atlas"},
				"south": {"uv": [6.75, 8.5, 7.125, 8.625], "texture": "#obrez_atlas"},
				"west": {"uv": [8, 12.625, 8.125, 12.75], "texture": "#obrez_atlas"},
				"up": {"uv": [7.75, 15.375, 8.125, 15.25], "texture": "#obrez_atlas"},
				"down": {"uv": [7.25, 8.125, 7.625, 8.25], "texture": "#obrez_atlas"}
			}
		},
		{
			"name": "Voxels",
			"from": [7.875, 7.25, 11.875],
			"to": [8.125, 7.375, 12],
			"faces": {
				"north": {"uv": [13.75, 15.625, 13.5, 15.75], "texture": "#obrez_atlas"},
				"east": {"uv": [8.125, 13.875, 8, 14], "texture": "#obrez_atlas"},
				"south": {"uv": [13.75, 15.625, 14, 15.75], "texture": "#obrez_atlas"},
				"west": {"uv": [8, 13.75, 8.125, 13.875], "texture": "#obrez_atlas"},
				"up": {"uv": [11.5, 15.75, 11.75, 15.625], "texture": "#obrez_atlas"},
				"down": {"uv": [11.25, 15.625, 11.5, 15.75], "texture": "#obrez_atlas"}
			}
		},
		{
			"name": "Voxels",
			"from": [7.875, 7.375, 9],
			"to": [8.125, 7.625, 9.625],
			"faces": {
				"north": {"uv": [6, 8.375, 5.75, 8.625], "texture": "#obrez_atlas"},
				"east": {"uv": [5.625, 15, 5, 15.25], "texture": "#obrez_atlas"},
				"south": {"uv": [5.75, 8.625, 6, 8.875], "texture": "#obrez_atlas"},
				"west": {"uv": [3.625, 14.25, 4.25, 14.5], "texture": "#obrez_atlas"},
				"up": {"uv": [4.5, 14.375, 4.75, 13.75], "texture": "#obrez_atlas"},
				"down": {"uv": [4.5, 14.375, 4.75, 15], "texture": "#obrez_atlas"}
			}
		},
		{
			"name": "Voxels",
			"from": [7.875, 7.375, 10.875],
			"to": [8.125, 7.5, 11.125],
			"faces": {
				"north": {"uv": [14.25, 15.625, 14, 15.75], "texture": "#obrez_atlas"},
				"east": {"uv": [15, 15.625, 14.75, 15.75], "texture": "#obrez_atlas"},
				"south": {"uv": [14.25, 15.625, 14.5, 15.75], "texture": "#obrez_atlas"},
				"west": {"uv": [14.5, 15.625, 14.75, 15.75], "texture": "#obrez_atlas"},
				"up": {"uv": [5.125, 8.75, 5.375, 8.5], "texture": "#obrez_atlas"},
				"down": {"uv": [6.5, 9.875, 6.75, 10.125], "texture": "#obrez_atlas"}
			}
		},
		{
			"name": "Voxels",
			"from": [7.875, 7.375, 12],
			"to": [8.125, 7.625, 12.125],
			"faces": {
				"north": {"uv": [4.75, 8.375, 4.5, 8.625], "texture": "#obrez_atlas"},
				"east": {"uv": [8.375, 15.375, 8.25, 15.625], "texture": "#obrez_atlas"},
				"south": {"uv": [4.5, 9.625, 4.75, 9.875], "texture": "#obrez_atlas"},
				"west": {"uv": [8.125, 8, 8.25, 8.25], "texture": "#obrez_atlas"},
				"up": {"uv": [15.25, 15.75, 15.5, 15.625], "texture": "#obrez_atlas"},
				"down": {"uv": [15, 15.625, 15.25, 15.75], "texture": "#obrez_atlas"}
			}
		},
		{
			"name": "Voxels",
			"from": [7.875, 7.5, 8.75],
			"to": [8.125, 8, 8.875],
			"faces": {
				"north": {"uv": [5.5, 14, 5.25, 14.5], "texture": "#obrez_atlas"},
				"east": {"uv": [4.5, 8.5, 4.375, 9], "texture": "#obrez_atlas"},
				"south": {"uv": [6.625, 13.75, 6.875, 14.25], "texture": "#obrez_atlas"},
				"west": {"uv": [4.375, 9, 4.5, 9.5], "texture": "#obrez_atlas"},
				"up": {"uv": [8.625, 15.625, 8.875, 15.5], "texture": "#obrez_atlas"},
				"down": {"uv": [8.375, 15.5, 8.625, 15.625], "texture": "#obrez_atlas"}
			}
		},
		{
			"name": "Voxels",
			"from": [7.875, 7.5, 9.625],
			"to": [8.125, 7.875, 9.875],
			"faces": {
				"north": {"uv": [5.875, 11.625, 5.625, 12], "texture": "#obrez_atlas"},
				"east": {"uv": [6.75, 12, 6.5, 12.375], "texture": "#obrez_atlas"},
				"south": {"uv": [5.875, 11.625, 6.125, 12], "texture": "#obrez_atlas"},
				"west": {"uv": [6.25, 12, 6.5, 12.375], "texture": "#obrez_atlas"},
				"up": {"uv": [5.125, 9, 5.375, 8.75], "texture": "#obrez_atlas"},
				"down": {"uv": [4.75, 9.125, 5, 9.375], "texture": "#obrez_atlas"}
			}
		},
		{
			"name": "Voxels",
			"from": [7.875, 7.5, 10.625],
			"to": [8.125, 7.625, 10.875],
			"faces": {
				"north": {"uv": [9.625, 15.5, 9.375, 15.625], "texture": "#obrez_atlas"},
				"east": {"uv": [11.375, 15.5, 11.125, 15.625], "texture": "#obrez_atlas"},
				"south": {"uv": [9.625, 15.5, 9.875, 15.625], "texture": "#obrez_atlas"},
				"west": {"uv": [10.875, 15.5, 11.125, 15.625], "texture": "#obrez_atlas"},
				"up": {"uv": [4.5, 10.125, 4.75, 9.875], "texture": "#obrez_atlas"},
				"down": {"uv": [4.75, 10.125, 5, 10.375], "texture": "#obrez_atlas"}
			}
		},
		{
			"name": "Voxels",
			"from": [7.875, 7.5, 11.5],
			"to": [8.125, 8.25, 11.75],
			"faces": {
				"north": {"uv": [3.125, 8.75, 2.875, 9.5], "texture": "#obrez_atlas"},
				"east": {"uv": [3.875, 8, 3.625, 8.75], "texture": "#obrez_atlas"},
				"south": {"uv": [2.875, 8, 3.125, 8.75], "texture": "#obrez_atlas"},
				"west": {"uv": [4, 11.625, 4.25, 12.375], "texture": "#obrez_atlas"},
				"up": {"uv": [5.25, 9.25, 5.5, 9], "texture": "#obrez_atlas"},
				"down": {"uv": [6.625, 12.375, 6.875, 12.625], "texture": "#obrez_atlas"}
			}
		},
		{
			"name": "Voxels",
			"from": [7.875, 7.625, 8.875],
			"to": [8.125, 7.875, 9],
			"faces": {
				"north": {"uv": [5, 9.375, 4.75, 9.625], "texture": "#obrez_atlas"},
				"east": {"uv": [8.375, 11.375, 8.25, 11.625], "texture": "#obrez_atlas"},
				"south": {"uv": [4.5, 8.625, 4.75, 8.875], "texture": "#obrez_atlas"},
				"west": {"uv": [8.25, 11.625, 8.375, 11.875], "texture": "#obrez_atlas"},
				"up": {"uv": [11.875, 15.625, 12.125, 15.5], "texture": "#obrez_atlas"},
				"down": {"uv": [11.625, 15.5, 11.875, 15.625], "texture": "#obrez_atlas"}
			}
		},
		{
			"name": "Voxels",
			"from": [7.875, 7.625, 9.875],
			"to": [8.125, 7.875, 10],
			"faces": {
				"north": {"uv": [4.75, 10.375, 4.5, 10.625], "texture": "#obrez_atlas"},
				"east": {"uv": [8.375, 9.375, 8.25, 9.625], "texture": "#obrez_atlas"},
				"south": {"uv": [4.5, 10.125, 4.75, 10.375], "texture": "#obrez_atlas"},
				"west": {"uv": [8.25, 11.125, 8.375, 11.375], "texture": "#obrez_atlas"},
				"up": {"uv": [13.875, 15.625, 14.125, 15.5], "texture": "#obrez_atlas"},
				"down": {"uv": [12.125, 15.5, 12.375, 15.625], "texture": "#obrez_atlas"}
			}
		},
		{
			"name": "Voxels",
			"from": [7.875, 7.625, 10.25],
			"to": [8.125, 7.75, 10.625],
			"faces": {
				"north": {"uv": [15.375, 15.5, 15.125, 15.625], "texture": "#obrez_atlas"},
				"east": {"uv": [11.125, 15.875, 10.75, 16], "texture": "#obrez_atlas"},
				"south": {"uv": [15.375, 15.5, 15.625, 15.625], "texture": "#obrez_atlas"},
				"west": {"uv": [9.625, 15.875, 10, 16], "texture": "#obrez_atlas"},
				"up": {"uv": [4.5, 12, 4.75, 11.625], "texture": "#obrez_atlas"},
				"down": {"uv": [4.75, 11.625, 5, 12], "texture": "#obrez_atlas"}
			}
		},
		{
			"name": "Voxels",
			"from": [7.875, 7.625, 11.375],
			"to": [8.375, 7.75, 11.5],
			"faces": {
				"north": {"uv": [6.5, 9.875, 6, 10], "texture": "#obrez_atlas"},
				"east": {"uv": [8.125, 10, 8, 10.125], "texture": "#obrez_atlas"},
				"south": {"uv": [6.25, 9.75, 6.75, 9.875], "texture": "#obrez_atlas"},
				"west": {"uv": [8, 10.125, 8.125, 10.25], "texture": "#obrez_atlas"},
				"up": {"uv": [5, 9.875, 5.5, 9.75], "texture": "#obrez_atlas"},
				"down": {"uv": [7, 10.125, 7.5, 10.25], "texture": "#obrez_atlas"}
			}
		},
		{
			"name": "Voxels",
			"from": [7.875, 7.625, 11.875],
			"to": [8.125, 7.875, 12],
			"faces": {
				"north": {"uv": [7.5, 9.375, 7.25, 9.625], "texture": "#obrez_atlas"},
				"east": {"uv": [8.375, 8.875, 8.25, 9.125], "texture": "#obrez_atlas"},
				"south": {"uv": [5.25, 13.75, 5.5, 14], "texture": "#obrez_atlas"},
				"west": {"uv": [8.25, 9.125, 8.375, 9.375], "texture": "#obrez_atlas"},
				"up": {"uv": [8.375, 15.5, 8.625, 15.375], "texture": "#obrez_atlas"},
				"down": {"uv": [15.625, 15.5, 15.875, 15.625], "texture": "#obrez_atlas"}
			}
		},
		{
			"name": "Voxels",
			"from": [7.875, 7.75, 9.125],
			"to": [8, 7.875, 9.375],
			"faces": {
				"north": {"uv": [8.125, 13.125, 8, 13.25], "texture": "#obrez_atlas"},
				"east": {"uv": [9.125, 15.375, 8.875, 15.5], "texture": "#obrez_atlas"},
				"south": {"uv": [8, 13, 8.125, 13.125], "texture": "#obrez_atlas"},
				"west": {"uv": [8.625, 15.375, 8.875, 15.5], "texture": "#obrez_atlas"},
				"up": {"uv": [8.25, 8.625, 8.375, 8.375], "texture": "#obrez_atlas"},
				"down": {"uv": [8.25, 8.625, 8.375, 8.875], "texture": "#obrez_atlas"}
			}
		},
		{
			"name": "Voxels",
			"from": [7.875, 7.75, 9.5],
			"to": [8.125, 7.875, 9.625],
			"faces": {
				"north": {"uv": [1.75, 9.75, 1.5, 9.875], "texture": "#obrez_atlas"},
				"east": {"uv": [8.125, 10.75, 8, 10.875], "texture": "#obrez_atlas"},
				"south": {"uv": [3, 11.375, 3.25, 11.5], "texture": "#obrez_atlas"},
				"west": {"uv": [8, 10.875, 8.125, 11], "texture": "#obrez_atlas"},
				"up": {"uv": [1.25, 9.875, 1.5, 9.75], "texture": "#obrez_atlas"},
				"down": {"uv": [1.75, 13.125, 2, 13.25], "texture": "#obrez_atlas"}
			}
		},
		{
			"name": "Voxels",
			"from": [7.875, 7.75, 10],
			"to": [8.125, 7.875, 10.25],
			"faces": {
				"north": {"uv": [3.5, 11.375, 3.25, 11.5], "texture": "#obrez_atlas"},
				"east": {"uv": [6.375, 12.375, 6.125, 12.5], "texture": "#obrez_atlas"},
				"south": {"uv": [4, 10.75, 4.25, 10.875], "texture": "#obrez_atlas"},
				"west": {"uv": [4, 10.625, 4.25, 10.75], "texture": "#obrez_atlas"},
				"up": {"uv": [3.5, 11.625, 3.75, 11.375], "texture": "#obrez_atlas"},
				"down": {"uv": [4, 10.375, 4.25, 10.625], "texture": "#obrez_atlas"}
			}
		},
		{
			"name": "Voxels",
			"from": [7.875, 7.75, 11.125],
			"to": [8.25, 8, 11.375],
			"faces": {
				"north": {"uv": [4.25, 8.75, 3.875, 9], "texture": "#obrez_atlas"},
				"east": {"uv": [5.375, 12.375, 5.125, 12.625], "texture": "#obrez_atlas"},
				"south": {"uv": [7.25, 15.25, 7.625, 15.5], "texture": "#obrez_atlas"},
				"west": {"uv": [5.375, 12.375, 5.625, 12.625], "texture": "#obrez_atlas"},
				"up": {"uv": [3.875, 12.875, 4.25, 12.625], "texture": "#obrez_atlas"},
				"down": {"uv": [3.875, 12.375, 4.25, 12.625], "texture": "#obrez_atlas"}
			}
		},
		{
			"name": "Voxels",
			"from": [7.875, 7.75, 11.375],
			"to": [8.25, 7.875, 11.5],
			"faces": {
				"north": {"uv": [8.5, 15.875, 8.125, 16], "texture": "#obrez_atlas"},
				"east": {"uv": [10, 15.375, 9.875, 15.5], "texture": "#obrez_atlas"},
				"south": {"uv": [7.75, 15.875, 8.125, 16], "texture": "#obrez_atlas"},
				"west": {"uv": [9.75, 15.375, 9.875, 15.5], "texture": "#obrez_atlas"},
				"up": {"uv": [8.5, 16, 8.875, 15.875], "texture": "#obrez_atlas"},
				"down": {"uv": [8.875, 15.875, 9.25, 16], "texture": "#obrez_atlas"}
			}
		},
		{
			"name": "Voxels",
			"from": [7.875, 7.875, 10.75],
			"to": [8.25, 8.125, 11],
			"faces": {
				"north": {"uv": [6.5, 11.75, 6.125, 12], "texture": "#obrez_atlas"},
				"east": {"uv": [6.375, 8, 6.125, 8.25], "texture": "#obrez_atlas"},
				"south": {"uv": [3.875, 15, 4.25, 15.25], "texture": "#obrez_atlas"},
				"west": {"uv": [4.5, 8.125, 4.75, 8.375], "texture": "#obrez_atlas"},
				"up": {"uv": [5.25, 12, 5.625, 11.75], "texture": "#obrez_atlas"},
				"down": {"uv": [5.5, 13.75, 5.875, 14], "texture": "#obrez_atlas"}
			}
		},
		{
			"name": "Voxels",
			"from": [7.875, 7.875, 11],
			"to": [8.25, 8, 11.125],
			"faces": {
				"north": {"uv": [7, 9, 6.625, 9.125], "texture": "#obrez_atlas"},
				"east": {"uv": [14.25, 15.375, 14.125, 15.5], "texture": "#obrez_atlas"},
				"south": {"uv": [6.625, 8.875, 7, 9], "texture": "#obrez_atlas"},
				"west": {"uv": [14, 15.375, 14.125, 15.5], "texture": "#obrez_atlas"},
				"up": {"uv": [7.75, 15.5, 8.125, 15.375], "texture": "#obrez_atlas"},
				"down": {"uv": [7.75, 15.5, 8.125, 15.625], "texture": "#obrez_atlas"}
			}
		},
		{
			"name": "Voxels",
			"from": [7.875, 7.875, 11.375],
			"to": [8.125, 8.375, 11.5],
			"faces": {
				"north": {"uv": [7.375, 13.75, 7.125, 14.25], "texture": "#obrez_atlas"},
				"east": {"uv": [4.5, 9.5, 4.375, 10], "texture": "#obrez_atlas"},
				"south": {"uv": [6.125, 14, 6.375, 14.5], "texture": "#obrez_atlas"},
				"west": {"uv": [5.75, 14, 5.875, 14.5], "texture": "#obrez_atlas"},
				"up": {"uv": [7.375, 13.25, 7.625, 13.125], "texture": "#obrez_atlas"},
				"down": {"uv": [6.375, 12.375, 6.625, 12.5], "texture": "#obrez_atlas"}
			}
		},
		{
			"name": "Voxels",
			"from": [7.875, 7.875, 11.75],
			"to": [8.25, 8, 11.875],
			"faces": {
				"north": {"uv": [7.5, 8.625, 7.125, 8.75], "texture": "#obrez_atlas"},
				"east": {"uv": [8.5, 13.375, 8.375, 13.5], "texture": "#obrez_atlas"},
				"south": {"uv": [7.25, 8, 7.625, 8.125], "texture": "#obrez_atlas"},
				"west": {"uv": [8.375, 13.75, 8.5, 13.875], "texture": "#obrez_atlas"},
				"up": {"uv": [6.625, 8.875, 7, 8.75], "texture": "#obrez_atlas"},
				"down": {"uv": [7, 8.875, 7.375, 9], "texture": "#obrez_atlas"}
			}
		},
		{
			"name": "Voxels",
			"from": [7.875, 8, 5.5],
			"to": [8.125, 8.125, 7.625],
			"faces": {
				"north": {"uv": [7.625, 13, 7.375, 13.125], "texture": "#obrez_atlas"},
				"east": {"uv": [4.125, 11, 2, 11.125], "texture": "#obrez_atlas"},
				"south": {"uv": [4.5, 8, 4.75, 8.125], "texture": "#obrez_atlas"},
				"west": {"uv": [2, 10.875, 4.125, 11], "texture": "#obrez_atlas"},
				"up": {"uv": [1.5, 12, 1.75, 9.875], "texture": "#obrez_atlas"},
				"down": {"uv": [1.25, 9.875, 1.5, 12], "texture": "#obrez_atlas"}
			}
		},
		{
			"name": "Voxels",
			"from": [7.875, 8, 9.25],
			"to": [8.25, 8.125, 9.375],
			"faces": {
				"north": {"uv": [7.375, 9, 7, 9.125], "texture": "#obrez_atlas"},
				"east": {"uv": [7.625, 8.625, 7.5, 8.75], "texture": "#obrez_atlas"},
				"south": {"uv": [7.125, 8.5, 7.5, 8.625], "texture": "#obrez_atlas"},
				"west": {"uv": [7.5, 9.25, 7.625, 9.375], "texture": "#obrez_atlas"},
				"up": {"uv": [7, 9.25, 7.375, 9.125], "texture": "#obrez_atlas"},
				"down": {"uv": [14.875, 15.875, 15.25, 16], "texture": "#obrez_atlas"}
			}
		},
		{
			"name": "Voxels",
			"from": [7.875, 8, 9.75],
			"to": [8.25, 8.5, 10],
			"faces": {
				"north": {"uv": [2.875, 9.5, 2.5, 10], "texture": "#obrez_atlas"},
				"east": {"uv": [6.625, 13.75, 6.375, 14.25], "texture": "#obrez_atlas"},
				"south": {"uv": [2.5, 8, 2.875, 8.5], "texture": "#obrez_atlas"},
				"west": {"uv": [6.375, 14.25, 6.625, 14.75], "texture": "#obrez_atlas"},
				"up": {"uv": [7.25, 13.75, 7.625, 13.5], "texture": "#obrez_atlas"},
				"down": {"uv": [7.125, 12.375, 7.5, 12.625], "texture": "#obrez_atlas"}
			}
		},
		{
			"name": "Voxels",
			"from": [7.875, 8, 11],
			"to": [8.125, 8.25, 11.375],
			"faces": {
				"north": {"uv": [5, 9.625, 4.75, 9.875], "texture": "#obrez_atlas"},
				"east": {"uv": [4.25, 14.75, 3.875, 15], "texture": "#obrez_atlas"},
				"south": {"uv": [4.75, 8.875, 5, 9.125], "texture": "#obrez_atlas"},
				"west": {"uv": [6.75, 11.625, 7.125, 11.875], "texture": "#obrez_atlas"},
				"up": {"uv": [4, 10.375, 4.25, 10], "texture": "#obrez_atlas"},
				"down": {"uv": [5.375, 12.625, 5.625, 13], "texture": "#obrez_atlas"}
			}
		},
		{
			"name": "Voxels",
			"from": [7.875, 8, 11.75],
			"to": [8.125, 8.125, 11.875],
			"faces": {
				"north": {"uv": [8, 15, 7.75, 15.125], "texture": "#obrez_atlas"},
				"east": {"uv": [8.125, 12.125, 8, 12.25], "texture": "#obrez_atlas"},
				"south": {"uv": [7.75, 14.875, 8, 15], "texture": "#obrez_atlas"},
				"west": {"uv": [8, 12.25, 8.125, 12.375], "texture": "#obrez_atlas"},
				"up": {"uv": [7.375, 8.875, 7.625, 8.75], "texture": "#obrez_atlas"},
				"down": {"uv": [7.375, 8.875, 7.625, 9], "texture": "#obrez_atlas"}
			}
		},
		{
			"name": "Voxels",
			"from": [7.875, 8.125, 4.25],
			"to": [8.125, 8.25, 4.875],
			"faces": {
				"north": {"uv": [8, 14.5, 7.75, 14.625], "texture": "#obrez_atlas"},
				"east": {"uv": [7.5, 11.375, 6.875, 11.5], "texture": "#obrez_atlas"},
				"south": {"uv": [7.75, 14.375, 8, 14.5], "texture": "#obrez_atlas"},
				"west": {"uv": [6.875, 11.5, 7.5, 11.625], "texture": "#obrez_atlas"},
				"up": {"uv": [1.75, 13.125, 2, 12.5], "texture": "#obrez_atlas"},
				"down": {"uv": [3.875, 8.125, 4.125, 8.75], "texture": "#obrez_atlas"}
			}
		},
		{
			"name": "Voxels",
			"from": [7.875, 8.125, 10.625],
			"to": [8.125, 8.375, 10.75],
			"faces": {
				"north": {"uv": [4.75, 9.375, 4.5, 9.625], "texture": "#obrez_atlas"},
				"east": {"uv": [5.5, 8.75, 5.375, 9], "texture": "#obrez_atlas"},
				"south": {"uv": [4.5, 9.125, 4.75, 9.375], "texture": "#obrez_atlas"},
				"west": {"uv": [7.5, 12.375, 7.625, 12.625], "texture": "#obrez_atlas"},
				"up": {"uv": [7.75, 14, 8, 13.875], "texture": "#obrez_atlas"},
				"down": {"uv": [7.75, 14, 8, 14.125], "texture": "#obrez_atlas"}
			}
		},
		{
			"name": "Voxels",
			"from": [7.875, 8.125, 10.75],
			"to": [8.125, 8.25, 11],
			"faces": {
				"north": {"uv": [8, 13.375, 7.75, 13.5], "texture": "#obrez_atlas"},
				"east": {"uv": [8, 13, 7.75, 13.125], "texture": "#obrez_atlas"},
				"south": {"uv": [7.75, 13.25, 8, 13.375], "texture": "#obrez_atlas"},
				"west": {"uv": [7.75, 13.125, 8, 13.25], "texture": "#obrez_atlas"},
				"up": {"uv": [5.75, 9.875, 6, 9.625], "texture": "#obrez_atlas"},
				"down": {"uv": [4.5, 8.875, 4.75, 9.125], "texture": "#obrez_atlas"}
			}
		},
		{
			"name": "Voxels",
			"from": [7.875, 8.25, 4.125],
			"to": [8.125, 8.375, 4.25],
			"faces": {
				"north": {"uv": [8, 12.625, 7.75, 12.75], "texture": "#obrez_atlas"},
				"east": {"uv": [10.5, 15.375, 10.375, 15.5], "texture": "#obrez_atlas"},
				"south": {"uv": [7.75, 12.5, 8, 12.625], "texture": "#obrez_atlas"},
				"west": {"uv": [10, 15.375, 10.125, 15.5], "texture": "#obrez_atlas"},
				"up": {"uv": [7.75, 12.875, 8, 12.75], "texture": "#obrez_atlas"},
				"down": {"uv": [7.75, 12.875, 8, 13], "texture": "#obrez_atlas"}
			}
		},
		{
			"name": "Voxels",
			"from": [7.875, 8.25, 10.25],
			"to": [8.125, 8.375, 10.625],
			"faces": {
				"north": {"uv": [8, 12.25, 7.75, 12.375], "texture": "#obrez_atlas"},
				"east": {"uv": [4.25, 8, 3.875, 8.125], "texture": "#obrez_atlas"},
				"south": {"uv": [7.75, 12.125, 8, 12.25], "texture": "#obrez_atlas"},
				"west": {"uv": [7.75, 15.125, 8.125, 15.25], "texture": "#obrez_atlas"},
				"up": {"uv": [6.5, 12, 6.75, 11.625], "texture": "#obrez_atlas"},
				"down": {"uv": [4.25, 11.25, 4.5, 11.625], "texture": "#obrez_atlas"}
			}
		},
		{
			"name": "Voxels",
			"from": [7.875, 8.375, 9.625],
			"to": [8.25, 8.5, 9.75],
			"faces": {
				"north": {"uv": [6.5, 11.625, 6.125, 11.75], "texture": "#obrez_atlas"},
				"east": {"uv": [14, 15.375, 13.875, 15.5], "texture": "#obrez_atlas"},
				"south": {"uv": [7.25, 10.5, 7.625, 10.625], "texture": "#obrez_atlas"},
				"west": {"uv": [13.75, 15.375, 13.875, 15.5], "texture": "#obrez_atlas"},
				"up": {"uv": [9.25, 16, 9.625, 15.875], "texture": "#obrez_atlas"},
				"down": {"uv": [5.25, 11.625, 5.625, 11.75], "texture": "#obrez_atlas"}
			}
		},
		{
			"name": "Voxels",
			"from": [7.875, 8.375, 10],
			"to": [8.125, 8.5, 10.25],
			"faces": {
				"north": {"uv": [8, 11.125, 7.75, 11.25], "texture": "#obrez_atlas"},
				"east": {"uv": [8, 10.75, 7.75, 10.875], "texture": "#obrez_atlas"},
				"south": {"uv": [7.75, 11, 8, 11.125], "texture": "#obrez_atlas"},
				"west": {"uv": [7.75, 10.875, 8, 11], "texture": "#obrez_atlas"},
				"up": {"uv": [4.75, 8.625, 5, 8.375], "texture": "#obrez_atlas"},
				"down": {"uv": [4.75, 8.625, 5, 8.875], "texture": "#obrez_atlas"}
			}
		},
		{
			"name": "Voxels",
			"from": [7.875, 8.5, 4.5],
			"to": [8.375, 8.625, 6.75],
			"faces": {
				"north": {"uv": [5.5, 10, 5, 10.125], "texture": "#obrez_atlas"},
				"east": {"uv": [4.25, 11.125, 2, 11.25], "texture": "#obrez_atlas"},
				"south": {"uv": [5, 9.875, 5.5, 10], "texture": "#obrez_atlas"},
				"west": {"uv": [2, 11.25, 4.25, 11.375], "texture": "#obrez_atlas"},
				"up": {"uv": [0, 13.75, 0.5, 11.5], "texture": "#obrez_atlas"},
				"down": {"uv": [0, 13.75, 0.5, 16], "texture": "#obrez_atlas"}
			}
		},
		{
			"name": "Voxels",
			"from": [7.875, 8.5, 9],
			"to": [8.375, 8.625, 9.125],
			"faces": {
				"north": {"uv": [5.5, 9.375, 5, 9.5], "texture": "#obrez_atlas"},
				"east": {"uv": [5.875, 14.5, 5.75, 14.625], "texture": "#obrez_atlas"},
				"south": {"uv": [5, 9.25, 5.5, 9.375], "texture": "#obrez_atlas"},
				"west": {"uv": [5.75, 14.625, 5.875, 14.75], "texture": "#obrez_atlas"},
				"up": {"uv": [5, 9.625, 5.5, 9.5], "texture": "#obrez_atlas"},
				"down": {"uv": [5, 9.625, 5.5, 9.75], "texture": "#obrez_atlas"}
			}
		},
		{
			"name": "Voxels",
			"from": [7.875, 8.5, 9.625],
			"to": [8.125, 8.625, 9.875],
			"faces": {
				"north": {"uv": [8, 9.5, 7.75, 9.625], "texture": "#obrez_atlas"},
				"east": {"uv": [8, 9.125, 7.75, 9.25], "texture": "#obrez_atlas"},
				"south": {"uv": [7.75, 9.375, 8, 9.5], "texture": "#obrez_atlas"},
				"west": {"uv": [7.75, 9.25, 8, 9.375], "texture": "#obrez_atlas"},
				"up": {"uv": [5, 9.25, 5.25, 9], "texture": "#obrez_atlas"},
				"down": {"uv": [4.75, 8.125, 5, 8.375], "texture": "#obrez_atlas"}
			}
		},
		{
			"name": "Voxels",
			"from": [7.875, 8.625, 7.625],
			"to": [8.5, 8.75, 7.75],
			"faces": {
				"north": {"uv": [5.75, 11.125, 5.125, 11.25], "texture": "#obrez_atlas"},
				"east": {"uv": [7.625, 8.375, 7.5, 8.5], "texture": "#obrez_atlas"},
				"south": {"uv": [5.75, 11.125, 6.375, 11.25], "texture": "#obrez_atlas"},
				"west": {"uv": [7.5, 8.5, 7.625, 8.625], "texture": "#obrez_atlas"},
				"up": {"uv": [4.5, 11.25, 5.125, 11.125], "texture": "#obrez_atlas"},
				"down": {"uv": [6.875, 11.25, 7.5, 11.375], "texture": "#obrez_atlas"}
			}
		},
		{
			"name": "Voxels",
			"from": [7.875, 8.625, 8],
			"to": [8.5, 8.75, 8.125],
			"faces": {
				"north": {"uv": [5.125, 11, 4.5, 11.125], "texture": "#obrez_atlas"},
				"east": {"uv": [8.125, 14.375, 8, 14.5], "texture": "#obrez_atlas"},
				"south": {"uv": [5, 11.5, 5.625, 11.625], "texture": "#obrez_atlas"},
				"west": {"uv": [8, 14.5, 8.125, 14.625], "texture": "#obrez_atlas"},
				"up": {"uv": [7, 11.25, 7.625, 11.125], "texture": "#obrez_atlas"},
				"down": {"uv": [6.375, 11.125, 7, 11.25], "texture": "#obrez_atlas"}
			}
		},
		{
			"name": "Voxels",
			"from": [7.875, 8.625, 9.25],
			"to": [8.125, 8.75, 9.625],
			"faces": {
				"north": {"uv": [8, 8.25, 7.75, 8.375], "texture": "#obrez_atlas"},
				"east": {"uv": [12.625, 15.875, 12.25, 16], "texture": "#obrez_atlas"},
				"south": {"uv": [7.75, 8.125, 8, 8.25], "texture": "#obrez_atlas"},
				"west": {"uv": [11.875, 15.875, 12.25, 16], "texture": "#obrez_atlas"},
				"up": {"uv": [7, 12.375, 7.25, 12], "texture": "#obrez_atlas"},
				"down": {"uv": [5, 11.625, 5.25, 12], "texture": "#obrez_atlas"}
			}
		},
		{
			"name": "Voxels",
			"from": [7.875, 8.75, 8.625],
			"to": [8.125, 8.875, 8.875],
			"faces": {
				"north": {"uv": [8.625, 15.75, 8.375, 15.875], "texture": "#obrez_atlas"},
				"east": {"uv": [9.375, 15.75, 9.125, 15.875], "texture": "#obrez_atlas"},
				"south": {"uv": [8.625, 15.75, 8.875, 15.875], "texture": "#obrez_atlas"},
				"west": {"uv": [8.875, 15.75, 9.125, 15.875], "texture": "#obrez_atlas"},
				"up": {"uv": [5.25, 8.25, 5.5, 8], "texture": "#obrez_atlas"},
				"down": {"uv": [5, 8, 5.25, 8.25], "texture": "#obrez_atlas"}
			}
		},
		{
			"name": "Voxels",
			"from": [8, 8, 9.125],
			"to": [8.25, 8.125, 9.25],
			"faces": {
				"north": {"uv": [10.125, 15.75, 9.875, 15.875], "texture": "#obrez_atlas"},
				"east": {"uv": [8.125, 11.25, 8, 11.375], "texture": "#obrez_atlas"},
				"south": {"uv": [10.125, 15.75, 10.375, 15.875], "texture": "#obrez_atlas"},
				"west": {"uv": [8, 11.375, 8.125, 11.5], "texture": "#obrez_atlas"},
				"up": {"uv": [9.625, 15.875, 9.875, 15.75], "texture": "#obrez_atlas"},
				"down": {"uv": [9.375, 15.75, 9.625, 15.875], "texture": "#obrez_atlas"}
			}
		},
		{
			"name": "Voxels",
			"from": [8.125, 7.25, 11.5],
			"to": [8.25, 7.5, 11.625],
			"faces": {
				"north": {"uv": [7.75, 11.75, 7.625, 12], "texture": "#obrez_atlas"},
				"east": {"uv": [7.75, 11, 7.625, 11.25], "texture": "#obrez_atlas"},
				"south": {"uv": [7.625, 11.5, 7.75, 11.75], "texture": "#obrez_atlas"},
				"west": {"uv": [7.625, 11.25, 7.75, 11.5], "texture": "#obrez_atlas"},
				"up": {"uv": [8, 11.125, 8.125, 11], "texture": "#obrez_atlas"},
				"down": {"uv": [8, 11.125, 8.125, 11.25], "texture": "#obrez_atlas"}
			}
		},
		{
			"name": "Voxels",
			"from": [8.125, 7.375, 11.375],
			"to": [8.375, 7.625, 11.5],
			"faces": {
				"north": {"uv": [5.75, 9.875, 5.5, 10.125], "texture": "#obrez_atlas"},
				"east": {"uv": [7.75, 10, 7.625, 10.25], "texture": "#obrez_atlas"},
				"south": {"uv": [5.75, 9.875, 6, 10.125], "texture": "#obrez_atlas"},
				"west": {"uv": [7.625, 10.25, 7.75, 10.5], "texture": "#obrez_atlas"},
				"up": {"uv": [10.625, 15.875, 10.875, 15.75], "texture": "#obrez_atlas"},
				"down": {"uv": [10.375, 15.75, 10.625, 15.875], "texture": "#obrez_atlas"}
			}
		},
		{
			"name": "Voxels",
			"from": [8.125, 7.375, 11.625],
			"to": [8.375, 7.5, 11.75],
			"faces": {
				"north": {"uv": [11.375, 15.75, 11.125, 15.875], "texture": "#obrez_atlas"},
				"east": {"uv": [8.125, 9, 8, 9.125], "texture": "#obrez_atlas"},
				"south": {"uv": [11.375, 15.75, 11.625, 15.875], "texture": "#obrez_atlas"},
				"west": {"uv": [8, 9.125, 8.125, 9.25], "texture": "#obrez_atlas"},
				"up": {"uv": [12.75, 15.75, 13, 15.625], "texture": "#obrez_atlas"},
				"down": {"uv": [10.875, 15.75, 11.125, 15.875], "texture": "#obrez_atlas"}
			}
		},
		{
			"name": "Voxels",
			"from": [8.125, 7.5, 11.25],
			"to": [8.25, 7.75, 11.375],
			"faces": {
				"north": {"uv": [7.75, 9.5, 7.625, 9.75], "texture": "#obrez_atlas"},
				"east": {"uv": [7.75, 8.75, 7.625, 9], "texture": "#obrez_atlas"},
				"south": {"uv": [7.625, 9.25, 7.75, 9.5], "texture": "#obrez_atlas"},
				"west": {"uv": [7.625, 9, 7.75, 9.25], "texture": "#obrez_atlas"},
				"up": {"uv": [8, 8.125, 8.125, 8], "texture": "#obrez_atlas"},
				"down": {"uv": [8, 8.875, 8.125, 9], "texture": "#obrez_atlas"}
			}
		},
		{
			"name": "Voxels",
			"from": [8.125, 7.5, 11.625],
			"to": [8.25, 7.875, 11.75],
			"faces": {
				"north": {"uv": [7.75, 14.875, 7.625, 15.25], "texture": "#obrez_atlas"},
				"east": {"uv": [7.75, 13.75, 7.625, 14.125], "texture": "#obrez_atlas"},
				"south": {"uv": [7.625, 14.5, 7.75, 14.875], "texture": "#obrez_atlas"},
				"west": {"uv": [7.625, 14.125, 7.75, 14.5], "texture": "#obrez_atlas"},
				"up": {"uv": [9.625, 15.5, 9.75, 15.375], "texture": "#obrez_atlas"},
				"down": {"uv": [9.5, 15.375, 9.625, 15.5], "texture": "#obrez_atlas"}
			}
		},
		{
			"name": "Voxels",
			"from": [8.125, 7.625, 11],
			"to": [8.25, 7.875, 11.125],
			"faces": {
				"north": {"uv": [8.25, 15.5, 8.125, 15.75], "texture": "#obrez_atlas"},
				"east": {"uv": [8.25, 14.75, 8.125, 15], "texture": "#obrez_atlas"},
				"south": {"uv": [8.125, 15.25, 8.25, 15.5], "texture": "#obrez_atlas"},
				"west": {"uv": [8.125, 15, 8.25, 15.25], "texture": "#obrez_atlas"},
				"up": {"uv": [10.625, 15.5, 10.75, 15.375], "texture": "#obrez_atlas"},
				"down": {"uv": [10.5, 15.375, 10.625, 15.5], "texture": "#obrez_atlas"}
			}
		},
		{
			"name": "Voxels",
			"from": [8.125, 7.625, 11.125],
			"to": [8.25, 7.75, 11.25],
			"faces": {
				"north": {"uv": [11.875, 15.375, 11.75, 15.5], "texture": "#obrez_atlas"},
				"east": {"uv": [12.25, 15.375, 12.125, 15.5], "texture": "#obrez_atlas"},
				"south": {"uv": [11.875, 15.375, 12, 15.5], "texture": "#obrez_atlas"},
				"west": {"uv": [12, 15.375, 12.125, 15.5], "texture": "#obrez_atlas"},
				"up": {"uv": [11.625, 15.5, 11.75, 15.375], "texture": "#obrez_atlas"},
				"down": {"uv": [11.25, 15.375, 11.375, 15.5], "texture": "#obrez_atlas"}
			}
		},
		{
			"name": "Voxels",
			"from": [8.125, 7.75, 10.75],
			"to": [8.25, 7.875, 11],
			"faces": {
				"north": {"uv": [12.875, 15.375, 12.75, 15.5], "texture": "#obrez_atlas"},
				"east": {"uv": [12.375, 15.75, 12.125, 15.875], "texture": "#obrez_atlas"},
				"south": {"uv": [12.875, 15.375, 13, 15.5], "texture": "#obrez_atlas"},
				"west": {"uv": [11.875, 15.75, 12.125, 15.875], "texture": "#obrez_atlas"},
				"up": {"uv": [8.125, 14.5, 8.25, 14.25], "texture": "#obrez_atlas"},
				"down": {"uv": [8.125, 14.5, 8.25, 14.75], "texture": "#obrez_atlas"}
			}
		},
		{
			"name": "Voxels",
			"from": [8.125, 8, 9.375],
			"to": [8.25, 8.5, 9.625],
			"faces": {
				"north": {"uv": [5.625, 9.375, 5.5, 9.875], "texture": "#obrez_atlas"},
				"east": {"uv": [5.75, 14, 5.5, 14.5], "texture": "#obrez_atlas"},
				"south": {"uv": [5.5, 8.875, 5.625, 9.375], "texture": "#obrez_atlas"},
				"west": {"uv": [5.875, 14, 6.125, 14.5], "texture": "#obrez_atlas"},
				"up": {"uv": [8.125, 14, 8.25, 13.75], "texture": "#obrez_atlas"},
				"down": {"uv": [8.125, 14, 8.25, 14.25], "texture": "#obrez_atlas"}
			}
		},
		{
			"name": "Voxels",
			"from": [8.125, 8, 9.625],
			"to": [8.25, 8.375, 9.75],
			"faces": {
				"north": {"uv": [7.625, 12, 7.5, 12.375], "texture": "#obrez_atlas"},
				"east": {"uv": [6.5, 8.375, 6.375, 8.75], "texture": "#obrez_atlas"},
				"south": {"uv": [5.5, 8, 5.625, 8.375], "texture": "#obrez_atlas"},
				"west": {"uv": [5.625, 8, 5.75, 8.375], "texture": "#obrez_atlas"},
				"up": {"uv": [14.375, 15.5, 14.5, 15.375], "texture": "#obrez_atlas"},
				"down": {"uv": [14.25, 15.375, 14.375, 15.5], "texture": "#obrez_atlas"}
			}
		},
		{
			"name": "Voxels",
			"from": [8.125, 8, 11.25],
			"to": [8.25, 8.125, 11.75],
			"faces": {
				"north": {"uv": [8.5, 14.75, 8.375, 14.875], "texture": "#obrez_atlas"},
				"east": {"uv": [7.25, 9.875, 6.75, 10], "texture": "#obrez_atlas"},
				"south": {"uv": [8.375, 14.625, 8.5, 14.75], "texture": "#obrez_atlas"},
				"west": {"uv": [6.75, 10, 7.25, 10.125], "texture": "#obrez_atlas"},
				"up": {"uv": [5.625, 9.875, 5.75, 9.375], "texture": "#obrez_atlas"},
				"down": {"uv": [5.5, 8.375, 5.625, 8.875], "texture": "#obrez_atlas"}
			}
		},
		{
			"name": "Voxels",
			"from": [8.125, 8.125, 7.5],
			"to": [8.25, 8.375, 9.375],
			"faces": {
				"north": {"uv": [8.25, 11.5, 8.125, 11.75], "texture": "#obrez_atlas"},
				"east": {"uv": [3.875, 15, 2, 15.25], "texture": "#obrez_atlas"},
				"south": {"uv": [8.125, 11.25, 8.25, 11.5], "texture": "#obrez_atlas"},
				"west": {"uv": [2, 14.75, 3.875, 15], "texture": "#obrez_atlas"},
				"up": {"uv": [2.125, 10.625, 2.25, 8.75], "texture": "#obrez_atlas"},
				"down": {"uv": [2, 8.75, 2.125, 10.625], "texture": "#obrez_atlas"}
			}
		},
		{
			"name": "Voxels",
			"from": [8.125, 8.125, 11.375],
			"to": [8.25, 8.25, 11.5],
			"faces": {
				"north": {"uv": [4.25, 11, 4.125, 11.125], "texture": "#obrez_atlas"},
				"east": {"uv": [7.625, 15, 7.5, 15.125], "texture": "#obrez_atlas"},
				"south": {"uv": [4.125, 10.875, 4.25, 11], "texture": "#obrez_atlas"},
				"west": {"uv": [7.5, 15.125, 7.625, 15.25], "texture": "#obrez_atlas"},
				"up": {"uv": [8.375, 12.75, 8.5, 12.625], "texture": "#obrez_atlas"},
				"down": {"uv": [8.375, 13, 8.5, 13.125], "texture": "#obrez_atlas"}
			}
		},
		{
			"name": "Voxels",
			"from": [8.125, 8.25, 5.5],
			"to": [8.25, 8.5, 7.125],
			"faces": {
				"north": {"uv": [8.25, 10, 8.125, 10.25], "texture": "#obrez_atlas"},
				"east": {"uv": [3.625, 14.5, 2, 14.75], "texture": "#obrez_atlas"},
				"south": {"uv": [8.125, 9.75, 8.25, 10], "texture": "#obrez_atlas"},
				"west": {"uv": [2, 14.25, 3.625, 14.5], "texture": "#obrez_atlas"},
				"up": {"uv": [2.375, 10.375, 2.5, 8.75], "texture": "#obrez_atlas"},
				"down": {"uv": [2.25, 8.75, 2.375, 10.375], "texture": "#obrez_atlas"}
			}
		},
		{
			"name": "Voxels",
			"from": [8.125, 8.25, 7.125],
			"to": [8.25, 8.375, 7.5],
			"faces": {
				"north": {"uv": [7.625, 10.75, 7.5, 10.875], "texture": "#obrez_atlas"},
				"east": {"uv": [7.125, 8.625, 6.75, 8.75], "texture": "#obrez_atlas"},
				"south": {"uv": [7.5, 10.625, 7.625, 10.75], "texture": "#obrez_atlas"},
				"west": {"uv": [7, 8.75, 7.375, 8.875], "texture": "#obrez_atlas"},
				"up": {"uv": [6.625, 8.75, 6.75, 8.375], "texture": "#obrez_atlas"},
				"down": {"uv": [6.5, 8, 6.625, 8.375], "texture": "#obrez_atlas"}
			}
		},
		{
			"name": "Voxels",
			"from": [8.125, 8.375, 4.5],
			"to": [8.375, 8.5, 5.5],
			"faces": {
				"north": {"uv": [15.625, 15.75, 15.375, 15.875], "texture": "#obrez_atlas"},
				"east": {"uv": [5.75, 14.625, 4.75, 14.75], "texture": "#obrez_atlas"},
				"south": {"uv": [15.625, 15.75, 15.875, 15.875], "texture": "#obrez_atlas"},
				"west": {"uv": [4.75, 14.5, 5.75, 14.625], "texture": "#obrez_atlas"},
				"up": {"uv": [1.75, 14.25, 2, 13.25], "texture": "#obrez_atlas"},
				"down": {"uv": [2.75, 11.875, 3, 12.875], "texture": "#obrez_atlas"}
			}
		},
		{
			"name": "Voxels",
			"from": [8.125, 8.375, 8.375],
			"to": [8.5, 8.5, 8.5],
			"faces": {
				"north": {"uv": [7.125, 8, 6.75, 8.125], "texture": "#obrez_atlas"},
				"east": {"uv": [8.125, 14.125, 8, 14.25], "texture": "#obrez_atlas"},
				"south": {"uv": [7.125, 8.375, 7.5, 8.5], "texture": "#obrez_atlas"},
				"west": {"uv": [8, 14.25, 8.125, 14.375], "texture": "#obrez_atlas"},
				"up": {"uv": [6.75, 8.25, 7.125, 8.125], "texture": "#obrez_atlas"},
				"down": {"uv": [6.75, 8.25, 7.125, 8.375], "texture": "#obrez_atlas"}
			}
		},
		{
			"name": "Voxels",
			"from": [8.125, 8.375, 8.5],
			"to": [8.375, 8.5, 8.625],
			"faces": {
				"north": {"uv": [10.5, 15.625, 10.25, 15.75], "texture": "#obrez_atlas"},
				"east": {"uv": [8.125, 13.375, 8, 13.5], "texture": "#obrez_atlas"},
				"south": {"uv": [10.5, 15.625, 10.75, 15.75], "texture": "#obrez_atlas"},
				"west": {"uv": [8, 13.5, 8.125, 13.625], "texture": "#obrez_atlas"},
				"up": {"uv": [10, 15.75, 10.25, 15.625], "texture": "#obrez_atlas"},
				"down": {"uv": [9.75, 15.625, 10, 15.75], "texture": "#obrez_atlas"}
			}
		},
		{
			"name": "Voxels",
			"from": [8.125, 8.375, 8.625],
			"to": [8.25, 8.625, 9],
			"faces": {
				"north": {"uv": [8.25, 9, 8.125, 9.25], "texture": "#obrez_atlas"},
				"east": {"uv": [7.375, 13.25, 7, 13.5], "texture": "#obrez_atlas"},
				"south": {"uv": [8.125, 8.75, 8.25, 9], "texture": "#obrez_atlas"},
				"west": {"uv": [5.625, 12.375, 6, 12.625], "texture": "#obrez_atlas"},
				"up": {"uv": [7.125, 8.375, 7.25, 8], "texture": "#obrez_atlas"},
				"down": {"uv": [6.625, 8, 6.75, 8.375], "texture": "#obrez_atlas"}
			}
		},
		{
			"name": "Voxels",
			"from": [8.125, 8.375, 9],
			"to": [8.375, 8.5, 9.125],
			"faces": {
				"north": {"uv": [12.5, 15.625, 12.25, 15.75], "texture": "#obrez_atlas"},
				"east": {"uv": [8.125, 11.875, 8, 12], "texture": "#obrez_atlas"},
				"south": {"uv": [12.5, 15.625, 12.75, 15.75], "texture": "#obrez_atlas"},
				"west": {"uv": [8, 12, 8.125, 12.125], "texture": "#obrez_atlas"},
				"up": {"uv": [12, 15.75, 12.25, 15.625], "texture": "#obrez_atlas"},
				"down": {"uv": [11.75, 15.625, 12, 15.75], "texture": "#obrez_atlas"}
			}
		},
		{
			"name": "Voxels",
			"from": [8.125, 8.375, 9.125],
			"to": [8.25, 8.5, 9.375],
			"faces": {
				"north": {"uv": [8.125, 11.5, 8, 11.625], "texture": "#obrez_atlas"},
				"east": {"uv": [13.5, 15.625, 13.25, 15.75], "texture": "#obrez_atlas"},
				"south": {"uv": [8.375, 12.5, 8.5, 12.625], "texture": "#obrez_atlas"},
				"west": {"uv": [13, 15.625, 13.25, 15.75], "texture": "#obrez_atlas"},
				"up": {"uv": [8.125, 8.5, 8.25, 8.25], "texture": "#obrez_atlas"},
				"down": {"uv": [8.125, 8.5, 8.25, 8.75], "texture": "#obrez_atlas"}
			}
		},
		{
			"name": "Voxels",
			"from": [8.125, 8.5, 4],
			"to": [8.375, 8.75, 4.25],
			"faces": {
				"north": {"uv": [6.5, 9.375, 6.25, 9.625], "texture": "#obrez_atlas"},
				"east": {"uv": [7.25, 9.375, 7, 9.625], "texture": "#obrez_atlas"},
				"south": {"uv": [6.5, 9.375, 6.75, 9.625], "texture": "#obrez_atlas"},
				"west": {"uv": [6.75, 9.375, 7, 9.625], "texture": "#obrez_atlas"},
				"up": {"uv": [6, 9.625, 6.25, 9.375], "texture": "#obrez_atlas"},
				"down": {"uv": [5.75, 8.125, 6, 8.375], "texture": "#obrez_atlas"}
			}
		},
		{
			"name": "Voxels",
			"from": [8.125, 8.625, 4.25],
			"to": [8.375, 8.75, 7.625],
			"faces": {
				"north": {"uv": [15.75, 15.625, 15.5, 15.75], "texture": "#obrez_atlas"},
				"east": {"uv": [7.625, 15.875, 4.25, 16], "texture": "#obrez_atlas"},
				"south": {"uv": [15.75, 15.625, 16, 15.75], "texture": "#obrez_atlas"},
				"west": {"uv": [4.25, 15.75, 7.625, 15.875], "texture": "#obrez_atlas"},
				"up": {"uv": [0.5, 14, 0.75, 10.625], "texture": "#obrez_atlas"},
				"down": {"uv": [0.75, 10.625, 1, 14], "texture": "#obrez_atlas"}
			}
		},
		{
			"name": "Voxels",
			"from": [8.125, 8.75, 8.875],
			"to": [8.375, 8.875, 9.25],
			"faces": {
				"north": {"uv": [9.125, 15.5, 8.875, 15.625], "texture": "#obrez_atlas"},
				"east": {"uv": [11.875, 15.875, 11.5, 16], "texture": "#obrez_atlas"},
				"south": {"uv": [9.125, 15.5, 9.375, 15.625], "texture": "#obrez_atlas"},
				"west": {"uv": [11.125, 15.875, 11.5, 16], "texture": "#obrez_atlas"},
				"up": {"uv": [5.25, 12.375, 5.5, 12], "texture": "#obrez_atlas"},
				"down": {"uv": [6.75, 12, 7, 12.375], "texture": "#obrez_atlas"}
			}
		},
		{
			"name": "Voxels",
			"from": [8.25, 7.375, 11.5],
			"to": [8.375, 7.5, 11.625],
			"faces": {
				"north": {"uv": [8.125, 8.5, 8, 8.625], "texture": "#obrez_atlas"},
				"east": {"uv": [8.125, 8.125, 8, 8.25], "texture": "#obrez_atlas"},
				"south": {"uv": [8, 8.375, 8.125, 8.5], "texture": "#obrez_atlas"},
				"west": {"uv": [8, 8.25, 8.125, 8.375], "texture": "#obrez_atlas"},
				"up": {"uv": [8, 8.75, 8.125, 8.625], "texture": "#obrez_atlas"},
				"down": {"uv": [8, 8.75, 8.125, 8.875], "texture": "#obrez_atlas"}
			}
		},
		{
			"name": "Voxels",
			"from": [8.25, 7.625, 11.5],
			"to": [8.375, 7.75, 11.75],
			"faces": {
				"north": {"uv": [8.375, 8.25, 8.25, 8.375], "texture": "#obrez_atlas"},
				"east": {"uv": [10.375, 15.5, 10.125, 15.625], "texture": "#obrez_atlas"},
				"south": {"uv": [8.25, 8.125, 8.375, 8.25], "texture": "#obrez_atlas"},
				"west": {"uv": [9.875, 15.5, 10.125, 15.625], "texture": "#obrez_atlas"},
				"up": {"uv": [8.25, 15.125, 8.375, 14.875], "texture": "#obrez_atlas"},
				"down": {"uv": [8.25, 15.125, 8.375, 15.375], "texture": "#obrez_atlas"}
			}
		},
		{
			"name": "Voxels",
			"from": [8.25, 7.75, 11.625],
			"to": [8.375, 8, 11.75],
			"faces": {
				"north": {"uv": [8.375, 14.625, 8.25, 14.875], "texture": "#obrez_atlas"},
				"east": {"uv": [8.375, 13.875, 8.25, 14.125], "texture": "#obrez_atlas"},
				"south": {"uv": [8.25, 14.375, 8.375, 14.625], "texture": "#obrez_atlas"},
				"west": {"uv": [8.25, 14.125, 8.375, 14.375], "texture": "#obrez_atlas"},
				"up": {"uv": [9.25, 15.5, 9.375, 15.375], "texture": "#obrez_atlas"},
				"down": {"uv": [9.125, 15.375, 9.25, 15.5], "texture": "#obrez_atlas"}
			}
		},
		{
			"name": "Voxels",
			"from": [8.25, 7.875, 11.375],
			"to": [8.375, 8, 11.625],
			"faces": {
				"north": {"uv": [10.25, 15.375, 10.125, 15.5], "texture": "#obrez_atlas"},
				"east": {"uv": [10.875, 15.5, 10.625, 15.625], "texture": "#obrez_atlas"},
				"south": {"uv": [10.25, 15.375, 10.375, 15.5], "texture": "#obrez_atlas"},
				"west": {"uv": [10.375, 15.5, 10.625, 15.625], "texture": "#obrez_atlas"},
				"up": {"uv": [8.25, 13.625, 8.375, 13.375], "texture": "#obrez_atlas"},
				"down": {"uv": [8.25, 13.625, 8.375, 13.875], "texture": "#obrez_atlas"}
			}
		},
		{
			"name": "Voxels",
			"from": [8.25, 8.125, 8.75],
			"to": [8.375, 8.625, 9],
			"faces": {
				"north": {"uv": [5.75, 8.375, 5.625, 8.875], "texture": "#obrez_atlas"},
				"east": {"uv": [3, 11.375, 2.75, 11.875], "texture": "#obrez_atlas"},
				"south": {"uv": [6, 8.75, 6.125, 9.25], "texture": "#obrez_atlas"},
				"west": {"uv": [1.75, 12, 2, 12.5], "texture": "#obrez_atlas"},
				"up": {"uv": [8.25, 13.125, 8.375, 12.875], "texture": "#obrez_atlas"},
				"down": {"uv": [8.25, 13.125, 8.375, 13.375], "texture": "#obrez_atlas"}
			}
		},
		{
			"name": "Voxels",
			"from": [8.25, 8.125, 9],
			"to": [8.375, 8.375, 9.125],
			"faces": {
				"north": {"uv": [8.375, 12.625, 8.25, 12.875], "texture": "#obrez_atlas"},
				"east": {"uv": [8.375, 11.875, 8.25, 12.125], "texture": "#obrez_atlas"},
				"south": {"uv": [8.25, 12.375, 8.375, 12.625], "texture": "#obrez_atlas"},
				"west": {"uv": [8.25, 12.125, 8.375, 12.375], "texture": "#obrez_atlas"},
				"up": {"uv": [11.5, 15.5, 11.625, 15.375], "texture": "#obrez_atlas"},
				"down": {"uv": [11.375, 15.375, 11.5, 15.5], "texture": "#obrez_atlas"}
			}
		},
		{
			"name": "Voxels",
			"from": [8.25, 8.375, 5.5],
			"to": [8.375, 8.5, 8.375],
			"faces": {
				"north": {"uv": [12.5, 15.375, 12.375, 15.5], "texture": "#obrez_atlas"},
				"east": {"uv": [7.125, 15.5, 4.25, 15.625], "texture": "#obrez_atlas"},
				"south": {"uv": [12.5, 15.375, 12.625, 15.5], "texture": "#obrez_atlas"},
				"west": {"uv": [4.25, 15.625, 7.125, 15.75], "texture": "#obrez_atlas"},
				"up": {"uv": [2, 14.25, 2.125, 11.375], "texture": "#obrez_atlas"},
				"down": {"uv": [2.125, 11.375, 2.25, 14.25], "texture": "#obrez_atlas"}
			}
		},
		{
			"name": "Voxels",
			"from": [8.25, 8.5, 7.625],
			"to": [8.5, 8.625, 7.75],
			"faces": {
				"north": {"uv": [13.125, 15.5, 12.875, 15.625], "texture": "#obrez_atlas"},
				"east": {"uv": [13.625, 15.375, 13.5, 15.5], "texture": "#obrez_atlas"},
				"south": {"uv": [13.125, 15.5, 13.375, 15.625], "texture": "#obrez_atlas"},
				"west": {"uv": [13.375, 15.375, 13.5, 15.5], "texture": "#obrez_atlas"},
				"up": {"uv": [12.625, 15.625, 12.875, 15.5], "texture": "#obrez_atlas"},
				"down": {"uv": [12.375, 15.5, 12.625, 15.625], "texture": "#obrez_atlas"}
			}
		},
		{
			"name": "Voxels",
			"from": [8.25, 8.5, 8.375],
			"to": [8.5, 8.75, 8.5],
			"faces": {
				"north": {"uv": [6.375, 8.5, 6.125, 8.75], "texture": "#obrez_atlas"},
				"east": {"uv": [8.375, 10.625, 8.25, 10.875], "texture": "#obrez_atlas"},
				"south": {"uv": [6.125, 8.25, 6.375, 8.5], "texture": "#obrez_atlas"},
				"west": {"uv": [8.25, 10.875, 8.375, 11.125], "texture": "#obrez_atlas"},
				"up": {"uv": [13.625, 15.625, 13.875, 15.5], "texture": "#obrez_atlas"},
				"down": {"uv": [13.375, 15.5, 13.625, 15.625], "texture": "#obrez_atlas"}
			}
		},
		{
			"name": "Voxels",
			"from": [8.25, 8.5, 8.5],
			"to": [8.5, 8.625, 8.625],
			"faces": {
				"north": {"uv": [14.875, 15.5, 14.625, 15.625], "texture": "#obrez_atlas"},
				"east": {"uv": [15.125, 15.375, 15, 15.5], "texture": "#obrez_atlas"},
				"south": {"uv": [14.875, 15.5, 15.125, 15.625], "texture": "#obrez_atlas"},
				"west": {"uv": [14.875, 15.375, 15, 15.5], "texture": "#obrez_atlas"},
				"up": {"uv": [14.375, 15.625, 14.625, 15.5], "texture": "#obrez_atlas"},
				"down": {"uv": [14.125, 15.5, 14.375, 15.625], "texture": "#obrez_atlas"}
			}
		},
		{
			"name": "Voxels",
			"from": [8.25, 8.5, 8.625],
			"to": [8.375, 8.625, 8.75],
			"faces": {
				"north": {"uv": [15.5, 15.375, 15.375, 15.5], "texture": "#obrez_atlas"},
				"east": {"uv": [15.875, 15.375, 15.75, 15.5], "texture": "#obrez_atlas"},
				"south": {"uv": [15.5, 15.375, 15.625, 15.5], "texture": "#obrez_atlas"},
				"west": {"uv": [15.625, 15.375, 15.75, 15.5], "texture": "#obrez_atlas"},
				"up": {"uv": [15.25, 15.5, 15.375, 15.375], "texture": "#obrez_atlas"},
				"down": {"uv": [15.125, 15.375, 15.25, 15.5], "texture": "#obrez_atlas"}
			}
		},
		{
			"name": "Voxels",
			"from": [8.25, 8.625, 9.25],
			"to": [8.375, 8.875, 9.375],
			"faces": {
				"north": {"uv": [8.375, 10.375, 8.25, 10.625], "texture": "#obrez_atlas"},
				"east": {"uv": [8.375, 9.625, 8.25, 9.875], "texture": "#obrez_atlas"},
				"south": {"uv": [8.25, 10.125, 8.375, 10.375], "texture": "#obrez_atlas"},
				"west": {"uv": [8.25, 9.875, 8.375, 10.125], "texture": "#obrez_atlas"},
				"up": {"uv": [8.375, 15.375, 8.5, 15.25], "texture": "#obrez_atlas"},
				"down": {"uv": [15.875, 15.375, 16, 15.5], "texture": "#obrez_atlas"}
			}
		},
		{
			"name": "Voxels",
			"from": [8.375, 8.375, 7.625],
			"to": [8.5, 8.5, 8.375],
			"faces": {
				"north": {"uv": [8.5, 14.375, 8.375, 14.5], "texture": "#obrez_atlas"},
				"east": {"uv": [7.375, 13.125, 6.625, 13.25], "texture": "#obrez_atlas"},
				"south": {"uv": [8.375, 14.25, 8.5, 14.375], "texture": "#obrez_atlas"},
				"west": {"uv": [6.625, 13, 7.375, 13.125], "texture": "#obrez_atlas"},
				"up": {"uv": [2.375, 8.75, 2.5, 8], "texture": "#obrez_atlas"},
				"down": {"uv": [2, 8, 2.125, 8.75], "texture": "#obrez_atlas"}
			}
		},
		{
			"name": "Voxels",
			"from": [8.375, 8.5, 7.75],
			"to": [8.5, 8.625, 8.375],
			"faces": {
				"north": {"uv": [8.5, 13.625, 8.375, 13.75], "texture": "#obrez_atlas"},
				"east": {"uv": [5.625, 11.25, 5, 11.375], "texture": "#obrez_atlas"},
				"south": {"uv": [8.375, 13.5, 8.5, 13.625], "texture": "#obrez_atlas"},
				"west": {"uv": [5, 11.375, 5.625, 11.5], "texture": "#obrez_atlas"},
				"up": {"uv": [4.25, 11.25, 4.375, 10.625], "texture": "#obrez_atlas"},
				"down": {"uv": [4.125, 8.125, 4.25, 8.75], "texture": "#obrez_atlas"}
			}
		},
		{
			"name": "Voxels",
			"from": [8.375, 8.625, 7.125],
			"to": [8.5, 8.75, 7.625],
			"faces": {
				"north": {"uv": [8.5, 12.875, 8.375, 13], "texture": "#obrez_atlas"},
				"east": {"uv": [6.5, 10, 6, 10.125], "texture": "#obrez_atlas"},
				"south": {"uv": [8.375, 12.75, 8.5, 12.875], "texture": "#obrez_atlas"},
				"west": {"uv": [6.5, 9.125, 7, 9.25], "texture": "#obrez_atlas"},
				"up": {"uv": [6.375, 9.25, 6.5, 8.75], "texture": "#obrez_atlas"},
				"down": {"uv": [6, 8.25, 6.125, 8.75], "texture": "#obrez_atlas"}
			}
		}
	],
	"display": {
		"thirdperson_righthand": {
			"translation": [0, 0.7, -2.782],
			"scale": [2.21, 2.7, 2.01]
		},
		"thirdperson_lefthand": {
			"translation": [0, 0.7, -2.782],
			"scale": [2.21, 2.7, 2.01]
		},
		"firstperson_righthand": {
			"rotation": [8, 3, -5],
			"translation": [0, 4.1739, -0.694],
			"scale": [3.15, 2.57, 1.83]
		},
		"firstperson_lefthand": {
			"rotation": [8, 3, -5],
			"translation": [0, 4.1739, -0.694],
			"scale": [3.15, 2.57, 1.83]
		},
		"ground": {
			"rotation": [0, 0, -90],
			"translation": [0, -2.782, 0]
		},
		"gui": {
			"rotation": [30, 225, 0],
			"scale": [1.4, 1.4, 1.4]
		},
		"head": {
			"rotation": [0, 90, 0],
			"scale": [3, 3, 3]
		},
		"fixed": {
			"rotation": [0, -90, 0],
			"scale": [1.3, 1.3, 1.3]
		}
	}
}