{
	"credit": "Made by SrDarmith - YouTube: Mainclay",
	"textures": {
		"particle": "itemm/anvil_1",
		"texture": "itemm/anvil_1"
	},
	"elements": [
		{
			"from": [2.6, 8.75, 7.375],
			"to": [18.65, 10.625, 8.65],
			"rotation": {"angle": 0, "axis": "y", "origin": [-1.5, 0, 0]},
			"faces": {
				"north": {"uv": [7, 14, 2, 11], "texture": "#texture", "cullface": "east"},
				"east": {"uv": [7, 14, 2, 11], "texture": "#texture", "cullface": "east"},
				"south": {"uv": [7, 14, 2, 11], "texture": "#texture", "cullface": "east"},
				"west": {"uv": [7, 14, 2, 11], "texture": "#texture", "cullface": "east"},
				"up": {"uv": [2, 14, 7, 11], "texture": "#texture", "cullface": "east"},
				"down": {"uv": [2, 11, 7, 14], "texture": "#texture", "cullface": "east"}
			}
		},
		{
			"from": [14, 8.5, 7.45],
			"to": [18.65, 11.1, 8.575],
			"faces": {
				"north": {"uv": [5, 12, 2, 10], "texture": "#texture", "cullface": "east"},
				"east": {"uv": [5, 12, 2, 10], "texture": "#texture", "cullface": "east"},
				"south": {"uv": [5, 12, 2, 10], "texture": "#texture", "cullface": "east"},
				"west": {"uv": [5, 12, 2, 10], "texture": "#texture", "cullface": "east"},
				"up": {"uv": [2, 12, 5, 10], "texture": "#texture", "cullface": "east"},
				"down": {"uv": [2, 10, 5, 12], "texture": "#texture", "cullface": "east"}
			}
		},
		{
			"from": [11.1, 7, 7.4],
			"to": [12.6, 8.75, 8.625],
			"rotation": {"angle": 0, "axis": "y", "origin": [0.75, 0, 0]},
			"faces": {
				"north": {"uv": [4, 13, 3, 12], "texture": "#texture"},
				"south": {"uv": [4, 13, 3, 12], "texture": "#texture"},
				"west": {"uv": [4, 13, 3, 12], "texture": "#texture"},
				"down": {"uv": [3, 12, 4, 13], "texture": "#texture"}
			}
		},
		{
			"from": [12.6, 6.75, 7.4],
			"to": [14.1, 8.75, 8.625],
			"rotation": {"angle": 0, "axis": "y", "origin": [0.25, 0, 0]},
			"faces": {
				"north": {"uv": [4, 13, 3, 12], "texture": "#texture"},
				"east": {"uv": [4, 13, 3, 12], "texture": "#texture"},
				"south": {"uv": [4, 13, 3, 12], "texture": "#texture"},
				"west": {"uv": [4, 13, 3, 12], "texture": "#texture"},
				"down": {"uv": [3, 12, 4, 13], "texture": "#texture"}
			}
		},
		{
			"from": [14, 8.25, 7.45],
			"to": [18.1, 8.5, 8.575],
			"faces": {
				"north": {"uv": [0, 7.25, 2.25, 7.75], "texture": "#texture", "cullface": "east"},
				"east": {"uv": [7, 7.25, 9, 7.75], "texture": "#texture", "cullface": "east"},
				"south": {"uv": [13.75, 7.25, 16, 7.75], "texture": "#texture", "cullface": "east"},
				"down": {"uv": [2.25, 9, 0, 7], "texture": "#texture", "cullface": "east"}
			}
		},
		{
			"from": [17, 0.25, 7.675],
			"to": [18.75, 0.5, 8.35],
			"rotation": {"angle": 22.5, "axis": "z", "origin": [0, 0.15, 0]},
			"faces": {
				"north": {"uv": [0, 9, 1.75, 9.25], "texture": "#texture"},
				"south": {"uv": [14.25, 9, 16, 9.25], "texture": "#texture"},
				"up": {"uv": [14.25, 7.75, 16, 8.25], "texture": "#texture"},
				"down": {"uv": [1.75, 8.25, 0, 7.75], "texture": "#texture"}
			}
		},
		{
			"from": [15.625, 7.325, 7.875],
			"to": [15.875, 8.575, 8.15],
			"rotation": {"angle": -22.5, "axis": "z", "origin": [15.5, 8.5, 7.75]},
			"faces": {
				"north": {"uv": [8.25, 0, 8.5, 1.25], "texture": "#texture"},
				"east": {"uv": [7.75, 0, 8.25, 1.25], "texture": "#texture"},
				"south": {"uv": [7.5, 0, 7.75, 1.25], "texture": "#texture"},
				"west": {"uv": [7.75, 0, 8.25, 1.25], "texture": "#texture"},
				"up": {"uv": [7.5, 7.75, 7.75, 8.25], "texture": "#texture"},
				"down": {"uv": [8.5, 8.25, 8.25, 7.75], "texture": "#texture"}
			}
		},
		{
			"from": [16.225, 6.75, 7.45],
			"to": [17.875, 8.25, 8.575],
			"faces": {
				"north": {"uv": [0, 11.15, 0.8, 11.65], "texture": "#texture", "cullface": "east"},
				"east": {"uv": [0, 11.15, 0.8, 11.85], "texture": "#texture", "cullface": "east"},
				"south": {"uv": [0.9, 11.85, 0, 11.15], "texture": "#texture", "cullface": "east"},
				"west": {"uv": [0, 11.8, 0.7, 11.35], "texture": "#texture", "cullface": "east"},
				"down": {"uv": [0.8, 11.75, 0, 11.25], "texture": "#texture", "cullface": "east"}
			}
		},
		{
			"from": [10.5, 3.525, 7.525],
			"to": [10.75, 3.775, 8.475],
			"rotation": {"angle": 0, "axis": "y", "origin": [0, -1, 0]},
			"faces": {
				"north": {"uv": [6, 8.2, 6.5, 8.7], "texture": "#texture", "cullface": "east"},
				"east": {"uv": [6.2, 8.1, 6.7, 8.8], "texture": "#texture", "cullface": "east"},
				"south": {"uv": [6.7, 8.1, 6, 8.8], "texture": "#texture", "cullface": "east"},
				"west": {"uv": [6, 8, 7, 9], "texture": "#texture"},
				"up": {"uv": [6, 8, 7, 9], "texture": "#texture"},
				"down": {"uv": [6.1, 8.9, 6.8, 8.1], "texture": "#texture", "cullface": "east"}
			}
		},
		{
			"from": [10.5, 2.775, 7.525],
			"to": [13.25, 3.525, 8.475],
			"rotation": {"angle": 0, "axis": "y", "origin": [0, -1, 0]},
			"faces": {
				"north": {"uv": [0, 8.2, 6.5, 8.7], "texture": "#texture", "cullface": "east"},
				"east": {"uv": [6.2, 8.1, 6.7, 8.8], "texture": "#texture", "cullface": "east"},
				"south": {"uv": [6.7, 8.1, 0, 8.8], "texture": "#texture", "cullface": "east"},
				"west": {"uv": [6, 8, 7, 9], "texture": "#texture"},
				"up": {"uv": [6, 8, 7, 9], "texture": "#texture"},
				"down": {"uv": [6.1, 8.9, 6.8, 8.1], "texture": "#texture", "cullface": "east"}
			}
		},
		{
			"from": [11.85, 2.525, 7.525],
			"to": [13.25, 2.775, 8.475],
			"rotation": {"angle": 0, "axis": "y", "origin": [0, -1, 0]},
			"faces": {
				"north": {"uv": [0, 8.2, 6.5, 8.7], "texture": "#texture", "cullface": "east"},
				"east": {"uv": [6.2, 8.1, 6.7, 8.8], "texture": "#texture", "cullface": "east"},
				"south": {"uv": [2.7, 8.1, 0, 8.8], "texture": "#texture", "cullface": "east"},
				"west": {"uv": [6, 8, 7, 9], "texture": "#texture"},
				"up": {"uv": [6, 8, 7, 9], "texture": "#texture"},
				"down": {"uv": [6.1, 8.9, 6.8, 8.1], "texture": "#texture", "cullface": "east"}
			}
		},
		{
			"from": [10.75, 3.525, 7.525],
			"to": [13.5, 4.525, 8.475],
			"rotation": {"angle": 0, "axis": "y", "origin": [0, -1, 0]},
			"faces": {
				"north": {"uv": [0, 8.2, 6.5, 8.7], "texture": "#texture", "cullface": "east"},
				"east": {"uv": [6.2, 8.1, 6.7, 8.8], "texture": "#texture", "cullface": "east"},
				"south": {"uv": [6.7, 8.1, 0, 8.8], "texture": "#texture", "cullface": "east"},
				"west": {"uv": [6, 8, 7, 9], "texture": "#texture"},
				"up": {"uv": [6, 8, 7, 9], "texture": "#texture"},
				"down": {"uv": [6.1, 8.9, 6.8, 8.1], "texture": "#texture", "cullface": "east"}
			}
		},
		{
			"from": [10.75, 4.525, 7.525],
			"to": [11, 4.775, 8.475],
			"rotation": {"angle": 0, "axis": "y", "origin": [0, -1, 0]},
			"faces": {
				"north": {"uv": [6.5, 8.2, 6, 8.7], "texture": "#texture", "cullface": "east"},
				"east": {"uv": [6.2, 8.1, 6.7, 8.8], "texture": "#texture", "cullface": "east"},
				"south": {"uv": [6.7, 8.1, 6, 8.8], "texture": "#texture", "cullface": "east"},
				"west": {"uv": [6, 8, 7, 9], "texture": "#texture"},
				"up": {"uv": [6, 8, 7, 9], "texture": "#texture"},
				"down": {"uv": [6.1, 8.9, 6.8, 8.1], "texture": "#texture", "cullface": "east"}
			}
		},
		{
			"from": [11, 5.775, 7.525],
			"to": [11.4, 6.025, 8.475],
			"rotation": {"angle": 0, "axis": "y", "origin": [0, -1, 0]},
			"faces": {
				"north": {"uv": [6, 8.2, 6.5, 8.7], "texture": "#texture", "cullface": "east"},
				"east": {"uv": [6.2, 8.1, 6.7, 8.8], "texture": "#texture", "cullface": "east"},
				"south": {"uv": [6.7, 8.1, 6, 8.8], "texture": "#texture", "cullface": "east"},
				"west": {"uv": [6, 8, 7, 9], "texture": "#texture"},
				"up": {"uv": [6, 8, 7, 9], "texture": "#texture"},
				"down": {"uv": [6.1, 8.9, 6.8, 8.1], "texture": "#texture", "cullface": "east"}
			}
		},
		{
			"from": [11, 4.525, 7.525],
			"to": [13.75, 5.775, 8.475],
			"rotation": {"angle": 0, "axis": "y", "origin": [0, -1, 0]},
			"faces": {
				"north": {"uv": [0, 8.2, 6.5, 8.7], "texture": "#texture", "cullface": "east"},
				"east": {"uv": [6.2, 8.1, 6.7, 8.8], "texture": "#texture", "cullface": "east"},
				"south": {"uv": [6.7, 8.1, 0, 8.8], "texture": "#texture", "cullface": "east"},
				"west": {"uv": [6, 8, 7, 9], "texture": "#texture"},
				"up": {"uv": [6, 8, 7, 9], "texture": "#texture"},
				"down": {"uv": [6.1, 8.9, 6.8, 8.1], "texture": "#texture", "cullface": "east"}
			}
		},
		{
			"from": [11.15, 5.775, 7.525],
			"to": [13.9, 8.275, 8.475],
			"rotation": {"angle": 0, "axis": "y", "origin": [0, -1, 0]},
			"faces": {
				"north": {"uv": [0, 8.2, 6.6, 8.7], "texture": "#texture", "cullface": "east"},
				"east": {"uv": [6.1, 8.1, 6.7, 8.8], "texture": "#texture", "cullface": "east"},
				"south": {"uv": [6.7, 8.1, 0, 8.8], "texture": "#texture", "cullface": "east"},
				"west": {"uv": [6, 8, 7, 9], "texture": "#texture"},
				"down": {"uv": [6.1, 8.9, 6.8, 8.1], "texture": "#texture", "cullface": "east"}
			}
		},
		{
			"from": [16.5, 3.5, 7.45],
			"to": [17.925, 7.25, 8.575],
			"rotation": {"angle": 22.5, "axis": "z", "origin": [16.5, 7.25, 7.25]},
			"faces": {
				"north": {"uv": [0, 11.25, 0.9, 11.9], "texture": "#texture", "cullface": "east"},
				"east": {"uv": [0, 11.25, 0.9, 11.9], "texture": "#texture", "cullface": "east"},
				"south": {"uv": [1, 11.65, 0, 11.9], "texture": "#texture", "cullface": "east"},
				"west": {"uv": [0, 11.2, 0.9, 11.9], "texture": "#texture", "cullface": "east"},
				"up": {"uv": [0, 11.25, 0.9, 11.85], "texture": "#texture", "cullface": "east"},
				"down": {"uv": [0, 11.75, 0.9, 11.25], "texture": "#texture", "cullface": "east"}
			}
		},
		{
			"from": [0.75, 9.125, 7.75],
			"to": [2.5, 9.375, 8.25],
			"rotation": {"angle": 0, "axis": "y", "origin": [-1.5, -0.025, 0]},
			"faces": {
				"north": {"uv": [14.5, 7.5, 16, 7.75], "texture": "#texture", "cullface": "west"},
				"south": {"uv": [0, 7.5, 1.5, 7.75], "texture": "#texture", "cullface": "west"},
				"west": {"uv": [7.75, 7.5, 8.25, 7.75], "texture": "#texture", "cullface": "west"},
				"up": {"uv": [0, 7.75, 1.5, 8.25], "texture": "#texture", "cullface": "west"},
				"down": {"uv": [16, 8.25, 14.5, 7.75], "texture": "#texture", "cullface": "west"}
			}
		},
		{
			"from": [-0.25, 9.875, 7.675],
			"to": [1.25, 10.2, 8.325],
			"rotation": {"angle": 0, "axis": "y", "origin": [-1.5, -0.025, 0]},
			"faces": {
				"north": {"uv": [13.5, 6.75, 15, 7], "texture": "#texture", "cullface": "west"},
				"east": {"uv": [4, 7, 5, 8], "texture": "#texture"},
				"south": {"uv": [0, 6.75, 1.5, 7], "texture": "#texture", "cullface": "west"},
				"west": {"uv": [7.75, 6.75, 8.25, 7], "texture": "#texture", "cullface": "west"},
				"up": {"uv": [0, 7.75, 1.5, 8.25], "texture": "#texture", "cullface": "west"},
				"down": {"uv": [16, 8.25, 14.5, 7.75], "texture": "#texture", "cullface": "west"}
			}
		},
		{
			"from": [-0.25, 9.3, 7.425],
			"to": [1.25, 9.95, 7.75],
			"rotation": {"angle": 0, "axis": "y", "origin": [-1.5, -0.025, 0]},
			"faces": {
				"north": {"uv": [14.5, 7, 16, 7.5], "texture": "#texture", "cullface": "west"},
				"south": {"uv": [0, 7, 1.5, 7.5], "texture": "#texture", "cullface": "west"},
				"west": {"uv": [7.5, 7, 7.75, 7.5], "texture": "#texture", "cullface": "west"},
				"up": {"uv": [0, 7.5, 1.5, 7.75], "texture": "#texture", "cullface": "west"},
				"down": {"uv": [16, 7.75, 14.5, 7.5], "texture": "#texture", "cullface": "west"}
			}
		},
		{
			"from": [-0.25, 9.3, 8.25],
			"to": [1.25, 9.95, 8.575],
			"rotation": {"angle": 0, "axis": "y", "origin": [-1.5, -0.025, 0]},
			"faces": {
				"north": {"uv": [14.5, 7, 16, 7.5], "texture": "#texture", "cullface": "west"},
				"east": {"uv": [4, 7, 5, 8], "texture": "#texture"},
				"south": {"uv": [0, 7, 1.5, 7.5], "texture": "#texture", "cullface": "west"},
				"west": {"uv": [8.25, 7, 8.5, 7.5], "texture": "#texture", "cullface": "west"},
				"up": {"uv": [0, 8.25, 1.5, 8.5], "texture": "#texture", "cullface": "west"},
				"down": {"uv": [16, 8.5, 14.5, 8.25], "texture": "#texture", "cullface": "west"}
			}
		},
		{
			"from": [-0.25, 9.05, 7.675],
			"to": [1.25, 9.375, 8.325],
			"rotation": {"angle": 0, "axis": "y", "origin": [-1.5, -0.025, 0]},
			"faces": {
				"north": {"uv": [14.5, 7.5, 16, 7.75], "texture": "#texture", "cullface": "west"},
				"east": {"uv": [4, 7, 5, 8], "texture": "#texture"},
				"south": {"uv": [0, 7.5, 1.5, 7.75], "texture": "#texture", "cullface": "west"},
				"west": {"uv": [7.75, 7.5, 8.25, 7.75], "texture": "#texture", "cullface": "west"},
				"up": {"uv": [0, 7.75, 1.5, 8.25], "texture": "#texture", "cullface": "west"},
				"down": {"uv": [16, 8.25, 14.5, 7.75], "texture": "#texture", "cullface": "west"}
			}
		},
		{
			"from": [0.75, 9.375, 8.25],
			"to": [2.5, 9.875, 8.5],
			"rotation": {"angle": 0, "axis": "y", "origin": [-1.5, -0.025, 0]},
			"faces": {
				"north": {"uv": [14.5, 7, 16, 7.5], "texture": "#texture", "cullface": "west"},
				"south": {"uv": [0, 7, 1.5, 7.5], "texture": "#texture", "cullface": "west"},
				"west": {"uv": [8.25, 7, 8.5, 7.5], "texture": "#texture", "cullface": "west"},
				"up": {"uv": [0, 8.25, 1.5, 8.5], "texture": "#texture", "cullface": "west"},
				"down": {"uv": [16, 8.5, 14.5, 8.25], "texture": "#texture", "cullface": "west"}
			}
		},
		{
			"from": [0.75, 9.375, 7.5],
			"to": [2.5, 9.875, 7.75],
			"rotation": {"angle": 0, "axis": "y", "origin": [-1.5, -0.025, 0]},
			"faces": {
				"north": {"uv": [14.5, 7, 16, 7.5], "texture": "#texture", "cullface": "west"},
				"south": {"uv": [0, 7, 1.5, 7.5], "texture": "#texture", "cullface": "west"},
				"west": {"uv": [7.5, 7, 7.75, 7.5], "texture": "#texture", "cullface": "west"},
				"up": {"uv": [0, 7.5, 1.5, 7.75], "texture": "#texture", "cullface": "west"},
				"down": {"uv": [16, 7.75, 14.5, 7.5], "texture": "#texture", "cullface": "west"}
			}
		},
		{
			"from": [0.75, 9.875, 7.75],
			"to": [2.5, 10.125, 8.25],
			"rotation": {"angle": 0, "axis": "y", "origin": [-1.5, -0.025, 0]},
			"faces": {
				"north": {"uv": [13.5, 6.75, 15, 7], "texture": "#texture", "cullface": "west"},
				"south": {"uv": [0, 6.75, 1.5, 7], "texture": "#texture", "cullface": "west"},
				"west": {"uv": [7.75, 6.75, 8.25, 7], "texture": "#texture", "cullface": "west"},
				"up": {"uv": [0, 7.75, 1.5, 8.25], "texture": "#texture", "cullface": "west"},
				"down": {"uv": [16, 8.25, 14.5, 7.75], "texture": "#texture", "cullface": "west"}
			}
		},
		{
			"from": [16.25, 3.475, 7.625],
			"to": [16.75, 6.875, 8.4],
			"rotation": {"angle": 22.5, "axis": "z", "origin": [16.5, 6.75, 7.25]},
			"faces": {
				"north": {"uv": [0, 11.15, 0.9, 11.8], "texture": "#texture", "cullface": "east"},
				"east": {"uv": [0, 11.15, 0.9, 11.9], "texture": "#texture", "cullface": "east"},
				"south": {"uv": [1, 11.85, 0, 11.2], "texture": "#texture", "cullface": "east"},
				"west": {"uv": [0, 11.2, 0.9, 11.9], "texture": "#texture", "cullface": "east"},
				"down": {"uv": [0, 11.65, 1, 11.35], "texture": "#texture", "cullface": "east"}
			}
		},
		{
			"from": [25.25, 5.525, 7.475],
			"to": [25.8, 10.275, 8.55],
			"rotation": {"angle": 0, "axis": "y", "origin": [0.15, -0.25, 0.125]},
			"faces": {
				"north": {"uv": [0, 11.15, 1, 11.9], "texture": "#texture", "cullface": "east"},
				"east": {"uv": [15, 11, 16, 12], "texture": "#texture"},
				"south": {"uv": [15.9, 11.05, 16, 12], "texture": "#texture", "cullface": "east"},
				"west": {"uv": [15, 11, 16, 12], "texture": "#texture"},
				"up": {"uv": [15.8, 11.55, 16, 11.45], "texture": "#texture", "cullface": "east"},
				"down": {"uv": [0, 11.35, 1, 11.65], "texture": "#texture", "cullface": "east"}
			}
		},
		{
			"from": [17.325, -2.975, 7.825],
			"to": [17.475, -2.55, 8.2],
			"rotation": {"angle": 22.5, "axis": "z", "origin": [0.825, 0.4, 0]},
			"faces": {
				"north": {"uv": [0, 11.75, 0, 12], "rotation": 270, "texture": "#texture", "cullface": "east"},
				"south": {"uv": [0.8, 11.25, 0, 11.9], "rotation": 90, "texture": "#texture", "cullface": "east"},
				"west": {"uv": [0, 11.3, 0.6, 11.7], "rotation": 90, "texture": "#texture", "cullface": "east"},
				"up": {"uv": [0, 11.75, 1, 12], "rotation": 90, "texture": "#texture", "cullface": "east"},
				"down": {"uv": [0, 11.45, 1, 11.7], "rotation": 90, "texture": "#texture", "cullface": "east"}
			}
		},
		{
			"from": [25.8, 5.25, 7.425],
			"to": [26.3, 10.25, 8.6],
			"rotation": {"angle": 0, "axis": "y", "origin": [0.15, -0.25, 0.125]},
			"faces": {
				"north": {"uv": [1, 5.25, 0, 10.25], "texture": "#texture", "cullface": "east"},
				"east": {"uv": [7.25, 4.25, 8.75, 9.25], "texture": "#texture", "cullface": "east"},
				"south": {"uv": [15, 5.25, 14, 10.25], "texture": "#texture", "cullface": "east"},
				"west": {"uv": [7.25, 5.25, 8.75, 10.25], "texture": "#texture", "cullface": "east"},
				"up": {"uv": [16, 7.25, 15, 8.75], "texture": "#texture", "cullface": "east"},
				"down": {"uv": [0, 8.75, 1, 7.25], "texture": "#texture", "cullface": "east"}
			}
		},
		{
			"from": [11.05, 9.65, 7.35],
			"to": [14.175, 10.45, 7.8],
			"rotation": {"angle": 0, "axis": "y", "origin": [4, 0.65, 0]},
			"faces": {
				"north": {"uv": [15.75, 11.25, 16, 11.5], "texture": "#texture", "cullface": "east"},
				"east": {"uv": [15.5, 11.25, 16, 11.5], "texture": "#texture", "cullface": "east"},
				"south": {"uv": [15.75, 11.25, 16, 11.5], "texture": "#texture", "cullface": "east"},
				"west": {"uv": [15, 11, 16, 12], "texture": "#texture"},
				"up": {"uv": [15.75, 11.25, 16, 11.75], "texture": "#texture", "cullface": "east"},
				"down": {"uv": [15, 11, 16, 12], "texture": "#texture"}
			}
		},
		{
			"from": [13.9, 6.75, 7.675],
			"to": [15.65, 7, 8.35],
			"rotation": {"angle": 0, "axis": "y", "origin": [0, 0.15, 0]},
			"faces": {
				"north": {"uv": [0, 9, 1.75, 9.25], "texture": "#texture"},
				"south": {"uv": [14.25, 9, 16, 9.25], "texture": "#texture"},
				"up": {"uv": [14.25, 7.75, 16, 8.25], "texture": "#texture"},
				"down": {"uv": [1.75, 8.25, 0, 7.75], "texture": "#texture"}
			}
		},
		{
			"from": [13, 2.5, 7.4],
			"to": [14.75, 4.4, 8.625],
			"rotation": {"angle": 22.5, "axis": "z", "origin": [0.75, 0, 0]},
			"faces": {
				"north": {"uv": [4, 13, 3, 12], "texture": "#texture"},
				"south": {"uv": [4, 13, 3, 12], "texture": "#texture"},
				"west": {"uv": [4, 13, 3, 12], "texture": "#texture"},
				"down": {"uv": [3, 12, 4, 13], "texture": "#texture"}
			}
		},
		{
			"from": [13.425, -1.45, 7.4],
			"to": [13.8, 0.45, 8.625],
			"rotation": {"angle": 45, "axis": "z", "origin": [0.75, 0, 0]},
			"faces": {
				"north": {"uv": [4, 13, 3, 12], "texture": "#texture"},
				"south": {"uv": [4, 13, 3, 12], "texture": "#texture"},
				"west": {"uv": [4, 13, 3, 12], "texture": "#texture"},
				"down": {"uv": [3, 12, 4, 13], "texture": "#texture"}
			}
		},
		{
			"from": [2.225, 8.5, 7.225],
			"to": [10.75, 9.625, 8.8],
			"rotation": {"angle": 0, "axis": "y", "origin": [-1.5, 0, 0]},
			"faces": {
				"north": {"uv": [16, 12, 15, 11], "texture": "#texture", "cullface": "east"},
				"east": {"uv": [16, 12, 15, 11], "texture": "#texture", "cullface": "east"},
				"south": {"uv": [16, 12, 15, 11], "texture": "#texture", "cullface": "east"},
				"west": {"uv": [16, 12, 15, 11], "texture": "#texture", "cullface": "east"},
				"up": {"uv": [15, 12, 16, 11], "texture": "#texture", "cullface": "east"},
				"down": {"uv": [15, 11, 16, 12], "texture": "#texture", "cullface": "east"}
			}
		},
		{
			"from": [2.45, 9.625, 7.225],
			"to": [8.75, 10.125, 8.8],
			"rotation": {"angle": 0, "axis": "y", "origin": [-1.5, 0, 0]},
			"faces": {
				"north": {"uv": [16, 12, 15, 11], "texture": "#texture", "cullface": "east"},
				"east": {"uv": [16, 12, 15, 11], "texture": "#texture", "cullface": "east"},
				"south": {"uv": [16, 12, 15, 11], "texture": "#texture", "cullface": "east"},
				"west": {"uv": [16, 12, 15, 11], "texture": "#texture", "cullface": "east"},
				"up": {"uv": [15, 12, 16, 11], "texture": "#texture", "cullface": "east"},
				"down": {"uv": [15, 11, 16, 12], "texture": "#texture", "cullface": "east"}
			}
		},
		{
			"from": [18.55, 10.275, 7.35],
			"to": [19.525, 10.525, 8.675],
			"rotation": {"angle": 0, "axis": "y", "origin": [0.9, -0.25, 0]},
			"faces": {
				"north": {"uv": [0, 11.15, 0, 11.9], "texture": "#texture", "cullface": "east"},
				"east": {"uv": [15, 11, 16, 12], "texture": "#texture"},
				"south": {"uv": [15.9, 11.05, 16, 12], "texture": "#texture", "cullface": "east"},
				"west": {"uv": [15, 11, 16, 12], "texture": "#texture"},
				"up": {"uv": [15.8, 11.55, 16, 11.45], "texture": "#texture", "cullface": "east"},
				"down": {"uv": [0, 11.35, 0, 11.65], "texture": "#texture", "cullface": "east"}
			}
		},
		{
			"from": [18.55, 10.525, 7.35],
			"to": [19.025, 10.775, 8.675],
			"rotation": {"angle": 0, "axis": "y", "origin": [0.9, -0.25, 0]},
			"faces": {
				"north": {"uv": [0, 11.15, 0, 11.9], "texture": "#texture", "cullface": "east"},
				"east": {"uv": [15, 11, 16, 12], "texture": "#texture"},
				"south": {"uv": [15.9, 11.05, 16, 12], "texture": "#texture", "cullface": "east"},
				"west": {"uv": [15, 11, 16, 12], "texture": "#texture"},
				"up": {"uv": [15.8, 11.55, 16, 11.45], "texture": "#texture", "cullface": "east"},
				"down": {"uv": [0, 11.35, 0, 11.65], "texture": "#texture", "cullface": "east"}
			}
		},
		{
			"from": [18.55, 8.525, 7.35],
			"to": [19.55, 10.275, 8.675],
			"rotation": {"angle": 0, "axis": "y", "origin": [0.9, -0.25, 0]},
			"faces": {
				"north": {"uv": [0, 11.15, 0, 11.9], "texture": "#texture", "cullface": "east"},
				"east": {"uv": [15, 11, 16, 12], "texture": "#texture"},
				"south": {"uv": [15.9, 11.05, 16, 12], "texture": "#texture", "cullface": "east"},
				"west": {"uv": [15, 11, 16, 12], "texture": "#texture"},
				"up": {"uv": [15.8, 11.55, 16, 11.45], "texture": "#texture", "cullface": "east"},
				"down": {"uv": [0, 11.35, 0, 11.65], "texture": "#texture", "cullface": "east"}
			}
		},
		{
			"from": [19.55, 8.525, 7.475],
			"to": [19.8, 10.275, 8.55],
			"rotation": {"angle": 0, "axis": "y", "origin": [0.9, -0.25, 0.125]},
			"faces": {
				"north": {"uv": [0, 11.15, 0, 11.9], "texture": "#texture", "cullface": "east"},
				"east": {"uv": [15, 11, 16, 12], "texture": "#texture"},
				"south": {"uv": [15.9, 11.05, 16, 12], "texture": "#texture", "cullface": "east"},
				"west": {"uv": [15, 11, 16, 12], "texture": "#texture"},
				"up": {"uv": [15.8, 11.55, 16, 11.45], "texture": "#texture", "cullface": "east"},
				"down": {"uv": [0, 11.35, 0, 11.65], "texture": "#texture", "cullface": "east"}
			}
		},
		{
			"from": [19.8, 10.025, 7.475],
			"to": [25.3, 10.275, 8.55],
			"rotation": {"angle": 0, "axis": "y", "origin": [0.9, -0.25, 0.125]},
			"faces": {
				"north": {"uv": [0, 11.15, 1, 11.9], "texture": "#texture", "cullface": "east"},
				"east": {"uv": [15, 11, 16, 12], "texture": "#texture"},
				"south": {"uv": [15.9, 11.05, 16, 12], "texture": "#texture", "cullface": "east"},
				"west": {"uv": [15, 11, 16, 12], "texture": "#texture"},
				"up": {"uv": [15.8, 11.55, 16, 11.45], "texture": "#texture", "cullface": "east"},
				"down": {"uv": [0, 11.35, 1, 11.65], "texture": "#texture", "cullface": "east"}
			}
		},
		{
			"from": [19.8, 9.625, 7.475],
			"to": [21.3, 10.025, 8.55],
			"rotation": {"angle": 0, "axis": "y", "origin": [0.9, -0.25, 0.125]},
			"faces": {
				"north": {"uv": [0, 11.15, 1, 11.9], "texture": "#texture", "cullface": "east"},
				"east": {"uv": [15, 11, 16, 12], "texture": "#texture"},
				"south": {"uv": [15.9, 11.05, 16, 12], "texture": "#texture", "cullface": "east"},
				"west": {"uv": [15, 11, 16, 12], "texture": "#texture"},
				"up": {"uv": [15.8, 11.55, 16, 11.45], "texture": "#texture", "cullface": "east"},
				"down": {"uv": [0, 11.35, 1, 11.65], "texture": "#texture", "cullface": "east"}
			}
		},
		{
			"from": [19.8, 8.525, 7.475],
			"to": [21.55, 8.775, 8.55],
			"rotation": {"angle": 0, "axis": "y", "origin": [0.9, -0.25, 0.125]},
			"faces": {
				"north": {"uv": [0, 11.15, 1, 11.9], "texture": "#texture", "cullface": "east"},
				"east": {"uv": [15, 11, 16, 12], "texture": "#texture"},
				"south": {"uv": [15.9, 11.05, 16, 12], "texture": "#texture", "cullface": "east"},
				"west": {"uv": [15, 11, 16, 12], "texture": "#texture"},
				"up": {"uv": [15.8, 11.55, 16, 11.45], "texture": "#texture", "cullface": "east"},
				"down": {"uv": [0, 11.35, 1, 11.65], "texture": "#texture", "cullface": "east"}
			}
		},
		{
			"from": [21.3, 8.775, 7.475],
			"to": [21.55, 10.025, 8.55],
			"rotation": {"angle": 0, "axis": "y", "origin": [0.9, -0.25, 0.125]},
			"faces": {
				"north": {"uv": [0, 11.15, 1, 11.9], "texture": "#texture", "cullface": "east"},
				"east": {"uv": [15, 11, 16, 12], "texture": "#texture"},
				"south": {"uv": [15.9, 11.05, 16, 12], "texture": "#texture", "cullface": "east"},
				"west": {"uv": [15, 11, 16, 12], "texture": "#texture"},
				"up": {"uv": [15.8, 11.55, 16, 11.45], "texture": "#texture", "cullface": "east"},
				"down": {"uv": [0, 11.35, 1, 11.65], "texture": "#texture", "cullface": "east"}
			}
		},
		{
			"from": [16.475, 16.025, 7.475],
			"to": [19.375, 16.275, 8.55],
			"rotation": {"angle": -22.5, "axis": "z", "origin": [0.15, -0.25, 0.125]},
			"faces": {
				"north": {"uv": [0, 11.15, 1, 11.9], "texture": "#texture", "cullface": "east"},
				"east": {"uv": [15, 11, 16, 12], "texture": "#texture"},
				"south": {"uv": [15.9, 11.05, 16, 12], "texture": "#texture", "cullface": "east"},
				"west": {"uv": [15, 11, 16, 12], "texture": "#texture"},
				"up": {"uv": [15.8, 11.55, 16, 11.45], "texture": "#texture", "cullface": "east"},
				"down": {"uv": [0, 11.35, 1, 11.65], "texture": "#texture", "cullface": "east"}
			}
		},
		{
			"from": [11.575, 22.125, 7.475],
			"to": [12.625, 22.375, 8.55],
			"rotation": {"angle": -45, "axis": "z", "origin": [0.15, -0.25, 0.125]},
			"faces": {
				"north": {"uv": [0, 11.15, 1, 11.9], "texture": "#texture", "cullface": "east"},
				"east": {"uv": [15, 11, 16, 12], "texture": "#texture"},
				"south": {"uv": [15.9, 11.05, 16, 12], "texture": "#texture", "cullface": "east"},
				"west": {"uv": [15, 11, 16, 12], "texture": "#texture"},
				"up": {"uv": [15.8, 11.55, 16, 11.45], "texture": "#texture", "cullface": "east"},
				"down": {"uv": [0, 11.35, 1, 11.65], "texture": "#texture", "cullface": "east"}
			}
		},
		{
			"from": [25.575, -4.525, 7.475],
			"to": [25.825, -3.1, 8.55],
			"rotation": {"angle": 22.5, "axis": "z", "origin": [0.15, -0.25, 0.125]},
			"faces": {
				"north": {"uv": [0, 11.15, 1, 11.9], "rotation": 270, "texture": "#texture", "cullface": "east"},
				"east": {"uv": [15.8, 11.55, 16, 11.45], "rotation": 90, "texture": "#texture", "cullface": "east"},
				"south": {"uv": [15.9, 11.05, 16, 12], "rotation": 90, "texture": "#texture", "cullface": "east"},
				"west": {"uv": [0, 11.35, 1, 11.65], "rotation": 90, "texture": "#texture", "cullface": "east"},
				"up": {"uv": [15, 11, 16, 12], "rotation": 90, "texture": "#texture"},
				"down": {"uv": [15, 11, 16, 12], "rotation": 90, "texture": "#texture"}
			}
		},
		{
			"from": [22.75, 8.025, 7.475],
			"to": [25.3, 8.275, 8.55],
			"rotation": {"angle": 0, "axis": "y", "origin": [0.15, -0.25, 0.125]},
			"faces": {
				"north": {"uv": [0, 11.15, 1, 11.9], "texture": "#texture", "cullface": "east"},
				"east": {"uv": [15, 11, 16, 12], "texture": "#texture"},
				"south": {"uv": [15.9, 11.05, 16, 12], "texture": "#texture", "cullface": "east"},
				"west": {"uv": [15, 11, 16, 12], "texture": "#texture"},
				"up": {"uv": [15.8, 11.55, 16, 11.45], "texture": "#texture", "cullface": "east"},
				"down": {"uv": [0, 11.35, 1, 11.65], "texture": "#texture", "cullface": "east"}
			}
		},
		{
			"from": [23.325, 7.775, 7.475],
			"to": [25.3, 8.025, 8.55],
			"rotation": {"angle": 0, "axis": "y", "origin": [0.15, -0.25, 0.125]},
			"faces": {
				"north": {"uv": [0, 11.15, 1, 11.9], "texture": "#texture", "cullface": "east"},
				"east": {"uv": [15, 11, 16, 12], "texture": "#texture"},
				"south": {"uv": [15.9, 11.05, 16, 12], "texture": "#texture", "cullface": "east"},
				"west": {"uv": [15, 11, 16, 12], "texture": "#texture"},
				"up": {"uv": [15.8, 11.55, 16, 11.45], "texture": "#texture", "cullface": "east"},
				"down": {"uv": [0, 11.35, 1, 11.65], "texture": "#texture", "cullface": "east"}
			}
		},
		{
			"from": [23.925, 7.525, 7.475],
			"to": [25.3, 7.775, 8.55],
			"rotation": {"angle": 0, "axis": "y", "origin": [0.15, -0.25, 0.125]},
			"faces": {
				"north": {"uv": [0, 11.15, 1, 11.9], "texture": "#texture", "cullface": "east"},
				"east": {"uv": [15, 11, 16, 12], "texture": "#texture"},
				"south": {"uv": [15.9, 11.05, 16, 12], "texture": "#texture", "cullface": "east"},
				"west": {"uv": [15, 11, 16, 12], "texture": "#texture"},
				"up": {"uv": [15.8, 11.55, 16, 11.45], "texture": "#texture", "cullface": "east"},
				"down": {"uv": [0, 11.35, 1, 11.65], "texture": "#texture", "cullface": "east"}
			}
		},
		{
			"from": [24.325, 7.275, 7.475],
			"to": [25.3, 7.525, 8.55],
			"rotation": {"angle": 0, "axis": "y", "origin": [0.15, -0.25, 0.125]},
			"faces": {
				"north": {"uv": [0, 11.15, 1, 11.9], "texture": "#texture", "cullface": "east"},
				"east": {"uv": [15, 11, 16, 12], "texture": "#texture"},
				"south": {"uv": [15.9, 11.05, 16, 12], "texture": "#texture", "cullface": "east"},
				"west": {"uv": [15, 11, 16, 12], "texture": "#texture"},
				"up": {"uv": [15.8, 11.55, 16, 11.45], "texture": "#texture", "cullface": "east"},
				"down": {"uv": [0, 11.35, 1, 11.65], "texture": "#texture", "cullface": "east"}
			}
		},
		{
			"from": [24.625, 7.025, 7.475],
			"to": [25.3, 7.275, 8.55],
			"rotation": {"angle": 0, "axis": "y", "origin": [0.15, -0.25, 0.125]},
			"faces": {
				"north": {"uv": [0, 11.15, 1, 11.9], "texture": "#texture", "cullface": "east"},
				"east": {"uv": [15, 11, 16, 12], "texture": "#texture"},
				"south": {"uv": [15.9, 11.05, 16, 12], "texture": "#texture", "cullface": "east"},
				"west": {"uv": [15, 11, 16, 12], "texture": "#texture"},
				"up": {"uv": [15.8, 11.55, 16, 11.45], "texture": "#texture", "cullface": "east"},
				"down": {"uv": [0, 11.35, 1, 11.65], "texture": "#texture", "cullface": "east"}
			}
		},
		{
			"from": [24.85, 6.775, 7.475],
			"to": [25.3, 7.025, 8.55],
			"rotation": {"angle": 0, "axis": "y", "origin": [0.15, -0.25, 0.125]},
			"faces": {
				"north": {"uv": [0, 11.15, 1, 11.9], "texture": "#texture", "cullface": "east"},
				"east": {"uv": [15, 11, 16, 12], "texture": "#texture"},
				"south": {"uv": [15.9, 11.05, 16, 12], "texture": "#texture", "cullface": "east"},
				"west": {"uv": [15, 11, 16, 12], "texture": "#texture"},
				"up": {"uv": [15.8, 11.55, 16, 11.45], "texture": "#texture", "cullface": "east"},
				"down": {"uv": [0, 11.35, 1, 11.65], "texture": "#texture", "cullface": "east"}
			}
		},
		{
			"from": [25.025, 6.275, 7.475],
			"to": [25.3, 6.775, 8.55],
			"rotation": {"angle": 0, "axis": "y", "origin": [0.15, -0.25, 0.125]},
			"faces": {
				"north": {"uv": [0, 11.15, 1, 11.9], "texture": "#texture", "cullface": "east"},
				"east": {"uv": [15, 11, 16, 12], "texture": "#texture"},
				"south": {"uv": [15.9, 11.05, 16, 12], "texture": "#texture", "cullface": "east"},
				"west": {"uv": [15, 11, 16, 12], "texture": "#texture"},
				"up": {"uv": [15.8, 11.55, 16, 11.45], "texture": "#texture", "cullface": "east"},
				"down": {"uv": [0, 11.35, 1, 11.65], "texture": "#texture", "cullface": "east"}
			}
		},
		{
			"from": [16.1, 5.15, 7.45],
			"to": [16.6, 5.825, 8.575],
			"rotation": {"angle": 22.5, "axis": "z", "origin": [-0.5, -0.25, 0]},
			"faces": {
				"north": {"uv": [3, 12, 2, 11], "texture": "#texture", "cullface": "east"},
				"east": {"uv": [3, 12, 2, 11], "texture": "#texture", "cullface": "east"},
				"south": {"uv": [3, 12, 2, 11], "texture": "#texture", "cullface": "east"},
				"west": {"uv": [3, 12, 2, 11], "texture": "#texture", "cullface": "east"},
				"up": {"uv": [2, 12, 3, 11], "texture": "#texture", "cullface": "east"},
				"down": {"uv": [2, 11, 3, 12], "texture": "#texture", "cullface": "east"}
			}
		},
		{
			"from": [12.775, 11.1, 7.45],
			"to": [17.775, 11.95, 8.575],
			"rotation": {"angle": 0, "axis": "y", "origin": [-0.5, -0.25, 0]},
			"faces": {
				"north": {"uv": [5, 12, 2, 10], "rotation": 90, "texture": "#texture", "cullface": "east"},
				"east": {"uv": [5, 12, 2, 10], "texture": "#texture", "cullface": "east"},
				"south": {"uv": [5, 12, 2, 10], "texture": "#texture", "cullface": "east"},
				"west": {"uv": [5, 12, 2, 10], "texture": "#texture", "cullface": "east"},
				"up": {"uv": [2, 12, 5, 10], "texture": "#texture", "cullface": "east"},
				"down": {"uv": [2, 10, 5, 12], "texture": "#texture", "cullface": "east"}
			}
		},
		{
			"from": [6.025, 11.7, 7.45],
			"to": [12.775, 11.95, 8.575],
			"rotation": {"angle": 0, "axis": "y", "origin": [-2, -0.25, 0]},
			"faces": {
				"north": {"uv": [5, 12, 3, 10], "texture": "#texture", "cullface": "east"},
				"east": {"uv": [5, 12, 3, 10], "texture": "#texture", "cullface": "east"},
				"south": {"uv": [5, 12, 3, 10], "texture": "#texture", "cullface": "east"},
				"west": {"uv": [5, 12, 3, 10], "texture": "#texture", "cullface": "east"},
				"up": {"uv": [3, 12, 5, 10], "texture": "#texture", "cullface": "east"},
				"down": {"uv": [3, 10, 5, 12], "texture": "#texture", "cullface": "east"}
			}
		},
		{
			"from": [6.025, 11.95, 7.7],
			"to": [6.475, 12.2, 8.325],
			"rotation": {"angle": 0, "axis": "y", "origin": [-1, -0.25, 0]},
			"faces": {
				"north": {"uv": [5, 12, 2, 10], "texture": "#texture", "cullface": "east"},
				"east": {"uv": [5, 12, 2, 10], "texture": "#texture", "cullface": "east"},
				"south": {"uv": [5, 12, 2, 10], "texture": "#texture", "cullface": "east"},
				"west": {"uv": [5, 12, 2, 10], "texture": "#texture", "cullface": "east"},
				"up": {"uv": [2, 12, 5, 10], "texture": "#texture", "cullface": "east"},
				"down": {"uv": [2, 10, 5, 12], "texture": "#texture", "cullface": "east"}
			}
		},
		{
			"from": [6.025, 12.7, 7.725],
			"to": [6.475, 12.85, 8.3],
			"rotation": {"angle": 0, "axis": "y", "origin": [-1, -0.25, 0]},
			"faces": {
				"north": {"uv": [5, 12, 2, 10], "texture": "#texture", "cullface": "east"},
				"east": {"uv": [5, 12, 2, 10], "texture": "#texture", "cullface": "east"},
				"south": {"uv": [5, 12, 2, 10], "texture": "#texture", "cullface": "east"},
				"west": {"uv": [5, 12, 2, 10], "texture": "#texture", "cullface": "east"},
				"up": {"uv": [2, 12, 5, 10], "texture": "#texture", "cullface": "east"},
				"down": {"uv": [2, 10, 5, 12], "texture": "#texture", "cullface": "east"}
			}
		},
		{
			"from": [6.025, 12.2, 7.975],
			"to": [6.475, 12.475, 8.05],
			"rotation": {"angle": 0, "axis": "y", "origin": [-1, -0.25, 0]},
			"faces": {
				"north": {"uv": [5, 12, 2, 10], "texture": "#texture", "cullface": "east"},
				"east": {"uv": [5, 12, 2, 10], "texture": "#texture", "cullface": "east"},
				"south": {"uv": [5, 12, 2, 10], "texture": "#texture", "cullface": "east"},
				"west": {"uv": [5, 12, 2, 10], "texture": "#texture", "cullface": "east"},
				"up": {"uv": [2, 12, 5, 10], "texture": "#texture", "cullface": "east"},
				"down": {"uv": [2, 10, 5, 12], "texture": "#texture", "cullface": "east"}
			}
		},
		{
			"from": [7.675, 11.95, 7.45],
			"to": [7.875, 12.125, 8.575],
			"rotation": {"angle": 0, "axis": "y", "origin": [-1, -0.25, 0]},
			"faces": {
				"north": {"uv": [5, 12, 2, 10], "texture": "#texture", "cullface": "east"},
				"east": {"uv": [5, 12, 2, 10], "texture": "#texture", "cullface": "east"},
				"south": {"uv": [5, 12, 2, 10], "texture": "#texture", "cullface": "east"},
				"west": {"uv": [5, 12, 2, 10], "texture": "#texture", "cullface": "east"},
				"up": {"uv": [2, 12, 5, 10], "texture": "#texture", "cullface": "east"},
				"down": {"uv": [2, 10, 5, 12], "texture": "#texture", "cullface": "east"}
			}
		},
		{
			"from": [6.875, 11.95, 7.45],
			"to": [7.075, 12.125, 8.575],
			"rotation": {"angle": 0, "axis": "y", "origin": [-1, -0.25, 0]},
			"faces": {
				"north": {"uv": [5, 12, 2, 10], "texture": "#texture", "cullface": "east"},
				"east": {"uv": [5, 12, 2, 10], "texture": "#texture", "cullface": "east"},
				"south": {"uv": [5, 12, 2, 10], "texture": "#texture", "cullface": "east"},
				"west": {"uv": [5, 12, 2, 10], "texture": "#texture", "cullface": "east"},
				"up": {"uv": [2, 12, 5, 10], "texture": "#texture", "cullface": "east"},
				"down": {"uv": [2, 10, 5, 12], "texture": "#texture", "cullface": "east"}
			}
		},
		{
			"from": [7.275, 11.95, 7.45],
			"to": [7.475, 12.125, 8.575],
			"rotation": {"angle": 0, "axis": "y", "origin": [-1, -0.25, 0]},
			"faces": {
				"north": {"uv": [5, 12, 2, 10], "texture": "#texture", "cullface": "east"},
				"east": {"uv": [5, 12, 2, 10], "texture": "#texture", "cullface": "east"},
				"south": {"uv": [5, 12, 2, 10], "texture": "#texture", "cullface": "east"},
				"west": {"uv": [5, 12, 2, 10], "texture": "#texture", "cullface": "east"},
				"up": {"uv": [2, 12, 5, 10], "texture": "#texture", "cullface": "east"},
				"down": {"uv": [2, 10, 5, 12], "texture": "#texture", "cullface": "east"}
			}
		},
		{
			"from": [6.475, 11.95, 7.45],
			"to": [6.675, 12.125, 8.575],
			"rotation": {"angle": 0, "axis": "y", "origin": [-1, -0.25, 0]},
			"faces": {
				"north": {"uv": [5, 12, 2, 10], "texture": "#texture", "cullface": "east"},
				"east": {"uv": [5, 12, 2, 10], "texture": "#texture", "cullface": "east"},
				"south": {"uv": [5, 12, 2, 10], "texture": "#texture", "cullface": "east"},
				"west": {"uv": [5, 12, 2, 10], "texture": "#texture", "cullface": "east"},
				"up": {"uv": [2, 12, 5, 10], "texture": "#texture", "cullface": "east"},
				"down": {"uv": [2, 10, 5, 12], "texture": "#texture", "cullface": "east"}
			}
		},
		{
			"from": [13.675, 11.95, 7.45],
			"to": [13.875, 12.125, 8.575],
			"rotation": {"angle": 0, "axis": "y", "origin": [-1, -0.25, 0]},
			"faces": {
				"north": {"uv": [5, 12, 2, 10], "texture": "#texture", "cullface": "east"},
				"east": {"uv": [5, 12, 2, 10], "texture": "#texture", "cullface": "east"},
				"south": {"uv": [5, 12, 2, 10], "texture": "#texture", "cullface": "east"},
				"west": {"uv": [5, 12, 2, 10], "texture": "#texture", "cullface": "east"},
				"up": {"uv": [2, 12, 5, 10], "texture": "#texture", "cullface": "east"},
				"down": {"uv": [2, 10, 5, 12], "texture": "#texture", "cullface": "east"}
			}
		},
		{
			"from": [13.275, 11.95, 7.45],
			"to": [13.475, 12.125, 8.575],
			"rotation": {"angle": 0, "axis": "y", "origin": [-1, -0.25, 0]},
			"faces": {
				"north": {"uv": [5, 12, 2, 10], "texture": "#texture", "cullface": "east"},
				"east": {"uv": [5, 12, 2, 10], "texture": "#texture", "cullface": "east"},
				"south": {"uv": [5, 12, 2, 10], "texture": "#texture", "cullface": "east"},
				"west": {"uv": [5, 12, 2, 10], "texture": "#texture", "cullface": "east"},
				"up": {"uv": [2, 12, 5, 10], "texture": "#texture", "cullface": "east"},
				"down": {"uv": [2, 10, 5, 12], "texture": "#texture", "cullface": "east"}
			}
		},
		{
			"from": [12.875, 11.95, 7.45],
			"to": [13.075, 12.125, 8.575],
			"rotation": {"angle": 0, "axis": "y", "origin": [-1, -0.25, 0]},
			"faces": {
				"north": {"uv": [5, 12, 2, 10], "texture": "#texture", "cullface": "east"},
				"east": {"uv": [5, 12, 2, 10], "texture": "#texture", "cullface": "east"},
				"south": {"uv": [5, 12, 2, 10], "texture": "#texture", "cullface": "east"},
				"west": {"uv": [5, 12, 2, 10], "texture": "#texture", "cullface": "east"},
				"up": {"uv": [2, 12, 5, 10], "texture": "#texture", "cullface": "east"},
				"down": {"uv": [2, 10, 5, 12], "texture": "#texture", "cullface": "east"}
			}
		},
		{
			"from": [12.475, 11.95, 7.45],
			"to": [12.675, 12.125, 8.575],
			"rotation": {"angle": 0, "axis": "y", "origin": [-1, -0.25, 0]},
			"faces": {
				"north": {"uv": [5, 12, 2, 10], "texture": "#texture", "cullface": "east"},
				"east": {"uv": [5, 12, 2, 10], "texture": "#texture", "cullface": "east"},
				"south": {"uv": [5, 12, 2, 10], "texture": "#texture", "cullface": "east"},
				"west": {"uv": [5, 12, 2, 10], "texture": "#texture", "cullface": "east"},
				"up": {"uv": [2, 12, 5, 10], "texture": "#texture", "cullface": "east"},
				"down": {"uv": [2, 10, 5, 12], "texture": "#texture", "cullface": "east"}
			}
		},
		{
			"from": [12.075, 11.95, 7.45],
			"to": [12.275, 12.125, 8.575],
			"rotation": {"angle": 0, "axis": "y", "origin": [-1, -0.25, 0]},
			"faces": {
				"north": {"uv": [5, 12, 2, 10], "texture": "#texture", "cullface": "east"},
				"east": {"uv": [5, 12, 2, 10], "texture": "#texture", "cullface": "east"},
				"south": {"uv": [5, 12, 2, 10], "texture": "#texture", "cullface": "east"},
				"west": {"uv": [5, 12, 2, 10], "texture": "#texture", "cullface": "east"},
				"up": {"uv": [2, 12, 5, 10], "texture": "#texture", "cullface": "east"},
				"down": {"uv": [2, 10, 5, 12], "texture": "#texture", "cullface": "east"}
			}
		},
		{
			"from": [11.675, 11.95, 7.45],
			"to": [11.875, 12.125, 8.575],
			"rotation": {"angle": 0, "axis": "y", "origin": [-1, -0.25, 0]},
			"faces": {
				"north": {"uv": [5, 12, 2, 10], "texture": "#texture", "cullface": "east"},
				"east": {"uv": [5, 12, 2, 10], "texture": "#texture", "cullface": "east"},
				"south": {"uv": [5, 12, 2, 10], "texture": "#texture", "cullface": "east"},
				"west": {"uv": [5, 12, 2, 10], "texture": "#texture", "cullface": "east"},
				"up": {"uv": [2, 12, 5, 10], "texture": "#texture", "cullface": "east"},
				"down": {"uv": [2, 10, 5, 12], "texture": "#texture", "cullface": "east"}
			}
		},
		{
			"from": [11.275, 11.95, 7.45],
			"to": [11.475, 12.125, 8.575],
			"rotation": {"angle": 0, "axis": "y", "origin": [-1, -0.25, 0]},
			"faces": {
				"north": {"uv": [5, 12, 2, 10], "texture": "#texture", "cullface": "east"},
				"east": {"uv": [5, 12, 2, 10], "texture": "#texture", "cullface": "east"},
				"south": {"uv": [5, 12, 2, 10], "texture": "#texture", "cullface": "east"},
				"west": {"uv": [5, 12, 2, 10], "texture": "#texture", "cullface": "east"},
				"up": {"uv": [2, 12, 5, 10], "texture": "#texture", "cullface": "east"},
				"down": {"uv": [2, 10, 5, 12], "texture": "#texture", "cullface": "east"}
			}
		},
		{
			"from": [10.875, 11.95, 7.45],
			"to": [11.075, 12.125, 8.575],
			"rotation": {"angle": 0, "axis": "y", "origin": [-1, -0.25, 0]},
			"faces": {
				"north": {"uv": [5, 12, 2, 10], "texture": "#texture", "cullface": "east"},
				"east": {"uv": [5, 12, 2, 10], "texture": "#texture", "cullface": "east"},
				"south": {"uv": [5, 12, 2, 10], "texture": "#texture", "cullface": "east"},
				"west": {"uv": [5, 12, 2, 10], "texture": "#texture", "cullface": "east"},
				"up": {"uv": [2, 12, 5, 10], "texture": "#texture", "cullface": "east"},
				"down": {"uv": [2, 10, 5, 12], "texture": "#texture", "cullface": "east"}
			}
		},
		{
			"from": [16.675, 11.95, 7.45],
			"to": [17.775, 12.125, 8.575],
			"rotation": {"angle": 0, "axis": "y", "origin": [-1, -0.25, 0]},
			"faces": {
				"north": {"uv": [2, 13, 0, 12], "texture": "#texture", "cullface": "east"},
				"east": {"uv": [2, 13, 0, 12], "texture": "#texture", "cullface": "east"},
				"south": {"uv": [2, 13, 0, 12], "texture": "#texture", "cullface": "east"},
				"west": {"uv": [2, 13, 0, 12], "texture": "#texture", "cullface": "east"},
				"up": {"uv": [0, 13, 2, 12], "texture": "#texture", "cullface": "east"},
				"down": {"uv": [0, 12, 2, 13], "texture": "#texture", "cullface": "east"}
			}
		},
		{
			"from": [17.325, 12.125, 8.45],
			"to": [17.775, 12.4, 8.575],
			"rotation": {"angle": 0, "axis": "y", "origin": [-1, -0.25, 0]},
			"faces": {
				"north": {"uv": [2, 13, 0, 12], "texture": "#texture", "cullface": "east"},
				"east": {"uv": [2, 13, 0, 12], "texture": "#texture", "cullface": "east"},
				"south": {"uv": [2, 13, 0, 12], "texture": "#texture", "cullface": "east"},
				"west": {"uv": [2, 13, 0, 12], "texture": "#texture", "cullface": "east"},
				"up": {"uv": [0, 13, 2, 12], "texture": "#texture", "cullface": "east"},
				"down": {"uv": [0, 12, 2, 13], "texture": "#texture", "cullface": "east"}
			}
		},
		{
			"from": [16.675, 12.125, 7.45],
			"to": [17.325, 12.55, 7.575],
			"rotation": {"angle": 0, "axis": "y", "origin": [-1, -0.25, 0]},
			"faces": {
				"north": {"uv": [2, 13, 0, 12], "texture": "#texture", "cullface": "east"},
				"east": {"uv": [2, 13, 0, 12], "texture": "#texture", "cullface": "east"},
				"south": {"uv": [2, 13, 0, 12], "texture": "#texture", "cullface": "east"},
				"west": {"uv": [2, 13, 0, 12], "texture": "#texture", "cullface": "east"},
				"up": {"uv": [0, 13, 2, 12], "texture": "#texture", "cullface": "east"},
				"down": {"uv": [0, 12, 2, 13], "texture": "#texture", "cullface": "east"}
			}
		},
		{
			"from": [16.675, 12.125, 8.45],
			"to": [17.325, 12.55, 8.575],
			"rotation": {"angle": 0, "axis": "y", "origin": [-1, -0.25, 0]},
			"faces": {
				"north": {"uv": [2, 13, 0, 12], "texture": "#texture", "cullface": "east"},
				"east": {"uv": [2, 13, 0, 12], "texture": "#texture", "cullface": "east"},
				"south": {"uv": [2, 13, 0, 12], "texture": "#texture", "cullface": "east"},
				"west": {"uv": [2, 13, 0, 12], "texture": "#texture", "cullface": "east"},
				"up": {"uv": [0, 13, 2, 12], "texture": "#texture", "cullface": "east"},
				"down": {"uv": [0, 12, 2, 13], "texture": "#texture", "cullface": "east"}
			}
		},
		{
			"from": [17.2, 12.125, 7.825],
			"to": [17.325, 12.3, 8.2],
			"rotation": {"angle": 0, "axis": "y", "origin": [-1, -0.25, 0]},
			"faces": {
				"north": {"uv": [5, 12, 2, 10], "texture": "#texture", "cullface": "east"},
				"east": {"uv": [5, 12, 2, 10], "texture": "#texture", "cullface": "east"},
				"south": {"uv": [5, 12, 2, 10], "texture": "#texture", "cullface": "east"},
				"west": {"uv": [5, 12, 2, 10], "texture": "#texture", "cullface": "east"},
				"up": {"uv": [2, 12, 5, 10], "texture": "#texture", "cullface": "east"},
				"down": {"uv": [2, 10, 5, 12], "texture": "#texture", "cullface": "east"}
			}
		},
		{
			"from": [17.2, 12.55, 7.825],
			"to": [17.325, 12.7, 8.2],
			"rotation": {"angle": 0, "axis": "y", "origin": [-1, -0.25, 0]},
			"faces": {
				"north": {"uv": [5, 12, 2, 10], "texture": "#texture", "cullface": "east"},
				"east": {"uv": [5, 12, 2, 10], "texture": "#texture", "cullface": "east"},
				"south": {"uv": [5, 12, 2, 10], "texture": "#texture", "cullface": "east"},
				"west": {"uv": [5, 12, 2, 10], "texture": "#texture", "cullface": "east"},
				"up": {"uv": [2, 12, 5, 10], "texture": "#texture", "cullface": "east"},
				"down": {"uv": [2, 10, 5, 12], "texture": "#texture", "cullface": "east"}
			}
		},
		{
			"from": [17.2, 12.275, 8.15],
			"to": [17.325, 12.575, 8.3],
			"rotation": {"angle": 0, "axis": "y", "origin": [-1, -0.25, 0]},
			"faces": {
				"north": {"uv": [5, 12, 2, 10], "texture": "#texture", "cullface": "east"},
				"east": {"uv": [5, 12, 2, 10], "texture": "#texture", "cullface": "east"},
				"south": {"uv": [5, 12, 2, 10], "texture": "#texture", "cullface": "east"},
				"west": {"uv": [5, 12, 2, 10], "texture": "#texture", "cullface": "east"},
				"up": {"uv": [2, 12, 5, 10], "texture": "#texture", "cullface": "east"},
				"down": {"uv": [2, 10, 5, 12], "texture": "#texture", "cullface": "east"}
			}
		},
		{
			"from": [17.2, 12.275, 7.725],
			"to": [17.325, 12.575, 7.875],
			"rotation": {"angle": 0, "axis": "y", "origin": [-1, -0.25, 0]},
			"faces": {
				"north": {"uv": [5, 12, 2, 10], "texture": "#texture", "cullface": "east"},
				"east": {"uv": [5, 12, 2, 10], "texture": "#texture", "cullface": "east"},
				"south": {"uv": [5, 12, 2, 10], "texture": "#texture", "cullface": "east"},
				"west": {"uv": [5, 12, 2, 10], "texture": "#texture", "cullface": "east"},
				"up": {"uv": [2, 12, 5, 10], "texture": "#texture", "cullface": "east"},
				"down": {"uv": [2, 10, 5, 12], "texture": "#texture", "cullface": "east"}
			}
		},
		{
			"from": [17.325, 12.125, 7.45],
			"to": [17.775, 12.45, 7.575],
			"rotation": {"angle": 0, "axis": "y", "origin": [-1, -0.25, 0]},
			"faces": {
				"north": {"uv": [2, 13, 0, 12], "texture": "#texture", "cullface": "east"},
				"east": {"uv": [2, 13, 0, 12], "texture": "#texture", "cullface": "east"},
				"south": {"uv": [2, 13, 0, 12], "texture": "#texture", "cullface": "east"},
				"west": {"uv": [2, 13, 0, 12], "texture": "#texture", "cullface": "east"},
				"up": {"uv": [0, 13, 2, 12], "texture": "#texture", "cullface": "east"},
				"down": {"uv": [0, 12, 2, 13], "texture": "#texture", "cullface": "east"}
			}
		},
		{
			"from": [16.475, 11.95, 7.45],
			"to": [16.675, 12.125, 8.575],
			"rotation": {"angle": 0, "axis": "y", "origin": [-1, -0.25, 0]},
			"faces": {
				"north": {"uv": [5, 12, 2, 10], "texture": "#texture", "cullface": "east"},
				"east": {"uv": [5, 12, 2, 10], "texture": "#texture", "cullface": "east"},
				"south": {"uv": [5, 12, 2, 10], "texture": "#texture", "cullface": "east"},
				"west": {"uv": [5, 12, 2, 10], "texture": "#texture", "cullface": "east"},
				"up": {"uv": [2, 12, 5, 10], "texture": "#texture", "cullface": "east"},
				"down": {"uv": [2, 10, 5, 12], "texture": "#texture", "cullface": "east"}
			}
		},
		{
			"from": [16.075, 11.95, 7.45],
			"to": [16.275, 12.125, 8.575],
			"rotation": {"angle": 0, "axis": "y", "origin": [-1, -0.25, 0]},
			"faces": {
				"north": {"uv": [5, 12, 2, 10], "texture": "#texture", "cullface": "east"},
				"east": {"uv": [5, 12, 2, 10], "texture": "#texture", "cullface": "east"},
				"south": {"uv": [5, 12, 2, 10], "texture": "#texture", "cullface": "east"},
				"west": {"uv": [5, 12, 2, 10], "texture": "#texture", "cullface": "east"},
				"up": {"uv": [2, 12, 5, 10], "texture": "#texture", "cullface": "east"},
				"down": {"uv": [2, 10, 5, 12], "texture": "#texture", "cullface": "east"}
			}
		},
		{
			"from": [15.675, 11.95, 7.45],
			"to": [15.875, 12.125, 8.575],
			"rotation": {"angle": 0, "axis": "y", "origin": [-1, -0.25, 0]},
			"faces": {
				"north": {"uv": [5, 12, 2, 10], "texture": "#texture", "cullface": "east"},
				"east": {"uv": [5, 12, 2, 10], "texture": "#texture", "cullface": "east"},
				"south": {"uv": [5, 12, 2, 10], "texture": "#texture", "cullface": "east"},
				"west": {"uv": [5, 12, 2, 10], "texture": "#texture", "cullface": "east"},
				"up": {"uv": [2, 12, 5, 10], "texture": "#texture", "cullface": "east"},
				"down": {"uv": [2, 10, 5, 12], "texture": "#texture", "cullface": "east"}
			}
		},
		{
			"from": [15.275, 11.95, 7.45],
			"to": [15.475, 12.125, 8.575],
			"rotation": {"angle": 0, "axis": "y", "origin": [-1, -0.25, 0]},
			"faces": {
				"north": {"uv": [5, 12, 2, 10], "texture": "#texture", "cullface": "east"},
				"east": {"uv": [5, 12, 2, 10], "texture": "#texture", "cullface": "east"},
				"south": {"uv": [5, 12, 2, 10], "texture": "#texture", "cullface": "east"},
				"west": {"uv": [5, 12, 2, 10], "texture": "#texture", "cullface": "east"},
				"up": {"uv": [2, 12, 5, 10], "texture": "#texture", "cullface": "east"},
				"down": {"uv": [2, 10, 5, 12], "texture": "#texture", "cullface": "east"}
			}
		},
		{
			"from": [14.875, 11.95, 7.45],
			"to": [15.075, 12.125, 8.575],
			"rotation": {"angle": 0, "axis": "y", "origin": [-1, -0.25, 0]},
			"faces": {
				"north": {"uv": [5, 12, 2, 10], "texture": "#texture", "cullface": "east"},
				"east": {"uv": [5, 12, 2, 10], "texture": "#texture", "cullface": "east"},
				"south": {"uv": [5, 12, 2, 10], "texture": "#texture", "cullface": "east"},
				"west": {"uv": [5, 12, 2, 10], "texture": "#texture", "cullface": "east"},
				"up": {"uv": [2, 12, 5, 10], "texture": "#texture", "cullface": "east"},
				"down": {"uv": [2, 10, 5, 12], "texture": "#texture", "cullface": "east"}
			}
		},
		{
			"from": [14.475, 11.95, 7.45],
			"to": [14.675, 12.125, 8.575],
			"rotation": {"angle": 0, "axis": "y", "origin": [-1, -0.25, 0]},
			"faces": {
				"north": {"uv": [5, 12, 2, 10], "texture": "#texture", "cullface": "east"},
				"east": {"uv": [5, 12, 2, 10], "texture": "#texture", "cullface": "east"},
				"south": {"uv": [5, 12, 2, 10], "texture": "#texture", "cullface": "east"},
				"west": {"uv": [5, 12, 2, 10], "texture": "#texture", "cullface": "east"},
				"up": {"uv": [2, 12, 5, 10], "texture": "#texture", "cullface": "east"},
				"down": {"uv": [2, 10, 5, 12], "texture": "#texture", "cullface": "east"}
			}
		},
		{
			"from": [14.075, 11.95, 7.45],
			"to": [14.275, 12.125, 8.575],
			"rotation": {"angle": 0, "axis": "y", "origin": [-1, -0.25, 0]},
			"faces": {
				"north": {"uv": [5, 12, 2, 10], "texture": "#texture", "cullface": "east"},
				"east": {"uv": [5, 12, 2, 10], "texture": "#texture", "cullface": "east"},
				"south": {"uv": [5, 12, 2, 10], "texture": "#texture", "cullface": "east"},
				"west": {"uv": [5, 12, 2, 10], "texture": "#texture", "cullface": "east"},
				"up": {"uv": [2, 12, 5, 10], "texture": "#texture", "cullface": "east"},
				"down": {"uv": [2, 10, 5, 12], "texture": "#texture", "cullface": "east"}
			}
		},
		{
			"from": [10.475, 11.95, 7.45],
			"to": [10.675, 12.125, 8.575],
			"rotation": {"angle": 0, "axis": "y", "origin": [-1, -0.25, 0]},
			"faces": {
				"north": {"uv": [5, 12, 2, 10], "texture": "#texture", "cullface": "east"},
				"east": {"uv": [5, 12, 2, 10], "texture": "#texture", "cullface": "east"},
				"south": {"uv": [5, 12, 2, 10], "texture": "#texture", "cullface": "east"},
				"west": {"uv": [5, 12, 2, 10], "texture": "#texture", "cullface": "east"},
				"up": {"uv": [2, 12, 5, 10], "texture": "#texture", "cullface": "east"},
				"down": {"uv": [2, 10, 5, 12], "texture": "#texture", "cullface": "east"}
			}
		},
		{
			"from": [10.075, 11.95, 7.45],
			"to": [10.275, 12.125, 8.575],
			"rotation": {"angle": 0, "axis": "y", "origin": [-1, -0.25, 0]},
			"faces": {
				"north": {"uv": [5, 12, 2, 10], "texture": "#texture", "cullface": "east"},
				"east": {"uv": [5, 12, 2, 10], "texture": "#texture", "cullface": "east"},
				"south": {"uv": [5, 12, 2, 10], "texture": "#texture", "cullface": "east"},
				"west": {"uv": [5, 12, 2, 10], "texture": "#texture", "cullface": "east"},
				"up": {"uv": [2, 12, 5, 10], "texture": "#texture", "cullface": "east"},
				"down": {"uv": [2, 10, 5, 12], "texture": "#texture", "cullface": "east"}
			}
		},
		{
			"from": [9.675, 11.95, 7.45],
			"to": [9.875, 12.125, 8.575],
			"rotation": {"angle": 0, "axis": "y", "origin": [-1, -0.25, 0]},
			"faces": {
				"north": {"uv": [5, 12, 2, 10], "texture": "#texture", "cullface": "east"},
				"east": {"uv": [5, 12, 2, 10], "texture": "#texture", "cullface": "east"},
				"south": {"uv": [5, 12, 2, 10], "texture": "#texture", "cullface": "east"},
				"west": {"uv": [5, 12, 2, 10], "texture": "#texture", "cullface": "east"},
				"up": {"uv": [2, 12, 5, 10], "texture": "#texture", "cullface": "east"},
				"down": {"uv": [2, 10, 5, 12], "texture": "#texture", "cullface": "east"}
			}
		},
		{
			"from": [9.275, 11.95, 7.45],
			"to": [9.475, 12.125, 8.575],
			"rotation": {"angle": 0, "axis": "y", "origin": [-1, -0.25, 0]},
			"faces": {
				"north": {"uv": [5, 12, 2, 10], "texture": "#texture", "cullface": "east"},
				"east": {"uv": [5, 12, 2, 10], "texture": "#texture", "cullface": "east"},
				"south": {"uv": [5, 12, 2, 10], "texture": "#texture", "cullface": "east"},
				"west": {"uv": [5, 12, 2, 10], "texture": "#texture", "cullface": "east"},
				"up": {"uv": [2, 12, 5, 10], "texture": "#texture", "cullface": "east"},
				"down": {"uv": [2, 10, 5, 12], "texture": "#texture", "cullface": "east"}
			}
		},
		{
			"from": [8.875, 11.95, 7.45],
			"to": [9.075, 12.125, 8.575],
			"rotation": {"angle": 0, "axis": "y", "origin": [-1, -0.25, 0]},
			"faces": {
				"north": {"uv": [5, 12, 2, 10], "texture": "#texture", "cullface": "east"},
				"east": {"uv": [5, 12, 2, 10], "texture": "#texture", "cullface": "east"},
				"south": {"uv": [5, 12, 2, 10], "texture": "#texture", "cullface": "east"},
				"west": {"uv": [5, 12, 2, 10], "texture": "#texture", "cullface": "east"},
				"up": {"uv": [2, 12, 5, 10], "texture": "#texture", "cullface": "east"},
				"down": {"uv": [2, 10, 5, 12], "texture": "#texture", "cullface": "east"}
			}
		},
		{
			"from": [8.475, 11.95, 7.45],
			"to": [8.675, 12.125, 8.575],
			"rotation": {"angle": 0, "axis": "y", "origin": [-1, -0.25, 0]},
			"faces": {
				"north": {"uv": [5, 12, 2, 10], "texture": "#texture", "cullface": "east"},
				"east": {"uv": [5, 12, 2, 10], "texture": "#texture", "cullface": "east"},
				"south": {"uv": [5, 12, 2, 10], "texture": "#texture", "cullface": "east"},
				"west": {"uv": [5, 12, 2, 10], "texture": "#texture", "cullface": "east"},
				"up": {"uv": [2, 12, 5, 10], "texture": "#texture", "cullface": "east"},
				"down": {"uv": [2, 10, 5, 12], "texture": "#texture", "cullface": "east"}
			}
		},
		{
			"from": [8.075, 11.95, 7.45],
			"to": [8.275, 12.125, 8.575],
			"rotation": {"angle": 0, "axis": "y", "origin": [-1, -0.25, 0]},
			"faces": {
				"north": {"uv": [5, 12, 2, 10], "texture": "#texture", "cullface": "east"},
				"east": {"uv": [5, 12, 2, 10], "texture": "#texture", "cullface": "east"},
				"south": {"uv": [5, 12, 2, 10], "texture": "#texture", "cullface": "east"},
				"west": {"uv": [5, 12, 2, 10], "texture": "#texture", "cullface": "east"},
				"up": {"uv": [2, 12, 5, 10], "texture": "#texture", "cullface": "east"},
				"down": {"uv": [2, 10, 5, 12], "texture": "#texture", "cullface": "east"}
			}
		},
		{
			"from": [6.025, 12.2, 7.6],
			"to": [6.475, 12.7, 7.75],
			"rotation": {"angle": 0, "axis": "y", "origin": [-1, -0.25, 0]},
			"faces": {
				"north": {"uv": [5, 12, 2, 10], "texture": "#texture", "cullface": "east"},
				"east": {"uv": [5, 12, 2, 10], "texture": "#texture", "cullface": "east"},
				"south": {"uv": [5, 12, 2, 10], "texture": "#texture", "cullface": "east"},
				"west": {"uv": [5, 12, 2, 10], "texture": "#texture", "cullface": "east"},
				"up": {"uv": [2, 12, 5, 10], "texture": "#texture", "cullface": "east"},
				"down": {"uv": [2, 10, 5, 12], "texture": "#texture", "cullface": "east"}
			}
		},
		{
			"from": [6.025, 12.2, 8.275],
			"to": [6.475, 12.7, 8.425],
			"rotation": {"angle": 0, "axis": "y", "origin": [-1, -0.25, 0]},
			"faces": {
				"north": {"uv": [5, 12, 2, 10], "texture": "#texture", "cullface": "east"},
				"east": {"uv": [5, 12, 2, 10], "texture": "#texture", "cullface": "east"},
				"south": {"uv": [5, 12, 2, 10], "texture": "#texture", "cullface": "east"},
				"west": {"uv": [5, 12, 2, 10], "texture": "#texture", "cullface": "east"},
				"up": {"uv": [2, 12, 5, 10], "texture": "#texture", "cullface": "east"},
				"down": {"uv": [2, 10, 5, 12], "texture": "#texture", "cullface": "east"}
			}
		},
		{
			"from": [0.75, 12.75, 7.45],
			"to": [1.25, 14.1, 8.575],
			"rotation": {"angle": -22.5, "axis": "z", "origin": [-2, -0.25, 0]},
			"faces": {
				"north": {"uv": [3, 12, 2, 11], "texture": "#texture", "cullface": "east"},
				"east": {"uv": [3, 12, 2, 11], "texture": "#texture", "cullface": "east"},
				"south": {"uv": [3, 12, 2, 11], "texture": "#texture", "cullface": "east"},
				"west": {"uv": [3, 12, 2, 11], "texture": "#texture", "cullface": "east"},
				"up": {"uv": [2, 12, 3, 11], "texture": "#texture", "cullface": "east"},
				"down": {"uv": [2, 11, 3, 12], "texture": "#texture", "cullface": "east"}
			}
		},
		{
			"from": [5, 10.5, 7.45],
			"to": [5.75, 11.1, 8.575],
			"rotation": {"angle": 0, "axis": "y", "origin": [-1.5, 0, 0]},
			"faces": {
				"north": {"uv": [3, 12, 2, 11], "texture": "#texture", "cullface": "east"},
				"east": {"uv": [3, 12, 2, 11], "texture": "#texture", "cullface": "east"},
				"south": {"uv": [3, 12, 2, 11], "texture": "#texture", "cullface": "east"},
				"west": {"uv": [3, 12, 2, 11], "texture": "#texture", "cullface": "east"},
				"up": {"uv": [2, 12, 3, 11], "texture": "#texture", "cullface": "east"},
				"down": {"uv": [2, 11, 3, 12], "texture": "#texture", "cullface": "east"}
			}
		},
		{
			"from": [2.1, 8.25, 7.45],
			"to": [10.6, 8.8, 8.575],
			"rotation": {"angle": 0, "axis": "y", "origin": [-1.5, 0, 0]},
			"faces": {
				"north": {"uv": [16, 12, 15, 11], "texture": "#texture", "cullface": "east"},
				"east": {"uv": [16, 12, 15, 11], "texture": "#texture", "cullface": "east"},
				"south": {"uv": [16, 12, 15, 11], "texture": "#texture", "cullface": "east"},
				"west": {"uv": [16, 12, 15, 11], "texture": "#texture", "cullface": "east"},
				"up": {"uv": [15, 12, 16, 11], "texture": "#texture", "cullface": "east"},
				"down": {"uv": [15, 11, 16, 12], "texture": "#texture", "cullface": "east"}
			}
		},
		{
			"from": [2.75, 10.9, 7.45],
			"to": [5, 11.1, 8.575],
			"rotation": {"angle": 0, "axis": "y", "origin": [-1.5, 0, 0]},
			"faces": {
				"north": {"uv": [3, 12, 2, 11], "texture": "#texture", "cullface": "east"},
				"east": {"uv": [2, 12, 3, 11], "texture": "#texture", "cullface": "east"},
				"south": {"uv": [3, 12, 2, 11], "texture": "#texture", "cullface": "east"},
				"west": {"uv": [2, 12, 3, 11], "texture": "#texture", "cullface": "east"},
				"up": {"uv": [3, 12, 2, 11], "texture": "#texture", "cullface": "east"},
				"down": {"uv": [2, 11, 3, 12], "texture": "#texture", "cullface": "east"}
			}
		},
		{
			"from": [2.75, 10.5, 7.45],
			"to": [3, 10.9, 8.575],
			"rotation": {"angle": 0, "axis": "y", "origin": [-1.5, 0, 0]},
			"faces": {
				"north": {"uv": [3, 12, 2, 11], "texture": "#texture", "cullface": "east"},
				"east": {"uv": [2, 12, 3, 11], "texture": "#texture", "cullface": "east"},
				"south": {"uv": [3, 12, 2, 11], "texture": "#texture", "cullface": "east"},
				"west": {"uv": [2, 12, 3, 11], "texture": "#texture", "cullface": "east"},
				"up": {"uv": [3, 12, 2, 11], "texture": "#texture", "cullface": "east"},
				"down": {"uv": [2, 11, 3, 12], "texture": "#texture", "cullface": "east"}
			}
		},
		{
			"from": [3.75, 10.5, 7.45],
			"to": [4, 10.9, 8.575],
			"rotation": {"angle": 0, "axis": "y", "origin": [-1.5, 0, 0]},
			"faces": {
				"north": {"uv": [3, 12, 2, 11], "texture": "#texture", "cullface": "east"},
				"east": {"uv": [2, 12, 3, 11], "texture": "#texture", "cullface": "east"},
				"south": {"uv": [3, 12, 2, 11], "texture": "#texture", "cullface": "east"},
				"west": {"uv": [2, 12, 3, 11], "texture": "#texture", "cullface": "east"},
				"up": {"uv": [3, 12, 2, 11], "texture": "#texture", "cullface": "east"},
				"down": {"uv": [2, 11, 3, 12], "texture": "#texture", "cullface": "east"}
			}
		},
		{
			"from": [4.75, 10.5, 7.45],
			"to": [5, 10.9, 8.575],
			"rotation": {"angle": 0, "axis": "y", "origin": [-1.5, 0, 0]},
			"faces": {
				"north": {"uv": [3, 12, 2, 11], "texture": "#texture", "cullface": "east"},
				"east": {"uv": [2, 12, 3, 11], "texture": "#texture", "cullface": "east"},
				"south": {"uv": [3, 12, 2, 11], "texture": "#texture", "cullface": "east"},
				"west": {"uv": [2, 12, 3, 11], "texture": "#texture", "cullface": "east"},
				"up": {"uv": [3, 12, 2, 11], "texture": "#texture", "cullface": "east"},
				"down": {"uv": [2, 11, 3, 12], "texture": "#texture", "cullface": "east"}
			}
		},
		{
			"from": [2.975, 10.5, 7.7],
			"to": [5.05, 10.925, 8.325],
			"rotation": {"angle": 0, "axis": "y", "origin": [-1.5, 0, 0]},
			"faces": {
				"north": {"uv": [15.1, 11, 16, 11.85], "texture": "#texture", "cullface": "east"},
				"east": {"uv": [16, 11, 15.2, 11.85], "texture": "#texture", "cullface": "east"},
				"south": {"uv": [15.2, 11, 16, 11.75], "texture": "#texture", "cullface": "east"},
				"west": {"uv": [16, 11, 15.2, 11.85], "texture": "#texture", "cullface": "east"},
				"up": {"uv": [15.2, 11, 16, 11.8], "texture": "#texture", "cullface": "east"},
				"down": {"uv": [16, 11.7, 15.2, 11], "texture": "#texture", "cullface": "east"}
			}
		}
	],
	"gui_light": "front",
	"display": {
		"thirdperson_righthand": {
			"rotation": [0, -90, 0],
			"translation": [0, -0.25, -5.5],
			"scale": [0.86, 0.86, 0.86]
		},
		"thirdperson_lefthand": {
			"rotation": [0, 90, 0],
			"translation": [0, -0.25, -5.5],
			"scale": [0.86, 0.86, 0.86]
		},
		"firstperson_righthand": {
			"rotation": [0, -90, 0],
			"translation": [0, 1.25, -7],
			"scale": [1.02, 1.02, 1.02]
		},
		"firstperson_lefthand": {
			"rotation": [0, 90, 0],
			"translation": [0, 1.25, -7],
			"scale": [1.02, 1.02, 1.02]
		},
		"ground": {
			"translation": [-4.5, 2.5, 0],
			"scale": [0.95, 0.95, 0.95]
		},
		"gui": {
			"rotation": [0, 0, -45],
			"translation": [-3, 2.5, 0],
			"scale": [0.7, 0.7, 1]
		},
		"head": {
			"translation": [-4.5, 0, 0]
		},
		"fixed": {
			"rotation": [0, 180, -45],
			"translation": [4.25, 3.6, -1.1],
			"scale": [1.02, 1.02, 1.02]
		}
	}
}