{
	"credit": "Made by SrDarmith - YouTube: Mainclay",
	"textures": {
		"texture": "itemm/hardened_clay_stained_cyan",
		"particle": "itemm/anvil_1",
		"glass black": "itemm/anvil_1"
	},
	"elements": [
		{
			"from": [-9.5, 10.25, 7.75],
			"to": [-5.5, 10.5, 8.25],
			"faces": {
				"north": {"uv": [16, 6, 15, 6.25], "texture": "#glass black", "cullface": "west"},
				"south": {"uv": [0, 6, 1, 6.25], "texture": "#glass black", "cullface": "west"},
				"west": {"uv": [7.75, 6, 8.25, 6.25], "texture": "#glass black", "cullface": "west"},
				"up": {"uv": [0, 7.75, 1, 8.25], "texture": "#glass black", "cullface": "west"},
				"down": {"uv": [16, 8.25, 15, 7.75], "texture": "#glass black", "cullface": "west"}
			}
		},
		{
			"from": [-10.75, 9.65, 8.25],
			"to": [-9, 10.35, 8.6],
			"faces": {
				"north": {"uv": [16, 6.25, 15, 6.75], "texture": "#glass black", "cullface": "west"},
				"east": {"uv": [4, 6, 5, 7], "texture": "#glass black"},
				"south": {"uv": [0, 6.25, 1, 6.75], "texture": "#glass black", "cullface": "west"},
				"west": {"uv": [8.25, 6.25, 8.5, 6.75], "texture": "#glass black", "cullface": "west"},
				"up": {"uv": [0, 8.25, 1, 8.5], "texture": "#glass black", "cullface": "west"},
				"down": {"uv": [16, 8.5, 15, 8.25], "texture": "#glass black", "cullface": "west"}
			}
		},
		{
			"from": [-10.75, 9.4, 7.65],
			"to": [-9, 9.75, 8.35],
			"faces": {
				"north": {"uv": [16, 6.75, 15, 7], "texture": "#glass black", "cullface": "west"},
				"east": {"uv": [4, 6, 5, 7], "texture": "#glass black"},
				"south": {"uv": [0, 6.75, 1, 7], "texture": "#glass black", "cullface": "west"},
				"west": {"uv": [7.75, 6.75, 8.25, 7], "texture": "#glass black", "cullface": "west"},
				"up": {"uv": [0, 7.75, 1, 8.25], "texture": "#glass black", "cullface": "west"},
				"down": {"uv": [16, 8.25, 15, 7.75], "texture": "#glass black", "cullface": "west"}
			}
		},
		{
			"from": [-10.75, 9.65, 7.4],
			"to": [-9, 10.35, 7.75],
			"faces": {
				"north": {"uv": [16, 6.25, 15, 6.75], "texture": "#glass black", "cullface": "west"},
				"east": {"uv": [4, 6, 5, 7], "texture": "#glass black"},
				"south": {"uv": [0, 6.25, 1, 6.75], "texture": "#glass black", "cullface": "west"},
				"west": {"uv": [7.5, 6.25, 7.75, 6.75], "texture": "#glass black", "cullface": "west"},
				"up": {"uv": [0, 7.5, 1, 7.75], "texture": "#glass black", "cullface": "west"},
				"down": {"uv": [16, 7.75, 15, 7.5], "texture": "#glass black", "cullface": "west"}
			}
		},
		{
			"from": [-10.75, 10.225, 7.65],
			"to": [-9, 10.6, 8.35],
			"faces": {
				"north": {"uv": [16, 6, 15, 6.25], "texture": "#glass black", "cullface": "west"},
				"east": {"uv": [4, 6, 5, 7], "texture": "#glass black"},
				"south": {"uv": [0, 6, 1, 6.25], "texture": "#glass black", "cullface": "west"},
				"west": {"uv": [7.75, 6, 8.25, 6.25], "texture": "#glass black", "cullface": "west"},
				"up": {"uv": [0, 7.75, 1, 8.25], "texture": "#glass black", "cullface": "west"},
				"down": {"uv": [16, 8.25, 15, 7.75], "texture": "#glass black", "cullface": "west"}
			}
		},
		{
			"from": [-9.5, 9.75, 7.5],
			"to": [-5.5, 10.25, 7.75],
			"faces": {
				"north": {"uv": [16, 6.25, 15, 6.75], "texture": "#glass black", "cullface": "west"},
				"south": {"uv": [0, 6.25, 1, 6.75], "texture": "#glass black", "cullface": "west"},
				"west": {"uv": [7.5, 6.25, 7.75, 6.75], "texture": "#glass black", "cullface": "west"},
				"up": {"uv": [0, 7.5, 1, 7.75], "texture": "#glass black", "cullface": "west"},
				"down": {"uv": [16, 7.75, 15, 7.5], "texture": "#glass black", "cullface": "west"}
			}
		},
		{
			"from": [-9.5, 9.5, 7.75],
			"to": [-5.5, 9.75, 8.25],
			"faces": {
				"north": {"uv": [16, 6.75, 15, 7], "texture": "#glass black", "cullface": "west"},
				"south": {"uv": [0, 6.75, 1, 7], "texture": "#glass black", "cullface": "west"},
				"west": {"uv": [7.75, 6.75, 8.25, 7], "texture": "#glass black", "cullface": "west"},
				"up": {"uv": [0, 7.75, 1, 8.25], "texture": "#glass black", "cullface": "west"},
				"down": {"uv": [16, 8.25, 15, 7.75], "texture": "#glass black", "cullface": "west"}
			}
		},
		{
			"from": [-9.5, 9.75, 8.25],
			"to": [-5.5, 10.25, 8.5],
			"faces": {
				"north": {"uv": [16, 6.25, 15, 6.75], "texture": "#glass black", "cullface": "west"},
				"south": {"uv": [0, 6.25, 1, 6.75], "texture": "#glass black", "cullface": "west"},
				"west": {"uv": [8.25, 6.25, 8.5, 6.75], "texture": "#glass black", "cullface": "west"},
				"up": {"uv": [0, 8.25, 1, 8.5], "texture": "#glass black", "cullface": "west"},
				"down": {"uv": [16, 8.5, 15, 8.25], "texture": "#glass black", "cullface": "west"}
			}
		},
		{
			"from": [-1.5, 6, 7.25],
			"to": [3.25, 6.25, 8.75],
			"faces": {
				"north": {"uv": [8.5, 6, 15.5, 7], "texture": "#glass black"},
				"east": {"uv": [7.5, 6, 8.5, 7], "texture": "#glass black"},
				"south": {"uv": [0.5, 6, 7.5, 7], "texture": "#glass black"},
				"west": {"uv": [1, 6, 2, 7], "texture": "#glass black"},
				"up": {"uv": [0.5, 7.5, 7.5, 8.5], "texture": "#glass black"},
				"down": {"uv": [15.5, 8.5, 8.5, 7.5], "texture": "#glass black"}
			}
		},
		{
			"from": [-3.25, 6.25, 7.25],
			"to": [3.25, 6.5, 8.75],
			"faces": {
				"north": {"uv": [8.5, 6, 15.5, 7], "texture": "#glass black"},
				"east": {"uv": [7.5, 6, 8.5, 7], "texture": "#glass black"},
				"south": {"uv": [0.5, 6, 7.5, 7], "texture": "#glass black"},
				"west": {"uv": [1, 6, 2, 7], "texture": "#glass black"},
				"up": {"uv": [0.5, 7.5, 7.5, 8.5], "texture": "#glass black"},
				"down": {"uv": [15.5, 8.5, 8.5, 7.5], "texture": "#glass black"}
			}
		},
		{
			"from": [-4, 6.5, 7],
			"to": [3, 6.75, 9],
			"faces": {
				"north": {"uv": [8.5, 6, 15.5, 7], "texture": "#glass black"},
				"east": {"uv": [7.5, 6, 8.5, 7], "texture": "#glass black"},
				"south": {"uv": [0.5, 6, 7.5, 7], "texture": "#glass black"},
				"west": {"uv": [1, 6, 2, 7], "texture": "#glass black"},
				"up": {"uv": [0.5, 7.5, 7.5, 8.5], "texture": "#glass black"},
				"down": {"uv": [15.5, 8.5, 8.5, 7.5], "texture": "#glass black"}
			}
		},
		{
			"from": [-4.5, 6.75, 7],
			"to": [3, 7, 9],
			"faces": {
				"north": {"uv": [8.5, 6, 15.5, 7], "texture": "#glass black"},
				"east": {"uv": [7.5, 6, 8.5, 7], "texture": "#glass black"},
				"south": {"uv": [0.5, 6, 7.5, 7], "texture": "#glass black"},
				"west": {"uv": [1, 6, 2, 7], "texture": "#glass black"},
				"up": {"uv": [0.5, 7.5, 7.5, 8.5], "texture": "#glass black"},
				"down": {"uv": [15.5, 8.5, 8.5, 7.5], "texture": "#glass black"}
			}
		},
		{
			"from": [-4.75, 7, 7],
			"to": [3, 7.25, 9],
			"faces": {
				"north": {"uv": [8.5, 6, 15.5, 7], "texture": "#glass black"},
				"east": {"uv": [7.5, 6, 8.5, 7], "texture": "#glass black"},
				"south": {"uv": [0.5, 6, 7.5, 7], "texture": "#glass black"},
				"west": {"uv": [1, 6, 2, 7], "texture": "#glass black"},
				"up": {"uv": [0.5, 7.5, 7.5, 8.5], "texture": "#glass black"},
				"down": {"uv": [15.5, 8.5, 8.5, 7.5], "texture": "#glass black"}
			}
		},
		{
			"from": [-5, 7.25, 6.75],
			"to": [3, 7.75, 9.25],
			"faces": {
				"north": {"uv": [8.5, 6, 15.5, 7], "texture": "#glass black"},
				"east": {"uv": [7.5, 6, 8.5, 7], "texture": "#glass black"},
				"south": {"uv": [0.5, 6, 7.5, 7], "texture": "#glass black"},
				"west": {"uv": [1, 6, 2, 7], "texture": "#glass black"},
				"up": {"uv": [0.5, 7.5, 7.5, 8.5], "texture": "#glass black"},
				"down": {"uv": [15.5, 8.5, 8.5, 7.5], "texture": "#glass black"}
			}
		},
		{
			"from": [-5.25, 7.75, 7.25],
			"to": [3, 8.5, 8.75],
			"faces": {
				"north": {"uv": [8.5, 6, 15.5, 7], "texture": "#glass black"},
				"east": {"uv": [7.5, 6, 8.5, 7], "texture": "#glass black"},
				"south": {"uv": [0.5, 6, 7.5, 7], "texture": "#glass black"},
				"west": {"uv": [1, 6, 2, 7], "texture": "#glass black"},
				"up": {"uv": [0.5, 7.5, 7.5, 8.5], "texture": "#glass black"},
				"down": {"uv": [15.5, 8.5, 8.5, 7.5], "texture": "#glass black"}
			}
		},
		{
			"from": [-5, 7.75, 6.75],
			"to": [3, 8.5, 9.25],
			"faces": {
				"north": {"uv": [8.5, 6, 15.5, 7], "texture": "#glass black"},
				"east": {"uv": [7.5, 6, 8.5, 7], "texture": "#glass black"},
				"south": {"uv": [0.5, 6, 7.5, 7], "texture": "#glass black"},
				"west": {"uv": [1, 6, 2, 7], "texture": "#glass black"},
				"up": {"uv": [0.5, 7.5, 7.5, 8.5], "texture": "#glass black"},
				"down": {"uv": [15.5, 8.5, 8.5, 7.5], "texture": "#glass black"}
			}
		},
		{
			"from": [-5, 8.5, 6.75],
			"to": [0.25, 8.75, 9.25],
			"faces": {
				"north": {"uv": [8.5, 6, 15.5, 7], "texture": "#glass black"},
				"east": {"uv": [7.5, 6, 8.5, 7], "texture": "#glass black"},
				"south": {"uv": [0.5, 6, 7.5, 7], "texture": "#glass black"},
				"west": {"uv": [1, 6, 2, 7], "texture": "#glass black"},
				"up": {"uv": [0.5, 7.5, 7.5, 8.5], "texture": "#glass black"},
				"down": {"uv": [15.5, 8.5, 8.5, 7.5], "texture": "#glass black"}
			}
		},
		{
			"from": [-5, 8.75, 6.75],
			"to": [-2.875, 9, 9.25],
			"faces": {
				"north": {"uv": [8.5, 6, 15.5, 7], "texture": "#glass black"},
				"east": {"uv": [7.5, 6, 8.5, 7], "texture": "#glass black"},
				"south": {"uv": [0.5, 6, 7.5, 7], "texture": "#glass black"},
				"west": {"uv": [1, 6, 2, 7], "texture": "#glass black"},
				"up": {"uv": [0.5, 7.5, 7.5, 8.5], "texture": "#glass black"},
				"down": {"uv": [15.5, 8.5, 8.5, 7.5], "texture": "#glass black"}
			}
		},
		{
			"from": [-5.5, 8.5, 7.25],
			"to": [-4.75, 9.25, 8.75],
			"faces": {
				"north": {"uv": [8.5, 6, 15.5, 7], "texture": "#glass black"},
				"east": {"uv": [7.5, 6, 8.5, 7], "texture": "#glass black"},
				"south": {"uv": [0.5, 6, 7.5, 7], "texture": "#glass black"},
				"west": {"uv": [1, 6, 2, 7], "texture": "#glass black"},
				"up": {"uv": [0.5, 7.5, 7.5, 8.5], "texture": "#glass black"},
				"down": {"uv": [15.5, 8.5, 8.5, 7.5], "texture": "#glass black"}
			}
		},
		{
			"from": [-5.75, 9.25, 7.25],
			"to": [-4.75, 10.75, 8.75],
			"faces": {
				"north": {"uv": [8.5, 6, 15.5, 7], "texture": "#glass black"},
				"east": {"uv": [7.5, 6, 8.5, 7], "texture": "#glass black"},
				"south": {"uv": [0.5, 6, 7.5, 7], "texture": "#glass black"},
				"west": {"uv": [1, 6, 2, 7], "texture": "#glass black"},
				"up": {"uv": [0.5, 7.5, 7.5, 8.5], "texture": "#glass black"},
				"down": {"uv": [15.5, 8.5, 8.5, 7.5], "texture": "#glass black"}
			}
		},
		{
			"from": [-5, 8.5, 7],
			"to": [-4.75, 10.75, 9],
			"faces": {
				"north": {"uv": [8.5, 6, 15.5, 7], "texture": "#glass black"},
				"east": {"uv": [7.5, 6, 8.5, 7], "texture": "#glass black"},
				"south": {"uv": [0.5, 6, 7.5, 7], "texture": "#glass black"},
				"west": {"uv": [1, 6, 2, 7], "texture": "#glass black"},
				"up": {"uv": [0.5, 7.5, 7.5, 8.5], "texture": "#glass black"},
				"down": {"uv": [15.5, 8.5, 8.5, 7.5], "texture": "#glass black"}
			}
		},
		{
			"from": [-4.85, 9.25, 6.85],
			"to": [9, 11, 9.15],
			"faces": {
				"north": {"uv": [8.5, 6, 15.5, 7], "texture": "#glass black"},
				"east": {"uv": [7.5, 6, 8.5, 7], "texture": "#glass black"},
				"south": {"uv": [0.5, 6, 7.5, 7], "texture": "#glass black"},
				"west": {"uv": [1, 6, 2, 7], "texture": "#glass black"},
				"up": {"uv": [0.5, 7.5, 7.5, 8.5], "texture": "#glass black"},
				"down": {"uv": [15.5, 8.5, 8.5, 7.5], "texture": "#glass black"}
			}
		},
		{
			"from": [3, 7.5, 7.25],
			"to": [3.25, 8, 8.75],
			"faces": {
				"north": {"uv": [13, 9.25, 14.25, 9.75], "texture": "#glass black"},
				"east": {"uv": [7.25, 9.25, 8.75, 9.75], "texture": "#glass black"},
				"south": {"uv": [1.75, 9.25, 3, 9.75], "texture": "#glass black"},
				"west": {"uv": [7.25, 9.25, 8.75, 9.75], "texture": "#glass black"},
				"up": {"uv": [1.75, 7.25, 3, 8.75], "texture": "#glass black"},
				"down": {"uv": [0, 0, 0, 0], "texture": "#glass black"}
			}
		},
		{
			"from": [3.25, 6.25, 7.25],
			"to": [3.5, 6.5, 8.75],
			"faces": {
				"north": {"uv": [13, 9.25, 14.25, 9.75], "texture": "#glass black"},
				"east": {"uv": [7.25, 9.25, 8.75, 9.75], "texture": "#glass black"},
				"south": {"uv": [1.75, 9.25, 3, 9.75], "texture": "#glass black"},
				"west": {"uv": [7.25, 9.25, 8.75, 9.75], "texture": "#glass black"},
				"up": {"uv": [1.75, 7.25, 3, 8.75], "texture": "#glass black"}
			}
		},
		{
			"from": [3.25, 7.75, 7.25],
			"to": [3.5, 8, 8.75],
			"faces": {
				"north": {"uv": [13, 9.25, 14.25, 9.75], "texture": "#glass black"},
				"east": {"uv": [7.25, 9.25, 8.75, 9.75], "texture": "#glass black"},
				"south": {"uv": [1.75, 9.25, 3, 9.75], "texture": "#glass black"},
				"west": {"uv": [7.25, 9.25, 8.75, 9.75], "texture": "#glass black"},
				"up": {"uv": [1.75, 7.25, 3, 8.75], "texture": "#glass black"},
				"down": {"uv": [0, 0, 0, 0], "texture": "#glass black"}
			}
		},
		{
			"from": [8, 7.75, 7.25],
			"to": [8.25, 8, 8.75],
			"faces": {
				"north": {"uv": [13, 9.25, 14.25, 9.75], "texture": "#texture"},
				"east": {"uv": [7.25, 9.25, 8.75, 9.75], "texture": "#texture"},
				"south": {"uv": [1.75, 9.25, 3, 9.75], "texture": "#texture"},
				"west": {"uv": [7.25, 9.25, 8.75, 9.75], "texture": "#texture"},
				"up": {"uv": [1.75, 7.25, 3, 8.75], "texture": "#texture"},
				"down": {"uv": [0, 0, 0, 0], "texture": "#texture"}
			}
		},
		{
			"from": [1.25, 5.75, 7.25],
			"to": [4.75, 6, 8.75],
			"faces": {
				"north": {"uv": [11.5, 10.25, 13.75, 10.5], "texture": "#glass black"},
				"east": {"uv": [7.25, 10.25, 8.75, 10.5], "texture": "#glass black"},
				"south": {"uv": [2.25, 10.25, 4.5, 10.5], "texture": "#glass black"},
				"west": {"uv": [7.25, 10.25, 8.75, 10.5], "texture": "#glass black"},
				"up": {"uv": [2.25, 7.25, 4.5, 8.75], "texture": "#glass black"},
				"down": {"uv": [13.75, 8.75, 11.5, 7.25], "texture": "#glass black"}
			}
		},
		{
			"from": [3.25, 6, 7.25],
			"to": [4.75, 6.25, 8.75],
			"faces": {
				"north": {"uv": [12.75, 9.75, 14.25, 10], "texture": "#glass black"},
				"east": {"uv": [7.25, 9.75, 8.75, 10], "texture": "#glass black"},
				"south": {"uv": [1.75, 9.75, 3.25, 10], "texture": "#glass black"},
				"west": {"uv": [7.25, 9.75, 8.75, 10], "texture": "#glass black"},
				"up": {"uv": [1.75, 7.25, 3.25, 8.75], "texture": "#glass black"},
				"down": {"uv": [14.25, 8.75, 12.75, 7.25], "texture": "#glass black"}
			}
		},
		{
			"from": [3, 8, 7.25],
			"to": [8.25, 9, 8.75],
			"faces": {
				"north": {"uv": [7.75, 7, 12.75, 8], "texture": "#texture"},
				"east": {"uv": [7.25, 7, 8.75, 8], "texture": "#texture"},
				"south": {"uv": [3.25, 7, 8.25, 8], "texture": "#texture"},
				"up": {"uv": [3.25, 7.25, 8.25, 8.75], "texture": "#texture"},
				"down": {"uv": [12.75, 8.75, 7.75, 7.25], "texture": "#texture"}
			}
		},
		{
			"from": [4.75, 5.75, 7.25],
			"to": [6.25, 6.25, 8.75],
			"faces": {
				"north": {"uv": [9.75, 9.75, 11.25, 10.5], "texture": "#texture"},
				"south": {"uv": [4.75, 9.75, 6.25, 10.5], "texture": "#texture"},
				"west": {"uv": [7.25, 9.75, 8.75, 10.5], "texture": "#texture"},
				"up": {"uv": [4.75, 7.25, 6.25, 8.75], "texture": "#texture"},
				"down": {"uv": [11.25, 8.75, 9.75, 7.25], "texture": "#texture"}
			}
		},
		{
			"from": [6.25, 5.75, 7.25],
			"to": [8, 8, 8.75],
			"faces": {
				"north": {"uv": [7.75, 8, 9.75, 10.5], "texture": "#texture"},
				"east": {"uv": [7.25, 8, 8.75, 10.5], "texture": "#texture"},
				"south": {"uv": [6.25, 8, 8.25, 10.5], "texture": "#texture"},
				"west": {"uv": [7.25, 8, 8.75, 10.5], "texture": "#texture"},
				"down": {"uv": [9.75, 8.75, 7.75, 7.25], "texture": "#texture"}
			}
		},
		{
			"from": [6, 6, 7.75],
			"to": [7, 8.25, 8.25],
			"rotation": {"angle": -22.5, "axis": "z", "origin": [6, 8.25, 7.75]},
			"faces": {
				"north": {"uv": [9.75, 8.25, 10.75, 10.25], "texture": "#glass black"},
				"east": {"uv": [8, 8.25, 8.5, 10.25], "texture": "#glass black"},
				"south": {"uv": [5.25, 8.25, 6.25, 10.25], "texture": "#glass black"},
				"west": {"uv": [7.5, 8.25, 8, 10.25], "texture": "#glass black"},
				"up": {"uv": [5.25, 7.5, 6.25, 8], "texture": "#glass black"},
				"down": {"uv": [10.75, 8, 9.75, 7.5], "texture": "#glass black"}
			}
		},
		{
			"from": [5.2, 3.475, 7.25],
			"to": [7.15, 7.025, 8.75],
			"rotation": {"angle": 45, "axis": "z", "origin": [6.75, 7.5, 7.25]},
			"faces": {
				"north": {"uv": [6.75, 9.25, 10.75, 11], "rotation": 270, "texture": "#texture"},
				"east": {"uv": [6.75, 7.25, 10.75, 8.75], "rotation": 90, "texture": "#texture"},
				"south": {"uv": [6.75, 9.25, 10.75, 11], "rotation": 90, "texture": "#texture"},
				"west": {"uv": [6.75, 7.25, 10.75, 8.75], "rotation": 90, "texture": "#texture"},
				"up": {"uv": [7.25, 9.25, 8.75, 11], "rotation": 90, "texture": "#texture"},
				"down": {"uv": [7.25, 9.25, 8.75, 11], "rotation": 90, "texture": "#texture"}
			}
		},
		{
			"from": [8.5, 3.55, 7.25],
			"to": [11.225, 5.3, 8.75],
			"faces": {
				"north": {"uv": [4.25, 10, 6.25, 11.75], "texture": "#texture"},
				"east": {"uv": [7.25, 10, 8.75, 11.75], "texture": "#texture"},
				"south": {"uv": [9.75, 10, 11.75, 11.75], "texture": "#texture"},
				"west": {"uv": [7.25, 10, 8.75, 11.75], "texture": "#texture"},
				"up": {"uv": [9.75, 7.25, 11.75, 8.75], "texture": "#texture"},
				"down": {"uv": [6.25, 8.75, 4.25, 7.25], "texture": "#texture"}
			}
		},
		{
			"from": [8.25, 8, 7.25],
			"to": [15, 8.5, 8.75],
			"faces": {
				"north": {"uv": [1.75, 7.5, 7.75, 7.75], "texture": "#texture"},
				"south": {"uv": [8.25, 7.5, 14.25, 7.75], "texture": "#texture"},
				"down": {"uv": [7.75, 8.75, 1.75, 7.25], "texture": "#texture"}
			}
		},
		{
			"from": [8.25, 8, 7.25],
			"to": [8.5, 8.25, 8.75],
			"faces": {
				"north": {"uv": [7.5, 7.75, 7.75, 8], "texture": "#texture"},
				"east": {"uv": [7.25, 7.75, 8.75, 8], "texture": "#texture"},
				"south": {"uv": [8.25, 7.75, 8.5, 8], "texture": "#texture"},
				"down": {"uv": [7.75, 8.75, 7.5, 7.25], "texture": "#texture"}
			}
		},
		{
			"from": [0.25, 8.5, 6.75],
			"to": [9, 9.75, 9.25],
			"faces": {
				"north": {"uv": [0, 6.75, 10.25, 7.5], "texture": "#texture", "cullface": "east"},
				"east": {"uv": [6.75, 6.75, 9.25, 7.5], "texture": "#texture", "cullface": "east"},
				"south": {"uv": [5.75, 6.75, 16, 7.5], "texture": "#texture", "cullface": "east"},
				"west": {"uv": [6.75, 6.75, 9.25, 7.5], "texture": "#texture", "cullface": "east"},
				"up": {"uv": [5.75, 6.75, 16, 9.25], "texture": "#texture", "cullface": "east"},
				"down": {"uv": [10.25, 9.25, 0, 6.75], "texture": "#texture", "cullface": "east"}
			}
		},
		{
			"from": [-2.875, 8.75, 6.75],
			"to": [0.25, 9.75, 9.25],
			"faces": {
				"north": {"uv": [0, 6.75, 10.25, 7.5], "texture": "#texture", "cullface": "east"},
				"east": {"uv": [6.75, 6.75, 9.25, 7.5], "texture": "#texture", "cullface": "east"},
				"south": {"uv": [5.75, 6.75, 16, 7.5], "texture": "#texture", "cullface": "east"},
				"west": {"uv": [6.75, 6.75, 9.25, 7.5], "texture": "#texture", "cullface": "east"},
				"up": {"uv": [5.75, 6.75, 16, 9.25], "texture": "#texture", "cullface": "east"},
				"down": {"uv": [10.25, 9.25, 0, 6.75], "texture": "#texture", "cullface": "east"}
			}
		},
		{
			"from": [-4.875, 9, 6.75],
			"to": [-2.875, 9.75, 9.25],
			"faces": {
				"north": {"uv": [0, 6.75, 10.25, 7.5], "texture": "#texture", "cullface": "east"},
				"east": {"uv": [6.75, 6.75, 9.25, 7.5], "texture": "#texture", "cullface": "east"},
				"south": {"uv": [5.75, 6.75, 16, 7.5], "texture": "#texture", "cullface": "east"},
				"west": {"uv": [7.75, 12.75, 11.25, 14.5], "texture": "#texture", "cullface": "east"},
				"up": {"uv": [5.75, 6.75, 16, 9.25], "texture": "#texture", "cullface": "east"},
				"down": {"uv": [10.25, 9.25, 0, 6.75], "texture": "#texture", "cullface": "east"}
			}
		},
		{
			"from": [9, 8.5, 6.75],
			"to": [21.75, 9.25, 9.25],
			"faces": {
				"north": {"uv": [0, 6.75, 10.25, 7.5], "texture": "#texture", "cullface": "east"},
				"east": {"uv": [6.75, 6.75, 9.25, 7.5], "texture": "#texture", "cullface": "east"},
				"south": {"uv": [5.75, 6.75, 16, 7.5], "texture": "#texture", "cullface": "east"},
				"west": {"uv": [6.75, 6.75, 9.25, 7.5], "texture": "#texture", "cullface": "east"},
				"up": {"uv": [5.75, 6.75, 16, 9.25], "texture": "#texture", "cullface": "east"},
				"down": {"uv": [10.25, 9.25, 0, 6.75], "texture": "#texture", "cullface": "east"}
			}
		},
		{
			"from": [5.5, 6, 7.75],
			"to": [6.75, 8, 8.25],
			"faces": {
				"north": {"uv": [9.25, 8, 10.5, 10.25], "texture": "#glass black"},
				"east": {"uv": [7.75, 8, 8.25, 10.25], "texture": "#glass black"},
				"south": {"uv": [5.5, 8, 6.75, 10.25], "texture": "#glass black"},
				"west": {"uv": [7.75, 8, 8.25, 10.25], "texture": "#glass black"},
				"down": {"uv": [10.5, 8.25, 9.25, 7.75], "texture": "#glass black"}
			}
		},
		{
			"from": [5.25, 5.75, 7.75],
			"to": [6.25, 8, 8.25],
			"rotation": {"angle": 22.5, "axis": "z", "origin": [5.25, 8, 7.75]},
			"faces": {
				"north": {"uv": [9.25, 7.25, 10.25, 9.75], "texture": "#glass black"},
				"south": {"uv": [5.75, 7.25, 6.75, 9.75], "texture": "#glass black"},
				"west": {"uv": [7.25, 7.25, 8.75, 9.75], "texture": "#glass black"},
				"down": {"uv": [10.25, 8.75, 9.25, 7.25], "texture": "#glass black"}
			}
		},
		{
			"from": [10.3, 4.25, 7.25],
			"to": [12.2, 5.75, 8.75],
			"rotation": {"angle": 45, "axis": "z", "origin": [11.6, 4.95, 7.25]},
			"faces": {
				"north": {"uv": [2, 9.5, 4.5, 10.25], "texture": "#texture"},
				"east": {"uv": [7.25, 9.5, 8.75, 10.25], "texture": "#texture"},
				"south": {"uv": [11.5, 9.5, 14, 10.25], "texture": "#texture"},
				"west": {"uv": [7.25, 9.5, 8.75, 10.25], "texture": "#texture"},
				"up": {"uv": [11.5, 7.25, 14, 8.75], "texture": "#texture"},
				"down": {"uv": [4.5, 8.75, 2, 7.25], "texture": "#texture"}
			}
		},
		{
			"from": [11.775, 9.85, 6.75],
			"to": [15.7, 11.675, 9.25],
			"rotation": {"angle": 45, "axis": "z", "origin": [11.6, 4.95, 7.25]},
			"faces": {
				"north": {"uv": [2, 9.5, 4.5, 10.25], "texture": "#texture"},
				"east": {"uv": [7.25, 9.5, 8.75, 10.25], "texture": "#texture"},
				"south": {"uv": [11.5, 9.5, 14, 10.25], "texture": "#texture"},
				"west": {"uv": [7.25, 9.5, 8.75, 10.25], "texture": "#texture"},
				"up": {"uv": [11.5, 7.25, 14, 8.75], "texture": "#texture"},
				"down": {"uv": [4.5, 8.75, 2, 7.25], "texture": "#texture"}
			}
		},
		{
			"from": [10.9, 10.8, 6.75],
			"to": [11.775, 11.675, 9.25],
			"rotation": {"angle": 45, "axis": "z", "origin": [11.6, 4.95, 7.25]},
			"faces": {
				"north": {"uv": [2, 9.5, 4.5, 10.25], "texture": "#texture"},
				"east": {"uv": [7.25, 9.5, 8.75, 10.25], "texture": "#texture"},
				"south": {"uv": [11.5, 9.5, 14, 10.25], "texture": "#texture"},
				"west": {"uv": [7.25, 9.5, 8.75, 10.25], "texture": "#texture"},
				"up": {"uv": [11.5, 7.25, 14, 8.75], "texture": "#texture"},
				"down": {"uv": [4.5, 8.75, 2, 7.25], "texture": "#texture"}
			}
		},
		{
			"from": [11.55, 4.175, 7.25],
			"to": [15.7, 5.675, 8.75],
			"rotation": {"angle": 22.5, "axis": "z", "origin": [11.6, 4.95, 7.25]},
			"faces": {
				"north": {"uv": [2, 9.5, 4.5, 10.25], "texture": "#texture"},
				"east": {"uv": [7.25, 9.5, 8.75, 10.25], "texture": "#texture"},
				"south": {"uv": [11.5, 9.5, 14, 10.25], "texture": "#texture"},
				"west": {"uv": [7.25, 9.5, 8.75, 10.25], "texture": "#texture"},
				"up": {"uv": [11.5, 7.25, 14, 8.75], "texture": "#texture"},
				"down": {"uv": [4.5, 8.75, 2, 7.25], "texture": "#texture"}
			}
		},
		{
			"from": [12.5, 5.25, 7.25],
			"to": [15, 8, 8.75],
			"faces": {
				"north": {"uv": [1.75, 7.75, 3.5, 10], "texture": "#texture"},
				"south": {"uv": [12.5, 7.75, 14.25, 10], "texture": "#texture"},
				"west": {"uv": [7.25, 7.75, 8.75, 10], "texture": "#texture"},
				"down": {"uv": [3.5, 8.75, 1.75, 7.25], "texture": "#texture"}
			}
		},
		{
			"from": [11.1, 8.75, 7.25],
			"to": [12.175, 9.25, 8.75],
			"rotation": {"angle": -45, "axis": "z", "origin": [10, 9, 7.25]},
			"faces": {
				"north": {"uv": [6.75, 0, 8.5, 0.5], "texture": "#texture"},
				"east": {"uv": [7.25, 0, 8.75, 0.5], "texture": "#texture"},
				"south": {"uv": [7.5, 0, 9.25, 0.5], "texture": "#texture"},
				"west": {"uv": [7.25, 0, 8.75, 0.5], "texture": "#texture"},
				"down": {"uv": [8.5, 8.75, 6.75, 7.25], "texture": "#texture"}
			}
		},
		{
			"from": [11.35, 5.3, 7.25],
			"to": [12.5, 8, 8.75],
			"rotation": {"angle": 0, "axis": "y", "origin": [0.35, -0.8, 0]},
			"faces": {
				"north": {"uv": [3, 8.25, 3.75, 9.25], "texture": "#texture"},
				"east": {"uv": [7.25, 8.25, 8.75, 9.25], "texture": "#texture"},
				"south": {"uv": [12.25, 8.25, 13, 9.25], "texture": "#texture"},
				"west": {"uv": [7.25, 8.25, 8.75, 9.25], "texture": "#texture"},
				"up": {"uv": [12.25, 7.25, 13, 8.75], "texture": "#texture"},
				"down": {"uv": [3.75, 8.75, 3, 7.25], "texture": "#texture"}
			}
		},
		{
			"from": [15, 5.25, 7],
			"to": [21.75, 8.5, 9],
			"faces": {
				"north": {"uv": [0, 7.5, 1.75, 10.75], "texture": "#texture", "cullface": "east"},
				"east": {"uv": [7, 7.5, 9, 10.75], "texture": "#texture", "cullface": "east"},
				"south": {"uv": [14.25, 7.5, 16, 10.75], "texture": "#texture", "cullface": "east"},
				"west": {"uv": [7, 7.5, 9, 10.75], "texture": "#texture", "cullface": "east"},
				"down": {"uv": [1.75, 9, 0, 7], "texture": "#texture", "cullface": "east"}
			}
		},
		{
			"from": [21.25, 10.25, 6.5],
			"to": [22.5, 11.5, 9.5],
			"faces": {
				"north": {"uv": [0, 7.5, 1.75, 10.75], "texture": "#glass black", "cullface": "east"},
				"east": {"uv": [7, 7.5, 9, 10.75], "texture": "#glass black", "cullface": "east"},
				"south": {"uv": [14.25, 7.5, 16, 10.75], "texture": "#glass black", "cullface": "east"},
				"west": {"uv": [7, 7.5, 9, 10.75], "texture": "#glass black", "cullface": "east"},
				"up": {"uv": [7, 8, 8, 9], "texture": "#glass black"},
				"down": {"uv": [1.75, 9, 0, 7], "texture": "#glass black", "cullface": "east"}
			}
		},
		{
			"from": [21.75, 8.25, 6.5],
			"to": [22.5, 10.25, 9.5],
			"faces": {
				"north": {"uv": [0, 7.5, 1.75, 10.75], "texture": "#glass black", "cullface": "east"},
				"east": {"uv": [7, 7.5, 9, 10.75], "texture": "#glass black", "cullface": "east"},
				"south": {"uv": [14.25, 7.5, 16, 10.75], "texture": "#glass black", "cullface": "east"},
				"west": {"uv": [7, 7.5, 9, 10.75], "texture": "#glass black", "cullface": "east"},
				"up": {"uv": [7, 8, 8, 9], "texture": "#glass black"},
				"down": {"uv": [1.75, 9, 0, 7], "texture": "#glass black", "cullface": "east"}
			}
		},
		{
			"from": [21.75, 4.75, 6.75],
			"to": [22.25, 8.25, 9.25],
			"faces": {
				"north": {"uv": [0, 7.5, 1.75, 10.75], "texture": "#glass black", "cullface": "east"},
				"east": {"uv": [7, 7.5, 9, 10.75], "texture": "#glass black", "cullface": "east"},
				"south": {"uv": [14.25, 7.5, 16, 10.75], "texture": "#glass black", "cullface": "east"},
				"west": {"uv": [7, 7.5, 9, 10.75], "texture": "#glass black", "cullface": "east"},
				"up": {"uv": [7, 8, 8, 9], "texture": "#glass black"},
				"down": {"uv": [1.75, 9, 0, 7], "texture": "#glass black", "cullface": "east"}
			}
		},
		{
			"from": [21.75, 4, 7],
			"to": [22.25, 4.75, 9],
			"faces": {
				"north": {"uv": [0, 7.5, 1.75, 10.75], "texture": "#glass black", "cullface": "east"},
				"east": {"uv": [7, 7.5, 9, 10.75], "texture": "#glass black", "cullface": "east"},
				"south": {"uv": [14.25, 7.5, 16, 10.75], "texture": "#glass black", "cullface": "east"},
				"west": {"uv": [7, 7.5, 9, 10.75], "texture": "#glass black", "cullface": "east"},
				"up": {"uv": [7, 8, 8, 9], "texture": "#glass black"},
				"down": {"uv": [1.75, 9, 0, 7], "texture": "#glass black", "cullface": "east"}
			}
		},
		{
			"from": [15.35, 4.75, 7.25],
			"to": [21.75, 5.25, 8.75],
			"faces": {
				"north": {"uv": [0, 7.5, 1.75, 10.75], "texture": "#texture", "cullface": "east"},
				"east": {"uv": [7, 7.5, 9, 10.75], "texture": "#texture", "cullface": "east"},
				"south": {"uv": [14.25, 7.5, 16, 10.75], "texture": "#texture", "cullface": "east"},
				"west": {"uv": [7, 7.5, 9, 10.75], "texture": "#texture", "cullface": "east"},
				"down": {"uv": [1.75, 9, 0, 7], "texture": "#texture", "cullface": "east"}
			}
		},
		{
			"from": [19.75, 4.25, 7.5],
			"to": [21.75, 4.5, 8.5],
			"faces": {
				"north": {"uv": [0, 7.5, 1.75, 10.75], "texture": "#texture", "cullface": "east"},
				"east": {"uv": [7, 7.5, 9, 10.75], "texture": "#texture", "cullface": "east"},
				"south": {"uv": [14.25, 7.5, 16, 10.75], "texture": "#texture", "cullface": "east"},
				"west": {"uv": [7, 7.5, 9, 10.75], "texture": "#texture", "cullface": "east"},
				"down": {"uv": [1.75, 9, 0, 7], "texture": "#texture", "cullface": "east"}
			}
		},
		{
			"from": [17.5, 4.5, 7.25],
			"to": [21.75, 4.75, 8.75],
			"faces": {
				"north": {"uv": [0, 7.5, 1.75, 10.75], "texture": "#texture", "cullface": "east"},
				"east": {"uv": [7, 7.5, 9, 10.75], "texture": "#texture", "cullface": "east"},
				"south": {"uv": [14.25, 7.5, 16, 10.75], "texture": "#texture", "cullface": "east"},
				"west": {"uv": [7, 7.5, 9, 10.75], "texture": "#texture", "cullface": "east"},
				"down": {"uv": [1.75, 9, 0, 7], "texture": "#texture", "cullface": "east"}
			}
		},
		{
			"from": [9, 10, 6.75],
			"to": [21.75, 11.25, 9.25],
			"faces": {
				"north": {"uv": [0, 4.75, 1.75, 6], "texture": "#texture", "cullface": "east"},
				"east": {"uv": [6.75, 4.75, 9.25, 6], "texture": "#texture", "cullface": "east"},
				"south": {"uv": [14.25, 4.75, 16, 6], "texture": "#texture", "cullface": "east"},
				"west": {"uv": [6.75, 4.75, 9.25, 6], "texture": "#texture", "cullface": "east"},
				"up": {"uv": [14.25, 6.75, 16, 9.25], "texture": "#texture", "cullface": "east"}
			}
		},
		{
			"from": [9.75, 12.6, 6.75],
			"to": [11.55, 13, 7],
			"faces": {
				"north": {"uv": [0, 4.75, 1.75, 6], "texture": "#texture", "cullface": "east"},
				"east": {"uv": [6.75, 4.75, 9.25, 6], "texture": "#texture", "cullface": "east"},
				"south": {"uv": [14.25, 4.75, 16, 6], "texture": "#texture", "cullface": "east"},
				"west": {"uv": [6.75, 4.75, 9.25, 6], "texture": "#texture", "cullface": "east"},
				"up": {"uv": [14.25, 6.75, 16, 9.25], "texture": "#texture", "cullface": "east"}
			}
		},
		{
			"from": [9.75, 12.6, 9],
			"to": [11.55, 13, 9.25],
			"faces": {
				"north": {"uv": [0, 4.75, 1.75, 6], "texture": "#texture", "cullface": "east"},
				"east": {"uv": [6.75, 4.75, 9.25, 6], "texture": "#texture", "cullface": "east"},
				"south": {"uv": [14.25, 4.75, 16, 6], "texture": "#texture", "cullface": "east"},
				"west": {"uv": [6.75, 4.75, 9.25, 6], "texture": "#texture", "cullface": "east"},
				"up": {"uv": [14.25, 6.75, 16, 9.25], "texture": "#texture", "cullface": "east"}
			}
		},
		{
			"from": [9.75, 11.25, 6.75],
			"to": [11.55, 12.6, 9.25],
			"faces": {
				"north": {"uv": [0, 4.75, 1.75, 6], "texture": "#texture", "cullface": "east"},
				"east": {"uv": [6.75, 4.75, 9.25, 6], "texture": "#texture", "cullface": "east"},
				"south": {"uv": [14.25, 4.75, 16, 6], "texture": "#texture", "cullface": "east"},
				"west": {"uv": [6.75, 4.75, 9.25, 6], "texture": "#texture", "cullface": "east"},
				"up": {"uv": [14.25, 6.75, 16, 9.25], "texture": "#texture", "cullface": "east"}
			}
		},
		{
			"from": [9, 9.25, 6.75],
			"to": [21.75, 10, 9.25],
			"faces": {
				"north": {"uv": [0, 6, 8.5, 6.75], "texture": "#texture", "cullface": "east"},
				"east": {"uv": [6.75, 6, 9.25, 6.75], "texture": "#texture", "cullface": "east"},
				"south": {"uv": [7.5, 6, 16, 6.75], "texture": "#texture", "cullface": "east"},
				"west": {"uv": [6.75, 6, 9.25, 6.75], "texture": "#texture", "cullface": "east"},
				"up": {"uv": [7.5, 6.75, 16, 9.25], "texture": "#texture", "cullface": "east"}
			}
		},
		{
			"from": [11.15, 0.775, 7.4],
			"to": [14.475, 1.525, 8.6],
			"rotation": {"angle": 0, "axis": "y", "origin": [0, -1, 0]},
			"faces": {
				"north": {"uv": [0.2, 8.2, 6.7, 8.7], "texture": "#glass black", "cullface": "east"},
				"east": {"uv": [6.2, 8.1, 6.7, 8.8], "texture": "#glass black", "cullface": "east"},
				"south": {"uv": [6.7, 8.1, 0, 8.8], "texture": "#glass black", "cullface": "east"},
				"west": {"uv": [6, 8, 7, 9], "texture": "#glass black"},
				"up": {"uv": [6, 8, 7, 9], "texture": "#glass black"},
				"down": {"uv": [6.1, 8.9, 6.8, 8.1], "texture": "#glass black", "cullface": "east"}
			}
		},
		{
			"from": [12.75, 0.525, 7.4],
			"to": [14.475, 0.775, 8.6],
			"rotation": {"angle": 0, "axis": "y", "origin": [0, -1, 0]},
			"faces": {
				"north": {"uv": [0.2, 8.2, 6.7, 8.7], "texture": "#glass black", "cullface": "east"},
				"east": {"uv": [6.2, 8.1, 6.7, 8.8], "texture": "#glass black", "cullface": "east"},
				"south": {"uv": [2.7, 8.1, 0, 8.8], "texture": "#glass black", "cullface": "east"},
				"west": {"uv": [6, 8, 7, 9], "texture": "#glass black"},
				"up": {"uv": [6, 8, 7, 9], "texture": "#glass black"},
				"down": {"uv": [6.1, 8.9, 6.8, 8.1], "texture": "#glass black", "cullface": "east"}
			}
		},
		{
			"from": [11.4, 1.525, 7.4],
			"to": [14.725, 2.525, 8.6],
			"rotation": {"angle": 0, "axis": "y", "origin": [0, -1, 0]},
			"faces": {
				"north": {"uv": [0.2, 8.2, 6.7, 8.7], "texture": "#glass black", "cullface": "east"},
				"east": {"uv": [6.2, 8.1, 6.7, 8.8], "texture": "#glass black", "cullface": "east"},
				"south": {"uv": [6.7, 8.1, 0, 8.8], "texture": "#glass black", "cullface": "east"},
				"west": {"uv": [6, 8, 7, 9], "texture": "#glass black"},
				"up": {"uv": [6, 8, 7, 9], "texture": "#glass black"},
				"down": {"uv": [6.1, 8.9, 6.8, 8.1], "texture": "#glass black", "cullface": "east"}
			}
		},
		{
			"from": [11.65, 2.525, 7.4],
			"to": [14.975, 3.775, 8.6],
			"rotation": {"angle": 0, "axis": "y", "origin": [0, -1, 0]},
			"faces": {
				"north": {"uv": [0.2, 8.2, 6.7, 8.7], "texture": "#glass black", "cullface": "east"},
				"east": {"uv": [6.2, 8.1, 6.7, 8.8], "texture": "#glass black", "cullface": "east"},
				"south": {"uv": [6.7, 8.1, 0, 8.8], "texture": "#glass black", "cullface": "east"},
				"west": {"uv": [6, 8, 7, 9], "texture": "#glass black"},
				"up": {"uv": [6, 8, 7, 9], "texture": "#glass black"},
				"down": {"uv": [6.1, 8.9, 6.8, 8.1], "texture": "#glass black", "cullface": "east"}
			}
		},
		{
			"from": [11.8, 3.775, 7.4],
			"to": [15.125, 6.275, 8.6],
			"rotation": {"angle": 0, "axis": "y", "origin": [0, -1, 0]},
			"faces": {
				"north": {"uv": [0.2, 8.2, 6.8, 8.7], "texture": "#glass black", "cullface": "east"},
				"east": {"uv": [6.1, 8.1, 6.7, 8.8], "texture": "#glass black", "cullface": "east"},
				"south": {"uv": [6.7, 8.1, 0, 8.8], "texture": "#glass black", "cullface": "east"},
				"west": {"uv": [6, 8, 7, 9], "texture": "#glass black"},
				"down": {"uv": [6.1, 8.9, 6.8, 8.1], "texture": "#glass black", "cullface": "east"}
			}
		},
		{
			"from": [10, 12.75, 7.5],
			"to": [10.25, 13, 8.5],
			"faces": {
				"north": {"uv": [8.5, 6, 15.5, 7], "texture": "#glass black"},
				"east": {"uv": [7.5, 6, 8.5, 7], "texture": "#glass black"},
				"south": {"uv": [0.5, 6, 7.5, 7], "texture": "#glass black"},
				"west": {"uv": [1, 6, 2, 7], "texture": "#glass black"},
				"up": {"uv": [0.5, 7.5, 7.5, 8.5], "texture": "#glass black"},
				"down": {"uv": [15.5, 8.5, 8.5, 7.5], "texture": "#glass black"}
			}
		},
		{
			"from": [-8.525, 10.175, 7.5],
			"to": [-8.25, 10.825, 7.75],
			"rotation": {"angle": -22.5, "axis": "z", "origin": [0.25, 0.1, -0.75]},
			"faces": {
				"north": {"uv": [8.5, 6, 15.5, 7], "texture": "#glass black"},
				"east": {"uv": [7.5, 6, 8.5, 7], "texture": "#glass black"},
				"south": {"uv": [0.5, 6, 7.5, 7], "texture": "#glass black"},
				"west": {"uv": [1, 6, 2, 7], "texture": "#glass black"},
				"up": {"uv": [0.5, 7.5, 7.5, 8.5], "texture": "#glass black"},
				"down": {"uv": [15.5, 8.5, 8.5, 7.5], "texture": "#glass black"}
			}
		},
		{
			"from": [-3.75, 12.775, 7.5],
			"to": [-2.9, 13.375, 7.75],
			"rotation": {"angle": 0, "axis": "y", "origin": [0.25, 0.1, -0.75]},
			"faces": {
				"north": {"uv": [8.5, 6, 15.5, 7], "texture": "#glass black"},
				"east": {"uv": [7.5, 6, 8.5, 7], "texture": "#glass black"},
				"south": {"uv": [0.5, 6, 7.5, 7], "texture": "#glass black"},
				"west": {"uv": [1, 6, 2, 7], "texture": "#glass black"},
				"up": {"uv": [0.5, 7.5, 7.5, 8.5], "texture": "#glass black"},
				"down": {"uv": [15.5, 8.5, 8.5, 7.5], "texture": "#glass black"}
			}
		},
		{
			"from": [-8.525, 10.175, 8.25],
			"to": [-8.25, 10.825, 8.5],
			"rotation": {"angle": -22.5, "axis": "z", "origin": [0.25, 0.1, 0]},
			"faces": {
				"north": {"uv": [8.5, 6, 15.5, 7], "texture": "#glass black"},
				"east": {"uv": [7.5, 6, 8.5, 7], "texture": "#glass black"},
				"south": {"uv": [0.5, 6, 7.5, 7], "texture": "#glass black"},
				"west": {"uv": [1, 6, 2, 7], "texture": "#glass black"},
				"up": {"uv": [0.5, 7.5, 7.5, 8.5], "texture": "#glass black"},
				"down": {"uv": [15.5, 8.5, 8.5, 7.5], "texture": "#glass black"}
			}
		},
		{
			"from": [-3.75, 12.775, 7.925],
			"to": [-3.25, 13.1, 8.075],
			"rotation": {"angle": 0, "axis": "y", "origin": [0.25, 0.1, 0]},
			"faces": {
				"north": {"uv": [8.5, 6, 15.5, 7], "texture": "#glass black"},
				"east": {"uv": [7.5, 6, 8.5, 7], "texture": "#glass black"},
				"south": {"uv": [0.5, 6, 7.5, 7], "texture": "#glass black"},
				"west": {"uv": [1, 6, 2, 7], "texture": "#glass black"},
				"up": {"uv": [0.5, 7.5, 7.5, 8.5], "texture": "#glass black"},
				"down": {"uv": [15.5, 8.5, 8.5, 7.5], "texture": "#glass black"}
			}
		},
		{
			"from": [-4.25, 11.5, 7.5],
			"to": [9.5, 12.05, 8.5],
			"faces": {
				"north": {"uv": [8.5, 6, 15.5, 7], "texture": "#glass black"},
				"east": {"uv": [7.5, 6, 8.5, 7], "texture": "#glass black"},
				"south": {"uv": [0.5, 6, 7.5, 7], "texture": "#glass black"},
				"west": {"uv": [1, 6, 2, 7], "texture": "#glass black"},
				"up": {"uv": [0.5, 7.5, 7.5, 8.5], "texture": "#glass black"},
				"down": {"uv": [15.5, 8.5, 8.5, 7.5], "texture": "#glass black"}
			}
		},
		{
			"from": [-2.65, 12.05, 7.5],
			"to": [-2.4, 12.3, 8.5],
			"faces": {
				"north": {"uv": [8.5, 6, 9.5, 7], "texture": "#glass black"},
				"east": {"uv": [7.5, 6, 8.5, 7], "texture": "#glass black"},
				"south": {"uv": [6.5, 6, 7.5, 7], "texture": "#glass black"},
				"west": {"uv": [1, 6, 2, 7], "texture": "#glass black"},
				"up": {"uv": [0.5, 7.5, 1.5, 8.5], "texture": "#glass black"},
				"down": {"uv": [15.5, 8.5, 14.5, 7.5], "texture": "#glass black"}
			}
		},
		{
			"from": [4.85, 12.05, 7.5],
			"to": [5.1, 12.3, 8.5],
			"faces": {
				"north": {"uv": [8.5, 6, 9.5, 7], "texture": "#glass black"},
				"east": {"uv": [7.5, 6, 8.5, 7], "texture": "#glass black"},
				"south": {"uv": [6.5, 6, 7.5, 7], "texture": "#glass black"},
				"west": {"uv": [1, 6, 2, 7], "texture": "#glass black"},
				"up": {"uv": [0.5, 7.5, 1.5, 8.5], "texture": "#glass black"},
				"down": {"uv": [15.5, 8.5, 14.5, 7.5], "texture": "#glass black"}
			}
		},
		{
			"from": [4.35, 12.05, 7.5],
			"to": [4.6, 12.3, 8.5],
			"faces": {
				"north": {"uv": [8.5, 6, 9.5, 7], "texture": "#glass black"},
				"east": {"uv": [7.5, 6, 8.5, 7], "texture": "#glass black"},
				"south": {"uv": [6.5, 6, 7.5, 7], "texture": "#glass black"},
				"west": {"uv": [1, 6, 2, 7], "texture": "#glass black"},
				"up": {"uv": [0.5, 7.5, 1.5, 8.5], "texture": "#glass black"},
				"down": {"uv": [15.5, 8.5, 14.5, 7.5], "texture": "#glass black"}
			}
		},
		{
			"from": [3.85, 12.05, 7.5],
			"to": [4.1, 12.3, 8.5],
			"faces": {
				"north": {"uv": [8.5, 6, 9.5, 7], "texture": "#glass black"},
				"east": {"uv": [7.5, 6, 8.5, 7], "texture": "#glass black"},
				"south": {"uv": [6.5, 6, 7.5, 7], "texture": "#glass black"},
				"west": {"uv": [1, 6, 2, 7], "texture": "#glass black"},
				"up": {"uv": [0.5, 7.5, 1.5, 8.5], "texture": "#glass black"},
				"down": {"uv": [15.5, 8.5, 14.5, 7.5], "texture": "#glass black"}
			}
		},
		{
			"from": [3.35, 12.05, 7.5],
			"to": [3.6, 12.3, 8.5],
			"faces": {
				"north": {"uv": [8.5, 6, 9.5, 7], "texture": "#glass black"},
				"east": {"uv": [7.5, 6, 8.5, 7], "texture": "#glass black"},
				"south": {"uv": [6.5, 6, 7.5, 7], "texture": "#glass black"},
				"west": {"uv": [1, 6, 2, 7], "texture": "#glass black"},
				"up": {"uv": [0.5, 7.5, 1.5, 8.5], "texture": "#glass black"},
				"down": {"uv": [15.5, 8.5, 14.5, 7.5], "texture": "#glass black"}
			}
		},
		{
			"from": [2.85, 12.05, 7.5],
			"to": [3.1, 12.3, 8.5],
			"faces": {
				"north": {"uv": [8.5, 6, 9.5, 7], "texture": "#glass black"},
				"east": {"uv": [7.5, 6, 8.5, 7], "texture": "#glass black"},
				"south": {"uv": [6.5, 6, 7.5, 7], "texture": "#glass black"},
				"west": {"uv": [1, 6, 2, 7], "texture": "#glass black"},
				"up": {"uv": [0.5, 7.5, 1.5, 8.5], "texture": "#glass black"},
				"down": {"uv": [15.5, 8.5, 14.5, 7.5], "texture": "#glass black"}
			}
		},
		{
			"from": [2.35, 12.05, 7.5],
			"to": [2.6, 12.3, 8.5],
			"faces": {
				"north": {"uv": [8.5, 6, 9.5, 7], "texture": "#glass black"},
				"east": {"uv": [7.5, 6, 8.5, 7], "texture": "#glass black"},
				"south": {"uv": [6.5, 6, 7.5, 7], "texture": "#glass black"},
				"west": {"uv": [1, 6, 2, 7], "texture": "#glass black"},
				"up": {"uv": [0.5, 7.5, 1.5, 8.5], "texture": "#glass black"},
				"down": {"uv": [15.5, 8.5, 14.5, 7.5], "texture": "#glass black"}
			}
		},
		{
			"from": [1.85, 12.05, 7.5],
			"to": [2.1, 12.3, 8.5],
			"faces": {
				"north": {"uv": [8.5, 6, 9.5, 7], "texture": "#glass black"},
				"east": {"uv": [7.5, 6, 8.5, 7], "texture": "#glass black"},
				"south": {"uv": [6.5, 6, 7.5, 7], "texture": "#glass black"},
				"west": {"uv": [1, 6, 2, 7], "texture": "#glass black"},
				"up": {"uv": [0.5, 7.5, 1.5, 8.5], "texture": "#glass black"},
				"down": {"uv": [15.5, 8.5, 14.5, 7.5], "texture": "#glass black"}
			}
		},
		{
			"from": [1.35, 12.05, 7.5],
			"to": [1.6, 12.3, 8.5],
			"faces": {
				"north": {"uv": [8.5, 6, 9.5, 7], "texture": "#glass black"},
				"east": {"uv": [7.5, 6, 8.5, 7], "texture": "#glass black"},
				"south": {"uv": [6.5, 6, 7.5, 7], "texture": "#glass black"},
				"west": {"uv": [1, 6, 2, 7], "texture": "#glass black"},
				"up": {"uv": [0.5, 7.5, 1.5, 8.5], "texture": "#glass black"},
				"down": {"uv": [15.5, 8.5, 14.5, 7.5], "texture": "#glass black"}
			}
		},
		{
			"from": [7.85, 12.05, 7.5],
			"to": [9.1, 12.3, 8.5],
			"faces": {
				"north": {"uv": [8.5, 6, 9.5, 7], "texture": "#glass black"},
				"east": {"uv": [7.5, 6, 8.5, 7], "texture": "#glass black"},
				"south": {"uv": [6.5, 6, 7.5, 7], "texture": "#glass black"},
				"west": {"uv": [1, 6, 2, 7], "texture": "#glass black"},
				"up": {"uv": [0.5, 7.5, 1.5, 8.5], "texture": "#glass black"},
				"down": {"uv": [15.5, 8.5, 14.5, 7.5], "texture": "#glass black"}
			}
		},
		{
			"from": [7.35, 12.05, 7.5],
			"to": [7.6, 12.3, 8.5],
			"faces": {
				"north": {"uv": [8.5, 6, 9.5, 7], "texture": "#glass black"},
				"east": {"uv": [7.5, 6, 8.5, 7], "texture": "#glass black"},
				"south": {"uv": [6.5, 6, 7.5, 7], "texture": "#glass black"},
				"west": {"uv": [1, 6, 2, 7], "texture": "#glass black"},
				"up": {"uv": [0.5, 7.5, 1.5, 8.5], "texture": "#glass black"},
				"down": {"uv": [15.5, 8.5, 14.5, 7.5], "texture": "#glass black"}
			}
		},
		{
			"from": [6.85, 12.05, 7.5],
			"to": [7.1, 12.3, 8.5],
			"faces": {
				"north": {"uv": [8.5, 6, 9.5, 7], "texture": "#glass black"},
				"east": {"uv": [7.5, 6, 8.5, 7], "texture": "#glass black"},
				"south": {"uv": [6.5, 6, 7.5, 7], "texture": "#glass black"},
				"west": {"uv": [1, 6, 2, 7], "texture": "#glass black"},
				"up": {"uv": [0.5, 7.5, 1.5, 8.5], "texture": "#glass black"},
				"down": {"uv": [15.5, 8.5, 14.5, 7.5], "texture": "#glass black"}
			}
		},
		{
			"from": [6.35, 12.05, 7.5],
			"to": [6.6, 12.3, 8.5],
			"faces": {
				"north": {"uv": [8.5, 6, 9.5, 7], "texture": "#glass black"},
				"east": {"uv": [7.5, 6, 8.5, 7], "texture": "#glass black"},
				"south": {"uv": [6.5, 6, 7.5, 7], "texture": "#glass black"},
				"west": {"uv": [1, 6, 2, 7], "texture": "#glass black"},
				"up": {"uv": [0.5, 7.5, 1.5, 8.5], "texture": "#glass black"},
				"down": {"uv": [15.5, 8.5, 14.5, 7.5], "texture": "#glass black"}
			}
		},
		{
			"from": [5.85, 12.05, 7.5],
			"to": [6.1, 12.3, 8.5],
			"faces": {
				"north": {"uv": [8.5, 6, 9.5, 7], "texture": "#glass black"},
				"east": {"uv": [7.5, 6, 8.5, 7], "texture": "#glass black"},
				"south": {"uv": [6.5, 6, 7.5, 7], "texture": "#glass black"},
				"west": {"uv": [1, 6, 2, 7], "texture": "#glass black"},
				"up": {"uv": [0.5, 7.5, 1.5, 8.5], "texture": "#glass black"},
				"down": {"uv": [15.5, 8.5, 14.5, 7.5], "texture": "#glass black"}
			}
		},
		{
			"from": [5.35, 12.05, 7.5],
			"to": [5.6, 12.3, 8.5],
			"faces": {
				"north": {"uv": [8.5, 6, 9.5, 7], "texture": "#glass black"},
				"east": {"uv": [7.5, 6, 8.5, 7], "texture": "#glass black"},
				"south": {"uv": [6.5, 6, 7.5, 7], "texture": "#glass black"},
				"west": {"uv": [1, 6, 2, 7], "texture": "#glass black"},
				"up": {"uv": [0.5, 7.5, 1.5, 8.5], "texture": "#glass black"},
				"down": {"uv": [15.5, 8.5, 14.5, 7.5], "texture": "#glass black"}
			}
		},
		{
			"from": [0.85, 12.05, 7.5],
			"to": [1.1, 12.3, 8.5],
			"faces": {
				"north": {"uv": [8.5, 6, 9.5, 7], "texture": "#glass black"},
				"east": {"uv": [7.5, 6, 8.5, 7], "texture": "#glass black"},
				"south": {"uv": [6.5, 6, 7.5, 7], "texture": "#glass black"},
				"west": {"uv": [1, 6, 2, 7], "texture": "#glass black"},
				"up": {"uv": [0.5, 7.5, 1.5, 8.5], "texture": "#glass black"},
				"down": {"uv": [15.5, 8.5, 14.5, 7.5], "texture": "#glass black"}
			}
		},
		{
			"from": [0.35, 12.05, 7.5],
			"to": [0.6, 12.3, 8.5],
			"faces": {
				"north": {"uv": [8.5, 6, 9.5, 7], "texture": "#glass black"},
				"east": {"uv": [7.5, 6, 8.5, 7], "texture": "#glass black"},
				"south": {"uv": [6.5, 6, 7.5, 7], "texture": "#glass black"},
				"west": {"uv": [1, 6, 2, 7], "texture": "#glass black"},
				"up": {"uv": [0.5, 7.5, 1.5, 8.5], "texture": "#glass black"},
				"down": {"uv": [15.5, 8.5, 14.5, 7.5], "texture": "#glass black"}
			}
		},
		{
			"from": [-0.15, 12.05, 7.5],
			"to": [0.1, 12.3, 8.5],
			"faces": {
				"north": {"uv": [8.5, 6, 9.5, 7], "texture": "#glass black"},
				"east": {"uv": [7.5, 6, 8.5, 7], "texture": "#glass black"},
				"south": {"uv": [6.5, 6, 7.5, 7], "texture": "#glass black"},
				"west": {"uv": [1, 6, 2, 7], "texture": "#glass black"},
				"up": {"uv": [0.5, 7.5, 1.5, 8.5], "texture": "#glass black"},
				"down": {"uv": [15.5, 8.5, 14.5, 7.5], "texture": "#glass black"}
			}
		},
		{
			"from": [-0.65, 12.05, 7.5],
			"to": [-0.4, 12.3, 8.5],
			"faces": {
				"north": {"uv": [8.5, 6, 9.5, 7], "texture": "#glass black"},
				"east": {"uv": [7.5, 6, 8.5, 7], "texture": "#glass black"},
				"south": {"uv": [6.5, 6, 7.5, 7], "texture": "#glass black"},
				"west": {"uv": [1, 6, 2, 7], "texture": "#glass black"},
				"up": {"uv": [0.5, 7.5, 1.5, 8.5], "texture": "#glass black"},
				"down": {"uv": [15.5, 8.5, 14.5, 7.5], "texture": "#glass black"}
			}
		},
		{
			"from": [-1.15, 12.05, 7.5],
			"to": [-0.9, 12.3, 8.5],
			"faces": {
				"north": {"uv": [8.5, 6, 9.5, 7], "texture": "#glass black"},
				"east": {"uv": [7.5, 6, 8.5, 7], "texture": "#glass black"},
				"south": {"uv": [6.5, 6, 7.5, 7], "texture": "#glass black"},
				"west": {"uv": [1, 6, 2, 7], "texture": "#glass black"},
				"up": {"uv": [0.5, 7.5, 1.5, 8.5], "texture": "#glass black"},
				"down": {"uv": [15.5, 8.5, 14.5, 7.5], "texture": "#glass black"}
			}
		},
		{
			"from": [-1.65, 12.05, 7.5],
			"to": [-1.4, 12.3, 8.5],
			"faces": {
				"north": {"uv": [8.5, 6, 9.5, 7], "texture": "#glass black"},
				"east": {"uv": [7.5, 6, 8.5, 7], "texture": "#glass black"},
				"south": {"uv": [6.5, 6, 7.5, 7], "texture": "#glass black"},
				"west": {"uv": [1, 6, 2, 7], "texture": "#glass black"},
				"up": {"uv": [0.5, 7.5, 1.5, 8.5], "texture": "#glass black"},
				"down": {"uv": [15.5, 8.5, 14.5, 7.5], "texture": "#glass black"}
			}
		},
		{
			"from": [-2.15, 12.05, 7.5],
			"to": [-1.9, 12.3, 8.5],
			"faces": {
				"north": {"uv": [8.5, 6, 9.5, 7], "texture": "#glass black"},
				"east": {"uv": [7.5, 6, 8.5, 7], "texture": "#glass black"},
				"south": {"uv": [6.5, 6, 7.5, 7], "texture": "#glass black"},
				"west": {"uv": [1, 6, 2, 7], "texture": "#glass black"},
				"up": {"uv": [0.5, 7.5, 1.5, 8.5], "texture": "#glass black"},
				"down": {"uv": [15.5, 8.5, 14.5, 7.5], "texture": "#glass black"}
			}
		},
		{
			"from": [-4.625, 10.75, 7.075],
			"to": [10, 11.65, 8.9],
			"faces": {
				"north": {"uv": [8.5, 6, 15.5, 7], "texture": "#glass black"},
				"east": {"uv": [7.5, 6, 8.5, 7], "texture": "#glass black"},
				"south": {"uv": [0.5, 6, 7.5, 7], "texture": "#glass black"},
				"west": {"uv": [1, 6, 2, 7], "texture": "#glass black"},
				"up": {"uv": [0.5, 7.5, 7.5, 8.5], "texture": "#glass black"},
				"down": {"uv": [15.5, 8.5, 8.5, 7.5], "texture": "#glass black"}
			}
		},
		{
			"from": [10, 13.5, 7.75],
			"to": [10.25, 13.75, 8.25],
			"faces": {
				"north": {"uv": [8.5, 6, 15.5, 7], "texture": "#glass black"},
				"east": {"uv": [7.5, 6, 8.5, 7], "texture": "#glass black"},
				"south": {"uv": [0.5, 6, 7.5, 7], "texture": "#glass black"},
				"west": {"uv": [1, 6, 2, 7], "texture": "#glass black"},
				"up": {"uv": [0.5, 7.5, 7.5, 8.5], "texture": "#glass black"},
				"down": {"uv": [15.5, 8.5, 8.5, 7.5], "texture": "#glass black"}
			}
		},
		{
			"from": [10, 13, 7.5],
			"to": [10.25, 13.5, 7.75],
			"faces": {
				"north": {"uv": [8.5, 6, 15.5, 7], "texture": "#glass black"},
				"east": {"uv": [7.5, 6, 8.5, 7], "texture": "#glass black"},
				"south": {"uv": [0.5, 6, 7.5, 7], "texture": "#glass black"},
				"west": {"uv": [1, 6, 2, 7], "texture": "#glass black"},
				"up": {"uv": [0.5, 7.5, 7.5, 8.5], "texture": "#glass black"},
				"down": {"uv": [15.5, 8.5, 8.5, 7.5], "texture": "#glass black"}
			}
		},
		{
			"from": [10, 13, 8.25],
			"to": [10.25, 13.5, 8.5],
			"faces": {
				"north": {"uv": [8.5, 6, 15.5, 7], "texture": "#glass black"},
				"east": {"uv": [7.5, 6, 8.5, 7], "texture": "#glass black"},
				"south": {"uv": [0.5, 6, 7.5, 7], "texture": "#glass black"},
				"west": {"uv": [1, 6, 2, 7], "texture": "#glass black"},
				"up": {"uv": [0.5, 7.5, 7.5, 8.5], "texture": "#glass black"},
				"down": {"uv": [15.5, 8.5, 8.5, 7.5], "texture": "#glass black"}
			}
		},
		{
			"from": [-3.75, 12.775, 8.25],
			"to": [-2.9, 13.375, 8.5],
			"rotation": {"angle": 0, "axis": "y", "origin": [0.25, 0.1, 0]},
			"faces": {
				"north": {"uv": [8.5, 6, 15.5, 7], "texture": "#glass black"},
				"east": {"uv": [7.5, 6, 8.5, 7], "texture": "#glass black"},
				"south": {"uv": [0.5, 6, 7.5, 7], "texture": "#glass black"},
				"west": {"uv": [1, 6, 2, 7], "texture": "#glass black"},
				"up": {"uv": [0.5, 7.5, 7.5, 8.5], "texture": "#glass black"},
				"down": {"uv": [15.5, 8.5, 8.5, 7.5], "texture": "#glass black"}
			}
		},
		{
			"from": [9.75, 11.75, 7.5],
			"to": [10.75, 12.75, 8.5],
			"faces": {
				"north": {"uv": [8.5, 6, 15.5, 7], "texture": "#glass black"},
				"east": {"uv": [7.5, 6, 8.5, 7], "texture": "#glass black"},
				"south": {"uv": [0.5, 6, 7.5, 7], "texture": "#glass black"},
				"west": {"uv": [1, 6, 2, 7], "texture": "#glass black"},
				"up": {"uv": [0.5, 7.5, 7.5, 8.5], "texture": "#glass black"},
				"down": {"uv": [15.5, 8.5, 8.5, 7.5], "texture": "#glass black"}
			}
		},
		{
			"from": [-4, 12.05, 7.5],
			"to": [-2.9, 12.775, 8.5],
			"rotation": {"angle": 0, "axis": "y", "origin": [0.25, 0.1, 0]},
			"faces": {
				"north": {"uv": [8.5, 6, 15.5, 7], "texture": "#glass black"},
				"east": {"uv": [7.5, 6, 8.5, 7], "texture": "#glass black"},
				"south": {"uv": [0.5, 6, 7.5, 7], "texture": "#glass black"},
				"west": {"uv": [1, 6, 2, 7], "texture": "#glass black"},
				"up": {"uv": [0.5, 7.5, 7.5, 8.5], "texture": "#glass black"},
				"down": {"uv": [15.5, 8.5, 8.5, 7.5], "texture": "#glass black"}
			}
		},
		{
			"from": [11.15, 1.525, 7.4],
			"to": [11.575, 1.775, 8.6],
			"rotation": {"angle": 0, "axis": "y", "origin": [0, -1, 0]},
			"faces": {
				"north": {"uv": [6.2, 8.2, 6.7, 8.7], "texture": "#glass black", "cullface": "east"},
				"east": {"uv": [6.2, 8.1, 6.7, 8.8], "texture": "#glass black", "cullface": "east"},
				"south": {"uv": [6.7, 8.1, 6, 8.8], "texture": "#glass black", "cullface": "east"},
				"west": {"uv": [6, 8, 7, 9], "texture": "#glass black"},
				"up": {"uv": [6, 8, 7, 9], "texture": "#glass black"},
				"down": {"uv": [6.1, 8.9, 6.8, 8.1], "texture": "#glass black", "cullface": "east"}
			}
		},
		{
			"from": [11.4, 2.525, 7.4],
			"to": [11.825, 2.775, 8.6],
			"rotation": {"angle": 0, "axis": "y", "origin": [0, -1, 0]},
			"faces": {
				"north": {"uv": [6.7, 8.2, 6.2, 8.7], "texture": "#glass black", "cullface": "east"},
				"east": {"uv": [6.2, 8.1, 6.7, 8.8], "texture": "#glass black", "cullface": "east"},
				"south": {"uv": [6.7, 8.1, 6, 8.8], "texture": "#glass black", "cullface": "east"},
				"west": {"uv": [6, 8, 7, 9], "texture": "#glass black"},
				"up": {"uv": [6, 8, 7, 9], "texture": "#glass black"},
				"down": {"uv": [6.1, 8.9, 6.8, 8.1], "texture": "#glass black", "cullface": "east"}
			}
		},
		{
			"from": [11.65, 3.775, 7.4],
			"to": [11.975, 4.025, 8.6],
			"rotation": {"angle": 0, "axis": "y", "origin": [0, -1, 0]},
			"faces": {
				"north": {"uv": [6.2, 8.2, 6.7, 8.7], "texture": "#glass black", "cullface": "east"},
				"east": {"uv": [6.2, 8.1, 6.7, 8.8], "texture": "#glass black", "cullface": "east"},
				"south": {"uv": [6.7, 8.1, 6, 8.8], "texture": "#glass black", "cullface": "east"},
				"west": {"uv": [6, 8, 7, 9], "texture": "#glass black"},
				"up": {"uv": [6, 8, 7, 9], "texture": "#glass black"},
				"down": {"uv": [6.1, 8.9, 6.8, 8.1], "texture": "#glass black", "cullface": "east"}
			}
		},
		{
			"from": [11.5, 12.15, 7.325],
			"to": [13, 12.4, 8.65],
			"faces": {
				"north": {"uv": [8.5, 6, 15.5, 7], "texture": "#glass black"},
				"east": {"uv": [7.5, 6, 8.5, 7], "texture": "#glass black"},
				"south": {"uv": [0.5, 6, 7.5, 7], "texture": "#glass black"},
				"west": {"uv": [0, 0, 0, 0], "texture": "#glass black"},
				"up": {"uv": [0.5, 7.5, 7.5, 8.5], "texture": "#glass black"},
				"down": {"uv": [15.5, 8.5, 8.5, 7.5], "texture": "#glass black"}
			}
		},
		{
			"from": [11.5, 11.65, 7.075],
			"to": [13.75, 12.15, 8.9],
			"faces": {
				"north": {"uv": [8.5, 6, 15.5, 7], "texture": "#glass black"},
				"east": {"uv": [7.5, 6, 8.5, 7], "texture": "#glass black"},
				"south": {"uv": [0.5, 6, 7.5, 7], "texture": "#glass black"},
				"west": {"uv": [0, 0, 0, 0], "texture": "#glass black"},
				"up": {"uv": [0.5, 7.5, 7.5, 8.5], "texture": "#glass black"},
				"down": {"uv": [15.5, 8.5, 8.5, 7.5], "texture": "#glass black"}
			}
		},
		{
			"from": [11.25, 10.75, 6.825],
			"to": [14.25, 11.75, 9.15],
			"faces": {
				"north": {"uv": [8.5, 6, 15.5, 7], "texture": "#glass black"},
				"east": {"uv": [7.5, 6, 8.5, 7], "texture": "#glass black"},
				"south": {"uv": [0.5, 6, 7.5, 7], "texture": "#glass black"},
				"west": {"uv": [0, 0, 0, 0], "texture": "#glass black"},
				"up": {"uv": [0.5, 7.5, 7.5, 8.5], "texture": "#glass black"},
				"down": {"uv": [15.5, 8.5, 8.5, 7.5], "texture": "#glass black"}
			}
		},
		{
			"from": [10.25, 12.75, 7.5],
			"to": [10.5, 12.875, 8.5],
			"rotation": {"angle": 0, "axis": "y", "origin": [3, 0, 0]},
			"faces": {
				"north": {"uv": [8.5, 6, 15.5, 7], "texture": "#glass black"},
				"east": {"uv": [7.5, 6, 8.5, 7], "texture": "#glass black"},
				"south": {"uv": [0.5, 6, 7.5, 7], "texture": "#glass black"},
				"west": {"uv": [0, 0, 0, 0], "texture": "#glass black"},
				"up": {"uv": [0.5, 7.5, 7.5, 8.5], "texture": "#glass black"},
				"down": {"uv": [15.5, 8.5, 8.5, 7.5], "texture": "#glass black"}
			}
		}
	],
	"gui_light": "front",
	"display": {
		"thirdperson_righthand": {
			"rotation": [0, -90, 0],
			"translation": [0, 0, 1.75],
			"scale": [0.67, 0.67, 0.67]
		},
		"thirdperson_lefthand": {
			"rotation": [0, 90, 0],
			"translation": [0, 0, 1.75],
			"scale": [0.67, 0.67, 0.67]
		},
		"firstperson_righthand": {
			"rotation": [0, -90, 0],
			"translation": [0, 1.5, -1],
			"scale": [0.82, 0.82, 0.82]
		},
		"firstperson_lefthand": {
			"rotation": [0, 90, 0],
			"translation": [0, 1.5, -1],
			"scale": [0.82, 0.82, 0.82]
		},
		"ground": {
			"translation": [0.5, 1.75, 0],
			"scale": [0.85, 0.85, 0.85]
		},
		"gui": {
			"rotation": [0, 0, -45],
			"translation": [0, -0.75, 0],
			"scale": [0.59, 0.59, 0.64]
		},
		"head": {
			"translation": [0.25, 0, 0]
		},
		"fixed": {
			"rotation": [0, 180, -45],
			"translation": [0.5, -0.75, -1.1],
			"scale": [0.84, 0.84, 0.84]
		}
	}
}