{
	"credit": "Made by SrDarmith - YouTube: Mainclay",
	"textures": {
		"particle": "itemm/anvil_1",
		"texture": "itemm/anvil_1"
	},
	"elements": [
		{
			"from": [-2.25, 7.75, 7],
			"to": [3.25, 8.5, 9],
			"faces": {
				"north": {"uv": [12.75, 7.5, 16, 8.25], "texture": "#texture", "cullface": "west"},
				"east": {"uv": [7, 7.5, 9, 8.25], "texture": "#texture", "cullface": "west"},
				"south": {"uv": [0, 7.5, 3.25, 8.25], "texture": "#texture", "cullface": "west"},
				"west": {"uv": [7, 7.5, 9, 8.25], "texture": "#texture", "cullface": "west"},
				"up": {"uv": [0, 7, 3.25, 9], "texture": "#texture", "cullface": "west"},
				"down": {"uv": [16, 9, 12.75, 7], "texture": "#texture", "cullface": "west"}
			}
		},
		{
			"from": [-2.25, 9.25, 7.25],
			"to": [9.25, 9.5, 8.75],
			"faces": {
				"north": {"uv": [6.75, 6.5, 16, 6.75], "texture": "#texture", "cullface": "west"},
				"south": {"uv": [0, 6.5, 9.25, 6.75], "texture": "#texture", "cullface": "west"},
				"west": {"uv": [7.25, 6.5, 8.75, 6.75], "texture": "#texture", "cullface": "west"},
				"up": {"uv": [0, 7.25, 9.25, 8.75], "texture": "#texture", "cullface": "west"},
				"down": {"uv": [16, 8.75, 6.75, 7.25], "texture": "#texture", "cullface": "west"}
			}
		},
		{
			"from": [-2, 8, 7.25],
			"to": [9.25, 8.25, 8.75],
			"faces": {
				"north": {"uv": [6.75, 7.75, 16, 8], "texture": "#texture", "cullface": "west"},
				"east": {"uv": [7.25, 7.75, 8.75, 8], "texture": "#texture", "cullface": "west"},
				"south": {"uv": [0, 7.75, 9.25, 8], "texture": "#texture", "cullface": "west"},
				"west": {"uv": [7.25, 7.75, 8.75, 8], "texture": "#texture", "cullface": "west"},
				"up": {"uv": [0, 7.25, 9.25, 8.75], "texture": "#texture", "cullface": "west"},
				"down": {"uv": [16, 8.75, 6.75, 7.25], "texture": "#texture", "cullface": "west"}
			}
		},
		{
			"from": [-2.25, 8.75, 7.25],
			"to": [9.25, 9, 8.75],
			"faces": {
				"north": {"uv": [6.75, 7, 16, 7.25], "texture": "#texture", "cullface": "west"},
				"east": {"uv": [7.25, 7, 8.75, 7.25], "texture": "#texture", "cullface": "west"},
				"south": {"uv": [0, 7, 9.25, 7.25], "texture": "#texture", "cullface": "west"},
				"west": {"uv": [7.25, 7, 8.75, 7.25], "texture": "#texture", "cullface": "west"},
				"up": {"uv": [0, 7.25, 9.25, 8.75], "texture": "#texture", "cullface": "west"},
				"down": {"uv": [16, 8.75, 6.75, 7.25], "texture": "#texture", "cullface": "west"}
			}
		},
		{
			"from": [-2.25, 9, 7.25],
			"to": [-1.5, 9.25, 8.75],
			"faces": {
				"north": {"uv": [16, 6.75, 15, 7], "texture": "#texture", "cullface": "west"},
				"east": {"uv": [7.25, 6.75, 8.75, 7], "texture": "#texture", "cullface": "west"},
				"south": {"uv": [0, 6.75, 1, 7], "texture": "#texture", "cullface": "west"},
				"west": {"uv": [7.25, 6.75, 8.75, 7], "texture": "#texture", "cullface": "west"}
			}
		},
		{
			"from": [-2.25, 7.5, 7],
			"to": [3, 7.75, 9],
			"faces": {
				"north": {"uv": [13, 8.25, 16, 8.5], "texture": "#texture", "cullface": "west"},
				"east": {"uv": [7, 8.25, 9, 8.5], "texture": "#texture", "cullface": "west"},
				"south": {"uv": [0, 8.25, 3, 8.5], "texture": "#texture", "cullface": "west"},
				"west": {"uv": [7, 8.25, 9, 8.5], "texture": "#texture", "cullface": "west"},
				"down": {"uv": [16, 9, 13, 7], "texture": "#texture", "cullface": "west"}
			}
		},
		{
			"from": [-2.25, 7.25, 7.25],
			"to": [-1, 7.5, 8.75],
			"faces": {
				"north": {"uv": [15.75, 8.5, 16, 8.75], "texture": "#texture", "cullface": "west"},
				"east": {"uv": [7.25, 8.5, 8.75, 8.75], "texture": "#texture", "cullface": "west"},
				"south": {"uv": [0, 8.5, 0.25, 8.75], "texture": "#texture", "cullface": "west"},
				"west": {"uv": [7.25, 8.5, 8.75, 8.75], "texture": "#texture", "cullface": "west"},
				"down": {"uv": [16, 8.75, 15.75, 7.25], "texture": "#texture", "cullface": "west"}
			}
		},
		{
			"from": [-2, 9.75, 7.5],
			"to": [-1.25, 10, 8.5],
			"rotation": {"angle": 0, "axis": "y", "origin": [-0.25, 0, 0]},
			"faces": {
				"north": {"uv": [15, 6, 16, 6.25], "texture": "#texture", "cullface": "west"},
				"east": {"uv": [7.5, 6, 8.5, 6.25], "texture": "#texture", "cullface": "west"},
				"south": {"uv": [1, 6, 0, 6.25], "texture": "#texture", "cullface": "west"},
				"west": {"uv": [7.5, 6, 8.5, 6.25], "texture": "#texture", "cullface": "west"},
				"up": {"uv": [1, 7.5, 0, 8.5], "texture": "#texture", "cullface": "west"}
			}
		},
		{
			"from": [-2.225, 10.6, 7.75],
			"to": [-1.65, 11.1, 8.25],
			"rotation": {"angle": 0, "axis": "y", "origin": [-0.475, -0.15, 0]},
			"faces": {
				"north": {"uv": [16, 4.75, 15, 5.5], "texture": "#texture", "cullface": "west"},
				"east": {"uv": [7.75, 4.75, 8.25, 5.5], "texture": "#texture", "cullface": "west"},
				"south": {"uv": [0, 4.75, 1, 5.5], "texture": "#texture", "cullface": "west"},
				"west": {"uv": [7.75, 4.75, 8.25, 5.5], "texture": "#texture", "cullface": "west"},
				"up": {"uv": [0, 7.75, 1, 8.25], "texture": "#texture", "cullface": "west"}
			}
		},
		{
			"from": [-2.225, 11.1, 7.5],
			"to": [-1.65, 11.6, 7.75],
			"rotation": {"angle": 0, "axis": "y", "origin": [-0.475, -0.15, 0]},
			"faces": {
				"north": {"uv": [16, 4.25, 15, 4.75], "texture": "#texture", "cullface": "west"},
				"east": {"uv": [8.25, 4.25, 8.5, 4.75], "texture": "#texture", "cullface": "west"},
				"south": {"uv": [0, 4.25, 1, 4.75], "texture": "#texture", "cullface": "west"},
				"west": {"uv": [7.5, 4.25, 7.75, 4.75], "texture": "#texture", "cullface": "west"},
				"up": {"uv": [0, 7.5, 1, 7.75], "texture": "#texture", "cullface": "west"},
				"down": {"uv": [16, 7.75, 15, 7.5], "texture": "#texture", "cullface": "west"}
			}
		},
		{
			"from": [-2.225, 11.1, 8.25],
			"to": [-1.65, 11.6, 8.5],
			"rotation": {"angle": 0, "axis": "y", "origin": [-0.475, -0.15, 0]},
			"faces": {
				"north": {"uv": [16, 4.25, 15, 4.75], "texture": "#texture", "cullface": "west"},
				"east": {"uv": [7.5, 4.25, 7.75, 4.75], "texture": "#texture", "cullface": "west"},
				"south": {"uv": [0, 4.25, 1, 4.75], "texture": "#texture", "cullface": "west"},
				"west": {"uv": [8.25, 4.25, 8.5, 4.75], "texture": "#texture", "cullface": "west"},
				"up": {"uv": [0, 8.25, 1, 8.5], "texture": "#texture", "cullface": "west"},
				"down": {"uv": [16, 8.5, 15, 8.25], "texture": "#texture", "cullface": "west"}
			}
		},
		{
			"from": [-2.225, 11.6, 7.75],
			"to": [-1.65, 11.85, 8.25],
			"rotation": {"angle": 0, "axis": "y", "origin": [-0.475, -0.15, 0]},
			"faces": {
				"north": {"uv": [16, 4, 15, 4.25], "texture": "#texture", "cullface": "west"},
				"east": {"uv": [7.75, 4, 8.25, 4.25], "texture": "#texture", "cullface": "west"},
				"south": {"uv": [0, 4, 1, 4.25], "texture": "#texture", "cullface": "west"},
				"west": {"uv": [7.75, 4, 8.25, 4.25], "texture": "#texture", "cullface": "west"},
				"up": {"uv": [0, 7.75, 1, 8.25], "texture": "#texture", "cullface": "west"},
				"down": {"uv": [16, 8.25, 15, 7.75], "texture": "#texture", "cullface": "west"}
			}
		},
		{
			"from": [-2, 9.5, 7.5],
			"to": [-1, 9.75, 8.5],
			"rotation": {"angle": 0, "axis": "y", "origin": [-0.25, 0, 0]},
			"faces": {
				"north": {"uv": [15, 6.25, 16, 6.5], "texture": "#texture", "cullface": "west"},
				"east": {"uv": [7.5, 6.25, 8.5, 6.5], "texture": "#texture", "cullface": "west"},
				"south": {"uv": [1, 6.25, 0, 6.5], "texture": "#texture", "cullface": "west"},
				"west": {"uv": [7.5, 6.25, 8.5, 6.5], "texture": "#texture", "cullface": "west"},
				"up": {"uv": [1, 7.5, 0, 8.5], "texture": "#texture", "cullface": "west"}
			}
		},
		{
			"from": [-1, 9, 7.25],
			"to": [-0.75, 9.25, 8.75],
			"faces": {
				"north": {"uv": [16, 6.75, 15, 7], "texture": "#texture", "cullface": "west"},
				"east": {"uv": [7.25, 6.75, 8.75, 7], "texture": "#texture", "cullface": "west"},
				"south": {"uv": [0, 6.75, 1, 7], "texture": "#texture", "cullface": "west"},
				"west": {"uv": [7.25, 6.75, 8.75, 7], "texture": "#texture", "cullface": "west"}
			}
		},
		{
			"from": [-0.25, 9, 7.25],
			"to": [0.25, 9.25, 8.75],
			"faces": {
				"north": {"uv": [15, 6.75, 15.75, 7], "texture": "#texture"},
				"east": {"uv": [7.25, 6.75, 8.75, 7], "texture": "#texture"},
				"south": {"uv": [0.25, 6.75, 1, 7], "texture": "#texture"},
				"west": {"uv": [7.25, 6.75, 8.75, 7], "texture": "#texture"}
			}
		},
		{
			"from": [0.75, 9, 7.25],
			"to": [1, 9.25, 8.75],
			"faces": {
				"north": {"uv": [15, 6.75, 15.75, 7], "texture": "#texture"},
				"east": {"uv": [7.25, 6.75, 8.75, 7], "texture": "#texture"},
				"south": {"uv": [0.25, 6.75, 1, 7], "texture": "#texture"},
				"west": {"uv": [7.25, 6.75, 8.75, 7], "texture": "#texture"}
			}
		},
		{
			"from": [1.5, 9, 7.25],
			"to": [9.25, 9.25, 8.75],
			"faces": {
				"north": {"uv": [6.75, 6.75, 14.5, 7], "texture": "#texture"},
				"south": {"uv": [1.5, 6.75, 9.25, 7], "texture": "#texture"},
				"west": {"uv": [7.25, 6.75, 8.75, 7], "texture": "#texture"}
			}
		},
		{
			"from": [-1.5, 9, 7.75],
			"to": [6, 9.25, 8.25],
			"faces": {
				"north": {"uv": [15, 11.75, 16, 12], "texture": "#texture", "cullface": "west"},
				"south": {"uv": [15, 11.75, 16, 12], "texture": "#texture", "cullface": "west"}
			}
		},
		{
			"from": [2.5, 8.25, 7.25],
			"to": [7.25, 8.75, 8.75],
			"faces": {
				"north": {"uv": [8.75, 7.25, 13.5, 7.75], "texture": "#texture"},
				"south": {"uv": [2.5, 7.25, 7.25, 7.75], "texture": "#texture"},
				"west": {"uv": [7.25, 7.25, 8.5, 7.75], "texture": "#texture"}
			}
		},
		{
			"from": [-2.5, 8, 7.5],
			"to": [2.5, 8.9, 8.5],
			"faces": {
				"north": {"uv": [13.5, 7.5, 16, 7.75], "texture": "#texture", "cullface": "west"},
				"east": {"uv": [7.25, 7.5, 8.75, 7.75], "texture": "#texture", "cullface": "west"},
				"south": {"uv": [0, 7.5, 2.5, 7.75], "texture": "#texture", "cullface": "west"},
				"west": {"uv": [7.25, 7.5, 8.75, 7.75], "texture": "#texture", "cullface": "west"},
				"up": {"uv": [0, 7.25, 2.5, 8.75], "texture": "#texture", "cullface": "west"}
			}
		},
		{
			"from": [-2.25, 8.5, 7.25],
			"to": [2.5, 8.75, 8.75],
			"faces": {
				"north": {"uv": [13.5, 7.25, 16, 7.5], "texture": "#texture", "cullface": "west"},
				"east": {"uv": [7.25, 7.25, 8.75, 7.5], "texture": "#texture", "cullface": "west"},
				"south": {"uv": [0, 7.25, 2.5, 7.5], "texture": "#texture", "cullface": "west"},
				"west": {"uv": [7.25, 7.25, 8.75, 7.5], "texture": "#texture", "cullface": "west"}
			}
		},
		{
			"from": [7.25, 8.25, 7.25],
			"to": [9.25, 8.75, 8.75],
			"faces": {
				"north": {"uv": [6.75, 7.25, 8.75, 7.75], "texture": "#texture"},
				"east": {"uv": [7.25, 7.25, 8.75, 7.75], "texture": "#texture"},
				"south": {"uv": [7.25, 7.25, 9.25, 7.75], "texture": "#texture"},
				"west": {"uv": [7.25, 7.25, 8.75, 7.75], "texture": "#texture"}
			}
		},
		{
			"from": [3.75, 7.25, 7.25],
			"to": [9.25, 8, 8.75],
			"faces": {
				"north": {"uv": [6.75, 8, 13, 8.75], "texture": "#texture"},
				"east": {"uv": [7.25, 8, 8.75, 8.75], "texture": "#texture"},
				"south": {"uv": [3, 8, 9.25, 8.75], "texture": "#texture"},
				"west": {"uv": [7.25, 8, 8.75, 8.75], "texture": "#texture"},
				"down": {"uv": [13, 8.75, 6.75, 7.25], "texture": "#texture"}
			}
		},
		{
			"from": [3, 7.5, 7.25],
			"to": [3.75, 8, 8.75],
			"faces": {
				"north": {"uv": [6.75, 8, 13, 8.75], "texture": "#texture"},
				"east": {"uv": [7.25, 8, 8.75, 8.75], "texture": "#texture"},
				"south": {"uv": [8, 8, 9.25, 8.75], "texture": "#texture"},
				"west": {"uv": [7.25, 8, 8.75, 8.75], "texture": "#texture"},
				"down": {"uv": [13, 8.75, 6.75, 7.25], "texture": "#texture"}
			}
		},
		{
			"from": [5, 7, 7.25],
			"to": [9.25, 7.25, 8.75],
			"faces": {
				"north": {"uv": [6.75, 8.75, 11, 9], "texture": "#texture"},
				"east": {"uv": [7.25, 8.75, 8.75, 9], "texture": "#texture"},
				"south": {"uv": [5, 8.75, 9.25, 9], "texture": "#texture"},
				"west": {"uv": [7.25, 8.75, 8.75, 9], "texture": "#texture"},
				"down": {"uv": [11, 8.75, 6.75, 7.25], "texture": "#texture"}
			}
		},
		{
			"from": [4.525, 6.3, 7.75],
			"to": [4.775, 7.8, 8.25],
			"rotation": {"angle": -22.5, "axis": "z", "origin": [4.75, 7.75, 7.75]},
			"faces": {
				"north": {"uv": [11.75, 8.75, 12.25, 9.75], "texture": "#texture"},
				"east": {"uv": [7.75, 8.75, 8.25, 9.75], "texture": "#texture"},
				"south": {"uv": [3.75, 8.75, 4.25, 9.75], "texture": "#texture"},
				"west": {"uv": [7.75, 8.75, 8.25, 9.75], "texture": "#texture"},
				"up": {"uv": [3.75, 7.75, 4.25, 8.25], "texture": "#texture"},
				"down": {"uv": [12.25, 8.25, 11.75, 7.75], "texture": "#texture"}
			}
		},
		{
			"from": [1.7, 4.675, 7.5],
			"to": [1.8, 4.925, 8.5],
			"rotation": {"angle": 22.5, "axis": "z", "origin": [1.75, 7.5, 7.5]},
			"faces": {
				"north": {"uv": [15, 11.25, 16, 11.75], "texture": "#texture"},
				"east": {"uv": [7.5, 11.25, 8.5, 11.75], "texture": "#texture"},
				"south": {"uv": [0, 11.25, 1, 11.75], "texture": "#texture"},
				"west": {"uv": [7.5, 11.25, 8.5, 11.75], "texture": "#texture"},
				"up": {"uv": [15, 8, 16, 9], "texture": "#texture"},
				"down": {"uv": [15.5, 8.5, 14.5, 7.5], "texture": "#texture"}
			}
		},
		{
			"from": [1.8, 4.675, 7.5],
			"to": [2.55, 7.675, 8.5],
			"rotation": {"angle": 22.5, "axis": "z", "origin": [1.75, 7.5, 7.5]},
			"faces": {
				"north": {"uv": [14.5, 9.25, 15.5, 11.75], "texture": "#texture"},
				"east": {"uv": [7.5, 9.25, 8.5, 11.75], "texture": "#texture"},
				"south": {"uv": [0.5, 9.25, 1.5, 11.75], "texture": "#texture"},
				"west": {"uv": [7.5, 9.25, 8.5, 11.75], "texture": "#texture"},
				"down": {"uv": [15.5, 8.5, 14.5, 7.5], "texture": "#texture"}
			}
		},
		{
			"from": [4.9, 3.65, 7.5],
			"to": [6.4, 7.3, 8.5],
			"rotation": {"angle": 22.5, "axis": "z", "origin": [5, 7.25, 7.5]},
			"faces": {
				"north": {"uv": [9, 9.75, 10.25, 13.5], "texture": "#texture"},
				"east": {"uv": [7.5, 9.75, 8.5, 13.5], "texture": "#texture"},
				"south": {"uv": [5.75, 9.75, 7, 13.5], "texture": "#texture"},
				"west": {"uv": [7.5, 9.75, 8.5, 13.5], "texture": "#texture"},
				"down": {"uv": [10.25, 8.5, 9, 7.5], "texture": "#texture"}
			}
		},
		{
			"from": [2.9, 6.475, 7.6],
			"to": [5.15, 6.8, 8.4],
			"rotation": {"angle": 22.5, "axis": "z", "origin": [6, 7.25, 7.5]},
			"faces": {
				"north": {"uv": [9.25, 9.5, 9.75, 11.75], "rotation": 270, "texture": "#texture"},
				"south": {"uv": [6.25, 9.5, 6.75, 11.75], "rotation": 90, "texture": "#texture"},
				"west": {"uv": [9.75, 8.5, 9.25, 7.5], "rotation": 90, "texture": "#texture"},
				"up": {"uv": [7.5, 9.5, 8.5, 11.75], "rotation": 90, "texture": "#texture"},
				"down": {"uv": [7.5, 9.5, 8.5, 11.75], "rotation": 90, "texture": "#texture"}
			}
		},
		{
			"from": [3.75, 9.5, 7.825],
			"to": [4, 10.1, 8.175],
			"rotation": {"angle": 0, "axis": "y", "origin": [-0.25, 0, 0]},
			"faces": {
				"north": {"uv": [11.5, 6, 12, 6.5], "texture": "#texture"},
				"east": {"uv": [8, 6, 8.5, 6.5], "texture": "#texture"},
				"south": {"uv": [4, 6, 4.5, 6.5], "texture": "#texture"},
				"west": {"uv": [7.5, 6, 8, 6.5], "texture": "#texture"},
				"up": {"uv": [4, 7.5, 4.5, 8], "texture": "#texture"}
			}
		},
		{
			"from": [4, 9.5, 7.825],
			"to": [4.25, 9.825, 8.175],
			"rotation": {"angle": 0, "axis": "y", "origin": [-0.25, 0, 0]},
			"faces": {
				"north": {"uv": [11.25, 6.25, 11.5, 6.5], "texture": "#texture"},
				"east": {"uv": [8, 6.25, 8.5, 6.5], "texture": "#texture"},
				"south": {"uv": [4.5, 6.25, 4.75, 6.5], "texture": "#texture"},
				"up": {"uv": [4.5, 7.5, 4.75, 8], "texture": "#texture"}
			}
		},
		{
			"from": [2.75, 9, 7.5],
			"to": [3.25, 11.25, 8.5],
			"rotation": {"angle": -22.5, "axis": "z", "origin": [2.75, 11, 7.5]},
			"faces": {
				"north": {"uv": [12.75, 4.5, 13.25, 6.5], "texture": "#texture"},
				"east": {"uv": [7.5, 4.5, 8.5, 6.5], "texture": "#texture"},
				"south": {"uv": [2.75, 4.5, 3.25, 6.5], "texture": "#texture"},
				"west": {"uv": [7.5, 4.5, 8.5, 6.5], "texture": "#texture"},
				"up": {"uv": [2.75, 7.5, 3.25, 8.5], "texture": "#texture"}
			}
		},
		{
			"from": [5.75, 11.25, 8.25],
			"to": [8.425, 11.5, 8.5],
			"faces": {
				"north": {"uv": [7.5, 4.5, 10, 5], "texture": "#texture"},
				"east": {"uv": [7.5, 4.5, 8.5, 5], "texture": "#texture"},
				"south": {"uv": [6, 4.5, 8.5, 5], "texture": "#texture"},
				"west": {"uv": [7.5, 4.5, 8.5, 5], "texture": "#texture"},
				"up": {"uv": [6, 7.5, 8.5, 8.5], "texture": "#texture"},
				"down": {"uv": [10, 8.5, 7.5, 7.5], "texture": "#texture"}
			}
		},
		{
			"from": [5.75, 11.25, 7.5],
			"to": [8.425, 11.5, 7.75],
			"faces": {
				"north": {"uv": [7.5, 4.5, 10, 5], "texture": "#texture"},
				"east": {"uv": [7.5, 4.5, 8.5, 5], "texture": "#texture"},
				"south": {"uv": [6, 4.5, 8.5, 5], "texture": "#texture"},
				"west": {"uv": [7.5, 4.5, 8.5, 5], "texture": "#texture"},
				"up": {"uv": [6, 7.5, 8.5, 8.5], "texture": "#texture"},
				"down": {"uv": [10, 8.5, 7.5, 7.5], "texture": "#texture"}
			}
		},
		{
			"from": [7.75, 8.8, 7.75],
			"to": [8.475, 10.95, 8.25],
			"rotation": {"angle": 22.5, "axis": "z", "origin": [7.775, 11.25, 7.5]},
			"faces": {
				"north": {"uv": [7.5, 4.75, 8, 6.5], "texture": "#texture"},
				"east": {"uv": [7.5, 4.75, 8.5, 6.5], "texture": "#texture"},
				"south": {"uv": [8, 4.75, 8.5, 6.5], "texture": "#texture"},
				"west": {"uv": [7.5, 4.75, 8.5, 6.5], "texture": "#texture"},
				"up": {"uv": [8, 7.5, 8.5, 8.5], "texture": "#texture"}
			}
		},
		{
			"from": [7.75, 8.75, 8.25],
			"to": [8.475, 11.225, 8.5],
			"rotation": {"angle": 22.5, "axis": "z", "origin": [7.75, 11.25, 7.5]},
			"faces": {
				"north": {"uv": [7.5, 4.75, 8, 6.5], "texture": "#texture"},
				"east": {"uv": [7.5, 4.75, 8.5, 6.5], "texture": "#texture"},
				"south": {"uv": [8, 4.75, 8.5, 6.5], "texture": "#texture"},
				"west": {"uv": [7.5, 4.75, 8.5, 6.5], "texture": "#texture"},
				"up": {"uv": [8, 7.5, 8.5, 8.5], "texture": "#texture"}
			}
		},
		{
			"from": [7.75, 8.75, 7.5],
			"to": [8.475, 11.225, 7.75],
			"rotation": {"angle": 22.5, "axis": "z", "origin": [7.75, 11.25, 7.5]},
			"faces": {
				"north": {"uv": [7.5, 4.75, 8, 6.5], "texture": "#texture"},
				"east": {"uv": [7.5, 4.75, 8.5, 6.5], "texture": "#texture"},
				"south": {"uv": [8, 4.75, 8.5, 6.5], "texture": "#texture"},
				"west": {"uv": [7.5, 4.75, 8.5, 6.5], "texture": "#texture"},
				"up": {"uv": [8, 7.5, 8.5, 8.5], "texture": "#texture"}
			}
		},
		{
			"from": [8.75, 7, 7.125],
			"to": [16, 8.5, 8.875],
			"faces": {
				"north": {"uv": [1, 7.5, 7.25, 9], "texture": "#texture"},
				"south": {"uv": [8.75, 7.5, 15, 9], "texture": "#texture"},
				"west": {"uv": [7, 7.5, 9, 9], "texture": "#texture"},
				"up": {"uv": [8.75, 7, 15, 9], "texture": "#texture"},
				"down": {"uv": [7.25, 9, 1, 7], "texture": "#texture"}
			}
		},
		{
			"from": [2.125, 7.775, 7.525],
			"to": [4.375, 10.05, 8.475],
			"rotation": {"angle": -45, "axis": "z", "origin": [-0.75, -1.65, 0]},
			"faces": {
				"north": {"uv": [0.2, 8.2, 6.8, 8.7], "texture": "#texture", "cullface": "east"},
				"east": {"uv": [6.1, 8.1, 6.7, 8.8], "texture": "#texture", "cullface": "east"},
				"south": {"uv": [6.7, 8.1, 0, 8.8], "texture": "#texture", "cullface": "east"},
				"west": {"uv": [6, 8, 7, 9], "texture": "#texture"},
				"down": {"uv": [6.1, 8.9, 6.8, 8.1], "texture": "#texture", "cullface": "east"}
			}
		},
		{
			"from": [6.2, 7.2, 7.525],
			"to": [8.45, 9.475, 8.475],
			"rotation": {"angle": -22.5, "axis": "z", "origin": [-0.75, -1.65, 0]},
			"faces": {
				"north": {"uv": [0.2, 8.2, 6.8, 8.7], "texture": "#texture", "cullface": "east"},
				"east": {"uv": [6.1, 8.1, 6.7, 8.8], "texture": "#texture", "cullface": "east"},
				"south": {"uv": [6.7, 8.1, 0, 8.8], "texture": "#texture", "cullface": "east"},
				"west": {"uv": [6, 8, 7, 9], "texture": "#texture"},
				"down": {"uv": [6.1, 8.9, 6.8, 8.1], "texture": "#texture", "cullface": "east"}
			}
		},
		{
			"from": [9.75, 5.1, 7.525],
			"to": [12, 7.375, 8.475],
			"rotation": {"angle": 0, "axis": "y", "origin": [-0.75, -1.65, 0]},
			"faces": {
				"north": {"uv": [0.2, 8.2, 6.8, 8.7], "texture": "#texture", "cullface": "east"},
				"east": {"uv": [6.1, 8.1, 6.7, 8.8], "texture": "#texture", "cullface": "east"},
				"south": {"uv": [6.7, 8.1, 0, 8.8], "texture": "#texture", "cullface": "east"},
				"west": {"uv": [6, 8, 7, 9], "texture": "#texture"},
				"down": {"uv": [6.1, 8.9, 6.8, 8.1], "texture": "#texture", "cullface": "east"}
			}
		},
		{
			"from": [9.25, 9, 7.125],
			"to": [16, 9.5, 8.875],
			"faces": {
				"north": {"uv": [1, 6.5, 6.75, 7], "texture": "#texture"},
				"south": {"uv": [9.25, 6.5, 15, 7], "texture": "#texture"},
				"west": {"uv": [7, 6.5, 9, 7], "texture": "#texture"},
				"up": {"uv": [9.25, 7, 15, 9], "texture": "#texture"}
			}
		},
		{
			"from": [9, 8.5, 7.125],
			"to": [16, 9, 8.875],
			"faces": {
				"north": {"uv": [1, 7, 7, 7.5], "texture": "#texture"},
				"south": {"uv": [9, 7, 15, 7.5], "texture": "#texture"},
				"west": {"uv": [7, 7, 9, 7.5], "texture": "#texture"},
				"up": {"uv": [9, 7, 15, 9], "texture": "#texture"}
			}
		},
		{
			"from": [9.5, 6.75, 7.25],
			"to": [12.25, 7, 8.75],
			"faces": {
				"north": {"uv": [3.75, 9, 6.5, 9.5], "texture": "#texture"},
				"east": {"uv": [7.25, 9, 8.75, 9.5], "texture": "#texture"},
				"south": {"uv": [9.5, 9, 12.25, 9.5], "texture": "#texture"},
				"west": {"uv": [7.25, 9, 8.75, 9.5], "texture": "#texture"},
				"down": {"uv": [6.5, 8.75, 3.75, 7.25], "texture": "#texture"}
			}
		},
		{
			"from": [12.25, 6.5, 7.25],
			"to": [12.5, 7, 8.75],
			"faces": {
				"north": {"uv": [3.75, 9, 6.5, 9.5], "texture": "#texture"},
				"east": {"uv": [7.25, 9, 8.75, 9.5], "texture": "#texture"},
				"south": {"uv": [9.5, 9, 12.25, 9.5], "texture": "#texture"},
				"west": {"uv": [7.25, 9, 8.75, 9.5], "texture": "#texture"},
				"down": {"uv": [6.5, 8.75, 3.75, 7.25], "texture": "#texture"}
			}
		},
		{
			"from": [16, 6, 7.125],
			"to": [16.5, 9.75, 8.875],
			"faces": {
				"north": {"uv": [0.25, 6, 1, 10], "texture": "#texture"},
				"east": {"uv": [7, 6, 9, 10], "texture": "#texture"},
				"south": {"uv": [15, 6, 15.75, 10], "texture": "#texture"},
				"west": {"uv": [7, 6, 9, 10], "texture": "#texture"},
				"up": {"uv": [15, 7, 15.75, 9], "texture": "#texture"},
				"down": {"uv": [1, 9, 0.25, 7], "texture": "#texture"}
			}
		},
		{
			"from": [7.75, 9.5, 7.5],
			"to": [8.5, 11, 8.5],
			"faces": {
				"north": {"uv": [7.5, 5, 8.25, 6.5], "texture": "#texture"},
				"east": {"uv": [7.5, 5, 8.5, 6.5], "texture": "#texture"},
				"south": {"uv": [7.75, 5, 8.5, 6.5], "texture": "#texture"},
				"west": {"uv": [7.5, 5, 8.5, 6.5], "texture": "#texture"}
			}
		},
		{
			"from": [2.875, 11, 7.5],
			"to": [8.525, 11.25, 8.5],
			"rotation": {"angle": 0, "axis": "y", "origin": [0.025, 0, 0]},
			"faces": {
				"north": {"uv": [9.75, 4.75, 13, 5.25], "texture": "#texture"},
				"east": {"uv": [7.5, 4.75, 8.5, 5.25], "texture": "#texture"},
				"south": {"uv": [3, 4.75, 6.25, 5.25], "texture": "#texture"},
				"west": {"uv": [7.5, 4.75, 8.5, 5.25], "texture": "#texture"},
				"up": {"uv": [3, 7.5, 6.25, 8.5], "texture": "#texture"},
				"down": {"uv": [13, 8.5, 9.75, 7.5], "texture": "#texture"}
			}
		},
		{
			"from": [14.25, 9.5, 7.125],
			"to": [16, 9.75, 8.875],
			"faces": {
				"north": {"uv": [1, 6, 1.75, 6.5], "texture": "#texture"},
				"south": {"uv": [14.25, 6, 15, 6.5], "texture": "#texture"},
				"west": {"uv": [7, 6, 9, 6.5], "texture": "#texture"},
				"up": {"uv": [14.25, 7, 15, 9], "texture": "#texture"}
			}
		},
		{
			"from": [13.5, 6.75, 7.125],
			"to": [16, 7, 8.875],
			"faces": {
				"north": {"uv": [1, 9, 2.5, 9.25], "texture": "#texture"},
				"south": {"uv": [13.5, 9, 15, 9.25], "texture": "#texture"},
				"west": {"uv": [7, 9, 9, 9.25], "texture": "#texture"},
				"down": {"uv": [2.5, 9, 1, 7], "texture": "#texture"}
			}
		},
		{
			"from": [14, 6.5, 7.125],
			"to": [16, 6.75, 8.875],
			"faces": {
				"north": {"uv": [1, 9.25, 2, 9.5], "texture": "#texture"},
				"south": {"uv": [14, 9.25, 15, 9.5], "texture": "#texture"},
				"west": {"uv": [7, 9.25, 9, 9.5], "texture": "#texture"},
				"down": {"uv": [2, 9, 1, 7], "texture": "#texture"}
			}
		},
		{
			"from": [14.25, 6, 7.125],
			"to": [16, 6.5, 8.875],
			"faces": {
				"north": {"uv": [1, 9.5, 1.75, 10], "texture": "#texture"},
				"south": {"uv": [14.25, 9.5, 15, 10], "texture": "#texture"},
				"west": {"uv": [7, 9.5, 9, 10], "texture": "#texture"},
				"down": {"uv": [1.75, 9, 1, 7], "texture": "#texture"}
			}
		},
		{
			"from": [-2.225, 9.5, 7.75],
			"to": [-1.65, 10.6, 8.25],
			"rotation": {"angle": 22.5, "axis": "z", "origin": [-2.225, 10.6, 7.75]},
			"faces": {
				"north": {"uv": [16, 5.25, 15, 6], "texture": "#texture", "cullface": "west"},
				"east": {"uv": [7.75, 5.25, 8.25, 6], "texture": "#texture", "cullface": "west"},
				"south": {"uv": [0, 5.25, 1, 6], "texture": "#texture", "cullface": "west"},
				"west": {"uv": [7.75, 5.25, 8.25, 6], "texture": "#texture", "cullface": "west"}
			}
		},
		{
			"from": [-5.75, 8.7, 7.75],
			"to": [2.25, 8.825, 8.25],
			"faces": {
				"north": {"uv": [14.5, 6.75, 16, 7], "texture": "#texture", "cullface": "west"},
				"south": {"uv": [0, 6.75, 1.5, 7], "texture": "#texture", "cullface": "west"},
				"west": {"uv": [7.75, 6.75, 8.25, 7], "texture": "#texture", "cullface": "west"},
				"up": {"uv": [0, 7.75, 1.5, 8.25], "texture": "#texture", "cullface": "west"},
				"down": {"uv": [16, 8.25, 14.5, 7.75], "texture": "#texture", "cullface": "west"}
			}
		},
		{
			"from": [-7.75, 7.95, 7.75],
			"to": [-5.75, 8.2, 8.25],
			"faces": {
				"north": {"uv": [14.5, 7.5, 16, 7.75], "texture": "#texture", "cullface": "west"},
				"east": {"uv": [6, 7, 7, 8], "texture": "#texture"},
				"south": {"uv": [0, 7.5, 1.5, 7.75], "texture": "#texture", "cullface": "west"},
				"west": {"uv": [7.75, 7.5, 8.25, 7.75], "texture": "#texture", "cullface": "west"},
				"up": {"uv": [0, 7.75, 1.5, 8.25], "texture": "#texture", "cullface": "west"},
				"down": {"uv": [16, 8.25, 14.5, 7.75], "texture": "#texture", "cullface": "west"}
			}
		},
		{
			"from": [-7.75, 8.2, 8.25],
			"to": [-5.75, 8.7, 8.5],
			"faces": {
				"north": {"uv": [14.5, 7, 16, 7.5], "texture": "#texture", "cullface": "west"},
				"east": {"uv": [6, 7, 7, 8], "texture": "#texture"},
				"south": {"uv": [0, 7, 1.5, 7.5], "texture": "#texture", "cullface": "west"},
				"west": {"uv": [8.25, 7, 8.5, 7.5], "texture": "#texture", "cullface": "west"},
				"up": {"uv": [0, 8.25, 1.5, 8.5], "texture": "#texture", "cullface": "west"},
				"down": {"uv": [16, 8.5, 14.5, 8.25], "texture": "#texture", "cullface": "west"}
			}
		},
		{
			"from": [-7.75, 8.2, 7.5],
			"to": [-5.75, 8.7, 7.75],
			"faces": {
				"north": {"uv": [14.5, 7, 16, 7.5], "texture": "#texture", "cullface": "west"},
				"east": {"uv": [6, 7, 7, 8], "texture": "#texture"},
				"south": {"uv": [0, 7, 1.5, 7.5], "texture": "#texture", "cullface": "west"},
				"west": {"uv": [7.5, 7, 7.75, 7.5], "texture": "#texture", "cullface": "west"},
				"up": {"uv": [0, 7.5, 1.5, 7.75], "texture": "#texture", "cullface": "west"},
				"down": {"uv": [16, 7.75, 14.5, 7.5], "texture": "#texture", "cullface": "west"}
			}
		},
		{
			"from": [-7.75, 8.7, 7.75],
			"to": [-5.75, 8.95, 8.25],
			"faces": {
				"north": {"uv": [14.5, 6.75, 16, 7], "texture": "#texture", "cullface": "west"},
				"east": {"uv": [6, 7, 7, 8], "texture": "#texture"},
				"south": {"uv": [0, 6.75, 1.5, 7], "texture": "#texture", "cullface": "west"},
				"west": {"uv": [7.75, 6.75, 8.25, 7], "texture": "#texture", "cullface": "west"},
				"up": {"uv": [0, 7.75, 1.5, 8.25], "texture": "#texture", "cullface": "west"},
				"down": {"uv": [16, 8.25, 14.5, 7.75], "texture": "#texture", "cullface": "west"}
			}
		},
		{
			"from": [-5.75, 8.2, 7.625],
			"to": [2.25, 8.7, 7.75],
			"faces": {
				"north": {"uv": [14.5, 7, 16, 7.5], "texture": "#texture", "cullface": "west"},
				"south": {"uv": [0, 7, 1.5, 7.5], "texture": "#texture", "cullface": "west"},
				"west": {"uv": [7.5, 7, 7.75, 7.5], "texture": "#texture", "cullface": "west"},
				"up": {"uv": [0, 7.5, 1.5, 7.75], "texture": "#texture", "cullface": "west"},
				"down": {"uv": [16, 7.75, 14.5, 7.5], "texture": "#texture", "cullface": "west"}
			}
		},
		{
			"from": [-5.75, 8.2, 8.25],
			"to": [2.25, 8.7, 8.375],
			"faces": {
				"north": {"uv": [14.5, 7, 16, 7.5], "texture": "#texture", "cullface": "west"},
				"south": {"uv": [0, 7, 1.5, 7.5], "texture": "#texture", "cullface": "west"},
				"west": {"uv": [8.25, 7, 8.5, 7.5], "texture": "#texture", "cullface": "west"},
				"up": {"uv": [0, 8.25, 1.5, 8.5], "texture": "#texture", "cullface": "west"},
				"down": {"uv": [16, 8.5, 14.5, 8.25], "texture": "#texture", "cullface": "west"}
			}
		},
		{
			"from": [-5.75, 8.075, 7.75],
			"to": [2.25, 8.2, 8.25],
			"faces": {
				"north": {"uv": [14.5, 7.5, 16, 7.75], "texture": "#texture", "cullface": "west"},
				"south": {"uv": [0, 7.5, 1.5, 7.75], "texture": "#texture", "cullface": "west"},
				"west": {"uv": [7.75, 7.5, 8.25, 7.75], "texture": "#texture", "cullface": "west"},
				"up": {"uv": [0, 7.75, 1.5, 8.25], "texture": "#texture", "cullface": "west"},
				"down": {"uv": [16, 8.25, 14.5, 7.75], "texture": "#texture", "cullface": "west"}
			}
		}
	],
	"gui_light": "front",
	"display": {
		"thirdperson_righthand": {
			"rotation": [116.65, -90, 116.77],
			"translation": [0, 0.5, 3.5],
			"scale": [0.9, 0.9, 0.9]
		},
		"thirdperson_lefthand": {
			"rotation": [-116.65, 90, 116.77],
			"translation": [0, 0.5, 3.5],
			"scale": [0.9, 0.9, 0.9]
		},
		"firstperson_righthand": {
			"rotation": [0, -90, 0],
			"translation": [0, 2.5, 2]
		},
		"firstperson_lefthand": {
			"rotation": [0, 90, 0],
			"translation": [0, 2.5, 2]
		},
		"ground": {
			"translation": [2.75, 1.75, 0],
			"scale": [1.1, 1.1, 1.1]
		},
		"gui": {
			"rotation": [0, 0, -45],
			"translation": [1.75, -2, 0],
			"scale": [0.83, 0.83, 1]
		},
		"head": {
			"translation": [4, 0, 0]
		},
		"fixed": {
			"rotation": [0, 180, -45],
			"translation": [-2.4, -2.2, -1.1],
			"scale": [1.19, 1.19, 1.19]
		}
	}
}