{
	"credit": "Designed by Sgeorge1970 with Cubik Studio - https://cubik.studio",
	"textures": {
		"texture": "guns/gray6",
		"texture1": "guns/gray8",
		"texture2": "guns/gray7",
		"texture3": "guns/red2",
		"particle": "blocks/e_particle"
	},
	"elements": [
		{
			"name": "Box1",
			"from": [-4.5, 10, 6],
			"to": [8.5, 12, 8],
			"faces": {
				"north": {"uv": [7.5, 4, 16, 6], "texture": "#texture2"},
				"east": {"uv": [8, 4, 10, 6], "texture": "#texture2"},
				"south": {"uv": [0, 4, 8.5, 6], "texture": "#texture2"},
				"west": {"uv": [6, 4, 8, 6], "texture": "#texture2"},
				"up": {"uv": [0, 6, 8.5, 8], "texture": "#texture2"},
				"down": {"uv": [0, 8, 8.5, 10], "texture": "#texture2"}
			}
		},
		{
			"name": "Box2",
			"from": [-2, 9.5, 6.5],
			"to": [8.5, 10, 7.5],
			"faces": {
				"north": {"uv": [7.5, 6, 16, 6.5], "texture": "#texture"},
				"east": {"uv": [8.5, 6, 9.5, 6.5], "texture": "#texture"},
				"south": {"uv": [0, 6, 8.5, 6.5], "texture": "#texture"},
				"west": {"uv": [6.5, 6, 7.5, 6.5], "texture": "#texture"},
				"up": {"uv": [0, 6.5, 8.5, 7.5], "texture": "#texture"},
				"down": {"uv": [0, 8.5, 8.5, 9.5], "texture": "#texture"}
			}
		},
		{
			"name": "Box3",
			"from": [-4.5, 8.125, 6.25],
			"to": [8.5, 9.625, 7.75],
			"faces": {
				"north": {"uv": [7.5, 6.375, 16, 7.875], "texture": "#texture2"},
				"east": {"uv": [8.25, 6.375, 9.75, 7.875], "texture": "#texture2"},
				"south": {"uv": [0, 6.375, 8.5, 7.875], "texture": "#texture2"},
				"west": {"uv": [6.25, 6.375, 7.75, 7.875], "texture": "#texture2"},
				"up": {"uv": [0, 6.25, 8.5, 7.75], "texture": "#texture2"},
				"down": {"uv": [0, 8.25, 8.5, 9.75], "texture": "#texture2"}
			}
		},
		{
			"name": "Box4",
			"from": [-4.5, 8.375, 7.5],
			"to": [8.5, 9.375, 8],
			"faces": {
				"north": {"uv": [7.5, 6.625, 16, 7.625], "texture": "#texture2"},
				"east": {"uv": [8, 6.625, 8.5, 7.625], "texture": "#texture2"},
				"south": {"uv": [0, 6.625, 8.5, 7.625], "texture": "#texture2"},
				"west": {"uv": [7.5, 6.625, 8, 7.625], "texture": "#texture2"},
				"up": {"uv": [0, 7.5, 8.5, 8], "texture": "#texture2"},
				"down": {"uv": [0, 8, 8.5, 8.5], "texture": "#texture2"}
			}
		},
		{
			"name": "Box5",
			"from": [-4.5, 7.875, 6.5],
			"to": [8.5, 8.375, 7.5],
			"faces": {
				"north": {"uv": [7.5, 7.625, 16, 8.125], "texture": "#texture2"},
				"east": {"uv": [8.5, 7.625, 9.5, 8.125], "texture": "#texture2"},
				"south": {"uv": [0, 7.625, 8.5, 8.125], "texture": "#texture2"},
				"west": {"uv": [6.5, 7.625, 7.5, 8.125], "texture": "#texture2"},
				"up": {"uv": [0, 6.5, 8.5, 7.5], "texture": "#texture2"},
				"down": {"uv": [0, 8.5, 8.5, 9.5], "texture": "#texture2"}
			}
		},
		{
			"name": "Box4",
			"from": [-4.5, 8.375, 6],
			"to": [8.5, 9.375, 6.5],
			"faces": {
				"north": {"uv": [7.5, 6.625, 16, 7.625], "texture": "#texture2"},
				"east": {"uv": [9.5, 6.625, 10, 7.625], "texture": "#texture2"},
				"south": {"uv": [0, 6.625, 8.5, 7.625], "texture": "#texture2"},
				"west": {"uv": [6, 6.625, 6.5, 7.625], "texture": "#texture2"},
				"up": {"uv": [0, 6, 8.5, 6.5], "texture": "#texture2"},
				"down": {"uv": [0, 9.5, 8.5, 10], "texture": "#texture2"}
			}
		},
		{
			"name": "Box7",
			"from": [-4, 7.5, 6.25],
			"to": [0.5, 9.5, 7.75],
			"faces": {
				"north": {"uv": [15.5, 6.5, 16, 8.5], "texture": "#texture1"},
				"east": {"uv": [8.25, 6.5, 9.75, 8.5], "texture": "#texture1"},
				"south": {"uv": [0, 6.5, 0.5, 8.5], "texture": "#texture1"},
				"west": {"uv": [6.25, 6.5, 7.75, 8.5], "texture": "#texture1"},
				"up": {"uv": [0, 6.25, 0.5, 7.75], "texture": "#texture1"},
				"down": {"uv": [0, 8.25, 0.5, 9.75], "texture": "#texture1"}
			}
		},
		{
			"name": "Box10",
			"from": [-3.8, 7.5, 6.75],
			"to": [0.25, 9.5, 7.75],
			"rotation": {"angle": 22.5, "axis": "x", "origin": [-3.8, 7.5, 7.75]},
			"faces": {
				"north": {"uv": [15, 10, 14, 8], "texture": "#texture1"},
				"east": {"uv": [6, 7.5, 8, 8.5], "rotation": 90, "texture": "#texture1"},
				"south": {"uv": [14, 6, 15, 8], "texture": "#texture1"},
				"west": {"uv": [8, 7.5, 10, 8.5], "rotation": 270, "texture": "#texture1"},
				"up": {"uv": [14, 7.5, 15, 8.5], "texture": "#texture1"},
				"down": {"uv": [2, 8.5, 1, 7.5], "texture": "#texture1"}
			}
		},
		{
			"name": "Box10",
			"from": [-3.8, 7.5, 6.25],
			"to": [0.25, 9.5, 7.25],
			"rotation": {"angle": -22.5, "axis": "x", "origin": [0.25, 7.5, 6.25]},
			"faces": {
				"north": {"uv": [14, 6, 15, 8], "texture": "#texture1"},
				"east": {"uv": [8, 7.5, 10, 8.5], "rotation": 270, "texture": "#texture1"},
				"south": {"uv": [15, 10, 14, 8], "texture": "#texture1"},
				"west": {"uv": [6, 7.5, 8, 8.5], "rotation": 90, "texture": "#texture1"},
				"up": {"uv": [14, 7.5, 15, 8.5], "rotation": 180, "texture": "#texture1"},
				"down": {"uv": [2, 8.5, 1, 7.5], "rotation": 180, "texture": "#texture1"}
			}
		},
		{
			"name": "Box14",
			"from": [-4, 9.25, 5.5],
			"to": [0.5, 9.75, 8.5],
			"faces": {
				"north": {"uv": [15.5, 6.25, 16, 6.75], "texture": "#texture1"},
				"east": {"uv": [7.5, 6.25, 10.5, 6.75], "texture": "#texture1"},
				"south": {"uv": [0, 6.25, 0.5, 6.75], "texture": "#texture1"},
				"west": {"uv": [5.5, 6.25, 8.5, 6.75], "texture": "#texture1"},
				"up": {"uv": [0, 5.5, 0.5, 8.5], "texture": "#texture1"},
				"down": {"uv": [0, 7.5, 0.5, 10.5], "texture": "#texture1"}
			}
		},
		{
			"name": "Box15",
			"from": [-3.5, 7.25, 6.5],
			"to": [0, 7.75, 7.5],
			"faces": {
				"north": {"uv": [0, 8.25, 3.5, 8.75], "texture": "#texture1"},
				"east": {"uv": [8.5, 8.25, 9.5, 8.75], "texture": "#texture1"},
				"south": {"uv": [12.5, 8.25, 16, 8.75], "texture": "#texture1"},
				"west": {"uv": [6.5, 8.25, 7.5, 8.75], "texture": "#texture1"},
				"up": {"uv": [12.5, 6.5, 16, 7.5], "texture": "#texture1"},
				"down": {"uv": [12.5, 8.5, 16, 9.5], "texture": "#texture1"}
			}
		},
		{
			"name": "Box16",
			"from": [6.5, 9.5, 6.25],
			"to": [8.5, 10, 7.75],
			"faces": {
				"north": {"uv": [7.5, 6, 9.5, 6.5], "texture": "#texture2"},
				"east": {"uv": [8.25, 6, 9.75, 6.5], "texture": "#texture2"},
				"south": {"uv": [6.5, 6, 8.5, 6.5], "texture": "#texture2"},
				"west": {"uv": [6.25, 6, 7.75, 6.5], "texture": "#texture2"},
				"up": {"uv": [6.5, 6.25, 8.5, 7.75], "texture": "#texture2"},
				"down": {"uv": [6.5, 8.25, 8.5, 9.75], "texture": "#texture2"}
			}
		},
		{
			"name": "Box14",
			"from": [-4.5, 10.5, 7.875],
			"to": [8.5, 11.5, 8.375],
			"faces": {
				"north": {"uv": [7.5, 4.5, 16, 5.5], "texture": "#texture2"},
				"east": {"uv": [7.625, 4.5, 8.125, 5.5], "texture": "#texture2"},
				"south": {"uv": [0, 4.5, 8.5, 5.5], "texture": "#texture2"},
				"west": {"uv": [7.875, 4.5, 8.375, 5.5], "texture": "#texture2"},
				"up": {"uv": [0, 7.875, 8.5, 8.375], "texture": "#texture2"},
				"down": {"uv": [0, 7.625, 8.5, 8.125], "texture": "#texture2"}
			}
		},
		{
			"name": "Box14",
			"from": [-4.5, 10.5, 5.625],
			"to": [8.5, 11.5, 6.125],
			"faces": {
				"north": {"uv": [7.5, 4.5, 16, 5.5], "texture": "#texture2"},
				"east": {"uv": [9.875, 4.5, 10.375, 5.5], "texture": "#texture2"},
				"south": {"uv": [0, 4.5, 8.5, 5.5], "texture": "#texture2"},
				"west": {"uv": [5.625, 4.5, 6.125, 5.5], "texture": "#texture2"},
				"up": {"uv": [0, 5.625, 8.5, 6.125], "texture": "#texture2"},
				"down": {"uv": [0, 9.875, 8.5, 10.375], "texture": "#texture2"}
			}
		},
		{
			"name": "Box16",
			"from": [-4.5, 11.875, 6.5],
			"to": [8.5, 12.375, 7.5],
			"faces": {
				"north": {"uv": [7.5, 3.625, 16, 4.125], "texture": "#texture2"},
				"east": {"uv": [8.5, 3.625, 9.5, 4.125], "texture": "#texture2"},
				"south": {"uv": [0, 3.625, 8.5, 4.125], "texture": "#texture2"},
				"west": {"uv": [6.5, 3.625, 7.5, 4.125], "texture": "#texture2"},
				"up": {"uv": [0, 6.5, 8.5, 7.5], "texture": "#texture2"},
				"down": {"uv": [0, 8.5, 8.5, 9.5], "texture": "#texture2"}
			}
		},
		{
			"name": "Box17",
			"from": [8.5, 7.5, 5.5],
			"to": [20, 11.5, 8.5],
			"faces": {
				"north": {"uv": [0, 4.5, 7.5, 8.5], "texture": "#texture"},
				"east": {"uv": [7.5, 4.5, 10.5, 8.5], "texture": "#texture"},
				"south": {"uv": [8.5, 4.5, 16, 8.5], "texture": "#texture"},
				"west": {"uv": [5.5, 4.5, 8.5, 8.5], "texture": "#texture"},
				"up": {"uv": [8.5, 5.5, 16, 8.5], "texture": "#texture"},
				"down": {"uv": [8.5, 7.5, 16, 10.5], "texture": "#texture"}
			}
		},
		{
			"name": "Box18",
			"from": [8.5, 11.5, 5.5],
			"to": [20, 12.5, 6.5],
			"rotation": {"angle": 22.5, "axis": "x", "origin": [8.5, 11.5, 5.5]},
			"faces": {
				"north": {"uv": [0, 3.5, 7.5, 4.5], "texture": "#texture"},
				"east": {"uv": [9.5, 3.5, 10.5, 4.5], "texture": "#texture"},
				"south": {"uv": [8.5, 3.5, 16, 4.5], "texture": "#texture"},
				"west": {"uv": [5.5, 3.5, 6.5, 4.5], "texture": "#texture"},
				"up": {"uv": [8.5, 5.5, 16, 6.5], "texture": "#texture"},
				"down": {"uv": [8.5, 9.5, 16, 10.5], "texture": "#texture"}
			}
		},
		{
			"name": "Box18",
			"from": [8.5, 11.5, 7.5],
			"to": [20, 12.5, 8.5],
			"rotation": {"angle": -22.5, "axis": "x", "origin": [20, 11.5, 8.5]},
			"faces": {
				"north": {"uv": [8.5, 3.5, 16, 4.5], "texture": "#texture"},
				"east": {"uv": [5.5, 3.5, 6.5, 4.5], "texture": "#texture"},
				"south": {"uv": [0, 3.5, 7.5, 4.5], "texture": "#texture"},
				"west": {"uv": [9.5, 3.5, 10.5, 4.5], "texture": "#texture"},
				"up": {"uv": [8.5, 5.5, 16, 6.5], "rotation": 180, "texture": "#texture"},
				"down": {"uv": [8.5, 9.5, 16, 10.5], "rotation": 180, "texture": "#texture"}
			}
		},
		{
			"name": "Box20",
			"from": [8.5, 12, 6],
			"to": [20, 12.5, 8],
			"faces": {
				"north": {"uv": [0, 3.5, 7.5, 4], "texture": "#texture"},
				"east": {"uv": [8, 3.5, 10, 4], "texture": "#texture"},
				"south": {"uv": [8.5, 3.5, 16, 4], "texture": "#texture"},
				"west": {"uv": [6, 3.5, 8, 4], "texture": "#texture"},
				"up": {"uv": [8.5, 6, 16, 8], "texture": "#texture"},
				"down": {"uv": [8.5, 8, 16, 10], "texture": "#texture"}
			}
		},
		{
			"name": "Box21",
			"from": [20, 7.5, 6],
			"to": [23.5, 12.5, 8],
			"rotation": {"angle": -22.5, "axis": "z", "origin": [20, 12.5, 8]},
			"faces": {
				"north": {"uv": [7.5, 8.5, 4, 3.5], "texture": "#texture"},
				"east": {"uv": [8, 3.5, 10, 8.5], "rotation": 180, "texture": "#texture"},
				"south": {"uv": [12, 8.5, 8.5, 3.5], "texture": "#texture"},
				"west": {"uv": [6, 3.5, 8, 8.5], "rotation": 180, "texture": "#texture"},
				"up": {"uv": [4, 8, 7.5, 10], "texture": "#texture"},
				"down": {"uv": [4, 6, 7.5, 8], "texture": "#texture"}
			}
		},
		{
			"name": "Box22",
			"from": [21.25, 6.625, 5.5],
			"to": [23.25, 11.125, 8.5],
			"faces": {
				"north": {"uv": [8.75, 4.875, 10.75, 9.375], "texture": "#texture"},
				"east": {"uv": [7.5, 4.875, 10.5, 9.375], "texture": "#texture"},
				"south": {"uv": [5.25, 4.875, 7.25, 9.375], "texture": "#texture"},
				"west": {"uv": [5.5, 4.875, 8.5, 9.375], "texture": "#texture"},
				"up": {"uv": [5.25, 5.5, 7.25, 8.5], "texture": "#texture"},
				"down": {"uv": [5.25, 7.5, 7.25, 10.5], "texture": "#texture"}
			}
		},
		{
			"name": "Box23",
			"from": [23, 6.5, 6],
			"to": [25, 10, 8],
			"faces": {
				"north": {"uv": [7, 6, 9, 9.5], "texture": "#texture"},
				"east": {"uv": [8, 6, 10, 9.5], "texture": "#texture"},
				"south": {"uv": [7, 6, 9, 9.5], "texture": "#texture"},
				"west": {"uv": [6, 6, 8, 9.5], "texture": "#texture"},
				"up": {"uv": [7, 6, 9, 8], "texture": "#texture"},
				"down": {"uv": [7, 8, 9, 10], "texture": "#texture"}
			}
		},
		{
			"name": "Box24",
			"from": [23, 8, 8],
			"to": [25, 10, 8.5],
			"faces": {
				"north": {"uv": [7, 6, 9, 8], "texture": "#texture"},
				"east": {"uv": [7.5, 6, 8, 8], "texture": "#texture"},
				"south": {"uv": [7, 6, 9, 8], "texture": "#texture"},
				"west": {"uv": [8, 6, 8.5, 8], "texture": "#texture"},
				"up": {"uv": [7, 8, 9, 8.5], "texture": "#texture"},
				"down": {"uv": [7, 7.5, 9, 8], "texture": "#texture"}
			}
		},
		{
			"name": "Box24",
			"from": [23, 8, 5.5],
			"to": [25, 10, 6],
			"faces": {
				"north": {"uv": [7, 6, 9, 8], "texture": "#texture"},
				"east": {"uv": [10, 6, 10.5, 8], "texture": "#texture"},
				"south": {"uv": [7, 6, 9, 8], "texture": "#texture"},
				"west": {"uv": [5.5, 6, 6, 8], "texture": "#texture"},
				"up": {"uv": [7, 5.5, 9, 6], "texture": "#texture"},
				"down": {"uv": [7, 10, 9, 10.5], "texture": "#texture"}
			}
		},
		{
			"name": "Box26",
			"from": [23, 10, 6],
			"to": [25, 10.5, 8],
			"faces": {
				"north": {"uv": [7, 5.5, 9, 6], "texture": "#texture"},
				"east": {"uv": [8, 5.5, 10, 6], "texture": "#texture"},
				"south": {"uv": [7, 5.5, 9, 6], "texture": "#texture"},
				"west": {"uv": [6, 5.5, 8, 6], "texture": "#texture"},
				"up": {"uv": [7, 6, 9, 8], "texture": "#texture"},
				"down": {"uv": [7, 8, 9, 10], "texture": "#texture"}
			}
		},
		{
			"name": "Box27",
			"from": [21.5, 4.75, 6],
			"to": [24, 6.75, 8],
			"faces": {
				"north": {"uv": [8, 9.5, 10.5, 11.5], "texture": "#texture1"},
				"east": {"uv": [8, 9.5, 10, 11.5], "texture": "#texture1"},
				"south": {"uv": [5.5, 9.5, 8, 11.5], "texture": "#texture1"},
				"west": {"uv": [6, 9.5, 8, 11.5], "texture": "#texture1"},
				"up": {"uv": [5.5, 6, 8, 8], "texture": "#texture1"},
				"down": {"uv": [5.5, 8, 8, 10], "texture": "#texture1"}
			}
		},
		{
			"name": "Box28",
			"from": [21.5, 0.25, 6],
			"to": [24, 4.75, 8],
			"rotation": {"angle": 22.5, "axis": "z", "origin": [21.5, 4.75, 8]},
			"faces": {
				"north": {"uv": [8, 16, 5.5, 11.5], "texture": "#texture1"},
				"east": {"uv": [1, 11.5, 2, 16], "rotation": 180, "texture": "#texture1"},
				"south": {"uv": [10.5, 16, 8, 11.5], "texture": "#texture1"},
				"west": {"uv": [14, 11.5, 15, 16], "rotation": 180, "texture": "#texture1"},
				"up": {"uv": [5.5, 1, 8, 2], "texture": "#texture1"},
				"down": {"uv": [5.5, 14, 8, 15], "texture": "#texture1"}
			}
		},
		{
			"name": "Box29",
			"from": [21.5, 4.5, 6.5],
			"to": [22, 5.5, 7.5],
			"rotation": {"angle": -45, "axis": "z", "origin": [21.5, 5.5, 6.5]},
			"faces": {
				"north": {"uv": [11, 10.5, 12, 11], "rotation": 270, "texture": "#texture1"},
				"east": {"uv": [4, 14, 5, 15], "rotation": 90, "texture": "#texture1"},
				"south": {"uv": [4, 10.5, 5, 11], "rotation": 90, "texture": "#texture1"},
				"west": {"uv": [5, 2, 4, 1], "rotation": 270, "texture": "#texture1"},
				"up": {"uv": [14, 10.5, 15, 11], "rotation": 90, "texture": "#texture1"},
				"down": {"uv": [2, 11, 1, 10.5], "rotation": 270, "texture": "#texture1"}
			}
		},
		{
			"name": "Box30",
			"from": [18.5, 4.5, 6.5],
			"to": [21, 5, 7.5],
			"faces": {
				"north": {"uv": [11, 11, 13.5, 11.5], "texture": "#texture1"},
				"east": {"uv": [8.5, 11, 9.5, 11.5], "texture": "#texture1"},
				"south": {"uv": [2.5, 11, 5, 11.5], "texture": "#texture1"},
				"west": {"uv": [6.5, 11, 7.5, 11.5], "texture": "#texture1"},
				"up": {"uv": [2.5, 6.5, 5, 7.5], "texture": "#texture1"},
				"down": {"uv": [2.5, 8.5, 5, 9.5], "texture": "#texture1"}
			}
		},
		{
			"name": "Box31",
			"from": [18.5, 4.5, 6.5],
			"to": [19, 5.5, 7.5],
			"rotation": {"angle": 22.5, "axis": "z", "origin": [18.5, 4.5, 6.5]},
			"faces": {
				"north": {"uv": [13, 10.5, 13.5, 11.5], "texture": "#texture1"},
				"east": {"uv": [1, 10.5, 2, 11.5], "texture": "#texture1"},
				"south": {"uv": [2.5, 10.5, 3, 11.5], "texture": "#texture1"},
				"west": {"uv": [14, 10.5, 15, 11.5], "texture": "#texture1"},
				"up": {"uv": [2.5, 14, 3, 15], "texture": "#texture1"},
				"down": {"uv": [2.5, 1, 3, 2], "texture": "#texture1"}
			}
		},
		{
			"name": "Box32",
			"from": [18.25, 5.125, 6.5],
			"to": [18.75, 6.125, 7.5],
			"rotation": {"angle": 45, "axis": "z", "origin": [18.25, 5.125, 6.5]},
			"faces": {
				"north": {"uv": [13.5, 9.5, 14, 10.5], "texture": "#texture1"},
				"east": {"uv": [1, 9.5, 2, 10.5], "texture": "#texture1"},
				"south": {"uv": [2, 9.5, 2.5, 10.5], "texture": "#texture1"},
				"west": {"uv": [14, 9.5, 15, 10.5], "texture": "#texture1"},
				"up": {"uv": [2, 14, 2.5, 15], "texture": "#texture1"},
				"down": {"uv": [2, 1, 2.5, 2], "texture": "#texture1"}
			}
		},
		{
			"name": "Box33",
			"from": [17.375, 5.75, 6.5],
			"to": [17.875, 7.75, 7.5],
			"faces": {
				"north": {"uv": [14.125, 8.25, 14.625, 10.25], "texture": "#texture1"},
				"east": {"uv": [1, 8.25, 2, 10.25], "texture": "#texture1"},
				"south": {"uv": [1.375, 8.25, 1.875, 10.25], "texture": "#texture1"},
				"west": {"uv": [14, 8.25, 15, 10.25], "texture": "#texture1"},
				"up": {"uv": [1.375, 14, 1.875, 15], "texture": "#texture1"},
				"down": {"uv": [1.375, 1, 1.875, 2], "texture": "#texture1"}
			}
		},
		{
			"name": "Box34",
			"from": [23, 10.5, 6],
			"to": [24.5, 11, 8],
			"faces": {
				"north": {"uv": [7.5, 5, 9, 5.5], "texture": "#texture"},
				"east": {"uv": [8, 5, 10, 5.5], "texture": "#texture"},
				"south": {"uv": [7, 5, 8.5, 5.5], "texture": "#texture"},
				"west": {"uv": [6, 5, 8, 5.5], "texture": "#texture"},
				"up": {"uv": [7, 6, 8.5, 8], "texture": "#texture"},
				"down": {"uv": [7, 8, 8.5, 10], "texture": "#texture"}
			}
		},
		{
			"name": "Box35",
			"from": [9, 7, 6],
			"to": [17, 7.5, 8],
			"faces": {
				"north": {"uv": [0, 8.5, 7, 9], "texture": "#texture"},
				"east": {"uv": [8, 8.5, 10, 9], "texture": "#texture"},
				"south": {"uv": [9, 8.5, 16, 9], "texture": "#texture"},
				"west": {"uv": [6, 8.5, 8, 9], "texture": "#texture"},
				"up": {"uv": [9, 6, 16, 8], "texture": "#texture"},
				"down": {"uv": [9, 8, 16, 10], "texture": "#texture"}
			}
		},
		{
			"name": "Box36",
			"from": [9.5, 12.5, 6],
			"to": [17, 13, 8],
			"faces": {
				"north": {"uv": [0, 3, 6.5, 3.5], "texture": "#texture1"},
				"east": {"uv": [8, 3, 10, 3.5], "texture": "#texture1"},
				"south": {"uv": [9.5, 3, 16, 3.5], "texture": "#texture1"},
				"west": {"uv": [6, 3, 8, 3.5], "texture": "#texture1"},
				"up": {"uv": [9.5, 6, 16, 8], "texture": "#texture1"},
				"down": {"uv": [9.5, 8, 16, 10], "texture": "#texture1"}
			}
		},
		{
			"name": "Box37",
			"from": [9.5, 12.75, 6.25],
			"to": [10, 13.25, 7.75],
			"faces": {
				"north": {"uv": [6, 2.5, 6.5, 3], "texture": "#texture1"},
				"east": {"uv": [8.5, 2.5, 10, 3], "texture": "#texture1"},
				"south": {"uv": [9.5, 2.5, 10, 3], "texture": "#texture1"},
				"west": {"uv": [6, 2.5, 7.5, 3], "texture": "#texture1"},
				"up": {"uv": [9.5, 6, 10, 7.5], "texture": "#texture1"},
				"down": {"uv": [9.5, 8.5, 10, 10], "texture": "#texture1"}
			}
		},
		{
			"name": "Box37",
			"from": [10.5, 12.75, 6.25],
			"to": [11, 13.25, 7.75],
			"faces": {
				"north": {"uv": [5, 2.5, 5.5, 3], "texture": "#texture1"},
				"east": {"uv": [8.5, 2.5, 10, 3], "texture": "#texture1"},
				"south": {"uv": [10.5, 2.5, 11, 3], "texture": "#texture1"},
				"west": {"uv": [6, 2.5, 7.5, 3], "texture": "#texture1"},
				"up": {"uv": [10.5, 6, 11, 7.5], "texture": "#texture1"},
				"down": {"uv": [10.5, 8.5, 11, 10], "texture": "#texture1"}
			}
		},
		{
			"name": "Box37",
			"from": [11.5, 12.75, 6.25],
			"to": [12, 13.25, 7.75],
			"faces": {
				"north": {"uv": [4, 2.5, 4.5, 3], "texture": "#texture"},
				"east": {"uv": [8.5, 2.5, 10, 3], "texture": "#texture"},
				"south": {"uv": [11.5, 2.5, 12, 3], "texture": "#texture"},
				"west": {"uv": [6, 2.5, 7.5, 3], "texture": "#texture"},
				"up": {"uv": [11.5, 6, 12, 7.5], "texture": "#texture"},
				"down": {"uv": [11.5, 8.5, 12, 10], "texture": "#texture"}
			}
		},
		{
			"name": "Box37",
			"from": [12.5, 12.75, 6.25],
			"to": [13, 13.25, 7.75],
			"faces": {
				"north": {"uv": [3, 2.5, 3.5, 3], "texture": "#texture"},
				"east": {"uv": [8.5, 2.5, 10, 3], "texture": "#texture"},
				"south": {"uv": [12.5, 2.5, 13, 3], "texture": "#texture"},
				"west": {"uv": [6, 2.5, 7.5, 3], "texture": "#texture"},
				"up": {"uv": [12.5, 6, 13, 7.5], "texture": "#texture"},
				"down": {"uv": [12.5, 8.5, 13, 10], "texture": "#texture"}
			}
		},
		{
			"name": "Box37",
			"from": [13.5, 12.75, 6.25],
			"to": [14, 13.25, 7.75],
			"faces": {
				"north": {"uv": [2, 2.5, 2.5, 3], "texture": "#texture"},
				"east": {"uv": [8.5, 2.5, 10, 3], "texture": "#texture"},
				"south": {"uv": [13.5, 2.5, 14, 3], "texture": "#texture"},
				"west": {"uv": [6, 2.5, 7.5, 3], "texture": "#texture"},
				"up": {"uv": [13.5, 6, 14, 7.5], "texture": "#texture"},
				"down": {"uv": [13.5, 8.5, 14, 10], "texture": "#texture"}
			}
		},
		{
			"name": "Box37",
			"from": [14.5, 12.75, 6.25],
			"to": [15, 13.25, 7.75],
			"faces": {
				"north": {"uv": [1, 2.5, 1.5, 3], "texture": "#texture"},
				"east": {"uv": [8.5, 2.5, 10, 3], "texture": "#texture"},
				"south": {"uv": [14.5, 2.5, 15, 3], "texture": "#texture"},
				"west": {"uv": [6, 2.5, 7.5, 3], "texture": "#texture"},
				"up": {"uv": [14.5, 6, 15, 7.5], "texture": "#texture"},
				"down": {"uv": [14.5, 8.5, 15, 10], "texture": "#texture"}
			}
		},
		{
			"name": "Box37",
			"from": [15.5, 12.75, 6.25],
			"to": [16, 13.25, 7.75],
			"faces": {
				"north": {"uv": [0, 2.5, 0.5, 3], "texture": "#texture1"},
				"east": {"uv": [8.5, 2.5, 10, 3], "texture": "#texture1"},
				"south": {"uv": [15.5, 2.5, 16, 3], "texture": "#texture1"},
				"west": {"uv": [6, 2.5, 7.5, 3], "texture": "#texture1"},
				"up": {"uv": [15.5, 6, 16, 7.5], "texture": "#texture1"},
				"down": {"uv": [15.5, 8.5, 16, 10], "texture": "#texture1"}
			}
		},
		{
			"name": "Box37",
			"from": [16.5, 12.75, 6.25],
			"to": [17, 13.25, 7.75],
			"faces": {
				"north": {"uv": [15, 2.75, 15.5, 3.25], "texture": "#texture1"},
				"east": {"uv": [8.25, 2.75, 9.75, 3.25], "texture": "#texture1"},
				"south": {"uv": [0.5, 2.75, 1, 3.25], "texture": "#texture1"},
				"west": {"uv": [6.25, 2.75, 7.75, 3.25], "texture": "#texture1"},
				"up": {"uv": [0.5, 6.25, 1, 7.75], "texture": "#texture1"},
				"down": {"uv": [0.5, 8.25, 1, 9.75], "texture": "#texture1"}
			}
		},
		{
			"name": "Box45",
			"from": [20, 5.875, 6.75],
			"to": [20.5, 7.875, 7.25],
			"faces": {
				"north": {"uv": [11.5, 8.125, 12, 10.125], "texture": "#texture"},
				"east": {"uv": [8.75, 8.125, 9.25, 10.125], "texture": "#texture"},
				"south": {"uv": [4, 8.125, 4.5, 10.125], "texture": "#texture"},
				"west": {"uv": [6.75, 8.125, 7.25, 10.125], "texture": "#texture"},
				"up": {"uv": [4, 6.75, 4.5, 7.25], "texture": "#texture"},
				"down": {"uv": [4, 8.75, 4.5, 9.25], "texture": "#texture"}
			}
		},
		{
			"name": "Box46",
			"from": [20, 5.875, 6.75],
			"to": [20.5, 8.375, 7.25],
			"rotation": {"angle": 22.5, "axis": "z", "origin": [20, 5.875, 6.75]},
			"faces": {
				"north": {"uv": [12.5, 8, 13, 10], "texture": "#texture"},
				"east": {"uv": [1, 8, 2, 10], "texture": "#texture"},
				"south": {"uv": [3, 8, 3.5, 10], "texture": "#texture"},
				"west": {"uv": [14, 8, 15, 10], "texture": "#texture"},
				"up": {"uv": [3, 14, 3.5, 15], "texture": "#texture"},
				"down": {"uv": [3, 1, 3.5, 2], "texture": "#texture"}
			}
		},
		{
			"name": "Box47",
			"from": [11.25, 13, 5.875],
			"to": [15, 13.75, 8.125],
			"faces": {
				"north": {"uv": [2, 2.5, 4.5, 3], "texture": "#texture"},
				"east": {"uv": [8.25, 2.5, 9.75, 3], "texture": "#texture"},
				"south": {"uv": [11.5, 2.5, 14, 3], "texture": "#texture"},
				"west": {"uv": [6.25, 2.5, 7.75, 3], "texture": "#texture"},
				"up": {"uv": [11.5, 6.25, 14, 7.75], "texture": "#texture"},
				"down": {"uv": [11.5, 8.25, 14, 9.75], "texture": "#texture"}
			}
		},
		{
			"name": "Box48",
			"from": [11.25, 13.75, 5.5],
			"to": [15, 15.25, 6.25],
			"faces": {
				"north": {"uv": [2, 1.5, 4.5, 2.5], "texture": "#texture"},
				"east": {"uv": [9.5, 1.5, 10, 2.5], "texture": "#texture"},
				"south": {"uv": [11.5, 1.5, 14, 2.5], "texture": "#texture"},
				"west": {"uv": [6, 1.5, 6.5, 2.5], "texture": "#texture"},
				"up": {"uv": [11.5, 6, 14, 6.5], "texture": "#texture"},
				"down": {"uv": [11.5, 9.5, 14, 10], "texture": "#texture"}
			}
		},
		{
			"name": "Box48",
			"from": [11.25, 13.75, 7.75],
			"to": [15, 15.25, 8.5],
			"faces": {
				"north": {"uv": [2, 1.5, 4.5, 2.5], "texture": "#texture"},
				"east": {"uv": [8, 1.5, 8.5, 2.5], "texture": "#texture"},
				"south": {"uv": [11.5, 1.5, 14, 2.5], "texture": "#texture"},
				"west": {"uv": [7.5, 1.5, 8, 2.5], "texture": "#texture"},
				"up": {"uv": [11.5, 7.5, 14, 8], "texture": "#texture"},
				"down": {"uv": [11.5, 8, 14, 8.5], "texture": "#texture"}
			}
		},
		{
			"name": "Box47",
			"from": [11.25, 15.25, 5.875],
			"to": [15, 16, 8.125],
			"faces": {
				"north": {"uv": [2, 1, 4.5, 1.5], "texture": "#texture"},
				"east": {"uv": [8.25, 1, 9.75, 1.5], "texture": "#texture"},
				"south": {"uv": [11.5, 1, 14, 1.5], "texture": "#texture"},
				"west": {"uv": [6.25, 1, 7.75, 1.5], "texture": "#texture"},
				"up": {"uv": [11.5, 6.25, 14, 7.75], "texture": "#texture"},
				"down": {"uv": [11.5, 8.25, 14, 9.75], "texture": "#texture"}
			}
		},
		{
			"name": "Box51",
			"from": [12, 15.25, 5.5],
			"to": [14.25, 16, 6.25],
			"faces": {
				"north": {"uv": [2.5, 1, 4, 1.5], "texture": "#texture"},
				"east": {"uv": [9.5, 1, 10, 1.5], "texture": "#texture"},
				"south": {"uv": [12, 1, 13.5, 1.5], "texture": "#texture"},
				"west": {"uv": [6, 1, 6.5, 1.5], "texture": "#texture"},
				"up": {"uv": [12, 6, 13.5, 6.5], "texture": "#texture"},
				"down": {"uv": [12, 9.5, 13.5, 10], "texture": "#texture"}
			}
		},
		{
			"name": "Box51",
			"from": [12, 15.25, 7.75],
			"to": [14.25, 16, 8.5],
			"faces": {
				"north": {"uv": [2.5, 1, 4, 1.5], "texture": "#texture"},
				"east": {"uv": [8, 1, 8.5, 1.5], "texture": "#texture"},
				"south": {"uv": [12, 1, 13.5, 1.5], "texture": "#texture"},
				"west": {"uv": [7.5, 1, 8, 1.5], "texture": "#texture"},
				"up": {"uv": [12, 7.5, 13.5, 8], "texture": "#texture"},
				"down": {"uv": [12, 8, 13.5, 8.5], "texture": "#texture"}
			}
		},
		{
			"name": "Box51",
			"from": [12, 13, 7.75],
			"to": [14.25, 13.75, 8.5],
			"faces": {
				"north": {"uv": [2.5, 2.5, 4, 3], "texture": "#texture"},
				"east": {"uv": [8, 2.5, 8.5, 3], "texture": "#texture"},
				"south": {"uv": [12, 2.5, 13.5, 3], "texture": "#texture"},
				"west": {"uv": [7.5, 2.5, 8, 3], "texture": "#texture"},
				"up": {"uv": [12, 7.5, 13.5, 8], "texture": "#texture"},
				"down": {"uv": [12, 8, 13.5, 8.5], "texture": "#texture"}
			}
		},
		{
			"name": "Box51",
			"from": [12, 13, 5.5],
			"to": [14.25, 13.75, 6.25],
			"faces": {
				"north": {"uv": [1.75, 2.25, 4, 3], "texture": "#texture"},
				"east": {"uv": [9.75, 2.25, 10.5, 3], "texture": "#texture"},
				"south": {"uv": [12, 2.25, 14.25, 3], "texture": "#texture"},
				"west": {"uv": [5.5, 2.25, 6.25, 3], "texture": "#texture"},
				"up": {"uv": [12, 5.5, 14.25, 6.25], "texture": "#texture"},
				"down": {"uv": [12, 9.75, 14.25, 10.5], "texture": "#texture"}
			}
		},
		{
			"name": "Box55",
			"from": [12, 14.25, 6.75],
			"to": [12.5, 14.75, 7.25],
			"faces": {
				"north": {"uv": [3.5, 1.25, 4, 1.75], "texture": "#texture3"},
				"east": {"uv": [8.75, 1.25, 9.25, 1.75], "texture": "#texture3"},
				"south": {"uv": [12, 1.25, 12.5, 1.75], "texture": "#texture3"},
				"west": {"uv": [6.75, 1.25, 7.25, 1.75], "texture": "#texture3"},
				"up": {"uv": [12, 6.75, 12.5, 7.25], "texture": "#texture3"},
				"down": {"uv": [12, 8.75, 12.5, 9.25], "texture": "#texture3"}
			}
		},
		{
			"name": "Box56",
			"from": [9.5, 9.25, 8.5],
			"to": [15.5, 11.25, 8.501],
			"faces": {
				"north": {"uv": [0.5, 4.75, 6.5, 6.75], "texture": "#texture1"},
				"east": {"uv": [7.499, 4.75, 7.5, 6.75], "texture": "#texture1"},
				"south": {"uv": [9.5, 4.75, 15.5, 6.75], "texture": "#texture1"},
				"west": {"uv": [8.5, 4.75, 8.501, 6.75], "texture": "#texture1"},
				"up": {"uv": [9.5, 8.5, 15.5, 8.501], "texture": "#texture1"},
				"down": {"uv": [9.5, 7.499, 15.5, 7.5], "texture": "#texture1"}
			}
		},
		{
			"name": "Box56",
			"from": [9.5, 9.25, 5.499],
			"to": [15.5, 11.25, 5.5],
			"faces": {
				"north": {"uv": [9.5, 4.5, 15.5, 6.5], "texture": "#texture1"},
				"east": {"uv": [4.5, 4.5, 4.501, 6.5], "texture": "#texture1"},
				"south": {"uv": [0.5, 4.5, 6.5, 6.5], "texture": "#texture1"},
				"west": {"uv": [11.499, 4.5, 11.5, 6.5], "texture": "#texture1"},
				"up": {"uv": [9.5, 4.5, 15.5, 4.501], "rotation": 180, "texture": "#texture1"},
				"down": {"uv": [9.5, 11.499, 15.5, 11.5], "rotation": 180, "texture": "#texture1"}
			}
		},
		{
			"name": "Box58",
			"from": [-4.501, 10.25, 6.25],
			"to": [-4.5, 11.75, 7.75],
			"faces": {
				"north": {"uv": [11, 4, 11.001, 5.5], "texture": "#texture"},
				"east": {"uv": [6, 4, 7.5, 5.5], "texture": "#texture"},
				"south": {"uv": [4.999, 4, 5, 5.5], "texture": "#texture"},
				"west": {"uv": [8.5, 4, 10, 5.5], "texture": "#texture"},
				"up": {"uv": [11, 6, 11.001, 7.5], "rotation": 180, "texture": "#texture"},
				"down": {"uv": [11, 8.5, 11.001, 10], "rotation": 180, "texture": "#texture"}
			}
		},
		{
			"name": "Box59",
			"from": [-4.75, 8.25, 6.5],
			"to": [-4.25, 9.25, 7.5],
			"faces": {
				"north": {"uv": [4.25, 6.75, 4.75, 7.75], "texture": "#texture2"},
				"east": {"uv": [8.5, 6.75, 9.5, 7.75], "texture": "#texture2"},
				"south": {"uv": [11.25, 6.75, 11.75, 7.75], "texture": "#texture2"},
				"west": {"uv": [6.5, 6.75, 7.5, 7.75], "texture": "#texture2"},
				"up": {"uv": [11.25, 6.5, 11.75, 7.5], "texture": "#texture2"},
				"down": {"uv": [11.25, 8.5, 11.75, 9.5], "texture": "#texture2"}
			}
		},
		{
			"name": "Box60",
			"from": [-4.75, 10.375, 6.25],
			"to": [-4.25, 11.875, 7.75],
			"faces": {
				"north": {"uv": [4.5, 4, 5, 5.5], "texture": "#texture2"},
				"east": {"uv": [8.25, 4, 9.75, 5.5], "texture": "#texture2"},
				"south": {"uv": [11, 4, 11.5, 5.5], "texture": "#texture2"},
				"west": {"uv": [6.25, 4, 7.75, 5.5], "texture": "#texture2"},
				"up": {"uv": [11, 6.25, 11.5, 7.75], "texture": "#texture2"},
				"down": {"uv": [11, 8.25, 11.5, 9.75], "texture": "#texture2"}
			}
		},
		{
			"name": "Box61",
			"from": [-4.751, 10.875, 6.75],
			"to": [-4.75, 11.375, 7.25],
			"faces": {
				"north": {"uv": [10, 0.5, 10.001, 1], "texture": "#texture1"},
				"east": {"uv": [14, 0.5, 14.5, 1], "texture": "#texture1"},
				"south": {"uv": [5.999, 0.5, 6, 1], "texture": "#texture1"},
				"west": {"uv": [1.5, 0.5, 2, 1], "texture": "#texture1"},
				"up": {"uv": [10, 14, 10.001, 14.5], "rotation": 180, "texture": "#texture1"},
				"down": {"uv": [10, 1.5, 10.001, 2], "rotation": 180, "texture": "#texture1"}
			}
		}
	],
	"overrides": [
		{"predicate": {"damage": 0, "damaged": 0}, "model": "item/wooden_axe"},
		{"predicate": {"damage": 0.01667, "damaged": 0}, "model": "item/alt/scope/shorty_aim"},
		{"predicate": {"damage": 0, "damaged": 1}, "model": "item/wooden_axe"}
	],
	"display": {
		"thirdperson_righthand": {
			"rotation": [0, -90, 0],
			"translation": [-0.5, 0, -4.869],
			"scale": [0.5, 0.5, 0.5]
		},
		"thirdperson_lefthand": {
			"rotation": [0, 90, 0],
			"translation": [0.5, 0, -4.869],
			"scale": [0.5, 0.5, 0.5]
		},
		"firstperson_righthand": {
			"rotation": [0, -90, 0],
			"translation": [-2.086, -0.695, -9.738]
		},
		"firstperson_lefthand": {
			"rotation": [0, 90, 0],
			"translation": [-2.086, -0.695, -9.738]
		},
		"ground": {
			"rotation": [-90, 0, 0],
			"scale": [0.5, 0.5, 0.5]
		},
		"gui": {
			"rotation": [20, 34, 0],
			"translation": [-0.695, 0, 0],
			"scale": [0.5, 0.5, 0.5]
		},
		"head": {
			"translation": [-1.75, 0, 0],
			"scale": [0.8, 0.8, 0.8]
		},
		"fixed": {
			"translation": [-1.391, 0, 0],
			"scale": [0.8, 0.8, 0.8]
		}
	}
}