{
	"credit": "Made by SrDarmith - YouTube: Mainclay",
	"textures": {
		"particle": "itemm/anvil_1",
		"texture": "itemm/anvil_1"
	},
	"elements": [
		{
			"from": [0.1, 8.75, 7.325],
			"to": [18.65, 10.625, 8.675],
			"faces": {
				"north": {"uv": [0, 5, 5.5, 7], "texture": "#texture", "cullface": "east"},
				"east": {"uv": [7, 5, 9, 7.25], "texture": "#texture", "cullface": "east"},
				"south": {"uv": [9.5, 5, 15, 7], "texture": "#texture", "cullface": "east"},
				"west": {"uv": [7, 5, 9, 7.25], "texture": "#texture", "cullface": "east"},
				"up": {"uv": [10.5, 7, 16, 9], "texture": "#texture", "cullface": "east"},
				"down": {"uv": [5.5, 9, 0, 7], "texture": "#texture", "cullface": "east"}
			}
		},
		{
			"from": [10.25, 8.5, 7.4],
			"to": [18.65, 11.1, 8.6],
			"faces": {
				"north": {"uv": [0, 5, 5.5, 7.25], "texture": "#texture", "cullface": "east"},
				"east": {"uv": [7, 5, 9, 7.25], "texture": "#texture", "cullface": "east"},
				"south": {"uv": [9.5, 5, 15, 7.25], "texture": "#texture", "cullface": "east"},
				"west": {"uv": [7, 5, 9, 7.25], "texture": "#texture", "cullface": "east"},
				"up": {"uv": [10.5, 7, 16, 9], "texture": "#texture", "cullface": "east"},
				"down": {"uv": [5.5, 9, 0, 7], "texture": "#texture", "cullface": "east"}
			}
		},
		{
			"from": [10.6, 7, 7.325],
			"to": [12.35, 8.75, 8.675],
			"rotation": {"angle": 0, "axis": "y", "origin": [0.25, 0, 0]},
			"faces": {
				"north": {"uv": [1.75, 6.25, 3.25, 8], "texture": "#texture"},
				"south": {"uv": [10.75, 7.25, 12.25, 9], "texture": "#texture"},
				"west": {"uv": [7, 7.25, 9, 9], "texture": "#texture"},
				"down": {"uv": [5.25, 9, 3.75, 7], "texture": "#texture"}
			}
		},
		{
			"from": [12.35, 6.75, 7.325],
			"to": [14.1, 8.75, 8.675],
			"rotation": {"angle": 0, "axis": "y", "origin": [0.25, 0, 0]},
			"faces": {
				"north": {"uv": [0.25, 6.25, 1.75, 8.25], "texture": "#texture"},
				"east": {"uv": [7, 7.25, 9, 9.25], "texture": "#texture"},
				"south": {"uv": [12.25, 7.25, 13.75, 9.25], "texture": "#texture"},
				"west": {"uv": [7, 7.25, 9, 9.25], "texture": "#texture"},
				"down": {"uv": [3.75, 9, 2.25, 7], "texture": "#texture"}
			}
		},
		{
			"from": [14, 8.25, 7.4],
			"to": [18.1, 8.5, 8.6],
			"faces": {
				"north": {"uv": [0, 7.25, 2.25, 7.75], "texture": "#texture", "cullface": "east"},
				"east": {"uv": [7, 7.25, 9, 7.75], "texture": "#texture", "cullface": "east"},
				"south": {"uv": [13.75, 7.25, 16, 7.75], "texture": "#texture", "cullface": "east"},
				"down": {"uv": [2.25, 9, 0, 7], "texture": "#texture", "cullface": "east"}
			}
		},
		{
			"from": [17, 0.25, 7.625],
			"to": [18.75, 0.5, 8.375],
			"rotation": {"angle": 22.5, "axis": "z", "origin": [0, 0.15, 0]},
			"faces": {
				"north": {"uv": [0, 9, 1.75, 9.25], "texture": "#texture"},
				"south": {"uv": [14.25, 9, 16, 9.25], "texture": "#texture"},
				"up": {"uv": [14.25, 7.75, 16, 8.25], "texture": "#texture"},
				"down": {"uv": [1.75, 8.25, 0, 7.75], "texture": "#texture"}
			}
		},
		{
			"from": [15.625, 7.325, 7.825],
			"to": [15.875, 8.575, 8.175],
			"rotation": {"angle": -22.5, "axis": "z", "origin": [15.5, 8.5, 7.75]},
			"faces": {
				"north": {"uv": [8.25, 0, 8.5, 1.25], "texture": "#texture"},
				"east": {"uv": [7.75, 0, 8.25, 1.25], "texture": "#texture"},
				"south": {"uv": [7.5, 0, 7.75, 1.25], "texture": "#texture"},
				"west": {"uv": [7.75, 0, 8.25, 1.25], "texture": "#texture"},
				"up": {"uv": [7.5, 7.75, 7.75, 8.25], "texture": "#texture"},
				"down": {"uv": [8.5, 8.25, 8.25, 7.75], "texture": "#texture"}
			}
		},
		{
			"from": [16.225, 6.75, 7.4],
			"to": [17.875, 8.25, 8.6],
			"faces": {
				"north": {"uv": [0, 11.15, 0.8, 11.65], "texture": "#texture", "cullface": "east"},
				"east": {"uv": [0, 11.15, 0.8, 11.85], "texture": "#texture", "cullface": "east"},
				"south": {"uv": [0.9, 11.85, 0, 11.15], "texture": "#texture", "cullface": "east"},
				"west": {"uv": [0, 11.8, 0.7, 11.35], "texture": "#texture", "cullface": "east"},
				"down": {"uv": [0.8, 11.75, 0, 11.25], "texture": "#texture", "cullface": "east"}
			}
		},
		{
			"from": [16.5, 3.5, 7.4],
			"to": [17.925, 7.25, 8.6],
			"rotation": {"angle": 22.5, "axis": "z", "origin": [16.5, 7.25, 7.25]},
			"faces": {
				"north": {"uv": [0, 11.25, 0.9, 11.9], "texture": "#texture", "cullface": "east"},
				"east": {"uv": [0, 11.25, 0.9, 11.9], "texture": "#texture", "cullface": "east"},
				"south": {"uv": [1, 11.65, 0, 11.9], "texture": "#texture", "cullface": "east"},
				"west": {"uv": [0, 11.2, 0.9, 11.9], "texture": "#texture", "cullface": "east"},
				"up": {"uv": [0, 11.25, 0.9, 11.85], "texture": "#texture", "cullface": "east"},
				"down": {"uv": [0, 11.75, 0.9, 11.25], "texture": "#texture", "cullface": "east"}
			}
		},
		{
			"from": [-5.25, 9.125, 7.75],
			"to": [3.5, 9.375, 8.25],
			"rotation": {"angle": 0, "axis": "y", "origin": [0, -0.025, 0]},
			"faces": {
				"north": {"uv": [14.5, 7.5, 16, 7.75], "texture": "#texture", "cullface": "west"},
				"south": {"uv": [0, 7.5, 1.5, 7.75], "texture": "#texture", "cullface": "west"},
				"west": {"uv": [7.75, 7.5, 8.25, 7.75], "texture": "#texture", "cullface": "west"},
				"up": {"uv": [0, 7.75, 1.5, 8.25], "texture": "#texture", "cullface": "west"},
				"down": {"uv": [16, 8.25, 14.5, 7.75], "texture": "#texture", "cullface": "west"}
			}
		},
		{
			"from": [-6.25, 9.875, 7.675],
			"to": [-4.75, 10.2, 8.325],
			"rotation": {"angle": 0, "axis": "y", "origin": [0, -0.025, 0]},
			"faces": {
				"north": {"uv": [13.5, 6.75, 15, 7], "texture": "#texture", "cullface": "west"},
				"east": {"uv": [4, 7, 5, 8], "texture": "#texture"},
				"south": {"uv": [0, 6.75, 1.5, 7], "texture": "#texture", "cullface": "west"},
				"west": {"uv": [7.75, 6.75, 8.25, 7], "texture": "#texture", "cullface": "west"},
				"up": {"uv": [0, 7.75, 1.5, 8.25], "texture": "#texture", "cullface": "west"},
				"down": {"uv": [16, 8.25, 14.5, 7.75], "texture": "#texture", "cullface": "west"}
			}
		},
		{
			"from": [-6.25, 9.3, 7.425],
			"to": [-4.75, 9.95, 7.75],
			"rotation": {"angle": 0, "axis": "y", "origin": [0, -0.025, 0]},
			"faces": {
				"north": {"uv": [14.5, 7, 16, 7.5], "texture": "#texture", "cullface": "west"},
				"south": {"uv": [0, 7, 1.5, 7.5], "texture": "#texture", "cullface": "west"},
				"west": {"uv": [7.5, 7, 7.75, 7.5], "texture": "#texture", "cullface": "west"},
				"up": {"uv": [0, 7.5, 1.5, 7.75], "texture": "#texture", "cullface": "west"},
				"down": {"uv": [16, 7.75, 14.5, 7.5], "texture": "#texture", "cullface": "west"}
			}
		},
		{
			"from": [-6.25, 9.3, 8.25],
			"to": [-4.75, 9.95, 8.575],
			"rotation": {"angle": 0, "axis": "y", "origin": [0, -0.025, 0]},
			"faces": {
				"north": {"uv": [14.5, 7, 16, 7.5], "texture": "#texture", "cullface": "west"},
				"east": {"uv": [4, 7, 5, 8], "texture": "#texture"},
				"south": {"uv": [0, 7, 1.5, 7.5], "texture": "#texture", "cullface": "west"},
				"west": {"uv": [8.25, 7, 8.5, 7.5], "texture": "#texture", "cullface": "west"},
				"up": {"uv": [0, 8.25, 1.5, 8.5], "texture": "#texture", "cullface": "west"},
				"down": {"uv": [16, 8.5, 14.5, 8.25], "texture": "#texture", "cullface": "west"}
			}
		},
		{
			"from": [-6.25, 9.05, 7.675],
			"to": [-4.75, 9.375, 8.325],
			"rotation": {"angle": 0, "axis": "y", "origin": [0, -0.025, 0]},
			"faces": {
				"north": {"uv": [14.5, 7.5, 16, 7.75], "texture": "#texture", "cullface": "west"},
				"east": {"uv": [4, 7, 5, 8], "texture": "#texture"},
				"south": {"uv": [0, 7.5, 1.5, 7.75], "texture": "#texture", "cullface": "west"},
				"west": {"uv": [7.75, 7.5, 8.25, 7.75], "texture": "#texture", "cullface": "west"},
				"up": {"uv": [0, 7.75, 1.5, 8.25], "texture": "#texture", "cullface": "west"},
				"down": {"uv": [16, 8.25, 14.5, 7.75], "texture": "#texture", "cullface": "west"}
			}
		},
		{
			"from": [-5.25, 9.375, 8.25],
			"to": [3.5, 9.875, 8.5],
			"rotation": {"angle": 0, "axis": "y", "origin": [0, -0.025, 0]},
			"faces": {
				"north": {"uv": [14.5, 7, 16, 7.5], "texture": "#texture", "cullface": "west"},
				"south": {"uv": [0, 7, 1.5, 7.5], "texture": "#texture", "cullface": "west"},
				"west": {"uv": [8.25, 7, 8.5, 7.5], "texture": "#texture", "cullface": "west"},
				"up": {"uv": [0, 8.25, 1.5, 8.5], "texture": "#texture", "cullface": "west"},
				"down": {"uv": [16, 8.5, 14.5, 8.25], "texture": "#texture", "cullface": "west"}
			}
		},
		{
			"from": [0.4, 1.9, 11.2],
			"to": [0.9, 7.15, 11.45],
			"rotation": {"angle": -22.5, "axis": "x", "origin": [-9, -0.525, 6.275]},
			"faces": {
				"north": {"uv": [14.5, 7, 16, 7.5], "rotation": 270, "texture": "#texture", "cullface": "west"},
				"east": {"uv": [0, 8.25, 1.5, 8.5], "rotation": 90, "texture": "#texture", "cullface": "west"},
				"south": {"uv": [0, 7, 1.5, 7.5], "rotation": 90, "texture": "#texture", "cullface": "west"},
				"west": {"uv": [16, 8.5, 14.5, 8.25], "rotation": 90, "texture": "#texture", "cullface": "west"},
				"up": {"uv": [8.25, 7, 8.5, 7.5], "rotation": 90, "texture": "#texture", "cullface": "west"},
				"down": {"uv": [8, 7, 9, 8], "rotation": 90, "texture": "#texture"}
			}
		},
		{
			"from": [0.4, 1.65, 11.125],
			"to": [0.9, 1.9, 11.625],
			"rotation": {"angle": -22.5, "axis": "x", "origin": [-9, -0.525, 6.275]},
			"faces": {
				"north": {"uv": [14.5, 7, 16, 7.5], "rotation": 270, "texture": "#texture", "cullface": "west"},
				"east": {"uv": [0, 8.25, 1.5, 8.5], "rotation": 90, "texture": "#texture", "cullface": "west"},
				"south": {"uv": [0, 7, 1.5, 7.5], "rotation": 90, "texture": "#texture", "cullface": "west"},
				"west": {"uv": [16, 8.5, 14.5, 8.25], "rotation": 90, "texture": "#texture", "cullface": "west"},
				"up": {"uv": [8.25, 7, 8.5, 7.5], "rotation": 90, "texture": "#texture", "cullface": "west"},
				"down": {"uv": [8, 7, 9, 8], "rotation": 90, "texture": "#texture"}
			}
		},
		{
			"from": [0.4, 3.225, 4.275],
			"to": [0.9, 8.475, 4.525],
			"rotation": {"angle": 22.5, "axis": "x", "origin": [-9, -0.525, 6.275]},
			"faces": {
				"north": {"uv": [14.5, 7, 16, 7.5], "rotation": 270, "texture": "#texture", "cullface": "west"},
				"east": {"uv": [0, 8.25, 1.5, 8.5], "rotation": 90, "texture": "#texture", "cullface": "west"},
				"south": {"uv": [0, 7, 1.5, 7.5], "rotation": 90, "texture": "#texture", "cullface": "west"},
				"west": {"uv": [16, 8.5, 14.5, 8.25], "rotation": 90, "texture": "#texture", "cullface": "west"},
				"up": {"uv": [8.25, 7, 8.5, 7.5], "rotation": 90, "texture": "#texture", "cullface": "west"},
				"down": {"uv": [8, 7, 9, 8], "rotation": 90, "texture": "#texture"}
			}
		},
		{
			"from": [0.4, 2.975, 4.1],
			"to": [0.9, 3.225, 4.6],
			"rotation": {"angle": 22.5, "axis": "x", "origin": [-9, -0.525, 6.275]},
			"faces": {
				"north": {"uv": [14.5, 7, 16, 7.5], "rotation": 270, "texture": "#texture", "cullface": "west"},
				"east": {"uv": [0, 8.25, 1.5, 8.5], "rotation": 90, "texture": "#texture", "cullface": "west"},
				"south": {"uv": [0, 7, 1.5, 7.5], "rotation": 90, "texture": "#texture", "cullface": "west"},
				"west": {"uv": [16, 8.5, 14.5, 8.25], "rotation": 90, "texture": "#texture", "cullface": "west"},
				"up": {"uv": [8.25, 7, 8.5, 7.5], "rotation": 90, "texture": "#texture", "cullface": "west"},
				"down": {"uv": [8, 7, 9, 8], "rotation": 90, "texture": "#texture"}
			}
		},
		{
			"from": [-5.25, 9.375, 7.5],
			"to": [3.5, 9.875, 7.75],
			"rotation": {"angle": 0, "axis": "y", "origin": [0, -0.025, 0]},
			"faces": {
				"north": {"uv": [14.5, 7, 16, 7.5], "texture": "#texture", "cullface": "west"},
				"south": {"uv": [0, 7, 1.5, 7.5], "texture": "#texture", "cullface": "west"},
				"west": {"uv": [7.5, 7, 7.75, 7.5], "texture": "#texture", "cullface": "west"},
				"up": {"uv": [0, 7.5, 1.5, 7.75], "texture": "#texture", "cullface": "west"},
				"down": {"uv": [16, 7.75, 14.5, 7.5], "texture": "#texture", "cullface": "west"}
			}
		},
		{
			"from": [-5.25, 9.875, 7.75],
			"to": [3.5, 10.125, 8.25],
			"rotation": {"angle": 0, "axis": "y", "origin": [0, -0.025, 0]},
			"faces": {
				"north": {"uv": [13.5, 6.75, 15, 7], "texture": "#texture", "cullface": "west"},
				"south": {"uv": [0, 6.75, 1.5, 7], "texture": "#texture", "cullface": "west"},
				"west": {"uv": [7.75, 6.75, 8.25, 7], "texture": "#texture", "cullface": "west"},
				"up": {"uv": [0, 7.75, 1.5, 8.25], "texture": "#texture", "cullface": "west"},
				"down": {"uv": [16, 8.25, 14.5, 7.75], "texture": "#texture", "cullface": "west"}
			}
		},
		{
			"from": [16.25, 3.475, 7.575],
			"to": [16.75, 6.875, 8.425],
			"rotation": {"angle": 22.5, "axis": "z", "origin": [16.5, 6.75, 7.25]},
			"faces": {
				"north": {"uv": [0, 11.15, 0.9, 11.8], "texture": "#texture", "cullface": "east"},
				"east": {"uv": [0, 11.15, 0.9, 11.9], "texture": "#texture", "cullface": "east"},
				"south": {"uv": [1, 11.85, 0, 11.2], "texture": "#texture", "cullface": "east"},
				"west": {"uv": [0, 11.2, 0.9, 11.9], "texture": "#texture", "cullface": "east"},
				"down": {"uv": [0, 11.65, 1, 11.35], "texture": "#texture", "cullface": "east"}
			}
		},
		{
			"from": [26, 5.775, 7.425],
			"to": [26.55, 10.525, 8.575],
			"rotation": {"angle": 0, "axis": "y", "origin": [0.9, 0, 0.125]},
			"faces": {
				"north": {"uv": [0, 11.15, 1, 11.9], "texture": "#texture", "cullface": "east"},
				"east": {"uv": [15, 11, 16, 12], "texture": "#texture"},
				"south": {"uv": [15.9, 11.05, 16, 12], "texture": "#texture", "cullface": "east"},
				"west": {"uv": [15, 11, 16, 12], "texture": "#texture"},
				"up": {"uv": [15.8, 11.55, 16, 11.45], "texture": "#texture", "cullface": "east"},
				"down": {"uv": [0, 11.35, 1, 11.65], "texture": "#texture", "cullface": "east"}
			}
		},
		{
			"from": [17.325, -2.975, 7.775],
			"to": [17.475, -2.55, 8.225],
			"rotation": {"angle": 22.5, "axis": "z", "origin": [0.825, 0.4, 0]},
			"faces": {
				"north": {"uv": [0, 11.75, 0, 12], "rotation": 270, "texture": "#texture", "cullface": "east"},
				"south": {"uv": [0.8, 11.25, 0, 11.9], "rotation": 90, "texture": "#texture", "cullface": "east"},
				"west": {"uv": [0, 11.3, 0.6, 11.7], "rotation": 90, "texture": "#texture", "cullface": "east"},
				"up": {"uv": [0, 11.75, 1, 12], "rotation": 90, "texture": "#texture", "cullface": "east"},
				"down": {"uv": [0, 11.45, 1, 11.7], "rotation": 90, "texture": "#texture", "cullface": "east"}
			}
		},
		{
			"from": [26.55, 5.5, 7.375],
			"to": [27.05, 10.5, 8.625],
			"rotation": {"angle": 0, "axis": "y", "origin": [0.9, 0, 0.125]},
			"faces": {
				"north": {"uv": [1, 5.25, 0, 10.25], "texture": "#texture", "cullface": "east"},
				"east": {"uv": [7.25, 4.25, 8.75, 9.25], "texture": "#texture", "cullface": "east"},
				"south": {"uv": [15, 5.25, 14, 10.25], "texture": "#texture", "cullface": "east"},
				"west": {"uv": [7.25, 5.25, 8.75, 10.25], "texture": "#texture", "cullface": "east"},
				"up": {"uv": [16, 7.25, 15, 8.75], "texture": "#texture", "cullface": "east"},
				"down": {"uv": [0, 8.75, 0, 7.25], "texture": "#texture", "cullface": "east"}
			}
		},
		{
			"from": [12.25, 5.75, 9.15],
			"to": [13.75, 9.075, 11.35],
			"rotation": {"angle": 0, "axis": "y", "origin": [0, -1, 0]},
			"faces": {
				"north": {"uv": [3, 9.2, 9.6, 12.7], "texture": "#texture", "cullface": "east"},
				"east": {"uv": [9.1, 9.1, 9.7, 12.8], "texture": "#texture", "cullface": "east"},
				"south": {"uv": [9.7, 9.1, 3, 12.8], "texture": "#texture", "cullface": "east"},
				"west": {"uv": [3, 9, 4, 10], "texture": "#texture"},
				"up": {"uv": [3, 9, 4, 10], "texture": "#texture"},
				"down": {"uv": [9.1, 12.9, 9.8, 9.1], "texture": "#texture", "cullface": "east"}
			}
		},
		{
			"from": [10.75, 6.625, 4.075],
			"to": [12.25, 8.125, 7.3],
			"rotation": {"angle": 0, "axis": "y", "origin": [0, -1, 0]},
			"faces": {
				"north": {"uv": [3, 9.2, 9.6, 12.7], "texture": "#texture", "cullface": "east"},
				"east": {"uv": [9.1, 9.1, 9.7, 12.8], "texture": "#texture", "cullface": "east"},
				"south": {"uv": [9.7, 9.1, 3, 12.8], "texture": "#texture", "cullface": "east"},
				"west": {"uv": [3, 9, 4, 10], "texture": "#texture"},
				"up": {"uv": [3, 9, 4, 10], "texture": "#texture"},
				"down": {"uv": [9.1, 12.9, 9.8, 9.1], "texture": "#texture", "cullface": "east"}
			}
		},
		{
			"from": [10.75, 6.375, 4.2],
			"to": [12.25, 8.375, 7.25],
			"rotation": {"angle": 0, "axis": "y", "origin": [0, -1, 0]},
			"faces": {
				"north": {"uv": [3, 9.2, 9.6, 12.7], "texture": "#texture", "cullface": "east"},
				"east": {"uv": [9.1, 9.1, 9.7, 12.8], "texture": "#texture", "cullface": "east"},
				"south": {"uv": [9.7, 9.1, 3, 12.8], "texture": "#texture", "cullface": "east"},
				"west": {"uv": [3, 9, 4, 10], "texture": "#texture"},
				"up": {"uv": [3, 9, 4, 10], "texture": "#texture"},
				"down": {"uv": [9.1, 12.9, 9.8, 9.1], "texture": "#texture", "cullface": "east"}
			}
		},
		{
			"from": [10.75, 5.75, 4.975],
			"to": [12.25, 9.075, 6.425],
			"rotation": {"angle": 0, "axis": "y", "origin": [0, -1, 0]},
			"faces": {
				"north": {"uv": [3, 9.2, 9.6, 12.7], "texture": "#texture", "cullface": "east"},
				"east": {"uv": [9.1, 9.1, 9.7, 12.8], "texture": "#texture", "cullface": "east"},
				"south": {"uv": [9.7, 9.1, 3, 12.8], "texture": "#texture", "cullface": "east"},
				"west": {"uv": [3, 9, 4, 10], "texture": "#texture"},
				"up": {"uv": [3, 9, 4, 10], "texture": "#texture"},
				"down": {"uv": [9.1, 12.9, 9.8, 9.1], "texture": "#texture", "cullface": "east"}
			}
		},
		{
			"from": [10.75, 6.175, 4.35],
			"to": [12.25, 8.6, 7.05],
			"rotation": {"angle": 0, "axis": "y", "origin": [0, -1, 0]},
			"faces": {
				"north": {"uv": [3, 9.2, 9.6, 12.7], "texture": "#texture", "cullface": "east"},
				"east": {"uv": [9.1, 9.1, 9.7, 12.8], "texture": "#texture", "cullface": "east"},
				"south": {"uv": [9.7, 9.1, 3, 12.8], "texture": "#texture", "cullface": "east"},
				"west": {"uv": [3, 9, 4, 10], "texture": "#texture"},
				"up": {"uv": [3, 9, 4, 10], "texture": "#texture"},
				"down": {"uv": [9.1, 12.9, 9.8, 9.1], "texture": "#texture", "cullface": "east"}
			}
		},
		{
			"from": [10.75, 6, 4.525],
			"to": [12.25, 8.775, 6.875],
			"rotation": {"angle": 0, "axis": "y", "origin": [0, -1, 0]},
			"faces": {
				"north": {"uv": [3, 9.2, 9.6, 12.7], "texture": "#texture", "cullface": "east"},
				"east": {"uv": [9.1, 9.1, 9.7, 12.8], "texture": "#texture", "cullface": "east"},
				"south": {"uv": [9.7, 9.1, 3, 12.8], "texture": "#texture", "cullface": "east"},
				"west": {"uv": [3, 9, 4, 10], "texture": "#texture"},
				"up": {"uv": [3, 9, 4, 10], "texture": "#texture"},
				"down": {"uv": [9.1, 12.9, 9.8, 9.1], "texture": "#texture", "cullface": "east"}
			}
		},
		{
			"from": [10.75, 5.875, 4.725],
			"to": [12.25, 8.95, 6.675],
			"rotation": {"angle": 0, "axis": "y", "origin": [0, -1, 0]},
			"faces": {
				"north": {"uv": [3, 9.2, 9.6, 12.7], "texture": "#texture", "cullface": "east"},
				"east": {"uv": [9.1, 9.1, 9.7, 12.8], "texture": "#texture", "cullface": "east"},
				"south": {"uv": [9.7, 9.1, 3, 12.8], "texture": "#texture", "cullface": "east"},
				"west": {"uv": [3, 9, 4, 10], "texture": "#texture"},
				"up": {"uv": [3, 9, 4, 10], "texture": "#texture"},
				"down": {"uv": [9.1, 12.9, 9.8, 9.1], "texture": "#texture", "cullface": "east"}
			}
		},
		{
			"from": [10.75, 6.375, 8.75],
			"to": [12.25, 8.375, 11.8],
			"rotation": {"angle": 0, "axis": "y", "origin": [0, -1, 0]},
			"faces": {
				"north": {"uv": [3, 9.2, 9.6, 12.7], "texture": "#texture", "cullface": "east"},
				"east": {"uv": [9.1, 9.1, 9.7, 12.8], "texture": "#texture", "cullface": "east"},
				"south": {"uv": [9.7, 9.1, 3, 12.8], "texture": "#texture", "cullface": "east"},
				"west": {"uv": [3, 9, 4, 10], "texture": "#texture"},
				"up": {"uv": [3, 9, 4, 10], "texture": "#texture"},
				"down": {"uv": [9.1, 12.9, 9.8, 9.1], "texture": "#texture", "cullface": "east"}
			}
		},
		{
			"from": [10.75, 5.75, 9.525],
			"to": [12.25, 9.075, 10.975],
			"rotation": {"angle": 0, "axis": "y", "origin": [0, -1, 0]},
			"faces": {
				"north": {"uv": [3, 9.2, 9.6, 12.7], "texture": "#texture", "cullface": "east"},
				"east": {"uv": [9.1, 9.1, 9.7, 12.8], "texture": "#texture", "cullface": "east"},
				"south": {"uv": [9.7, 9.1, 3, 12.8], "texture": "#texture", "cullface": "east"},
				"west": {"uv": [3, 9, 4, 10], "texture": "#texture"},
				"up": {"uv": [3, 9, 4, 10], "texture": "#texture"},
				"down": {"uv": [9.1, 12.9, 9.8, 9.1], "texture": "#texture", "cullface": "east"}
			}
		},
		{
			"from": [10.75, 6.425, 7.525],
			"to": [12.25, 7.25, 8.475],
			"rotation": {"angle": 0, "axis": "y", "origin": [0, -1, 0]},
			"faces": {
				"north": {"uv": [3, 9.2, 9.6, 12.7], "texture": "#texture", "cullface": "east"},
				"east": {"uv": [9.1, 9.1, 9.7, 12.8], "texture": "#texture", "cullface": "east"},
				"south": {"uv": [9.7, 9.1, 3, 12.8], "texture": "#texture", "cullface": "east"},
				"west": {"uv": [3, 9, 4, 10], "texture": "#texture"},
				"up": {"uv": [3, 9, 4, 10], "texture": "#texture"},
				"down": {"uv": [9.1, 12.9, 9.8, 9.1], "texture": "#texture", "cullface": "east"}
			}
		},
		{
			"from": [10.75, 5.825, 6.275],
			"to": [12.25, 6.5, 9.725],
			"rotation": {"angle": 0, "axis": "y", "origin": [0, -1, 0]},
			"faces": {
				"north": {"uv": [3, 9.2, 9.6, 12.7], "texture": "#texture", "cullface": "east"},
				"east": {"uv": [9.1, 9.1, 9.7, 12.8], "texture": "#texture", "cullface": "east"},
				"south": {"uv": [9.7, 9.1, 3, 12.8], "texture": "#texture", "cullface": "east"},
				"west": {"uv": [3, 9, 4, 10], "texture": "#texture"},
				"up": {"uv": [3, 9, 4, 10], "texture": "#texture"},
				"down": {"uv": [9.1, 12.9, 9.8, 9.1], "texture": "#texture", "cullface": "east"}
			}
		},
		{
			"from": [10.75, 6.175, 8.9],
			"to": [12.25, 8.6, 11.6],
			"rotation": {"angle": 0, "axis": "y", "origin": [0, -1, 0]},
			"faces": {
				"north": {"uv": [3, 9.2, 9.6, 12.7], "texture": "#texture", "cullface": "east"},
				"east": {"uv": [9.1, 9.1, 9.7, 12.8], "texture": "#texture", "cullface": "east"},
				"south": {"uv": [9.7, 9.1, 3, 12.8], "texture": "#texture", "cullface": "east"},
				"west": {"uv": [3, 9, 4, 10], "texture": "#texture"},
				"up": {"uv": [3, 9, 4, 10], "texture": "#texture"},
				"down": {"uv": [9.1, 12.9, 9.8, 9.1], "texture": "#texture", "cullface": "east"}
			}
		},
		{
			"from": [10.75, 6, 9.075],
			"to": [12.25, 8.775, 11.425],
			"rotation": {"angle": 0, "axis": "y", "origin": [0, -1, 0]},
			"faces": {
				"north": {"uv": [3, 9.2, 9.6, 12.7], "texture": "#texture", "cullface": "east"},
				"east": {"uv": [9.1, 9.1, 9.7, 12.8], "texture": "#texture", "cullface": "east"},
				"south": {"uv": [9.7, 9.1, 3, 12.8], "texture": "#texture", "cullface": "east"},
				"west": {"uv": [3, 9, 4, 10], "texture": "#texture"},
				"up": {"uv": [3, 9, 4, 10], "texture": "#texture"},
				"down": {"uv": [9.1, 12.9, 9.8, 9.1], "texture": "#texture", "cullface": "east"}
			}
		},
		{
			"from": [10.75, 6.625, 8.7],
			"to": [12.25, 8.125, 11.925],
			"rotation": {"angle": 0, "axis": "y", "origin": [0, -1, 0]},
			"faces": {
				"north": {"uv": [3, 9.2, 9.6, 12.7], "texture": "#texture", "cullface": "east"},
				"east": {"uv": [9.1, 9.1, 9.7, 12.8], "texture": "#texture", "cullface": "east"},
				"south": {"uv": [9.7, 9.1, 3, 12.8], "texture": "#texture", "cullface": "east"},
				"west": {"uv": [3, 9, 4, 10], "texture": "#texture"},
				"up": {"uv": [3, 9, 4, 10], "texture": "#texture"},
				"down": {"uv": [9.1, 12.9, 9.8, 9.1], "texture": "#texture", "cullface": "east"}
			}
		},
		{
			"from": [10.75, 5.875, 9.275],
			"to": [12.25, 8.95, 11.225],
			"rotation": {"angle": 0, "axis": "y", "origin": [0, -1, 0]},
			"faces": {
				"north": {"uv": [3, 9.2, 9.6, 12.7], "texture": "#texture", "cullface": "east"},
				"east": {"uv": [9.1, 9.1, 9.7, 12.8], "texture": "#texture", "cullface": "east"},
				"south": {"uv": [9.7, 9.1, 3, 12.8], "texture": "#texture", "cullface": "east"},
				"west": {"uv": [3, 9, 4, 10], "texture": "#texture"},
				"up": {"uv": [3, 9, 4, 10], "texture": "#texture"},
				"down": {"uv": [9.1, 12.9, 9.8, 9.1], "texture": "#texture", "cullface": "east"}
			}
		},
		{
			"from": [11.05, 9.65, 7.3],
			"to": [14.175, 10.45, 7.825],
			"rotation": {"angle": 0, "axis": "y", "origin": [4, 0.65, 0]},
			"faces": {
				"north": {"uv": [15.75, 11.25, 16, 11.5], "texture": "#texture", "cullface": "east"},
				"east": {"uv": [15.5, 11.25, 16, 11.5], "texture": "#texture", "cullface": "east"},
				"south": {"uv": [15.75, 11.25, 16, 11.5], "texture": "#texture", "cullface": "east"},
				"west": {"uv": [15, 11, 16, 12], "texture": "#texture"},
				"up": {"uv": [15.75, 11.25, 16, 11.75], "texture": "#texture", "cullface": "east"},
				"down": {"uv": [15, 11, 16, 12], "texture": "#texture"}
			}
		},
		{
			"from": [13.9, 6.75, 7.625],
			"to": [15.65, 7, 8.375],
			"rotation": {"angle": 0, "axis": "y", "origin": [0, 0.15, 0]},
			"faces": {
				"north": {"uv": [0, 9, 1.75, 9.25], "texture": "#texture"},
				"south": {"uv": [14.25, 9, 16, 9.25], "texture": "#texture"},
				"up": {"uv": [14.25, 7.75, 16, 8.25], "texture": "#texture"},
				"down": {"uv": [1.75, 8.25, 0, 7.75], "texture": "#texture"}
			}
		},
		{
			"from": [12.5, 2.5, 7.325],
			"to": [14.25, 4.4, 8.675],
			"rotation": {"angle": 22.5, "axis": "z", "origin": [0.25, 0, 0]},
			"faces": {
				"north": {"uv": [1.75, 6.25, 3.25, 8], "texture": "#texture"},
				"south": {"uv": [10.75, 7.25, 12.25, 9], "texture": "#texture"},
				"west": {"uv": [7, 7.25, 9, 9], "texture": "#texture"},
				"down": {"uv": [5.25, 9, 3.75, 7], "texture": "#texture"}
			}
		},
		{
			"from": [12.925, -1.45, 7.325],
			"to": [13.3, 0.45, 8.675],
			"rotation": {"angle": 45, "axis": "z", "origin": [0.25, 0, 0]},
			"faces": {
				"north": {"uv": [1.75, 6.25, 3.25, 8], "texture": "#texture"},
				"south": {"uv": [10.75, 7.25, 12.25, 9], "texture": "#texture"},
				"west": {"uv": [7, 7.25, 9, 9], "texture": "#texture"},
				"down": {"uv": [5.25, 9, 3.75, 7], "texture": "#texture"}
			}
		},
		{
			"from": [-0.125, 8.75, 7.175],
			"to": [9.9, 9.875, 8.825],
			"faces": {
				"north": {"uv": [0, 5, 5.5, 7], "texture": "#texture", "cullface": "east"},
				"east": {"uv": [7, 5, 9, 7.25], "texture": "#texture", "cullface": "east"},
				"south": {"uv": [9.5, 5, 15, 7], "texture": "#texture", "cullface": "east"},
				"west": {"uv": [7, 5, 9, 7.25], "texture": "#texture", "cullface": "east"},
				"up": {"uv": [10.5, 7, 16, 9], "texture": "#texture", "cullface": "east"},
				"down": {"uv": [5.5, 9, 0, 7], "texture": "#texture", "cullface": "east"}
			}
		},
		{
			"from": [18.55, 10.525, 7.3],
			"to": [19.525, 10.775, 8.7],
			"rotation": {"angle": 0, "axis": "y", "origin": [0.9, 0, 0]},
			"faces": {
				"north": {"uv": [0, 11.15, 1, 11.9], "texture": "#texture", "cullface": "east"},
				"east": {"uv": [15, 11, 16, 12], "texture": "#texture"},
				"south": {"uv": [15.9, 11.05, 16, 12], "texture": "#texture", "cullface": "east"},
				"west": {"uv": [15, 11, 16, 12], "texture": "#texture"},
				"up": {"uv": [15.8, 11.55, 16, 11.45], "texture": "#texture", "cullface": "east"},
				"down": {"uv": [0, 11.35, 1, 11.65], "texture": "#texture", "cullface": "east"}
			}
		},
		{
			"from": [18.55, 10.775, 7.3],
			"to": [19.025, 11.025, 8.7],
			"rotation": {"angle": 0, "axis": "y", "origin": [0.9, 0, 0]},
			"faces": {
				"north": {"uv": [0, 11.15, 1, 11.9], "texture": "#texture", "cullface": "east"},
				"east": {"uv": [15, 11, 16, 12], "texture": "#texture"},
				"south": {"uv": [15.9, 11.05, 16, 12], "texture": "#texture", "cullface": "east"},
				"west": {"uv": [15, 11, 16, 12], "texture": "#texture"},
				"up": {"uv": [15.8, 11.55, 16, 11.45], "texture": "#texture", "cullface": "east"},
				"down": {"uv": [0, 11.35, 1, 11.65], "texture": "#texture", "cullface": "east"}
			}
		},
		{
			"from": [18.55, 8.775, 7.3],
			"to": [19.55, 10.525, 8.7],
			"rotation": {"angle": 0, "axis": "y", "origin": [0.9, 0, 0]},
			"faces": {
				"north": {"uv": [0, 11.15, 1, 11.9], "texture": "#texture", "cullface": "east"},
				"east": {"uv": [15, 11, 16, 12], "texture": "#texture"},
				"south": {"uv": [15.9, 11.05, 16, 12], "texture": "#texture", "cullface": "east"},
				"west": {"uv": [15, 11, 16, 12], "texture": "#texture"},
				"up": {"uv": [15.8, 11.55, 16, 11.45], "texture": "#texture", "cullface": "east"},
				"down": {"uv": [0, 11.35, 1, 11.65], "texture": "#texture", "cullface": "east"}
			}
		},
		{
			"from": [19.55, 8.775, 7.425],
			"to": [19.8, 10.525, 8.575],
			"rotation": {"angle": 0, "axis": "y", "origin": [0.9, 0, 0.125]},
			"faces": {
				"north": {"uv": [0, 11.15, 1, 11.9], "texture": "#texture", "cullface": "east"},
				"east": {"uv": [15, 11, 16, 12], "texture": "#texture"},
				"south": {"uv": [15.9, 11.05, 16, 12], "texture": "#texture", "cullface": "east"},
				"west": {"uv": [15, 11, 16, 12], "texture": "#texture"},
				"up": {"uv": [15.8, 11.55, 16, 11.45], "texture": "#texture", "cullface": "east"},
				"down": {"uv": [0, 11.35, 1, 11.65], "texture": "#texture", "cullface": "east"}
			}
		},
		{
			"from": [19.8, 10.275, 7.425],
			"to": [26.05, 10.525, 8.575],
			"rotation": {"angle": 0, "axis": "y", "origin": [0.9, 0, 0.125]},
			"faces": {
				"north": {"uv": [0, 11.15, 1, 11.9], "texture": "#texture", "cullface": "east"},
				"east": {"uv": [15, 11, 16, 12], "texture": "#texture"},
				"south": {"uv": [15.9, 11.05, 16, 12], "texture": "#texture", "cullface": "east"},
				"west": {"uv": [15, 11, 16, 12], "texture": "#texture"},
				"up": {"uv": [15.8, 11.55, 16, 11.45], "texture": "#texture", "cullface": "east"},
				"down": {"uv": [0, 11.35, 1, 11.65], "texture": "#texture", "cullface": "east"}
			}
		},
		{
			"from": [19.8, 9.875, 7.425],
			"to": [21.3, 10.275, 8.575],
			"rotation": {"angle": 0, "axis": "y", "origin": [0.9, 0, 0.125]},
			"faces": {
				"north": {"uv": [0, 11.15, 1, 11.9], "texture": "#texture", "cullface": "east"},
				"east": {"uv": [15, 11, 16, 12], "texture": "#texture"},
				"south": {"uv": [15.9, 11.05, 16, 12], "texture": "#texture", "cullface": "east"},
				"west": {"uv": [15, 11, 16, 12], "texture": "#texture"},
				"up": {"uv": [15.8, 11.55, 16, 11.45], "texture": "#texture", "cullface": "east"},
				"down": {"uv": [0, 11.35, 1, 11.65], "texture": "#texture", "cullface": "east"}
			}
		},
		{
			"from": [19.8, 8.775, 7.425],
			"to": [22.3, 9.025, 8.575],
			"rotation": {"angle": 0, "axis": "y", "origin": [0.9, 0, 0.125]},
			"faces": {
				"north": {"uv": [0, 11.15, 1, 11.9], "texture": "#texture", "cullface": "east"},
				"east": {"uv": [15, 11, 16, 12], "texture": "#texture"},
				"south": {"uv": [15.9, 11.05, 16, 12], "texture": "#texture", "cullface": "east"},
				"west": {"uv": [15, 11, 16, 12], "texture": "#texture"},
				"up": {"uv": [15.8, 11.55, 16, 11.45], "texture": "#texture", "cullface": "east"},
				"down": {"uv": [0, 11.35, 1, 11.65], "texture": "#texture", "cullface": "east"}
			}
		},
		{
			"from": [21.3, 9.025, 7.425],
			"to": [21.55, 10.275, 8.575],
			"rotation": {"angle": 0, "axis": "y", "origin": [0.9, 0, 0.125]},
			"faces": {
				"north": {"uv": [0, 11.15, 1, 11.9], "texture": "#texture", "cullface": "east"},
				"east": {"uv": [15, 11, 16, 12], "texture": "#texture"},
				"south": {"uv": [15.9, 11.05, 16, 12], "texture": "#texture", "cullface": "east"},
				"west": {"uv": [15, 11, 16, 12], "texture": "#texture"},
				"up": {"uv": [15.8, 11.55, 16, 11.45], "texture": "#texture", "cullface": "east"},
				"down": {"uv": [0, 11.35, 1, 11.65], "texture": "#texture", "cullface": "east"}
			}
		},
		{
			"from": [17.225, 16.275, 7.425],
			"to": [20.125, 16.525, 8.575],
			"rotation": {"angle": -22.5, "axis": "z", "origin": [0.9, 0, 0.125]},
			"faces": {
				"north": {"uv": [0, 11.15, 1, 11.9], "texture": "#texture", "cullface": "east"},
				"east": {"uv": [15, 11, 16, 12], "texture": "#texture"},
				"south": {"uv": [15.9, 11.05, 16, 12], "texture": "#texture", "cullface": "east"},
				"west": {"uv": [15, 11, 16, 12], "texture": "#texture"},
				"up": {"uv": [15.8, 11.55, 16, 11.45], "texture": "#texture", "cullface": "east"},
				"down": {"uv": [0, 11.35, 1, 11.65], "texture": "#texture", "cullface": "east"}
			}
		},
		{
			"from": [12.325, 22.375, 7.425],
			"to": [13.375, 22.625, 8.575],
			"rotation": {"angle": -45, "axis": "z", "origin": [0.9, 0, 0.125]},
			"faces": {
				"north": {"uv": [0, 11.15, 1, 11.9], "texture": "#texture", "cullface": "east"},
				"east": {"uv": [15, 11, 16, 12], "texture": "#texture"},
				"south": {"uv": [15.9, 11.05, 16, 12], "texture": "#texture", "cullface": "east"},
				"west": {"uv": [15, 11, 16, 12], "texture": "#texture"},
				"up": {"uv": [15.8, 11.55, 16, 11.45], "texture": "#texture", "cullface": "east"},
				"down": {"uv": [0, 11.35, 1, 11.65], "texture": "#texture", "cullface": "east"}
			}
		},
		{
			"from": [26.325, -4.275, 7.425],
			"to": [26.575, -2.85, 8.575],
			"rotation": {"angle": 22.5, "axis": "z", "origin": [0.9, 0, 0.125]},
			"faces": {
				"north": {"uv": [0, 11.15, 1, 11.9], "rotation": 270, "texture": "#texture", "cullface": "east"},
				"east": {"uv": [15.8, 11.55, 16, 11.45], "rotation": 90, "texture": "#texture", "cullface": "east"},
				"south": {"uv": [15.9, 11.05, 16, 12], "rotation": 90, "texture": "#texture", "cullface": "east"},
				"west": {"uv": [0, 11.35, 1, 11.65], "rotation": 90, "texture": "#texture", "cullface": "east"},
				"up": {"uv": [15, 11, 16, 12], "rotation": 90, "texture": "#texture"},
				"down": {"uv": [15, 11, 16, 12], "rotation": 90, "texture": "#texture"}
			}
		},
		{
			"from": [23.5, 8.275, 7.425],
			"to": [26.05, 8.525, 8.575],
			"rotation": {"angle": 0, "axis": "y", "origin": [0.9, 0, 0.125]},
			"faces": {
				"north": {"uv": [0, 11.15, 1, 11.9], "texture": "#texture", "cullface": "east"},
				"east": {"uv": [15, 11, 16, 12], "texture": "#texture"},
				"south": {"uv": [15.9, 11.05, 16, 12], "texture": "#texture", "cullface": "east"},
				"west": {"uv": [15, 11, 16, 12], "texture": "#texture"},
				"up": {"uv": [15.8, 11.55, 16, 11.45], "texture": "#texture", "cullface": "east"},
				"down": {"uv": [0, 11.35, 1, 11.65], "texture": "#texture", "cullface": "east"}
			}
		},
		{
			"from": [24.075, 8.025, 7.425],
			"to": [26.05, 8.275, 8.575],
			"rotation": {"angle": 0, "axis": "y", "origin": [0.9, 0, 0.125]},
			"faces": {
				"north": {"uv": [0, 11.15, 1, 11.9], "texture": "#texture", "cullface": "east"},
				"east": {"uv": [15, 11, 16, 12], "texture": "#texture"},
				"south": {"uv": [15.9, 11.05, 16, 12], "texture": "#texture", "cullface": "east"},
				"west": {"uv": [15, 11, 16, 12], "texture": "#texture"},
				"up": {"uv": [15.8, 11.55, 16, 11.45], "texture": "#texture", "cullface": "east"},
				"down": {"uv": [0, 11.35, 1, 11.65], "texture": "#texture", "cullface": "east"}
			}
		},
		{
			"from": [24.675, 7.775, 7.425],
			"to": [26.05, 8.025, 8.575],
			"rotation": {"angle": 0, "axis": "y", "origin": [0.9, 0, 0.125]},
			"faces": {
				"north": {"uv": [0, 11.15, 1, 11.9], "texture": "#texture", "cullface": "east"},
				"east": {"uv": [15, 11, 16, 12], "texture": "#texture"},
				"south": {"uv": [15.9, 11.05, 16, 12], "texture": "#texture", "cullface": "east"},
				"west": {"uv": [15, 11, 16, 12], "texture": "#texture"},
				"up": {"uv": [15.8, 11.55, 16, 11.45], "texture": "#texture", "cullface": "east"},
				"down": {"uv": [0, 11.35, 1, 11.65], "texture": "#texture", "cullface": "east"}
			}
		},
		{
			"from": [25.075, 7.525, 7.425],
			"to": [26.05, 7.775, 8.575],
			"rotation": {"angle": 0, "axis": "y", "origin": [0.9, 0, 0.125]},
			"faces": {
				"north": {"uv": [0, 11.15, 1, 11.9], "texture": "#texture", "cullface": "east"},
				"east": {"uv": [15, 11, 16, 12], "texture": "#texture"},
				"south": {"uv": [15.9, 11.05, 16, 12], "texture": "#texture", "cullface": "east"},
				"west": {"uv": [15, 11, 16, 12], "texture": "#texture"},
				"up": {"uv": [15.8, 11.55, 16, 11.45], "texture": "#texture", "cullface": "east"},
				"down": {"uv": [0, 11.35, 1, 11.65], "texture": "#texture", "cullface": "east"}
			}
		},
		{
			"from": [25.375, 7.275, 7.425],
			"to": [26.05, 7.525, 8.575],
			"rotation": {"angle": 0, "axis": "y", "origin": [0.9, 0, 0.125]},
			"faces": {
				"north": {"uv": [0, 11.15, 1, 11.9], "texture": "#texture", "cullface": "east"},
				"east": {"uv": [15, 11, 16, 12], "texture": "#texture"},
				"south": {"uv": [15.9, 11.05, 16, 12], "texture": "#texture", "cullface": "east"},
				"west": {"uv": [15, 11, 16, 12], "texture": "#texture"},
				"up": {"uv": [15.8, 11.55, 16, 11.45], "texture": "#texture", "cullface": "east"},
				"down": {"uv": [0, 11.35, 1, 11.65], "texture": "#texture", "cullface": "east"}
			}
		},
		{
			"from": [25.6, 7.025, 7.425],
			"to": [26.05, 7.275, 8.575],
			"rotation": {"angle": 0, "axis": "y", "origin": [0.9, 0, 0.125]},
			"faces": {
				"north": {"uv": [0, 11.15, 1, 11.9], "texture": "#texture", "cullface": "east"},
				"east": {"uv": [15, 11, 16, 12], "texture": "#texture"},
				"south": {"uv": [15.9, 11.05, 16, 12], "texture": "#texture", "cullface": "east"},
				"west": {"uv": [15, 11, 16, 12], "texture": "#texture"},
				"up": {"uv": [15.8, 11.55, 16, 11.45], "texture": "#texture", "cullface": "east"},
				"down": {"uv": [0, 11.35, 1, 11.65], "texture": "#texture", "cullface": "east"}
			}
		},
		{
			"from": [25.775, 6.525, 7.425],
			"to": [26.05, 7.025, 8.575],
			"rotation": {"angle": 0, "axis": "y", "origin": [0.9, 0, 0.125]},
			"faces": {
				"north": {"uv": [0, 11.15, 1, 11.9], "texture": "#texture", "cullface": "east"},
				"east": {"uv": [15, 11, 16, 12], "texture": "#texture"},
				"south": {"uv": [15.9, 11.05, 16, 12], "texture": "#texture", "cullface": "east"},
				"west": {"uv": [15, 11, 16, 12], "texture": "#texture"},
				"up": {"uv": [15.8, 11.55, 16, 11.45], "texture": "#texture", "cullface": "east"},
				"down": {"uv": [0, 11.35, 1, 11.65], "texture": "#texture", "cullface": "east"}
			}
		},
		{
			"from": [14.5, 11.1, 7.4],
			"to": [18, 12.85, 8.6],
			"rotation": {"angle": 0, "axis": "y", "origin": [0, -0.25, 0]},
			"faces": {
				"north": {"uv": [0, 5, 5.5, 7.25], "texture": "#texture", "cullface": "east"},
				"east": {"uv": [7, 5, 9, 7.25], "texture": "#texture", "cullface": "east"},
				"south": {"uv": [9.5, 5, 15, 7.25], "texture": "#texture", "cullface": "east"},
				"west": {"uv": [7, 5, 9, 7.25], "texture": "#texture", "cullface": "east"},
				"up": {"uv": [10.5, 7, 16, 9], "texture": "#texture", "cullface": "east"},
				"down": {"uv": [5.5, 9, 0, 7], "texture": "#texture", "cullface": "east"}
			}
		},
		{
			"from": [14.75, 11.85, 7.65],
			"to": [18.25, 12.6, 8.35],
			"rotation": {"angle": 0, "axis": "y", "origin": [0, -0.25, 0]},
			"faces": {
				"north": {"uv": [0, 5, 5.5, 7.25], "texture": "#texture", "cullface": "east"},
				"east": {"uv": [7, 5, 9, 7.25], "texture": "#texture", "cullface": "east"},
				"south": {"uv": [9.5, 5, 15, 7.25], "texture": "#texture", "cullface": "east"},
				"west": {"uv": [7, 5, 9, 7.25], "texture": "#texture", "cullface": "east"},
				"up": {"uv": [10.5, 7, 16, 9], "texture": "#texture", "cullface": "east"},
				"down": {"uv": [5.5, 9, 0, 7], "texture": "#texture", "cullface": "east"}
			}
		},
		{
			"from": [9.25, 12.75, 7.4],
			"to": [15, 13.1, 8.6],
			"rotation": {"angle": 0, "axis": "y", "origin": [-0.5, -0.25, 0]},
			"faces": {
				"north": {"uv": [0, 5, 5.5, 7.25], "texture": "#texture", "cullface": "east"},
				"east": {"uv": [7, 5, 9, 7.25], "texture": "#texture", "cullface": "east"},
				"south": {"uv": [9.5, 5, 15, 7.25], "texture": "#texture", "cullface": "east"},
				"west": {"uv": [7, 5, 9, 7.25], "texture": "#texture", "cullface": "east"},
				"up": {"uv": [10.5, 7, 16, 9], "texture": "#texture", "cullface": "east"},
				"down": {"uv": [5.5, 9, 0, 7], "texture": "#texture", "cullface": "east"}
			}
		},
		{
			"from": [12.925, 1.85, 7.4],
			"to": [15.825, 2.3, 8.6],
			"rotation": {"angle": 45, "axis": "z", "origin": [-0.5, -0.25, 0]},
			"faces": {
				"north": {"uv": [0, 5, 5.5, 7.25], "texture": "#texture", "cullface": "east"},
				"east": {"uv": [7, 5, 9, 7.25], "texture": "#texture", "cullface": "east"},
				"south": {"uv": [9.5, 5, 15, 7.25], "texture": "#texture", "cullface": "east"},
				"west": {"uv": [7, 5, 9, 7.25], "texture": "#texture", "cullface": "east"},
				"up": {"uv": [10.5, 7, 16, 9], "texture": "#texture", "cullface": "east"},
				"down": {"uv": [5.5, 9, 0, 7], "texture": "#texture", "cullface": "east"}
			}
		},
		{
			"from": [6.5, 10.5, 7.4],
			"to": [10.25, 11.1, 8.6],
			"faces": {
				"north": {"uv": [0, 5, 5.5, 7.25], "texture": "#texture", "cullface": "east"},
				"east": {"uv": [7, 5, 9, 7.25], "texture": "#texture", "cullface": "east"},
				"south": {"uv": [9.5, 5, 15, 7.25], "texture": "#texture", "cullface": "east"},
				"west": {"uv": [7, 5, 9, 7.25], "texture": "#texture", "cullface": "east"},
				"up": {"uv": [10.5, 7, 16, 9], "texture": "#texture", "cullface": "east"},
				"down": {"uv": [5.5, 9, 0, 7], "texture": "#texture", "cullface": "east"}
			}
		},
		{
			"from": [-0.25, 8.5, 7.4],
			"to": [10.25, 9.05, 8.6],
			"faces": {
				"north": {"uv": [0, 5, 5.5, 7.25], "texture": "#texture", "cullface": "east"},
				"east": {"uv": [7, 5, 9, 7.25], "texture": "#texture", "cullface": "east"},
				"south": {"uv": [9.5, 5, 15, 7.25], "texture": "#texture", "cullface": "east"},
				"west": {"uv": [7, 5, 9, 7.25], "texture": "#texture", "cullface": "east"},
				"up": {"uv": [10.5, 7, 16, 9], "texture": "#texture", "cullface": "east"},
				"down": {"uv": [5.5, 9, 0, 7], "texture": "#texture", "cullface": "east"}
			}
		},
		{
			"from": [15, 12.85, 7.525],
			"to": [17.75, 13.2, 8.475],
			"rotation": {"angle": 0, "axis": "y", "origin": [0, -0.25, 0]},
			"faces": {
				"north": {"uv": [16, 12, 15, 11], "rotation": 180, "texture": "#texture", "cullface": "east"},
				"east": {"uv": [15.2, 11.2, 16, 11.85], "texture": "#texture", "cullface": "east"},
				"south": {"uv": [15, 12, 16, 11.25], "texture": "#texture", "cullface": "east"},
				"west": {"uv": [15.2, 11.2, 16, 11.85], "texture": "#texture", "cullface": "east"},
				"up": {"uv": [16, 11.2, 15.3, 11.9], "texture": "#texture", "cullface": "east"},
				"down": {"uv": [16, 12, 15, 11], "texture": "#texture", "cullface": "east"}
			}
		},
		{
			"from": [15, 13.15, 8.35],
			"to": [17.75, 14, 8.7],
			"rotation": {"angle": 0, "axis": "y", "origin": [0, -0.25, 0]},
			"faces": {
				"north": {"uv": [16, 12, 15, 11], "texture": "#texture", "cullface": "east"},
				"east": {"uv": [15.2, 11.2, 16, 11.85], "rotation": 90, "texture": "#texture", "cullface": "east"},
				"south": {"uv": [15, 12, 16, 11], "texture": "#texture", "cullface": "east"},
				"west": {"uv": [15.2, 11.2, 16, 11.85], "rotation": 270, "texture": "#texture", "cullface": "east"},
				"up": {"uv": [16, 11.2, 15.3, 11.9], "texture": "#texture", "cullface": "east"},
				"down": {"uv": [16, 12, 15, 11], "rotation": 180, "texture": "#texture", "cullface": "east"}
			}
		},
		{
			"from": [15, 13.15, 7.3],
			"to": [17.75, 14, 7.65],
			"rotation": {"angle": 0, "axis": "y", "origin": [0, -0.25, 0]},
			"faces": {
				"north": {"uv": [16, 12, 15, 11], "texture": "#texture", "cullface": "east"},
				"east": {"uv": [15.2, 11.2, 16, 11.85], "rotation": 90, "texture": "#texture", "cullface": "east"},
				"south": {"uv": [15, 12, 16, 11], "texture": "#texture", "cullface": "east"},
				"west": {"uv": [15.2, 11.2, 16, 11.85], "rotation": 270, "texture": "#texture", "cullface": "east"},
				"up": {"uv": [16, 11.2, 15.3, 11.9], "texture": "#texture", "cullface": "east"},
				"down": {"uv": [16, 12, 15, 11], "rotation": 180, "texture": "#texture", "cullface": "east"}
			}
		},
		{
			"from": [15, 13.95, 7.575],
			"to": [17.75, 14.3, 8.425],
			"rotation": {"angle": 0, "axis": "y", "origin": [0, -0.25, 0]},
			"faces": {
				"north": {"uv": [16, 12, 15, 11], "rotation": 180, "texture": "#texture", "cullface": "east"},
				"east": {"uv": [15.2, 11.2, 16, 11.85], "texture": "#texture", "cullface": "east"},
				"south": {"uv": [15, 12, 16, 11.25], "texture": "#texture", "cullface": "east"},
				"west": {"uv": [15.2, 11.2, 16, 11.85], "texture": "#texture", "cullface": "east"},
				"up": {"uv": [16, 11.2, 15.3, 11.9], "texture": "#texture", "cullface": "east"},
				"down": {"uv": [16, 12, 15, 11], "texture": "#texture", "cullface": "east"}
			}
		},
		{
			"from": [0.25, 10.5, 7.4],
			"to": [0.5, 11.1, 8.6],
			"faces": {
				"north": {"uv": [0, 5, 1.5, 5.75], "texture": "#texture", "cullface": "east"},
				"east": {"uv": [7, 5, 5, 5.75], "texture": "#texture", "cullface": "east"},
				"south": {"uv": [9.5, 5, 11, 5.75], "texture": "#texture", "cullface": "east"},
				"west": {"uv": [7, 5, 5, 5.75], "texture": "#texture", "cullface": "east"},
				"up": {"uv": [10.5, 7, 12, 7.5], "texture": "#texture", "cullface": "east"},
				"down": {"uv": [1.5, 7.5, 0, 7], "texture": "#texture", "cullface": "east"}
			}
		},
		{
			"from": [0.5, 10.9, 7.4],
			"to": [6.5, 11.1, 8.6],
			"faces": {
				"north": {"uv": [0, 5, 1.5, 5.75], "texture": "#texture", "cullface": "east"},
				"east": {"uv": [7, 5, 5, 5.75], "texture": "#texture", "cullface": "east"},
				"south": {"uv": [9.5, 5, 11, 5.75], "texture": "#texture", "cullface": "east"},
				"west": {"uv": [7, 5, 5, 5.75], "texture": "#texture", "cullface": "east"},
				"up": {"uv": [10.5, 7, 12, 7.5], "texture": "#texture", "cullface": "east"},
				"down": {"uv": [1.5, 7.5, 0, 7], "texture": "#texture", "cullface": "east"}
			}
		},
		{
			"from": [1.25, 10.5, 7.4],
			"to": [1.5, 10.9, 8.6],
			"faces": {
				"north": {"uv": [0, 5, 1.5, 5.75], "texture": "#texture", "cullface": "east"},
				"east": {"uv": [7, 5, 5, 5.75], "texture": "#texture", "cullface": "east"},
				"south": {"uv": [9.5, 5, 11, 5.75], "texture": "#texture", "cullface": "east"},
				"west": {"uv": [7, 5, 5, 5.75], "texture": "#texture", "cullface": "east"},
				"up": {"uv": [10.5, 7, 12, 7.5], "texture": "#texture", "cullface": "east"},
				"down": {"uv": [1.5, 7.5, 0, 7], "texture": "#texture", "cullface": "east"}
			}
		},
		{
			"from": [2.25, 10.5, 7.4],
			"to": [2.5, 10.9, 8.6],
			"faces": {
				"north": {"uv": [0, 5, 1.5, 5.75], "texture": "#texture", "cullface": "east"},
				"east": {"uv": [7, 5, 5, 5.75], "texture": "#texture", "cullface": "east"},
				"south": {"uv": [9.5, 5, 11, 5.75], "texture": "#texture", "cullface": "east"},
				"west": {"uv": [7, 5, 5, 5.75], "texture": "#texture", "cullface": "east"},
				"up": {"uv": [10.5, 7, 12, 7.5], "texture": "#texture", "cullface": "east"},
				"down": {"uv": [1.5, 7.5, 0, 7], "texture": "#texture", "cullface": "east"}
			}
		},
		{
			"from": [3.25, 10.5, 7.4],
			"to": [3.5, 10.9, 8.6],
			"faces": {
				"north": {"uv": [0, 5, 1.5, 5.75], "texture": "#texture", "cullface": "east"},
				"east": {"uv": [7, 5, 5, 5.75], "texture": "#texture", "cullface": "east"},
				"south": {"uv": [9.5, 5, 11, 5.75], "texture": "#texture", "cullface": "east"},
				"west": {"uv": [7, 5, 5, 5.75], "texture": "#texture", "cullface": "east"},
				"up": {"uv": [10.5, 7, 12, 7.5], "texture": "#texture", "cullface": "east"},
				"down": {"uv": [1.5, 7.5, 0, 7], "texture": "#texture", "cullface": "east"}
			}
		},
		{
			"from": [4.25, 10.5, 7.4],
			"to": [4.5, 10.9, 8.6],
			"faces": {
				"north": {"uv": [0, 5, 1.5, 5.75], "texture": "#texture", "cullface": "east"},
				"east": {"uv": [7, 5, 5, 5.75], "texture": "#texture", "cullface": "east"},
				"south": {"uv": [9.5, 5, 11, 5.75], "texture": "#texture", "cullface": "east"},
				"west": {"uv": [7, 5, 5, 5.75], "texture": "#texture", "cullface": "east"},
				"up": {"uv": [10.5, 7, 12, 7.5], "texture": "#texture", "cullface": "east"},
				"down": {"uv": [1.5, 7.5, 0, 7], "texture": "#texture", "cullface": "east"}
			}
		},
		{
			"from": [5.25, 10.5, 7.4],
			"to": [5.5, 10.9, 8.6],
			"faces": {
				"north": {"uv": [0, 5, 1.5, 5.75], "texture": "#texture", "cullface": "east"},
				"east": {"uv": [7, 5, 5, 5.75], "texture": "#texture", "cullface": "east"},
				"south": {"uv": [9.5, 5, 11, 5.75], "texture": "#texture", "cullface": "east"},
				"west": {"uv": [7, 5, 5, 5.75], "texture": "#texture", "cullface": "east"},
				"up": {"uv": [10.5, 7, 12, 7.5], "texture": "#texture", "cullface": "east"},
				"down": {"uv": [1.5, 7.5, 0, 7], "texture": "#texture", "cullface": "east"}
			}
		},
		{
			"from": [6.25, 10.5, 7.4],
			"to": [6.5, 10.9, 8.6],
			"faces": {
				"north": {"uv": [0, 5, 1.5, 5.75], "texture": "#texture", "cullface": "east"},
				"east": {"uv": [7, 5, 5, 5.75], "texture": "#texture", "cullface": "east"},
				"south": {"uv": [9.5, 5, 11, 5.75], "texture": "#texture", "cullface": "east"},
				"west": {"uv": [7, 5, 5, 5.75], "texture": "#texture", "cullface": "east"},
				"up": {"uv": [10.5, 7, 12, 7.5], "texture": "#texture", "cullface": "east"},
				"down": {"uv": [1.5, 7.5, 0, 7], "texture": "#texture", "cullface": "east"}
			}
		},
		{
			"from": [0.475, 10.5, 7.65],
			"to": [6.55, 10.925, 8.35],
			"faces": {
				"north": {"uv": [15.1, 11, 16, 11.85], "texture": "#texture", "cullface": "east"},
				"east": {"uv": [16, 11, 15.2, 11.85], "texture": "#texture", "cullface": "east"},
				"south": {"uv": [15.2, 11, 16, 11.75], "texture": "#texture", "cullface": "east"},
				"west": {"uv": [16, 11, 15.2, 11.85], "texture": "#texture", "cullface": "east"},
				"up": {"uv": [15.2, 11, 16, 11.8], "texture": "#texture", "cullface": "east"},
				"down": {"uv": [16, 11.7, 15.2, 11], "texture": "#texture", "cullface": "east"}
			}
		},
		{
			"from": [12.25, 6.5, 8.575],
			"to": [13.75, 8.25, 12.05],
			"rotation": {"angle": 0, "axis": "y", "origin": [0, -1, 0]},
			"faces": {
				"north": {"uv": [3, 9.2, 9.6, 12.7], "texture": "#texture", "cullface": "east"},
				"east": {"uv": [9.1, 9.1, 9.7, 12.8], "texture": "#texture", "cullface": "east"},
				"south": {"uv": [9.7, 9.1, 3, 12.8], "texture": "#texture", "cullface": "east"},
				"west": {"uv": [3, 9, 4, 10], "texture": "#texture"},
				"up": {"uv": [3, 9, 4, 10], "texture": "#texture"},
				"down": {"uv": [9.1, 12.9, 9.8, 9.1], "texture": "#texture", "cullface": "east"}
			}
		},
		{
			"from": [12.25, 5.875, 8.95],
			"to": [13.75, 8.9, 11.55],
			"rotation": {"angle": 0, "axis": "y", "origin": [0, -1, 0]},
			"faces": {
				"north": {"uv": [3, 9.2, 9.6, 12.7], "texture": "#texture", "cullface": "east"},
				"east": {"uv": [9.1, 9.1, 9.7, 12.8], "texture": "#texture", "cullface": "east"},
				"south": {"uv": [9.7, 9.1, 3, 12.8], "texture": "#texture", "cullface": "east"},
				"west": {"uv": [3, 9, 4, 10], "texture": "#texture"},
				"up": {"uv": [3, 9, 4, 10], "texture": "#texture"},
				"down": {"uv": [9.1, 12.9, 9.8, 9.1], "texture": "#texture", "cullface": "east"}
			}
		},
		{
			"from": [12.25, 6.05, 8.775],
			"to": [13.75, 8.725, 11.725],
			"rotation": {"angle": 0, "axis": "y", "origin": [0, -1, 0]},
			"faces": {
				"north": {"uv": [3, 9.2, 9.6, 12.7], "texture": "#texture", "cullface": "east"},
				"east": {"uv": [9.1, 9.1, 9.7, 12.8], "texture": "#texture", "cullface": "east"},
				"south": {"uv": [9.7, 9.1, 3, 12.8], "texture": "#texture", "cullface": "east"},
				"west": {"uv": [3, 9, 4, 10], "texture": "#texture"},
				"up": {"uv": [3, 9, 4, 10], "texture": "#texture"},
				"down": {"uv": [9.1, 12.9, 9.8, 9.1], "texture": "#texture", "cullface": "east"}
			}
		},
		{
			"from": [12.25, 5.7, 6.15],
			"to": [13.75, 6.625, 9.85],
			"rotation": {"angle": 0, "axis": "y", "origin": [0, -1, 0]},
			"faces": {
				"north": {"uv": [3, 9.2, 9.6, 12.7], "texture": "#texture", "cullface": "east"},
				"east": {"uv": [9.1, 9.1, 9.7, 12.8], "texture": "#texture", "cullface": "east"},
				"south": {"uv": [9.7, 9.1, 3, 12.8], "texture": "#texture", "cullface": "east"},
				"west": {"uv": [3, 9, 4, 10], "texture": "#texture"},
				"up": {"uv": [3, 9, 4, 10], "texture": "#texture"},
				"down": {"uv": [9.1, 12.9, 9.8, 9.1], "texture": "#texture", "cullface": "east"}
			}
		},
		{
			"from": [12.25, 6.3, 7.4],
			"to": [13.75, 7.375, 8.6],
			"rotation": {"angle": 0, "axis": "y", "origin": [0, -1, 0]},
			"faces": {
				"north": {"uv": [3, 9.2, 9.6, 12.7], "texture": "#texture", "cullface": "east"},
				"east": {"uv": [9.1, 9.1, 9.7, 12.8], "texture": "#texture", "cullface": "east"},
				"south": {"uv": [9.7, 9.1, 3, 12.8], "texture": "#texture", "cullface": "east"},
				"west": {"uv": [3, 9, 4, 10], "texture": "#texture"},
				"up": {"uv": [3, 9, 4, 10], "texture": "#texture"},
				"down": {"uv": [9.1, 12.9, 9.8, 9.1], "texture": "#texture", "cullface": "east"}
			}
		},
		{
			"from": [12.25, 5.625, 9.4],
			"to": [13.75, 9.2, 11.1],
			"rotation": {"angle": 0, "axis": "y", "origin": [0, -1, 0]},
			"faces": {
				"north": {"uv": [3, 9.2, 9.6, 12.7], "texture": "#texture", "cullface": "east"},
				"east": {"uv": [9.1, 9.1, 9.7, 12.8], "texture": "#texture", "cullface": "east"},
				"south": {"uv": [9.7, 9.1, 3, 12.8], "texture": "#texture", "cullface": "east"},
				"west": {"uv": [3, 9, 4, 10], "texture": "#texture"},
				"up": {"uv": [3, 9, 4, 10], "texture": "#texture"},
				"down": {"uv": [9.1, 12.9, 9.8, 9.1], "texture": "#texture", "cullface": "east"}
			}
		},
		{
			"from": [12.25, 6.25, 8.625],
			"to": [13.75, 8.5, 11.925],
			"rotation": {"angle": 0, "axis": "y", "origin": [0, -1, 0]},
			"faces": {
				"north": {"uv": [3, 9.2, 9.6, 12.7], "texture": "#texture", "cullface": "east"},
				"east": {"uv": [9.1, 9.1, 9.7, 12.8], "texture": "#texture", "cullface": "east"},
				"south": {"uv": [9.7, 9.1, 3, 12.8], "texture": "#texture", "cullface": "east"},
				"west": {"uv": [3, 9, 4, 10], "texture": "#texture"},
				"up": {"uv": [3, 9, 4, 10], "texture": "#texture"},
				"down": {"uv": [9.1, 12.9, 9.8, 9.1], "texture": "#texture", "cullface": "east"}
			}
		},
		{
			"from": [12.25, 5.75, 4.6],
			"to": [13.75, 9.075, 6.8],
			"rotation": {"angle": 0, "axis": "y", "origin": [0, -1, 0]},
			"faces": {
				"north": {"uv": [3, 9.2, 9.6, 12.7], "texture": "#texture", "cullface": "east"},
				"east": {"uv": [9.1, 9.1, 9.7, 12.8], "texture": "#texture", "cullface": "east"},
				"south": {"uv": [9.7, 9.1, 3, 12.8], "texture": "#texture", "cullface": "east"},
				"west": {"uv": [3, 9, 4, 10], "texture": "#texture"},
				"up": {"uv": [3, 9, 4, 10], "texture": "#texture"},
				"down": {"uv": [9.1, 12.9, 9.8, 9.1], "texture": "#texture", "cullface": "east"}
			}
		},
		{
			"from": [12.25, 6.5, 3.95],
			"to": [13.75, 8.25, 7.425],
			"rotation": {"angle": 0, "axis": "y", "origin": [0, -1, 0]},
			"faces": {
				"north": {"uv": [3, 9.2, 9.6, 12.7], "texture": "#texture", "cullface": "east"},
				"east": {"uv": [9.1, 9.1, 9.7, 12.8], "texture": "#texture", "cullface": "east"},
				"south": {"uv": [9.7, 9.1, 3, 12.8], "texture": "#texture", "cullface": "east"},
				"west": {"uv": [3, 9, 4, 10], "texture": "#texture"},
				"up": {"uv": [3, 9, 4, 10], "texture": "#texture"},
				"down": {"uv": [9.1, 12.9, 9.8, 9.1], "texture": "#texture", "cullface": "east"}
			}
		},
		{
			"from": [12.25, 5.875, 4.4],
			"to": [13.75, 8.9, 7],
			"rotation": {"angle": 0, "axis": "y", "origin": [0, -1, 0]},
			"faces": {
				"north": {"uv": [3, 9.2, 9.6, 12.7], "texture": "#texture", "cullface": "east"},
				"east": {"uv": [9.1, 9.1, 9.7, 12.8], "texture": "#texture", "cullface": "east"},
				"south": {"uv": [9.7, 9.1, 3, 12.8], "texture": "#texture", "cullface": "east"},
				"west": {"uv": [3, 9, 4, 10], "texture": "#texture"},
				"up": {"uv": [3, 9, 4, 10], "texture": "#texture"},
				"down": {"uv": [9.1, 12.9, 9.8, 9.1], "texture": "#texture", "cullface": "east"}
			}
		},
		{
			"from": [12.25, 6.05, 4.225],
			"to": [13.75, 8.725, 7.175],
			"rotation": {"angle": 0, "axis": "y", "origin": [0, -1, 0]},
			"faces": {
				"north": {"uv": [3, 9.2, 9.6, 12.7], "texture": "#texture", "cullface": "east"},
				"east": {"uv": [9.1, 9.1, 9.7, 12.8], "texture": "#texture", "cullface": "east"},
				"south": {"uv": [9.7, 9.1, 3, 12.8], "texture": "#texture", "cullface": "east"},
				"west": {"uv": [3, 9, 4, 10], "texture": "#texture"},
				"up": {"uv": [3, 9, 4, 10], "texture": "#texture"},
				"down": {"uv": [9.1, 12.9, 9.8, 9.1], "texture": "#texture", "cullface": "east"}
			}
		},
		{
			"from": [12.25, 5.625, 4.85],
			"to": [13.75, 9.2, 6.55],
			"rotation": {"angle": 0, "axis": "y", "origin": [0, -1, 0]},
			"faces": {
				"north": {"uv": [3, 9.2, 9.6, 12.7], "texture": "#texture", "cullface": "east"},
				"east": {"uv": [9.1, 9.1, 9.7, 12.8], "texture": "#texture", "cullface": "east"},
				"south": {"uv": [9.7, 9.1, 3, 12.8], "texture": "#texture", "cullface": "east"},
				"west": {"uv": [3, 9, 4, 10], "texture": "#texture"},
				"up": {"uv": [3, 9, 4, 10], "texture": "#texture"},
				"down": {"uv": [9.1, 12.9, 9.8, 9.1], "texture": "#texture", "cullface": "east"}
			}
		},
		{
			"from": [12.25, 6.25, 4.075],
			"to": [13.75, 8.5, 7.375],
			"rotation": {"angle": 0, "axis": "y", "origin": [0, -1, 0]},
			"faces": {
				"north": {"uv": [3, 9.2, 9.6, 12.7], "texture": "#texture", "cullface": "east"},
				"east": {"uv": [9.1, 9.1, 9.7, 12.8], "texture": "#texture", "cullface": "east"},
				"south": {"uv": [9.7, 9.1, 3, 12.8], "texture": "#texture", "cullface": "east"},
				"west": {"uv": [3, 9, 4, 10], "texture": "#texture"},
				"up": {"uv": [3, 9, 4, 10], "texture": "#texture"},
				"down": {"uv": [9.1, 12.9, 9.8, 9.1], "texture": "#texture", "cullface": "east"}
			}
		}
	],
	"gui_light": "front",
	"display": {
		"thirdperson_righthand": {
			"rotation": [0, -90, 0],
			"translation": [0, -0.25, -5.5],
			"scale": [0.85, 0.85, 0.85]
		},
		"thirdperson_lefthand": {
			"rotation": [0, 90, 0],
			"translation": [0, -0.25, -5.5],
			"scale": [0.85, 0.85, 0.85]
		},
		"firstperson_righthand": {
			"rotation": [0, -90, 0],
			"translation": [0, 1.5, -7],
			"scale": [1.02, 1.02, 1.02]
		},
		"firstperson_lefthand": {
			"rotation": [0, 90, 0],
			"translation": [0, 1.5, -7],
			"scale": [1.02, 1.02, 1.02]
		},
		"ground": {
			"translation": [-3, -0.25, 0],
			"scale": [1.01, 1, 1.01]
		},
		"gui": {
			"rotation": [0, 0, -45],
			"translation": [-1.75, 1, 0],
			"scale": [0.59, 0.59, 1]
		},
		"head": {
			"translation": [-2.5, 0, 0]
		},
		"fixed": {
			"rotation": [0, 180, -45],
			"translation": [3.25, 1.6, -1.1],
			"scale": [1.02, 1.01, 1.02]
		}
	}
}