{
	"credit": "Made by SrDarmith - YouTube: Mainclay",
	"textures": {
		"1": "itemm/hardened_clay_stained_cyan",
		"particle": "itemm/anvil_1",
		"texture": "itemm/anvil_1"
	},
	"elements": [
		{
			"from": [-11.5, 9.35, 7.75],
			"to": [1, 9.6, 8.25],
			"rotation": {"angle": 0, "axis": "y", "origin": [-0.5, 9, 0]},
			"faces": {
				"north": {"uv": [14.5, 6.75, 16, 7], "texture": "#texture", "cullface": "west"},
				"south": {"uv": [0, 6.75, 1.5, 7], "texture": "#texture", "cullface": "west"},
				"west": {"uv": [7.75, 6.75, 8.25, 7], "texture": "#texture", "cullface": "west"},
				"up": {"uv": [0, 7.75, 1.5, 8.25], "texture": "#texture", "cullface": "west"},
				"down": {"uv": [16, 8.25, 14.5, 7.75], "texture": "#texture", "cullface": "west"}
			}
		},
		{
			"from": [-3.5, 7.3, 7.425],
			"to": [-2.25, 9.65, 8.575],
			"rotation": {"angle": 0, "axis": "y", "origin": [-0.5, 9, 0]},
			"faces": {
				"north": {"uv": [16, 7, 15, 7.75], "texture": "#texture", "cullface": "west"},
				"east": {"uv": [7.5, 6.75, 8.5, 7.75], "texture": "#texture", "cullface": "west"},
				"south": {"uv": [0, 7, 1, 7.75], "texture": "#texture", "cullface": "west"},
				"west": {"uv": [7.5, 6.75, 8.5, 7.75], "texture": "#texture", "cullface": "west"},
				"up": {"uv": [0, 7.5, 1, 8.5], "texture": "#texture", "cullface": "west"},
				"down": {"uv": [16, 8.5, 15, 7.5], "texture": "#texture", "cullface": "west"}
			}
		},
		{
			"from": [-3.5, 9.65, 7.75],
			"to": [-2.25, 10.325, 8.25],
			"rotation": {"angle": 0, "axis": "y", "origin": [-0.5, 9, 0]},
			"faces": {
				"north": {"uv": [16, 6, 15, 6.75], "texture": "#texture", "cullface": "west"},
				"east": {"uv": [7.75, 6, 8.25, 6.75], "texture": "#texture", "cullface": "west"},
				"south": {"uv": [0, 6, 1, 6.75], "texture": "#texture", "cullface": "west"},
				"west": {"uv": [7.75, 6, 8.25, 6.75], "texture": "#texture", "cullface": "west"},
				"up": {"uv": [0, 7.75, 1, 8.25], "texture": "#texture", "cullface": "west"}
			}
		},
		{
			"from": [-3.5, 10.325, 7.75],
			"to": [-2.75, 10.925, 8.25],
			"rotation": {"angle": 0, "axis": "y", "origin": [-0.5, 9, 0]},
			"faces": {
				"north": {"uv": [16, 5.5, 15, 6], "texture": "#texture", "cullface": "west"},
				"east": {"uv": [7.75, 5.5, 8.25, 6], "texture": "#texture", "cullface": "west"},
				"south": {"uv": [0, 5.5, 1, 6], "texture": "#texture", "cullface": "west"},
				"west": {"uv": [7.75, 5.5, 8.25, 6], "texture": "#texture", "cullface": "west"},
				"up": {"uv": [0, 7.75, 1, 8.25], "texture": "#texture", "cullface": "west"}
			}
		},
		{
			"from": [-3.5, 11.175, 7.5],
			"to": [-3, 11.675, 7.75],
			"rotation": {"angle": 0, "axis": "y", "origin": [-0.5, 9, 0]},
			"faces": {
				"north": {"uv": [16, 5, 15, 5.5], "texture": "#texture", "cullface": "west"},
				"east": {"uv": [8.25, 5, 8.5, 5.5], "texture": "#texture", "cullface": "west"},
				"south": {"uv": [0, 5, 1, 5.5], "texture": "#texture", "cullface": "west"},
				"west": {"uv": [7.5, 5, 7.75, 5.5], "texture": "#texture", "cullface": "west"},
				"up": {"uv": [0, 7.5, 1, 7.75], "texture": "#texture", "cullface": "west"},
				"down": {"uv": [16, 7.75, 15, 7.5], "texture": "#texture", "cullface": "west"}
			}
		},
		{
			"from": [-3.5, 11.175, 8.25],
			"to": [-3, 11.675, 8.5],
			"rotation": {"angle": 0, "axis": "y", "origin": [-0.5, 9, 0]},
			"faces": {
				"north": {"uv": [16, 5, 15, 5.5], "texture": "#texture", "cullface": "west"},
				"east": {"uv": [7.5, 5, 7.75, 5.5], "texture": "#texture", "cullface": "west"},
				"south": {"uv": [0, 5, 1, 5.5], "texture": "#texture", "cullface": "west"},
				"west": {"uv": [8.25, 5, 8.5, 5.5], "texture": "#texture", "cullface": "west"},
				"up": {"uv": [0, 8.25, 1, 8.5], "texture": "#texture", "cullface": "west"},
				"down": {"uv": [16, 8.5, 15, 8.25], "texture": "#texture", "cullface": "west"}
			}
		},
		{
			"from": [-3.5, 11.675, 7.75],
			"to": [-3, 11.925, 8.25],
			"rotation": {"angle": 0, "axis": "y", "origin": [-0.5, 9, 0]},
			"faces": {
				"north": {"uv": [16, 4.75, 15, 5], "texture": "#texture", "cullface": "west"},
				"east": {"uv": [7.75, 4.75, 8.25, 5], "texture": "#texture", "cullface": "west"},
				"south": {"uv": [0, 4.75, 1, 5], "texture": "#texture", "cullface": "west"},
				"west": {"uv": [7.75, 4.75, 8.25, 5], "texture": "#texture", "cullface": "west"},
				"up": {"uv": [0, 7.75, 1, 8.25], "texture": "#texture", "cullface": "west"},
				"down": {"uv": [16, 8.25, 15, 7.75], "texture": "#texture", "cullface": "west"}
			}
		},
		{
			"from": [-3.5, 10.925, 7.75],
			"to": [-3, 11.175, 8.25],
			"rotation": {"angle": 0, "axis": "y", "origin": [-0.5, 9, 0]},
			"faces": {
				"north": {"uv": [16, 4.75, 15, 5], "texture": "#texture", "cullface": "west"},
				"east": {"uv": [7.75, 4.75, 8.25, 5], "texture": "#texture", "cullface": "west"},
				"south": {"uv": [0, 4.75, 1, 5], "texture": "#texture", "cullface": "west"},
				"west": {"uv": [7.75, 4.75, 8.25, 5], "texture": "#texture", "cullface": "west"},
				"up": {"uv": [0, 7.75, 1, 8.25], "texture": "#texture", "cullface": "west"},
				"down": {"uv": [16, 8.25, 15, 7.75], "texture": "#texture", "cullface": "west"}
			}
		},
		{
			"from": [9.5, 9.725, 7.45],
			"to": [17.25, 11.1, 8.55],
			"faces": {
				"north": {"uv": [8.25, 5.25, 10.25, 6.75], "texture": "#texture"},
				"east": {"uv": [7, 5.25, 9, 6.75], "texture": "#texture"},
				"south": {"uv": [5.75, 5.25, 7.75, 6.75], "texture": "#texture"},
				"west": {"uv": [7, 5.25, 9, 6.75], "texture": "#texture"},
				"up": {"uv": [5.75, 7, 7.75, 9], "texture": "#texture"}
			}
		},
		{
			"from": [4.65, 7.3, 6.075],
			"to": [5.675, 8, 6.75],
			"rotation": {"angle": -45, "axis": "x", "origin": [-0.5, 9.025, 0.175]},
			"faces": {
				"north": {"uv": [16, 6.75, 15, 7.75], "texture": "#texture", "cullface": "west"},
				"east": {"uv": [7.5, 6.75, 8.5, 7.75], "texture": "#texture", "cullface": "west"},
				"south": {"uv": [0, 6.75, 1, 7.75], "texture": "#texture", "cullface": "west"},
				"west": {"uv": [7.5, 6.75, 8.5, 7.75], "texture": "#texture", "cullface": "west"},
				"up": {"uv": [0, 7.5, 1, 8.5], "texture": "#texture", "cullface": "west"},
				"down": {"uv": [16, 8.5, 15, 7.5], "texture": "#texture", "cullface": "west"}
			}
		},
		{
			"from": [7.875, 4.675, 6.475],
			"to": [8.15, 5.75, 6.85],
			"rotation": {"angle": -45, "axis": "x", "origin": [-0.5, 8.775, 0.425]},
			"faces": {
				"north": {"uv": [16, 6.75, 15, 7.75], "texture": "#texture", "cullface": "west"},
				"east": {"uv": [7.5, 6.75, 8.5, 7.75], "texture": "#texture", "cullface": "west"},
				"south": {"uv": [0, 6.75, 1, 7.75], "texture": "#texture", "cullface": "west"},
				"west": {"uv": [7.5, 6.75, 8.5, 7.75], "texture": "#texture", "cullface": "west"},
				"up": {"uv": [0, 7.5, 1, 8.5], "texture": "#texture", "cullface": "west"},
				"down": {"uv": [16, 8.5, 15, 7.5], "texture": "#texture", "cullface": "west"}
			}
		},
		{
			"from": [8.75, 10.5, 7.25],
			"to": [17.7, 10.75, 8.75],
			"faces": {
				"north": {"uv": [0, 6.25, 8.25, 6.5], "texture": "#1", "cullface": "east"},
				"east": {"uv": [7.25, 6.25, 8.75, 6.5], "texture": "#1", "cullface": "east"},
				"south": {"uv": [6.75, 6.25, 15, 6.5], "texture": "#1", "cullface": "east"},
				"west": {"uv": [8, 7, 9, 8], "texture": "#1"},
				"up": {"uv": [7.75, 7.25, 16, 8.75], "texture": "#1", "cullface": "east"},
				"down": {"uv": [8, 7, 9, 8], "texture": "#1"}
			}
		},
		{
			"from": [3.25, 6, 7.25],
			"to": [8.25, 6.25, 8.75],
			"faces": {
				"north": {"uv": [0, 6.75, 8.25, 8.5], "texture": "#texture", "cullface": "east"},
				"east": {"uv": [7, 6.75, 9, 8.5], "texture": "#texture", "cullface": "east"},
				"south": {"uv": [7.75, 6.75, 16, 8.5], "texture": "#texture", "cullface": "east"},
				"west": {"uv": [7, 6.75, 9, 8.5], "texture": "#texture", "cullface": "east"},
				"up": {"uv": [7.75, 7, 16, 9], "texture": "#texture", "cullface": "east"},
				"down": {"uv": [8.25, 9, 0, 7], "texture": "#texture", "cullface": "east"}
			}
		},
		{
			"from": [-11.5, 8.85, 7.5],
			"to": [1, 9.35, 7.75],
			"rotation": {"angle": 0, "axis": "y", "origin": [-0.5, 9, 0]},
			"faces": {
				"north": {"uv": [14.5, 7, 16, 7.5], "texture": "#texture", "cullface": "west"},
				"south": {"uv": [0, 7, 1.5, 7.5], "texture": "#texture", "cullface": "west"},
				"west": {"uv": [7.5, 7, 7.75, 7.5], "texture": "#texture", "cullface": "west"},
				"up": {"uv": [0, 7.5, 1.5, 7.75], "texture": "#texture", "cullface": "west"},
				"down": {"uv": [16, 7.75, 14.5, 7.5], "texture": "#texture", "cullface": "west"}
			}
		},
		{
			"from": [-11.5, 8.85, 8.25],
			"to": [1, 9.35, 8.5],
			"rotation": {"angle": 0, "axis": "y", "origin": [-0.5, 9, 0]},
			"faces": {
				"north": {"uv": [14.5, 7, 16, 7.5], "texture": "#texture", "cullface": "west"},
				"south": {"uv": [0, 7, 1.5, 7.5], "texture": "#texture", "cullface": "west"},
				"west": {"uv": [8.25, 7, 8.5, 7.5], "texture": "#texture", "cullface": "west"},
				"up": {"uv": [0, 8.25, 1.5, 8.5], "texture": "#texture", "cullface": "west"},
				"down": {"uv": [16, 8.5, 14.5, 8.25], "texture": "#texture", "cullface": "west"}
			}
		},
		{
			"from": [-11.5, 8.6, 7.75],
			"to": [1, 8.85, 8.25],
			"rotation": {"angle": 0, "axis": "y", "origin": [-0.5, 9, 0]},
			"faces": {
				"north": {"uv": [14.5, 7.5, 16, 7.75], "texture": "#texture", "cullface": "west"},
				"south": {"uv": [0, 7.5, 1.5, 7.75], "texture": "#texture", "cullface": "west"},
				"west": {"uv": [7.75, 7.5, 8.25, 7.75], "texture": "#texture", "cullface": "west"},
				"up": {"uv": [0, 7.75, 1.5, 8.25], "texture": "#texture", "cullface": "west"},
				"down": {"uv": [16, 8.25, 14.5, 7.75], "texture": "#texture", "cullface": "west"}
			}
		},
		{
			"from": [13, 6.5, 7.275],
			"to": [15.525, 6.75, 8.725],
			"rotation": {"angle": 0, "axis": "y", "origin": [0, -0.75, 0]},
			"faces": {
				"north": {"uv": [3.25, 8.5, 6, 10.75], "texture": "#texture"},
				"east": {"uv": [7.25, 8.5, 8.75, 10.75], "texture": "#texture"},
				"south": {"uv": [10, 8.5, 12.75, 10.75], "texture": "#texture"},
				"west": {"uv": [7.25, 8.5, 8.75, 10.75], "texture": "#texture"},
				"down": {"uv": [6, 8.75, 3.25, 7.25], "texture": "#texture"}
			}
		},
		{
			"from": [13.25, 5.25, 7.5],
			"to": [13.5, 5.5, 8.5],
			"rotation": {"angle": 0, "axis": "y", "origin": [-0.5, -1, 0]},
			"faces": {
				"north": {"uv": [1.75, 9.5, 2.25, 9.75], "texture": "#texture"},
				"east": {"uv": [7.5, 9.5, 8.5, 9.75], "texture": "#texture"},
				"south": {"uv": [13.75, 9.5, 14.25, 9.75], "texture": "#texture"},
				"up": {"uv": [13.75, 7.5, 14.25, 8.5], "texture": "#texture"},
				"down": {"uv": [2.25, 8.5, 1.75, 7.5], "texture": "#texture"}
			}
		},
		{
			"from": [13.25, 5, 7.5],
			"to": [15.25, 5.25, 8.5],
			"rotation": {"angle": 0, "axis": "y", "origin": [-0.5, -1, 0]},
			"faces": {
				"north": {"uv": [0.25, 9.75, 2, 10], "texture": "#texture"},
				"east": {"uv": [7.5, 9.75, 8.5, 10], "texture": "#texture"},
				"south": {"uv": [14, 9.75, 15.75, 10], "texture": "#texture"},
				"west": {"uv": [7.5, 9.75, 8.5, 10], "texture": "#texture"},
				"up": {"uv": [14, 7.5, 15.75, 8.5], "texture": "#texture"},
				"down": {"uv": [2, 8.5, 0.25, 7.5], "texture": "#texture"}
			}
		},
		{
			"from": [15.25, 5, 7.5],
			"to": [15.5, 6.5, 8.5],
			"rotation": {"angle": 0, "axis": "y", "origin": [-0.5, -1, 0]},
			"faces": {
				"north": {"uv": [0, 8.5, 0.25, 9.75], "texture": "#texture"},
				"east": {"uv": [7.5, 8.5, 8.5, 9.75], "texture": "#texture", "cullface": "east"},
				"south": {"uv": [15.75, 8.5, 16, 9.75], "texture": "#texture"},
				"west": {"uv": [7.5, 8.5, 8.5, 9.75], "texture": "#texture"},
				"down": {"uv": [0.25, 8.5, 0, 7.5], "texture": "#texture"}
			}
		},
		{
			"from": [13, 5.25, 7.5],
			"to": [13.25, 6.5, 8.5],
			"rotation": {"angle": 0, "axis": "y", "origin": [-0.5, -1, 0]},
			"faces": {
				"north": {"uv": [0, 8.5, 0.25, 9.75], "texture": "#texture"},
				"east": {"uv": [7.5, 8.5, 8.5, 9.75], "texture": "#texture", "cullface": "east"},
				"south": {"uv": [15.75, 8.5, 16, 9.75], "texture": "#texture"},
				"west": {"uv": [7.5, 8.5, 8.5, 9.75], "texture": "#texture"},
				"down": {"uv": [0.25, 8.5, 0, 7.5], "texture": "#texture"}
			}
		},
		{
			"from": [14.925, 5.5, 7.75],
			"to": [15.175, 7, 8.25],
			"rotation": {"angle": -22.5, "axis": "z", "origin": [14.75, 7, 7.75]},
			"faces": {
				"north": {"uv": [0, 2, 0.25, 3.5], "texture": "#texture"},
				"east": {"uv": [7.5, 2, 8.5, 3.5], "texture": "#texture"},
				"south": {"uv": [15.75, 2, 16, 3.5], "texture": "#texture"},
				"west": {"uv": [7.5, 2, 8.5, 3.5], "texture": "#texture"},
				"up": {"uv": [15.75, 7.5, 16, 8.5], "texture": "#texture"},
				"down": {"uv": [0.25, 8.5, 0, 7.5], "texture": "#texture"}
			}
		},
		{
			"from": [15.1, 10.75, 8.55],
			"to": [17.125, 11.125, 8.75],
			"rotation": {"angle": 0, "axis": "y", "origin": [15.25, 8, 7.75]},
			"faces": {
				"north": {"uv": [0, 2, 0.25, 3.5], "texture": "#texture"},
				"east": {"uv": [7.5, 2, 8.5, 3.5], "texture": "#texture"},
				"south": {"uv": [15.75, 2, 16, 3.5], "texture": "#texture"},
				"west": {"uv": [7.5, 2, 8.5, 3.5], "texture": "#texture"},
				"up": {"uv": [15.75, 7.5, 16, 8.5], "texture": "#texture"},
				"down": {"uv": [0.25, 8.5, 0, 7.5], "texture": "#texture"}
			}
		},
		{
			"from": [15.1, 10.75, 7.25],
			"to": [17, 11.125, 7.45],
			"rotation": {"angle": 0, "axis": "y", "origin": [15.25, 8, 7.75]},
			"faces": {
				"north": {"uv": [0, 2, 0.25, 3.5], "texture": "#texture"},
				"east": {"uv": [7.5, 2, 8.5, 3.5], "texture": "#texture"},
				"south": {"uv": [15.75, 2, 16, 3.5], "texture": "#texture"},
				"west": {"uv": [7.5, 2, 8.5, 3.5], "texture": "#texture"},
				"up": {"uv": [15.75, 7.5, 16, 8.5], "texture": "#texture"},
				"down": {"uv": [0.25, 8.5, 0, 7.5], "texture": "#texture"}
			}
		},
		{
			"from": [8.75, 9.75, 7.25],
			"to": [18, 10.25, 8.75],
			"faces": {
				"north": {"uv": [0, 6.5, 8.25, 6.75], "texture": "#1", "cullface": "east"},
				"east": {"uv": [7.25, 6.5, 8.75, 6.75], "texture": "#1", "cullface": "east"},
				"south": {"uv": [6.75, 6.5, 15, 6.75], "texture": "#1", "cullface": "east"},
				"west": {"uv": [8, 7, 9, 8], "texture": "#1"},
				"up": {"uv": [7.75, 7.25, 16, 8.75], "texture": "#1", "cullface": "east"},
				"down": {"uv": [8, 7, 9, 8], "texture": "#1"}
			}
		},
		{
			"from": [18.75, 9.5, 7.2],
			"to": [19.75, 9.75, 8.8],
			"rotation": {"angle": 0, "axis": "y", "origin": [-0.25, 0, 0]},
			"faces": {
				"north": {"uv": [6.65, 7.15, 7.4, 7.8], "texture": "#texture", "cullface": "east"},
				"east": {"uv": [6.6, 7.15, 7.4, 7.8], "texture": "#texture", "cullface": "east"},
				"south": {"uv": [6.6, 7.15, 7.35, 7.9], "texture": "#texture", "cullface": "east"},
				"west": {"uv": [6.7, 7.15, 7.4, 7.8], "texture": "#texture", "cullface": "east"},
				"up": {"uv": [6.6, 7.2, 7.35, 7.9], "texture": "#texture", "cullface": "east"},
				"down": {"uv": [7.4, 7.8, 6.65, 7.2], "texture": "#texture", "cullface": "east"}
			}
		},
		{
			"from": [25.575, 5.5, 7.2],
			"to": [27.5, 10.2, 8.8],
			"rotation": {"angle": 0, "axis": "y", "origin": [-0.75, 0, 0]},
			"faces": {
				"north": {"uv": [6.65, 7.15, 7.4, 7.8], "texture": "#texture", "cullface": "east"},
				"east": {"uv": [6.6, 7.15, 7.4, 7.8], "texture": "#texture", "cullface": "east"},
				"south": {"uv": [6.6, 7.15, 7.35, 7.9], "texture": "#texture", "cullface": "east"},
				"west": {"uv": [6.7, 7.15, 7.4, 7.8], "texture": "#texture", "cullface": "east"},
				"up": {"uv": [6.6, 7.2, 7.35, 7.9], "texture": "#texture", "cullface": "east"},
				"down": {"uv": [7.4, 7.8, 6.65, 7.2], "texture": "#texture", "cullface": "east"}
			}
		},
		{
			"from": [23.4, 5.5, 7.2],
			"to": [25.65, 7.1, 8.8],
			"rotation": {"angle": 0, "axis": "y", "origin": [-0.75, 0, 0]},
			"faces": {
				"north": {"uv": [6.65, 7.15, 7.4, 7.8], "texture": "#texture", "cullface": "east"},
				"east": {"uv": [6.6, 7.15, 7.4, 7.8], "texture": "#texture", "cullface": "east"},
				"south": {"uv": [6.6, 7.15, 7.35, 7.9], "texture": "#texture", "cullface": "east"},
				"west": {"uv": [6.7, 7.15, 7.4, 7.8], "texture": "#texture", "cullface": "east"},
				"up": {"uv": [6.6, 7.2, 7.35, 7.9], "texture": "#texture", "cullface": "east"},
				"down": {"uv": [7.4, 7.8, 6.65, 7.2], "texture": "#texture", "cullface": "east"}
			}
		},
		{
			"from": [16.35, 15.025, 7.2],
			"to": [20.25, 16.275, 8.8],
			"rotation": {"angle": -22.5, "axis": "z", "origin": [-0.25, 0, 0]},
			"faces": {
				"north": {"uv": [6.65, 7.15, 7.4, 7.8], "texture": "#texture", "cullface": "east"},
				"east": {"uv": [6.6, 7.15, 7.4, 7.8], "texture": "#texture", "cullface": "east"},
				"south": {"uv": [6.6, 7.15, 7.35, 7.9], "texture": "#texture", "cullface": "east"},
				"west": {"uv": [6.7, 7.15, 7.4, 7.8], "texture": "#texture", "cullface": "east"},
				"up": {"uv": [6.6, 7.2, 7.35, 7.9], "texture": "#texture", "cullface": "east"},
				"down": {"uv": [7.4, 7.8, 6.65, 7.2], "texture": "#texture", "cullface": "east"}
			}
		},
		{
			"from": [27.5, 5.5, 7.2],
			"to": [27.75, 10.4, 8.8],
			"rotation": {"angle": 0, "axis": "y", "origin": [-0.25, 0, 0]},
			"faces": {
				"north": {"uv": [0, 6.5, 1, 12], "texture": "#texture", "cullface": "east"},
				"east": {"uv": [7, 6.5, 9, 12], "texture": "#texture", "cullface": "east"},
				"south": {"uv": [16, 6.5, 15, 12], "texture": "#texture", "cullface": "east"},
				"west": {"uv": [7, 6.5, 9, 12], "texture": "#texture", "cullface": "east"},
				"up": {"uv": [16, 7, 15, 9], "texture": "#texture", "cullface": "east"},
				"down": {"uv": [0, 9, 1, 7], "texture": "#texture", "cullface": "east"}
			}
		},
		{
			"from": [16.6, -4.225, 7.5],
			"to": [16.85, -3.975, 8.5],
			"rotation": {"angle": 22.5, "axis": "z", "origin": [0, -0.75, 0]},
			"faces": {
				"north": {"uv": [0, 8.5, 1, 9.5], "texture": "#texture", "cullface": "east"},
				"east": {"uv": [7.5, 8.5, 8.5, 9.5], "texture": "#texture", "cullface": "east"},
				"south": {"uv": [16, 8.5, 15, 9.5], "texture": "#texture", "cullface": "east"},
				"west": {"uv": [0, 8, 1, 9], "texture": "#texture"},
				"up": {"uv": [0, 8, 1, 9], "texture": "#texture"},
				"down": {"uv": [0, 8.5, 1, 7.5], "texture": "#texture", "cullface": "east"}
			}
		},
		{
			"from": [16.85, -4.225, 7.5],
			"to": [18.85, 0.275, 8.5],
			"rotation": {"angle": 22.5, "axis": "z", "origin": [0, -0.75, 0]},
			"faces": {
				"north": {"uv": [0, 8.5, 1, 9.5], "texture": "#texture", "cullface": "east"},
				"east": {"uv": [7.5, 8.5, 8.5, 9.5], "texture": "#texture", "cullface": "east"},
				"south": {"uv": [16, 8.5, 15, 9.5], "texture": "#texture", "cullface": "east"},
				"west": {"uv": [0, 8, 1, 9], "texture": "#texture"},
				"up": {"uv": [0, 8, 1, 9], "texture": "#texture"},
				"down": {"uv": [0, 8.5, 1, 7.5], "texture": "#texture", "cullface": "east"}
			}
		},
		{
			"from": [24.15, 7.1, 7.2],
			"to": [25.65, 10.1, 8.8],
			"rotation": {"angle": 0, "axis": "y", "origin": [-0.25, 0, 0]},
			"faces": {
				"north": {"uv": [6.65, 7.15, 7.4, 7.8], "texture": "#texture", "cullface": "east"},
				"east": {"uv": [6.6, 7.15, 7.4, 7.8], "texture": "#texture", "cullface": "east"},
				"south": {"uv": [6.6, 7.15, 7.35, 7.9], "texture": "#texture", "cullface": "east"},
				"west": {"uv": [6.7, 7.15, 7.4, 7.8], "texture": "#texture", "cullface": "east"},
				"up": {"uv": [6.6, 7.2, 7.35, 7.9], "texture": "#texture", "cullface": "east"},
				"down": {"uv": [7.4, 7.8, 6.65, 7.2], "texture": "#texture", "cullface": "east"}
			}
		},
		{
			"from": [21.75, 7.25, 7.2],
			"to": [24.65, 9.25, 8.8],
			"rotation": {"angle": 0, "axis": "y", "origin": [-0.25, 0, 0]},
			"faces": {
				"north": {"uv": [6.65, 7.15, 7.4, 7.8], "texture": "#texture", "cullface": "east"},
				"east": {"uv": [6.6, 7.15, 7.4, 7.8], "texture": "#texture", "cullface": "east"},
				"south": {"uv": [6.6, 7.15, 7.35, 7.9], "texture": "#texture", "cullface": "east"},
				"west": {"uv": [6.7, 7.15, 7.4, 7.8], "texture": "#texture", "cullface": "east"},
				"up": {"uv": [6.6, 7.2, 7.35, 7.9], "texture": "#texture", "cullface": "east"},
				"down": {"uv": [7.4, 7.8, 6.65, 7.2], "texture": "#texture", "cullface": "east"}
			}
		},
		{
			"from": [22.8, -11.5, 7.2],
			"to": [24, -10.475, 8.8],
			"rotation": {"angle": 45, "axis": "z", "origin": [-0.75, 0, 0]},
			"faces": {
				"north": {"uv": [6.65, 7.15, 7.4, 7.8], "texture": "#texture", "cullface": "east"},
				"east": {"uv": [6.6, 7.15, 7.4, 7.8], "texture": "#texture", "cullface": "east"},
				"south": {"uv": [6.6, 7.15, 7.35, 7.9], "texture": "#texture", "cullface": "east"},
				"west": {"uv": [6.7, 7.15, 7.4, 7.8], "texture": "#texture", "cullface": "east"},
				"up": {"uv": [6.6, 7.2, 7.35, 7.9], "texture": "#texture", "cullface": "east"},
				"down": {"uv": [7.4, 7.8, 6.65, 7.2], "texture": "#texture", "cullface": "east"}
			}
		},
		{
			"from": [18.75, 7.5, 7.2],
			"to": [21.75, 9.5, 8.8],
			"rotation": {"angle": 0, "axis": "y", "origin": [-0.25, 0, 0]},
			"faces": {
				"north": {"uv": [6.65, 7.15, 7.4, 7.8], "texture": "#texture", "cullface": "east"},
				"east": {"uv": [6.6, 7.15, 7.4, 7.8], "texture": "#texture", "cullface": "east"},
				"south": {"uv": [6.6, 7.15, 7.35, 7.9], "texture": "#texture", "cullface": "east"},
				"west": {"uv": [6.7, 7.15, 7.4, 7.8], "texture": "#texture", "cullface": "east"},
				"up": {"uv": [6.6, 7.2, 7.35, 7.9], "texture": "#texture", "cullface": "east"},
				"down": {"uv": [7.4, 7.8, 6.65, 7.2], "texture": "#texture", "cullface": "east"}
			}
		},
		{
			"from": [13, 6.75, 7.25],
			"to": [18.25, 9.25, 8.75],
			"rotation": {"angle": 0, "axis": "y", "origin": [0, -0.25, 0]},
			"faces": {
				"north": {"uv": [0, 6.75, 8.25, 8.5], "texture": "#texture", "cullface": "east"},
				"east": {"uv": [7, 6.75, 9, 8.5], "texture": "#texture", "cullface": "east"},
				"south": {"uv": [7.75, 6.75, 16, 8.5], "texture": "#texture", "cullface": "east"},
				"west": {"uv": [7, 6.75, 9, 8.5], "texture": "#texture", "cullface": "east"},
				"up": {"uv": [7.75, 7, 16, 9], "texture": "#texture", "cullface": "east"},
				"down": {"uv": [8.25, 9, 0, 7], "texture": "#texture", "cullface": "east"}
			}
		},
		{
			"from": [8.75, 10.25, 7.25],
			"to": [17.75, 10.5, 8.75],
			"faces": {
				"north": {"uv": [0, 6.25, 8.25, 6.5], "texture": "#1", "cullface": "east"},
				"east": {"uv": [7.25, 6.25, 8.75, 6.5], "texture": "#1", "cullface": "east"},
				"south": {"uv": [6.75, 6.25, 15, 6.5], "texture": "#1", "cullface": "east"},
				"west": {"uv": [8, 7, 9, 8], "texture": "#1"},
				"up": {"uv": [7.75, 7.25, 16, 8.75], "texture": "#1", "cullface": "east"},
				"down": {"uv": [8, 7, 9, 8], "texture": "#1"}
			}
		},
		{
			"from": [17.5, 9.625, 7.1],
			"to": [18.75, 10.125, 8.9],
			"faces": {
				"north": {"uv": [0, 6.5, 8.25, 6.75], "texture": "#1", "cullface": "east"},
				"east": {"uv": [7.25, 6.5, 8.75, 6.75], "texture": "#1", "cullface": "east"},
				"south": {"uv": [7.75, 6.5, 16, 6.75], "texture": "#1", "cullface": "east"},
				"west": {"uv": [8, 7, 9, 8], "texture": "#1"},
				"up": {"uv": [7.75, 7.25, 16, 8.75], "texture": "#1", "cullface": "east"},
				"down": {"uv": [8, 7, 9, 8], "texture": "#1"}
			}
		},
		{
			"from": [17.5, 10.125, 7.1],
			"to": [18.425, 10.375, 8.9],
			"faces": {
				"north": {"uv": [0, 6.5, 8.25, 6.75], "texture": "#1", "cullface": "east"},
				"east": {"uv": [7.25, 6.5, 8.75, 6.75], "texture": "#1", "cullface": "east"},
				"south": {"uv": [7.75, 6.5, 16, 6.75], "texture": "#1", "cullface": "east"},
				"west": {"uv": [8, 7, 9, 8], "texture": "#1"},
				"up": {"uv": [7.75, 7.25, 16, 8.75], "texture": "#1", "cullface": "east"},
				"down": {"uv": [8, 7, 9, 8], "texture": "#1"}
			}
		},
		{
			"from": [17.5, 10.375, 7.1],
			"to": [18.05, 10.625, 8.9],
			"faces": {
				"north": {"uv": [0, 6.5, 8.25, 6.75], "texture": "#1", "cullface": "east"},
				"east": {"uv": [7.25, 6.5, 8.75, 6.75], "texture": "#1", "cullface": "east"},
				"south": {"uv": [7.75, 6.5, 16, 6.75], "texture": "#1", "cullface": "east"},
				"west": {"uv": [8, 7, 9, 8], "texture": "#1"},
				"up": {"uv": [7.75, 7.25, 16, 8.75], "texture": "#1", "cullface": "east"},
				"down": {"uv": [8, 7, 9, 8], "texture": "#1"}
			}
		},
		{
			"from": [15.1, 11.1, 7.25],
			"to": [15.85, 11.625, 7.45],
			"rotation": {"angle": 0, "axis": "y", "origin": [15.25, 8, 7.75]},
			"faces": {
				"north": {"uv": [1, 2, 0.25, 3.5], "texture": "#texture"},
				"east": {"uv": [7.5, 2, 8.5, 3.5], "texture": "#texture"},
				"south": {"uv": [15, 2, 16, 3.5], "texture": "#texture"},
				"west": {"uv": [7.5, 2, 8.5, 3.5], "texture": "#texture"},
				"up": {"uv": [15, 7.5, 16, 8.5], "texture": "#texture"},
				"down": {"uv": [0.25, 8.5, 1, 7.5], "texture": "#texture"}
			}
		},
		{
			"from": [16.375, 11.1, 7.25],
			"to": [17.125, 11.625, 7.45],
			"rotation": {"angle": 0, "axis": "y", "origin": [15.25, 8, 7.75]},
			"faces": {
				"north": {"uv": [1, 2, 0.25, 3.5], "texture": "#texture"},
				"east": {"uv": [7.5, 2, 8.5, 3.5], "texture": "#texture"},
				"south": {"uv": [15, 2, 16, 3.5], "texture": "#texture"},
				"west": {"uv": [7.5, 2, 8.5, 3.5], "texture": "#texture"},
				"up": {"uv": [15, 7.5, 16, 8.5], "texture": "#texture"},
				"down": {"uv": [0.25, 8.5, 1, 7.5], "texture": "#texture"}
			}
		},
		{
			"from": [16.375, 11.1, 8.55],
			"to": [17.125, 11.625, 8.75],
			"rotation": {"angle": 0, "axis": "y", "origin": [15.25, 8, 7.75]},
			"faces": {
				"north": {"uv": [1, 2, 0.25, 3.5], "texture": "#texture"},
				"east": {"uv": [7.5, 2, 8.5, 3.5], "texture": "#texture"},
				"south": {"uv": [15, 2, 16, 3.5], "texture": "#texture"},
				"west": {"uv": [7.5, 2, 8.5, 3.5], "texture": "#texture"},
				"up": {"uv": [15, 7.5, 16, 8.5], "texture": "#texture"},
				"down": {"uv": [0.25, 8.5, 1, 7.5], "texture": "#texture"}
			}
		},
		{
			"from": [15.1, 11.1, 8.55],
			"to": [15.85, 11.625, 8.75],
			"rotation": {"angle": 0, "axis": "y", "origin": [15.25, 8, 7.75]},
			"faces": {
				"north": {"uv": [1, 2, 0.25, 3.5], "texture": "#texture"},
				"east": {"uv": [7.5, 2, 8.5, 3.5], "texture": "#texture"},
				"south": {"uv": [15, 2, 16, 3.5], "texture": "#texture"},
				"west": {"uv": [7.5, 2, 8.5, 3.5], "texture": "#texture"},
				"up": {"uv": [15, 7.5, 16, 8.5], "texture": "#texture"},
				"down": {"uv": [0.25, 8.5, 1, 7.5], "texture": "#texture"}
			}
		},
		{
			"from": [15.6, 11.6, 8.55],
			"to": [16.85, 11.95, 8.75],
			"rotation": {"angle": 0, "axis": "y", "origin": [15.25, 8, 7.75]},
			"faces": {
				"north": {"uv": [1, 2, 0.25, 3.5], "texture": "#texture"},
				"east": {"uv": [7.5, 2, 8.5, 3.5], "texture": "#texture"},
				"south": {"uv": [15, 2, 16, 3.5], "texture": "#texture"},
				"west": {"uv": [7.5, 2, 8.5, 3.5], "texture": "#texture"},
				"up": {"uv": [15, 7.5, 16, 8.5], "texture": "#texture"},
				"down": {"uv": [0.25, 8.5, 1, 7.5], "texture": "#texture"}
			}
		},
		{
			"from": [15.6, 11.6, 7.25],
			"to": [16.85, 11.95, 7.45],
			"rotation": {"angle": 0, "axis": "y", "origin": [15.25, 8, 7.75]},
			"faces": {
				"north": {"uv": [1, 2, 0.25, 3.5], "texture": "#texture"},
				"east": {"uv": [7.5, 2, 8.5, 3.5], "texture": "#texture"},
				"south": {"uv": [15, 2, 16, 3.5], "texture": "#texture"},
				"west": {"uv": [7.5, 2, 8.5, 3.5], "texture": "#texture"},
				"up": {"uv": [15, 7.5, 16, 8.5], "texture": "#texture"},
				"down": {"uv": [0.25, 8.5, 1, 7.5], "texture": "#texture"}
			}
		},
		{
			"from": [9.5, 7.675, 8.5],
			"to": [12.25, 9.2, 9.075],
			"faces": {
				"north": {"uv": [0, 6.25, 8.25, 6.5], "texture": "#texture", "cullface": "east"},
				"east": {"uv": [7.25, 6.25, 8.75, 6.5], "texture": "#texture", "cullface": "east"},
				"south": {"uv": [6.75, 6.25, 15, 6.5], "texture": "#texture", "cullface": "east"},
				"west": {"uv": [0, 0, 0, 0], "texture": "#texture"},
				"up": {"uv": [7.75, 7.25, 16, 8.75], "texture": "#texture", "cullface": "east"},
				"down": {"uv": [0, 0, 0, 0], "texture": "#texture"}
			}
		},
		{
			"from": [9.5, 9.75, 8.75],
			"to": [12.25, 10, 9.5],
			"faces": {
				"north": {"uv": [0, 6.25, 8.25, 6.5], "texture": "#texture", "cullface": "east"},
				"east": {"uv": [7.25, 6.25, 8.75, 6.5], "texture": "#texture", "cullface": "east"},
				"south": {"uv": [6.75, 6.25, 15, 6.5], "texture": "#texture", "cullface": "east"},
				"west": {"uv": [8, 7, 9, 8], "texture": "#texture"},
				"up": {"uv": [7.75, 7.25, 16, 8.75], "texture": "#texture", "cullface": "east"},
				"down": {"uv": [8, 7, 9, 8], "texture": "#texture"}
			}
		},
		{
			"from": [12.25, 9.75, 8.75],
			"to": [12.5, 10.75, 9.5],
			"faces": {
				"north": {"uv": [0, 6.25, 8.25, 6.5], "texture": "#texture", "cullface": "east"},
				"east": {"uv": [7.25, 6.25, 8.75, 6.5], "texture": "#texture", "cullface": "east"},
				"south": {"uv": [6.75, 6.25, 15, 6.5], "texture": "#texture", "cullface": "east"},
				"west": {"uv": [8, 7, 9, 8], "texture": "#texture"},
				"up": {"uv": [7.75, 7.25, 16, 8.75], "texture": "#texture", "cullface": "east"},
				"down": {"uv": [8, 7, 9, 8], "texture": "#texture"}
			}
		},
		{
			"from": [9.25, 9.75, 8.75],
			"to": [9.5, 10.75, 9.5],
			"faces": {
				"north": {"uv": [0, 6.25, 8.25, 6.5], "texture": "#texture", "cullface": "east"},
				"east": {"uv": [7.25, 6.25, 8.75, 6.5], "texture": "#texture", "cullface": "east"},
				"south": {"uv": [6.75, 6.25, 15, 6.5], "texture": "#texture", "cullface": "east"},
				"west": {"uv": [8, 7, 9, 8], "texture": "#texture"},
				"up": {"uv": [7.75, 7.25, 16, 8.75], "texture": "#texture", "cullface": "east"},
				"down": {"uv": [8, 7, 9, 8], "texture": "#texture"}
			}
		},
		{
			"from": [12.25, 7.5, 8.75],
			"to": [12.5, 9.25, 9.5],
			"rotation": {"angle": 0, "axis": "y", "origin": [0, -0.5, 0]},
			"faces": {
				"north": {"uv": [0, 6.25, 8.25, 6.5], "texture": "#texture", "cullface": "east"},
				"east": {"uv": [7.25, 6.25, 8.75, 6.5], "texture": "#texture", "cullface": "east"},
				"south": {"uv": [6.75, 6.25, 15, 6.5], "texture": "#texture", "cullface": "east"},
				"west": {"uv": [8, 8, 9, 9], "texture": "#texture"},
				"up": {"uv": [7.75, 7.25, 16, 8.75], "texture": "#texture", "cullface": "east"},
				"down": {"uv": [8, 8, 9, 9], "texture": "#texture"}
			}
		},
		{
			"from": [9.5, 9, 8.75],
			"to": [12.25, 9.25, 9.5],
			"rotation": {"angle": 0, "axis": "y", "origin": [0, -0.5, 0]},
			"faces": {
				"north": {"uv": [0, 6.25, 8.25, 6.5], "texture": "#texture", "cullface": "east"},
				"east": {"uv": [7.25, 6.25, 8.75, 6.5], "texture": "#texture", "cullface": "east"},
				"south": {"uv": [6.75, 6.25, 15, 6.5], "texture": "#texture", "cullface": "east"},
				"west": {"uv": [8, 8, 9, 9], "texture": "#texture"},
				"up": {"uv": [7.75, 7.25, 16, 8.75], "texture": "#texture", "cullface": "east"},
				"down": {"uv": [8, 8, 9, 9], "texture": "#texture"}
			}
		},
		{
			"from": [9.25, 7.5, 8.75],
			"to": [9.5, 9.25, 9.5],
			"rotation": {"angle": 0, "axis": "y", "origin": [0, -0.5, 0]},
			"faces": {
				"north": {"uv": [0, 6.25, 8.25, 6.5], "texture": "#texture", "cullface": "east"},
				"east": {"uv": [7.25, 6.25, 8.75, 6.5], "texture": "#texture", "cullface": "east"},
				"south": {"uv": [6.75, 6.25, 15, 6.5], "texture": "#texture", "cullface": "east"},
				"west": {"uv": [8, 8, 9, 9], "texture": "#texture"},
				"up": {"uv": [7.75, 7.25, 16, 8.75], "texture": "#texture", "cullface": "east"},
				"down": {"uv": [8, 8, 9, 9], "texture": "#texture"}
			}
		},
		{
			"from": [9.5, 7.5, 8.75],
			"to": [12.25, 7.75, 9.5],
			"rotation": {"angle": 0, "axis": "y", "origin": [0, -0.5, 0]},
			"faces": {
				"north": {"uv": [0, 6.25, 8.25, 6.5], "texture": "#texture", "cullface": "east"},
				"east": {"uv": [7.25, 6.25, 8.75, 6.5], "texture": "#texture", "cullface": "east"},
				"south": {"uv": [6.75, 6.25, 15, 6.5], "texture": "#texture", "cullface": "east"},
				"west": {"uv": [8, 8, 9, 9], "texture": "#texture"},
				"up": {"uv": [7.75, 7.25, 16, 8.75], "texture": "#texture", "cullface": "east"},
				"down": {"uv": [8, 8, 9, 9], "texture": "#texture"}
			}
		},
		{
			"from": [18.75, 9.75, 7.2],
			"to": [19.25, 10, 8.8],
			"rotation": {"angle": 0, "axis": "y", "origin": [-0.25, 0, 0]},
			"faces": {
				"north": {"uv": [6.65, 7.15, 7.4, 7.8], "texture": "#texture", "cullface": "east"},
				"east": {"uv": [6.6, 7.15, 7.4, 7.8], "texture": "#texture", "cullface": "east"},
				"south": {"uv": [6.6, 7.15, 7.35, 7.9], "texture": "#texture", "cullface": "east"},
				"west": {"uv": [6.7, 7.15, 7.4, 7.8], "texture": "#texture", "cullface": "east"},
				"up": {"uv": [6.6, 7.2, 7.35, 7.9], "texture": "#texture", "cullface": "east"},
				"down": {"uv": [7.4, 7.8, 6.65, 7.2], "texture": "#texture", "cullface": "east"}
			}
		},
		{
			"from": [0.25, 7.25, 7.25],
			"to": [8.75, 10, 8.75],
			"faces": {
				"north": {"uv": [0, 6.75, 8.25, 8.5], "texture": "#1", "cullface": "east"},
				"east": {"uv": [7, 6.75, 9, 8.5], "texture": "#1", "cullface": "east"},
				"south": {"uv": [7.75, 6.75, 16, 8.5], "texture": "#1", "cullface": "east"},
				"west": {"uv": [7, 6.75, 9, 8.5], "texture": "#1", "cullface": "east"},
				"up": {"uv": [7.75, 7, 16, 9], "texture": "#1", "cullface": "east"},
				"down": {"uv": [8.25, 9, 0, 7], "texture": "#1", "cullface": "east"}
			}
		},
		{
			"from": [1, 9.625, 7],
			"to": [7.5, 10.375, 9],
			"faces": {
				"north": {"uv": [0, 6.75, 8.25, 8.5], "texture": "#texture", "cullface": "east"},
				"east": {"uv": [7, 6.75, 9, 8.5], "texture": "#texture", "cullface": "east"},
				"south": {"uv": [7.75, 6.75, 16, 8.5], "texture": "#texture", "cullface": "east"},
				"west": {"uv": [7, 6.75, 9, 8.5], "texture": "#texture", "cullface": "east"},
				"up": {"uv": [7.75, 7, 16, 9], "texture": "#texture", "cullface": "east"},
				"down": {"uv": [8.25, 9, 0, 7], "texture": "#texture", "cullface": "east"}
			}
		},
		{
			"from": [0.75, 7.75, 7],
			"to": [8.25, 9.45, 9],
			"faces": {
				"north": {"uv": [0, 6.75, 8.25, 8.5], "texture": "#texture", "cullface": "east"},
				"east": {"uv": [7, 6.75, 9, 8.5], "texture": "#texture", "cullface": "east"},
				"south": {"uv": [7.75, 6.75, 16, 8.5], "texture": "#texture", "cullface": "east"},
				"west": {"uv": [7, 6.75, 9, 8.5], "texture": "#texture", "cullface": "east"},
				"up": {"uv": [7.75, 7, 16, 9], "texture": "#texture", "cullface": "east"},
				"down": {"uv": [8.25, 9, 0, 7], "texture": "#texture", "cullface": "east"}
			}
		},
		{
			"from": [4.75, 10.975, 6.575],
			"to": [7.75, 11.425, 7],
			"rotation": {"angle": 0, "axis": "y", "origin": [0, -0.225, 0.425]},
			"faces": {
				"north": {"uv": [0, 6.75, 8.25, 8.5], "texture": "#1", "cullface": "east"},
				"east": {"uv": [7, 6.75, 9, 8.5], "texture": "#1", "cullface": "east"},
				"south": {"uv": [7.75, 6.75, 16, 8.5], "texture": "#1", "cullface": "east"},
				"west": {"uv": [7, 6.75, 9, 8.5], "texture": "#1", "cullface": "east"},
				"up": {"uv": [7.75, 7, 16, 9], "texture": "#1", "cullface": "east"},
				"down": {"uv": [8.25, 9, 0, 7], "texture": "#1", "cullface": "east"}
			}
		},
		{
			"from": [1, 10.375, 7.25],
			"to": [7.5, 10.625, 8.75],
			"faces": {
				"north": {"uv": [0, 6.75, 8.25, 8.5], "texture": "#texture", "cullface": "east"},
				"east": {"uv": [7, 6.75, 9, 8.5], "texture": "#texture", "cullface": "east"},
				"south": {"uv": [7.75, 6.75, 16, 8.5], "texture": "#texture", "cullface": "east"},
				"west": {"uv": [7, 6.75, 9, 8.5], "texture": "#texture", "cullface": "east"},
				"up": {"uv": [7.75, 7, 16, 9], "texture": "#texture", "cullface": "east"},
				"down": {"uv": [8.25, 9, 0, 7], "texture": "#texture", "cullface": "east"}
			}
		},
		{
			"from": [7.75, 9.625, 7.4],
			"to": [8.275, 10.625, 8.6],
			"faces": {
				"north": {"uv": [0, 6.75, 8.25, 8.5], "texture": "#texture", "cullface": "east"},
				"east": {"uv": [7, 6.75, 9, 8.5], "texture": "#texture", "cullface": "east"},
				"south": {"uv": [7.75, 6.75, 16, 8.5], "texture": "#texture", "cullface": "east"},
				"west": {"uv": [7, 6.75, 9, 8.5], "texture": "#texture", "cullface": "east"},
				"up": {"uv": [7.75, 7, 16, 9], "texture": "#texture", "cullface": "east"},
				"down": {"uv": [8.25, 9, 0, 7], "texture": "#texture", "cullface": "east"}
			}
		},
		{
			"from": [7.25, 10.9, 6.475],
			"to": [8.25, 11.525, 7.1],
			"rotation": {"angle": 0, "axis": "y", "origin": [0, -0.225, 0.425]},
			"faces": {
				"north": {"uv": [0, 6.75, 8.25, 8.5], "texture": "#texture", "cullface": "east"},
				"east": {"uv": [7, 6.75, 9, 8.5], "texture": "#texture", "cullface": "east"},
				"south": {"uv": [7.75, 6.75, 16, 8.5], "texture": "#texture", "cullface": "east"},
				"west": {"uv": [7, 6.75, 9, 8.5], "texture": "#texture", "cullface": "east"},
				"up": {"uv": [7.75, 7, 16, 9], "texture": "#texture", "cullface": "east"},
				"down": {"uv": [8.25, 9, 0, 7], "texture": "#texture", "cullface": "east"}
			}
		},
		{
			"from": [4.75, 6.05, 6.475],
			"to": [5.025, 7.5, 6.85],
			"rotation": {"angle": -45, "axis": "x", "origin": [-0.5, 8.775, 0.425]},
			"faces": {
				"north": {"uv": [16, 6.75, 15, 7.75], "texture": "#1", "cullface": "west"},
				"east": {"uv": [7.5, 6.75, 8.5, 7.75], "texture": "#1", "cullface": "west"},
				"south": {"uv": [0, 6.75, 1, 7.75], "texture": "#1", "cullface": "west"},
				"west": {"uv": [7.5, 6.75, 8.5, 7.75], "texture": "#1", "cullface": "west"},
				"up": {"uv": [0, 7.5, 1, 8.5], "texture": "#1", "cullface": "west"},
				"down": {"uv": [16, 8.5, 15, 7.5], "texture": "#1", "cullface": "west"}
			}
		},
		{
			"from": [5.65, 7.55, 6.075],
			"to": [6.675, 8.25, 6.75],
			"rotation": {"angle": -45, "axis": "x", "origin": [-0.5, 9.025, 0.175]},
			"faces": {
				"north": {"uv": [16, 6.75, 15, 7.75], "texture": "#texture", "cullface": "west"},
				"east": {"uv": [7.5, 6.75, 8.5, 7.75], "texture": "#texture", "cullface": "west"},
				"south": {"uv": [0, 6.75, 1, 7.75], "texture": "#texture", "cullface": "west"},
				"west": {"uv": [7.5, 6.75, 8.5, 7.75], "texture": "#texture", "cullface": "west"},
				"up": {"uv": [0, 7.5, 1, 8.5], "texture": "#texture", "cullface": "west"},
				"down": {"uv": [16, 8.5, 15, 7.5], "texture": "#texture", "cullface": "west"}
			}
		},
		{
			"from": [7.65, 8.05, 6.075],
			"to": [8.675, 8.75, 6.75],
			"rotation": {"angle": -45, "axis": "x", "origin": [-0.5, 9.025, 0.175]},
			"faces": {
				"north": {"uv": [16, 6.75, 15, 7.75], "texture": "#texture", "cullface": "west"},
				"east": {"uv": [7.5, 6.75, 8.5, 7.75], "texture": "#texture", "cullface": "west"},
				"south": {"uv": [0, 6.75, 1, 7.75], "texture": "#texture", "cullface": "west"},
				"west": {"uv": [7.5, 6.75, 8.5, 7.75], "texture": "#texture", "cullface": "west"},
				"up": {"uv": [0, 7.5, 1, 8.5], "texture": "#texture", "cullface": "west"},
				"down": {"uv": [16, 8.5, 15, 7.5], "texture": "#texture", "cullface": "west"}
			}
		},
		{
			"from": [3.25, 6.25, 7],
			"to": [8.25, 7.75, 9],
			"faces": {
				"north": {"uv": [0, 6.75, 8.25, 8.5], "texture": "#texture", "cullface": "east"},
				"east": {"uv": [7, 6.75, 9, 8.5], "texture": "#texture", "cullface": "east"},
				"south": {"uv": [7.75, 6.75, 16, 8.5], "texture": "#texture", "cullface": "east"},
				"west": {"uv": [7, 6.75, 9, 8.5], "texture": "#texture", "cullface": "east"},
				"up": {"uv": [7.75, 7, 16, 9], "texture": "#texture", "cullface": "east"},
				"down": {"uv": [8.25, 9, 0, 7], "texture": "#texture", "cullface": "east"}
			}
		},
		{
			"from": [6.65, 7.8, 6.075],
			"to": [7.675, 8.5, 6.75],
			"rotation": {"angle": -45, "axis": "x", "origin": [-0.5, 9.025, 0.175]},
			"faces": {
				"north": {"uv": [16, 6.75, 15, 7.75], "texture": "#texture", "cullface": "west"},
				"east": {"uv": [7.5, 6.75, 8.5, 7.75], "texture": "#texture", "cullface": "west"},
				"south": {"uv": [0, 6.75, 1, 7.75], "texture": "#texture", "cullface": "west"},
				"west": {"uv": [7.5, 6.75, 8.5, 7.75], "texture": "#texture", "cullface": "west"},
				"up": {"uv": [0, 7.5, 1, 8.5], "texture": "#texture", "cullface": "west"},
				"down": {"uv": [16, 8.5, 15, 7.5], "texture": "#texture", "cullface": "west"}
			}
		},
		{
			"from": [-4.5, 7.35, 7.75],
			"to": [1, 8.35, 8.25],
			"rotation": {"angle": 0, "axis": "y", "origin": [-0.5, 9, 0]},
			"faces": {
				"north": {"uv": [14.5, 6.75, 16, 7], "texture": "#texture", "cullface": "west"},
				"south": {"uv": [0, 6.75, 1.5, 7], "texture": "#texture", "cullface": "west"},
				"west": {"uv": [7.75, 6.75, 8.25, 7], "texture": "#texture", "cullface": "west"},
				"up": {"uv": [0, 7.75, 1.5, 8.25], "texture": "#texture", "cullface": "west"},
				"down": {"uv": [16, 8.25, 14.5, 7.75], "texture": "#texture", "cullface": "west"}
			}
		},
		{
			"from": [-4.5, 7.6, 7.5],
			"to": [1, 8.1, 8.5],
			"rotation": {"angle": 0, "axis": "y", "origin": [-0.5, 9, 0]},
			"faces": {
				"north": {"uv": [14.5, 7, 16, 7.5], "texture": "#texture", "cullface": "west"},
				"south": {"uv": [0, 7, 1.5, 7.5], "texture": "#texture", "cullface": "west"},
				"west": {"uv": [7.5, 7, 7.75, 7.5], "texture": "#texture", "cullface": "west"},
				"up": {"uv": [0, 7.5, 1.5, 7.75], "texture": "#texture", "cullface": "west"},
				"down": {"uv": [16, 7.75, 14.5, 7.5], "texture": "#texture", "cullface": "west"}
			}
		},
		{
			"from": [1.5, 6.35, 7.75],
			"to": [2.75, 8.6, 8.25],
			"rotation": {"angle": 0, "axis": "y", "origin": [-0.5, 9, 0]},
			"faces": {
				"north": {"uv": [16, 7, 15, 7.75], "texture": "#texture", "cullface": "west"},
				"east": {"uv": [7.5, 6.75, 8.5, 7.75], "texture": "#texture", "cullface": "west"},
				"south": {"uv": [0, 7, 1, 7.75], "texture": "#texture", "cullface": "west"},
				"west": {"uv": [7.5, 6.75, 8.5, 7.75], "texture": "#texture", "cullface": "west"},
				"up": {"uv": [0, 7.5, 1, 8.5], "texture": "#texture", "cullface": "west"},
				"down": {"uv": [16, 8.5, 15, 7.5], "texture": "#texture", "cullface": "west"}
			}
		},
		{
			"from": [8.75, 7.25, 7],
			"to": [18.75, 9.75, 9],
			"faces": {
				"north": {"uv": [0, 6.75, 8.25, 8.5], "texture": "#1", "cullface": "east"},
				"east": {"uv": [7, 6.75, 9, 8.5], "texture": "#1", "cullface": "east"},
				"south": {"uv": [7.75, 6.75, 16, 8.5], "texture": "#1", "cullface": "east"},
				"west": {"uv": [7, 6.75, 9, 8.5], "texture": "#1", "cullface": "east"},
				"up": {"uv": [7.75, 7, 16, 9], "texture": "#1", "cullface": "east"},
				"down": {"uv": [8.25, 9, 0, 7], "texture": "#1", "cullface": "east"}
			}
		},
		{
			"from": [0.575, 9.6, 7.5],
			"to": [1.975, 10.3, 8.5],
			"rotation": {"angle": 0, "axis": "y", "origin": [-0.5, 9, 0]},
			"faces": {
				"north": {"uv": [16, 6, 16, 6.75], "texture": "#texture", "cullface": "west"},
				"east": {"uv": [7.75, 6, 8.25, 6.75], "texture": "#texture", "cullface": "west"},
				"south": {"uv": [0, 6, 0, 6.75], "texture": "#texture", "cullface": "west"},
				"west": {"uv": [7.75, 6, 8.25, 6.75], "texture": "#texture", "cullface": "west"},
				"up": {"uv": [0, 7.75, 0, 8.25], "texture": "#texture", "cullface": "west"}
			}
		},
		{
			"from": [-1, 9.6, 7.75],
			"to": [1.75, 9.925, 8.25],
			"rotation": {"angle": 0, "axis": "y", "origin": [-0.5, 9, 0]},
			"faces": {
				"north": {"uv": [16, 6, 15, 6.75], "texture": "#texture", "cullface": "west"},
				"east": {"uv": [7.75, 6, 8.25, 6.75], "texture": "#texture", "cullface": "west"},
				"south": {"uv": [0, 6, 1, 6.75], "texture": "#texture", "cullface": "west"},
				"west": {"uv": [7.75, 6, 8.25, 6.75], "texture": "#texture", "cullface": "west"},
				"up": {"uv": [0, 7.75, 1, 8.25], "texture": "#texture", "cullface": "west"}
			}
		},
		{
			"from": [16.575, 11.225, 7.625],
			"to": [16.825, 11.725, 7.8],
			"rotation": {"angle": 0, "axis": "y", "origin": [-0.5, 9, 0]},
			"faces": {
				"north": {"uv": [15, 5, 16, 5.5], "texture": "#texture", "cullface": "west"},
				"east": {"uv": [8.25, 5, 8.5, 5.5], "texture": "#texture", "cullface": "west"},
				"south": {"uv": [1, 5, 0, 5.5], "texture": "#texture", "cullface": "west"},
				"west": {"uv": [7.5, 5, 7.75, 5.5], "texture": "#texture", "cullface": "west"},
				"up": {"uv": [1, 7.5, 0, 7.75], "texture": "#texture", "cullface": "west"},
				"down": {"uv": [15, 7.75, 16, 7.5], "texture": "#texture", "cullface": "west"}
			}
		},
		{
			"from": [16.575, 11.225, 8.2],
			"to": [16.825, 11.725, 8.375],
			"rotation": {"angle": 0, "axis": "y", "origin": [-0.5, 9, 0]},
			"faces": {
				"north": {"uv": [15, 5, 16, 5.5], "texture": "#texture", "cullface": "west"},
				"east": {"uv": [7.5, 5, 7.75, 5.5], "texture": "#texture", "cullface": "west"},
				"south": {"uv": [1, 5, 0, 5.5], "texture": "#texture", "cullface": "west"},
				"west": {"uv": [8.25, 5, 8.5, 5.5], "texture": "#texture", "cullface": "west"},
				"up": {"uv": [1, 8.25, 0, 8.5], "texture": "#texture", "cullface": "west"},
				"down": {"uv": [15, 8.5, 16, 8.25], "texture": "#texture", "cullface": "west"}
			}
		},
		{
			"from": [16.575, 11.675, 7.75],
			"to": [16.825, 11.85, 8.25],
			"rotation": {"angle": 0, "axis": "y", "origin": [-0.5, 9, 0]},
			"faces": {
				"north": {"uv": [15, 4.75, 16, 5], "texture": "#texture", "cullface": "west"},
				"east": {"uv": [7.75, 4.75, 8.25, 5], "texture": "#texture", "cullface": "west"},
				"south": {"uv": [1, 4.75, 0, 5], "texture": "#texture", "cullface": "west"},
				"west": {"uv": [7.75, 4.75, 8.25, 5], "texture": "#texture", "cullface": "west"},
				"up": {"uv": [1, 7.75, 0, 8.25], "texture": "#texture", "cullface": "west"},
				"down": {"uv": [15, 8.25, 16, 7.75], "texture": "#texture", "cullface": "west"}
			}
		},
		{
			"from": [16.575, 11.1, 7.75],
			"to": [16.825, 11.275, 8.25],
			"rotation": {"angle": 0, "axis": "y", "origin": [-0.5, 9, 0]},
			"faces": {
				"north": {"uv": [15, 4.75, 16, 5], "texture": "#texture", "cullface": "west"},
				"east": {"uv": [7.75, 4.75, 8.25, 5], "texture": "#texture", "cullface": "west"},
				"south": {"uv": [0, 4.75, 1, 5], "texture": "#texture", "cullface": "west"},
				"west": {"uv": [7.75, 4.75, 8.25, 5], "texture": "#texture", "cullface": "west"},
				"up": {"uv": [0, 7.75, 1, 8.25], "texture": "#texture", "cullface": "west"},
				"down": {"uv": [15, 8.25, 16, 7.75], "texture": "#texture", "cullface": "west"}
			}
		},
		{
			"from": [9.5, 10.5, 8.75],
			"to": [12.25, 10.75, 9.5],
			"faces": {
				"north": {"uv": [0, 6.25, 8.25, 6.5], "texture": "#texture", "cullface": "east"},
				"east": {"uv": [7.25, 6.25, 8.75, 6.5], "texture": "#texture", "cullface": "east"},
				"south": {"uv": [6.75, 6.25, 15, 6.5], "texture": "#texture", "cullface": "east"},
				"west": {"uv": [8, 7, 9, 8], "texture": "#texture"},
				"up": {"uv": [7.75, 7.25, 16, 8.75], "texture": "#texture", "cullface": "east"},
				"down": {"uv": [8, 7, 9, 8], "texture": "#texture"}
			}
		},
		{
			"from": [9.5, 10, 8.5],
			"to": [12.25, 10.5, 8.775],
			"faces": {
				"north": {"uv": [0, 6.25, 8.25, 6.5], "texture": "#texture", "cullface": "east"},
				"east": {"uv": [7.25, 6.25, 8.75, 6.5], "texture": "#texture", "cullface": "east"},
				"south": {"uv": [6.75, 6.25, 15, 6.5], "texture": "#texture", "cullface": "east"},
				"west": {"uv": [8, 7, 9, 8], "texture": "#texture"},
				"up": {"uv": [7.75, 7.25, 16, 8.75], "texture": "#texture", "cullface": "east"},
				"down": {"uv": [8, 7, 9, 8], "texture": "#texture"}
			}
		},
		{
			"from": [9.5, 10.775, 4.725],
			"to": [12.25, 11.725, 7.225],
			"rotation": {"angle": 22.5, "axis": "x", "origin": [0, -1, 0]},
			"faces": {
				"east": {"uv": [6.1, 8.1, 6.7, 8.8], "rotation": 90, "texture": "#texture", "cullface": "east"},
				"south": {"uv": [6.1, 8.9, 6.8, 8.1], "texture": "#texture", "cullface": "east"},
				"west": {"uv": [6, 8, 7, 9], "rotation": 270, "texture": "#texture"},
				"up": {"uv": [6.7, 8.1, 0, 8.8], "texture": "#texture", "cullface": "east"},
				"down": {"uv": [0.2, 8.2, 6.8, 8.7], "rotation": 180, "texture": "#texture", "cullface": "east"}
			}
		},
		{
			"from": [9.35, 10.775, 7.225],
			"to": [12.1, 11.725, 8.475],
			"rotation": {"angle": 22.5, "axis": "x", "origin": [0, -1, 0]},
			"faces": {
				"north": {"uv": [6, 8, 7, 9], "rotation": 180, "texture": "#texture"},
				"east": {"uv": [6.2, 8.1, 6.7, 8.8], "rotation": 90, "texture": "#texture", "cullface": "east"},
				"south": {"uv": [6.1, 8.9, 6.8, 8.1], "texture": "#texture", "cullface": "east"},
				"west": {"uv": [6, 8, 7, 9], "rotation": 270, "texture": "#texture"},
				"up": {"uv": [6.7, 8.1, 0, 8.8], "texture": "#texture", "cullface": "east"},
				"down": {"uv": [0.2, 8.2, 6.7, 8.7], "rotation": 180, "texture": "#texture", "cullface": "east"}
			}
		},
		{
			"from": [9.1, 10.775, 8.225],
			"to": [9.35, 11.725, 8.475],
			"rotation": {"angle": 22.5, "axis": "x", "origin": [0, -1, 0]},
			"faces": {
				"north": {"uv": [6, 8, 7, 9], "rotation": 180, "texture": "#texture"},
				"east": {"uv": [6.2, 8.1, 6.7, 8.8], "rotation": 90, "texture": "#texture", "cullface": "east"},
				"south": {"uv": [6.1, 8.9, 6.8, 8.1], "texture": "#texture", "cullface": "east"},
				"west": {"uv": [6, 8, 7, 9], "rotation": 270, "texture": "#texture"},
				"up": {"uv": [6.7, 8.1, 6, 8.8], "texture": "#texture", "cullface": "east"},
				"down": {"uv": [6.7, 8.2, 6.2, 8.7], "rotation": 180, "texture": "#texture", "cullface": "east"}
			}
		},
		{
			"from": [10.2, 10.775, 10.225],
			"to": [11.6, 11.725, 10.475],
			"rotation": {"angle": 22.5, "axis": "x", "origin": [0, -1, 0]},
			"faces": {
				"north": {"uv": [6, 8, 7, 9], "rotation": 180, "texture": "#texture"},
				"east": {"uv": [6.2, 8.1, 6.7, 8.8], "rotation": 90, "texture": "#texture", "cullface": "east"},
				"south": {"uv": [6.1, 8.9, 6.8, 8.1], "texture": "#texture", "cullface": "east"},
				"west": {"uv": [6, 8, 7, 9], "rotation": 270, "texture": "#texture"},
				"up": {"uv": [2.7, 8.1, 0, 8.8], "texture": "#texture", "cullface": "east"},
				"down": {"uv": [0.2, 8.2, 6.7, 8.7], "rotation": 180, "texture": "#texture", "cullface": "east"}
			}
		},
		{
			"from": [8.85, 10.775, 9.475],
			"to": [11.6, 11.725, 10.225],
			"rotation": {"angle": 22.5, "axis": "x", "origin": [0, -1, 0]},
			"faces": {
				"north": {"uv": [6, 8, 7, 9], "rotation": 180, "texture": "#texture"},
				"east": {"uv": [6.2, 8.1, 6.7, 8.8], "rotation": 90, "texture": "#texture", "cullface": "east"},
				"south": {"uv": [6.1, 8.9, 6.8, 8.1], "texture": "#texture", "cullface": "east"},
				"west": {"uv": [6, 8, 7, 9], "rotation": 270, "texture": "#texture"},
				"up": {"uv": [6.7, 8.1, 0, 8.8], "texture": "#texture", "cullface": "east"},
				"down": {"uv": [0.2, 8.2, 6.7, 8.7], "rotation": 180, "texture": "#texture", "cullface": "east"}
			}
		},
		{
			"from": [8.85, 10.775, 9.225],
			"to": [9.1, 11.725, 9.475],
			"rotation": {"angle": 22.5, "axis": "x", "origin": [0, -1, 0]},
			"faces": {
				"north": {"uv": [6, 8, 7, 9], "rotation": 180, "texture": "#texture"},
				"east": {"uv": [6.2, 8.1, 6.7, 8.8], "rotation": 90, "texture": "#texture", "cullface": "east"},
				"south": {"uv": [6.1, 8.9, 6.8, 8.1], "texture": "#texture", "cullface": "east"},
				"west": {"uv": [6, 8, 7, 9], "rotation": 270, "texture": "#texture"},
				"up": {"uv": [6.7, 8.1, 6, 8.8], "texture": "#texture", "cullface": "east"},
				"down": {"uv": [6.2, 8.2, 6.7, 8.7], "rotation": 180, "texture": "#texture", "cullface": "east"}
			}
		},
		{
			"from": [9.1, 10.775, 8.475],
			"to": [11.85, 11.725, 9.475],
			"rotation": {"angle": 22.5, "axis": "x", "origin": [0, -1, 0]},
			"faces": {
				"north": {"uv": [6, 8, 7, 9], "rotation": 180, "texture": "#texture"},
				"east": {"uv": [6.2, 8.1, 6.7, 8.8], "rotation": 90, "texture": "#texture", "cullface": "east"},
				"south": {"uv": [6.1, 8.9, 6.8, 8.1], "texture": "#texture", "cullface": "east"},
				"west": {"uv": [6, 8, 7, 9], "rotation": 270, "texture": "#texture"},
				"up": {"uv": [6.7, 8.1, 0, 8.8], "texture": "#texture", "cullface": "east"},
				"down": {"uv": [0.2, 8.2, 6.7, 8.7], "rotation": 180, "texture": "#texture", "cullface": "east"}
			}
		},
		{
			"from": [9.35, 10.775, 6.975],
			"to": [9.75, 11.725, 7.225],
			"rotation": {"angle": 22.5, "axis": "x", "origin": [0, -1, 0]},
			"faces": {
				"north": {"uv": [6, 8, 7, 9], "rotation": 180, "texture": "#texture"},
				"east": {"uv": [6.2, 8.1, 6.7, 8.8], "rotation": 90, "texture": "#texture", "cullface": "east"},
				"south": {"uv": [6.1, 8.9, 6.8, 8.1], "texture": "#texture", "cullface": "east"},
				"west": {"uv": [6, 8, 7, 9], "rotation": 270, "texture": "#texture"},
				"up": {"uv": [6.7, 8.1, 6, 8.8], "texture": "#texture", "cullface": "east"},
				"down": {"uv": [6.2, 8.2, 6.7, 8.7], "rotation": 180, "texture": "#texture", "cullface": "east"}
			}
		}
	],
	"gui_light": "front",
	"display": {
		"thirdperson_righthand": {
			"rotation": [116.65, -90, 116.77],
			"translation": [0, 1.25, -4.75],
			"scale": [0.81, 0.81, 0.81]
		},
		"thirdperson_lefthand": {
			"rotation": [-116.65, 90, 116.77],
			"translation": [0, 1.25, -4.75],
			"scale": [0.81, 0.81, 0.81]
		},
		"firstperson_righthand": {
			"rotation": [0, -90, 0],
			"translation": [0, 2.25, -7],
			"scale": [1.01, 1.02, 1.01]
		},
		"firstperson_lefthand": {
			"rotation": [0, 90, 0],
			"translation": [0, 2.25, -7],
			"scale": [1.01, 1.02, 1.01]
		},
		"ground": {
			"translation": [-1.5, 2, 0]
		},
		"gui": {
			"rotation": [0, 0, -45],
			"translation": [-0.75, 0.25, 0],
			"scale": [0.54, 0.54, 0.9]
		},
		"fixed": {
			"rotation": [0, 180, -45],
			"translation": [1.5, 0.5, -1.1],
			"scale": [0.95, 0.95, 0.95]
		}
	}
}