{
	"credit": "Made By Ubalube",
	"textures": {
		"texture": "guns/gray7",
		"texture1": "guns/gray2",
		"texture2": "guns/black",
		"texture3": "guns/scope2",
		"texture4": "guns/red1",
		"texture5": "guns/gray8",
		"texture7": "guns/yellow2",
		"particle": "blocks/e_particle"
	},
	"elements": [
		{
			"name": "Box1",
			"from": [-10.5, 9, 6.5],
			"to": [-3.5, 10, 8],
			"faces": {
				"north": {"uv": [3.5, 6, 10.5, 7], "texture": "#texture1"},
				"east": {"uv": [8, 6, 9.5, 7], "texture": "#texture1"},
				"south": {"uv": [5.5, 6, 12.5, 7], "texture": "#texture1"},
				"west": {"uv": [6.5, 6, 8, 7], "texture": "#texture1"},
				"up": {"uv": [5.5, 6.5, 12.5, 8], "texture": "#texture1"},
				"down": {"uv": [5.5, 8, 12.5, 9.5], "texture": "#texture1"}
			}
		},
		{
			"name": "Box2",
			"from": [-10.49, 8.5, 8],
			"to": [-3.49, 9, 9],
			"rotation": {"angle": -45, "axis": "x", "origin": [-10.49, 8.5, 8]},
			"faces": {
				"north": {"uv": [7.5, 6.5, 14.5, 7], "texture": "#texture1"},
				"east": {"uv": [7.5, 6.5, 8, 7], "texture": "#texture1"},
				"south": {"uv": [1.5, 6.5, 8.5, 7], "texture": "#texture1"},
				"west": {"uv": [8, 6.5, 8.5, 7], "texture": "#texture1"},
				"up": {"uv": [1.5, 8, 8.5, 8.5], "texture": "#texture1"},
				"down": {"uv": [1.5, 7.5, 8.5, 8], "texture": "#texture1"}
			}
		},
		{
			"name": "Box2",
			"from": [-10.49, 8.5, 6.5],
			"to": [-3.49, 9.5, 7],
			"rotation": {"angle": -45, "axis": "x", "origin": [-10.49, 8.5, 6.5]},
			"faces": {
				"north": {"uv": [7.5, 6.5, 14.5, 7], "texture": "#texture1"},
				"east": {"uv": [7.5, 6.5, 8, 7], "texture": "#texture1"},
				"south": {"uv": [1.5, 6.5, 8.5, 7], "texture": "#texture1"},
				"west": {"uv": [8, 6.5, 8.5, 7], "texture": "#texture1"},
				"up": {"uv": [1.5, 8, 8.5, 8.5], "texture": "#texture1"},
				"down": {"uv": [1.5, 7.5, 8.5, 8], "texture": "#texture1"}
			}
		},
		{
			"name": "Box4",
			"from": [-10.49, 10, 5.5],
			"to": [-3.49, 10.5, 6.5],
			"rotation": {"angle": -45, "axis": "x", "origin": [-10.49, 10.5, 6.5]},
			"faces": {
				"north": {"uv": [15, 6.5, 14, 6], "texture": "#texture1"},
				"east": {"uv": [9.5, 6, 10, 6.5], "rotation": 180, "texture": "#texture1"},
				"south": {"uv": [2, 6.5, 1, 6], "texture": "#texture1"},
				"west": {"uv": [6, 6, 6.5, 6.5], "rotation": 180, "texture": "#texture1"},
				"up": {"uv": [14, 9.5, 15, 10], "texture": "#texture1"},
				"down": {"uv": [14, 6, 15, 6.5], "texture": "#texture1"}
			}
		},
		{
			"name": "Box4",
			"from": [-10.49, 10, 8],
			"to": [-3.49, 10.5, 9],
			"rotation": {"angle": 45, "axis": "x", "origin": [-10.49, 10.5, 8]},
			"faces": {
				"north": {"uv": [15, 10, 14, 9.5], "texture": "#texture1"},
				"east": {"uv": [9.5, 6, 10, 6.5], "rotation": 270, "texture": "#texture1"},
				"south": {"uv": [14, 6, 15, 6.5], "texture": "#texture1"},
				"west": {"uv": [6, 6, 6.5, 6.5], "rotation": 90, "texture": "#texture1"},
				"up": {"uv": [2, 6.5, 1, 6], "texture": "#texture1"},
				"down": {"uv": [14, 6, 15, 6.5], "texture": "#texture1"}
			}
		},
		{
			"name": "Box6",
			"from": [-10.5, 10, 6.5],
			"to": [-3.5, 10.5, 8],
			"faces": {
				"north": {"uv": [3.5, 5.5, 10.5, 6], "texture": "#texture1"},
				"east": {"uv": [8, 5.5, 9.5, 6], "texture": "#texture1"},
				"south": {"uv": [5.5, 5.5, 12.5, 6], "texture": "#texture1"},
				"west": {"uv": [6.5, 5.5, 8, 6], "texture": "#texture1"},
				"up": {"uv": [5.5, 6.5, 12.5, 8], "texture": "#texture1"},
				"down": {"uv": [5.5, 8, 12.5, 9.5], "texture": "#texture1"}
			}
		},
		{
			"name": "Box6",
			"from": [-10.5, 8.5, 6.5],
			"to": [-3.5, 9, 8],
			"faces": {
				"north": {"uv": [3.5, 7, 10.5, 7.5], "texture": "#texture1"},
				"east": {"uv": [8, 7, 9.5, 7.5], "texture": "#texture1"},
				"south": {"uv": [5.5, 7, 12.5, 7.5], "texture": "#texture1"},
				"west": {"uv": [6.5, 7, 8, 7.5], "texture": "#texture1"},
				"up": {"uv": [5.5, 6.5, 12.5, 8], "texture": "#texture1"},
				"down": {"uv": [5.5, 8, 12.5, 9.5], "texture": "#texture1"}
			}
		},
		{
			"name": "Box8",
			"from": [-10.5, 9, 5.75],
			"to": [-3.5, 10, 6.75],
			"faces": {
				"north": {"uv": [3.5, 6, 10.5, 7], "texture": "#texture1"},
				"east": {"uv": [9.25, 6, 10.25, 7], "texture": "#texture1"},
				"south": {"uv": [5.5, 6, 12.5, 7], "texture": "#texture1"},
				"west": {"uv": [5.75, 6, 6.75, 7], "texture": "#texture1"},
				"up": {"uv": [5.5, 5.75, 12.5, 6.75], "texture": "#texture1"},
				"down": {"uv": [5.5, 9.25, 12.5, 10.25], "texture": "#texture1"}
			}
		},
		{
			"name": "Box8",
			"from": [-10.5, 9, 7.75],
			"to": [-3.5, 10, 8.75],
			"faces": {
				"north": {"uv": [3.5, 6, 10.5, 7], "texture": "#texture1"},
				"east": {"uv": [7.25, 6, 8.25, 7], "texture": "#texture1"},
				"south": {"uv": [5.5, 6, 12.5, 7], "texture": "#texture1"},
				"west": {"uv": [7.75, 6, 8.75, 7], "texture": "#texture1"},
				"up": {"uv": [5.5, 7.75, 12.5, 8.75], "texture": "#texture1"},
				"down": {"uv": [5.5, 7.25, 12.5, 8.25], "texture": "#texture1"}
			}
		},
		{
			"name": "Box10",
			"from": [-10.5, 10.5, 6.5],
			"to": [-9.5, 13.5, 8],
			"faces": {
				"north": {"uv": [9.5, 2.5, 10.5, 5.5], "texture": "#texture"},
				"east": {"uv": [8, 2.5, 9.5, 5.5], "texture": "#texture"},
				"south": {"uv": [5.5, 2.5, 6.5, 5.5], "texture": "#texture"},
				"west": {"uv": [6.5, 2.5, 8, 5.5], "texture": "#texture"},
				"up": {"uv": [5.5, 6.5, 6.5, 8], "texture": "#texture"},
				"down": {"uv": [5.5, 8, 6.5, 9.5], "texture": "#texture"}
			}
		},
		{
			"name": "Box12",
			"from": [-10.5, 11.5, 6.5],
			"to": [-9.5, 13.5, 8],
			"rotation": {"angle": -45, "axis": "z", "origin": [-10.5, 11.5, 6.5]},
			"faces": {
				"north": {"uv": [13.5, 3.5, 14.5, 5.5], "texture": "#texture"},
				"east": {"uv": [1, 3.5, 2, 5.5], "texture": "#texture"},
				"south": {"uv": [1.5, 3.5, 2.5, 5.5], "texture": "#texture"},
				"west": {"uv": [14, 3.5, 15, 5.5], "texture": "#texture"},
				"up": {"uv": [1.5, 14, 2.5, 15], "texture": "#texture"},
				"down": {"uv": [1.5, 1, 2.5, 2], "texture": "#texture"}
			}
		},
		{
			"name": "Box13",
			"from": [-9.5, 12.5, 6.5],
			"to": [-2, 13.5, 8],
			"faces": {
				"north": {"uv": [2, 2.5, 9.5, 3.5], "texture": "#texture"},
				"east": {"uv": [8, 2.5, 9.5, 3.5], "texture": "#texture"},
				"south": {"uv": [6.5, 2.5, 14, 3.5], "texture": "#texture"},
				"west": {"uv": [6.5, 2.5, 8, 3.5], "texture": "#texture"},
				"up": {"uv": [6.5, 6.5, 14, 8], "texture": "#texture"},
				"down": {"uv": [6.5, 8, 14, 9.5], "texture": "#texture"}
			}
		},
		{
			"name": "Box14",
			"from": [-9, 12, 6.75],
			"to": [-7, 12.5, 7.75],
			"faces": {
				"north": {"uv": [7, 3.5, 9, 4], "texture": "#texture"},
				"east": {"uv": [8.25, 3.5, 9.25, 4], "texture": "#texture"},
				"south": {"uv": [7, 3.5, 9, 4], "texture": "#texture"},
				"west": {"uv": [6.75, 3.5, 7.75, 4], "texture": "#texture"},
				"up": {"uv": [7, 6.75, 9, 7.75], "texture": "#texture"},
				"down": {"uv": [7, 8.25, 9, 9.25], "texture": "#texture"}
			}
		},
		{
			"name": "Box14",
			"from": [-4.5, 12, 6.75],
			"to": [-2.5, 12.5, 7.75],
			"faces": {
				"north": {"uv": [2.5, 3.5, 4.5, 4], "texture": "#texture"},
				"east": {"uv": [8.25, 3.5, 9.25, 4], "texture": "#texture"},
				"south": {"uv": [11.5, 3.5, 13.5, 4], "texture": "#texture"},
				"west": {"uv": [6.75, 3.5, 7.75, 4], "texture": "#texture"},
				"up": {"uv": [11.5, 6.75, 13.5, 7.75], "texture": "#texture"},
				"down": {"uv": [11.5, 8.25, 13.5, 9.25], "texture": "#texture"}
			}
		},
		{
			"name": "Box18",
			"from": [-3.5, 8.5, 6],
			"to": [0.5, 9.5, 8.5],
			"faces": {
				"north": {"uv": [15.5, 6.5, 16, 7.5], "texture": "#texture1"},
				"east": {"uv": [7.5, 6.5, 10, 7.5], "texture": "#texture1"},
				"south": {"uv": [0, 6.5, 0.5, 7.5], "texture": "#texture1"},
				"west": {"uv": [6, 6.5, 8.5, 7.5], "texture": "#texture1"},
				"up": {"uv": [0, 6, 0.5, 8.5], "texture": "#texture1"},
				"down": {"uv": [0, 7.5, 0.5, 10], "texture": "#texture1"}
			}
		},
		{
			"name": "Box19",
			"from": [-3.5, 9.5, 5.75],
			"to": [1.5, 10.5, 8.75],
			"faces": {
				"north": {"uv": [14.5, 5.5, 16, 6.5], "texture": "#texture1"},
				"east": {"uv": [7.25, 5.5, 10.25, 6.5], "texture": "#texture1"},
				"south": {"uv": [0, 5.5, 1.5, 6.5], "texture": "#texture1"},
				"west": {"uv": [5.75, 5.5, 8.75, 6.5], "texture": "#texture1"},
				"up": {"uv": [0, 5.75, 1.5, 8.75], "texture": "#texture1"},
				"down": {"uv": [0, 7.25, 1.5, 10.25], "texture": "#texture1"}
			}
		},
		{
			"name": "Box10",
			"from": [-2, 10.5, 6.55],
			"to": [-1, 13.5, 7.9],
			"faces": {
				"north": {"uv": [1, 2.5, 2, 5.5], "texture": "#texture"},
				"east": {"uv": [8.1, 2.5, 9.45, 5.5], "texture": "#texture"},
				"south": {"uv": [14, 2.5, 15, 5.5], "texture": "#texture"},
				"west": {"uv": [6.55, 2.5, 7.9, 5.5], "texture": "#texture"},
				"up": {"uv": [14, 6.55, 15, 7.9], "texture": "#texture"},
				"down": {"uv": [14, 8.1, 15, 9.45], "texture": "#texture"}
			}
		},
		{
			"name": "Box12",
			"from": [-2, 11, 6.5],
			"to": [-1, 13, 8],
			"rotation": {"angle": 22.5, "axis": "z", "origin": [-1, 11, 8]},
			"faces": {
				"north": {"uv": [1.5, 3.5, 2.5, 5.5], "texture": "#texture"},
				"east": {"uv": [14, 3.5, 15, 5.5], "texture": "#texture"},
				"south": {"uv": [13.5, 3.5, 14.5, 5.5], "texture": "#texture"},
				"west": {"uv": [1, 3.5, 2, 5.5], "texture": "#texture"},
				"up": {"uv": [1.5, 14, 2.5, 15], "rotation": 180, "texture": "#texture"},
				"down": {"uv": [1.5, 1, 2.5, 2], "rotation": 180, "texture": "#texture"}
			}
		},
		{
			"name": "Box22",
			"from": [-10.49, 13, 6],
			"to": [-0.99, 13.5, 6.5],
			"faces": {
				"north": {"uv": [0.99, 2.5, 10.49, 3], "texture": "#texture"},
				"east": {"uv": [9.5, 2.5, 10, 3], "texture": "#texture"},
				"south": {"uv": [5.51, 2.5, 15.01, 3], "texture": "#texture"},
				"west": {"uv": [6, 2.5, 6.5, 3], "texture": "#texture"},
				"up": {"uv": [5.51, 6, 15.01, 6.5], "texture": "#texture"},
				"down": {"uv": [5.51, 9.5, 15.01, 10], "texture": "#texture"}
			}
		},
		{
			"name": "Box22",
			"from": [-10.49, 13, 8],
			"to": [-0.99, 13.5, 8.5],
			"faces": {
				"north": {"uv": [0.99, 2.5, 10.49, 3], "texture": "#texture"},
				"east": {"uv": [7.5, 2.5, 8, 3], "texture": "#texture"},
				"south": {"uv": [5.51, 2.5, 15.01, 3], "texture": "#texture"},
				"west": {"uv": [8, 2.5, 8.5, 3], "texture": "#texture"},
				"up": {"uv": [5.51, 8, 15.01, 8.5], "texture": "#texture"},
				"down": {"uv": [5.51, 7.5, 15.01, 8], "texture": "#texture"}
			}
		},
		{
			"name": "Box24",
			"from": [-10.49, 12, 6],
			"to": [-0.99, 13, 6.5],
			"rotation": {"angle": -45, "axis": "x", "origin": [-10.49, 13, 6]},
			"faces": {
				"north": {"uv": [11, 10, 1.5, 9], "texture": "#texture"},
				"east": {"uv": [9, 3.5, 10, 4], "rotation": 270, "texture": "#texture"},
				"south": {"uv": [1.5, 6, 11, 7], "texture": "#texture"},
				"west": {"uv": [6, 3.5, 7, 4], "rotation": 90, "texture": "#texture"},
				"up": {"uv": [14.5, 4, 5, 3.5], "texture": "#texture"},
				"down": {"uv": [1.5, 3.5, 11, 4], "texture": "#texture"}
			}
		},
		{
			"name": "Box24",
			"from": [-10.49, 12, 8],
			"to": [-0.99, 13, 8.5],
			"rotation": {"angle": 45, "axis": "x", "origin": [-0.99, 13, 8.5]},
			"faces": {
				"north": {"uv": [1.5, 6, 11, 7], "texture": "#texture"},
				"east": {"uv": [6, 3.5, 7, 4], "rotation": 90, "texture": "#texture"},
				"south": {"uv": [11, 10, 1.5, 9], "texture": "#texture"},
				"west": {"uv": [9, 3.5, 10, 4], "rotation": 270, "texture": "#texture"},
				"up": {"uv": [14.5, 4, 5, 3.5], "rotation": 180, "texture": "#texture"},
				"down": {"uv": [1.5, 3.5, 11, 4], "rotation": 180, "texture": "#texture"}
			}
		},
		{
			"name": "Box26",
			"from": [-10.49, 13, 6],
			"to": [-0.99, 13.5, 7],
			"rotation": {"angle": -22.5, "axis": "x", "origin": [-10.49, 13.5, 6]},
			"faces": {
				"north": {"uv": [11, 10, 1.5, 9.5], "texture": "#texture"},
				"east": {"uv": [9.5, 2, 10, 3], "rotation": 270, "texture": "#texture"},
				"south": {"uv": [1.5, 6, 11, 6.5], "texture": "#texture"},
				"west": {"uv": [6, 2, 6.5, 3], "rotation": 90, "texture": "#texture"},
				"up": {"uv": [14.5, 3, 5, 2], "texture": "#texture"},
				"down": {"uv": [1.5, 2, 11, 3], "texture": "#texture"}
			}
		},
		{
			"name": "Box26",
			"from": [-10.49, 13, 7.5],
			"to": [-0.99, 13.5, 8.5],
			"rotation": {"angle": 22.5, "axis": "x", "origin": [-0.99, 13.5, 8.5]},
			"faces": {
				"north": {"uv": [11, 6.5, 1.5, 6], "rotation": 180, "texture": "#texture"},
				"east": {"uv": [6, 2, 6.5, 3], "rotation": 90, "texture": "#texture"},
				"south": {"uv": [1.5, 9.5, 11, 10], "rotation": 180, "texture": "#texture"},
				"west": {"uv": [9.5, 2, 10, 3], "rotation": 270, "texture": "#texture"},
				"up": {"uv": [5, 2, 14.5, 3], "texture": "#texture"},
				"down": {"uv": [11, 3, 1.5, 2], "texture": "#texture"}
			}
		},
		{
			"name": "Box28",
			"from": [-10.5, 13.5, 6.5],
			"to": [-1, 14, 8],
			"faces": {
				"north": {"uv": [1, 2, 10.5, 2.5], "texture": "#texture"},
				"east": {"uv": [8, 2, 9.5, 2.5], "texture": "#texture"},
				"south": {"uv": [5.5, 2, 15, 2.5], "texture": "#texture"},
				"west": {"uv": [6.5, 2, 8, 2.5], "texture": "#texture"},
				"up": {"uv": [5.5, 6.5, 15, 8], "texture": "#texture"},
				"down": {"uv": [5.5, 8, 15, 9.5], "texture": "#texture"}
			}
		},
		{
			"name": "Box29",
			"from": [-8.5, 8, 6.575],
			"to": [-2, 8.5, 7.925],
			"faces": {
				"north": {"uv": [2, 7.5, 8.5, 8], "texture": "#texture"},
				"east": {"uv": [8.075, 7.5, 9.425, 8], "texture": "#texture"},
				"south": {"uv": [7.5, 7.5, 14, 8], "texture": "#texture"},
				"west": {"uv": [6.575, 7.5, 7.925, 8], "texture": "#texture"},
				"up": {"uv": [7.5, 6.575, 14, 7.925], "texture": "#texture"},
				"down": {"uv": [7.5, 8.075, 14, 9.425], "texture": "#texture"}
			}
		},
		{
			"name": "Box30",
			"from": [-8.5, 8, 6.5],
			"to": [-5, 9, 8],
			"rotation": {"angle": -22.5, "axis": "z", "origin": [-8.5, 8, 6.5]},
			"faces": {
				"north": {"uv": [9, 7, 12.5, 8], "texture": "#texture"},
				"east": {"uv": [1, 7, 2, 8], "texture": "#texture"},
				"south": {"uv": [3.5, 7, 7, 8], "texture": "#texture"},
				"west": {"uv": [14, 7, 15, 8], "texture": "#texture"},
				"up": {"uv": [3.5, 14, 7, 15], "texture": "#texture"},
				"down": {"uv": [3.5, 1, 7, 2], "texture": "#texture"}
			}
		},
		{
			"name": "Box31",
			"from": [-4.5, 6.5, 6.5],
			"to": [-3.5, 8, 8],
			"faces": {
				"north": {"uv": [3.5, 8, 4.5, 9.5], "texture": "#texture"},
				"east": {"uv": [8, 8, 9.5, 9.5], "texture": "#texture"},
				"south": {"uv": [11.5, 8, 12.5, 9.5], "texture": "#texture"},
				"west": {"uv": [6.5, 8, 8, 9.5], "texture": "#texture"},
				"up": {"uv": [11.5, 6.5, 12.5, 8], "texture": "#texture"},
				"down": {"uv": [11.5, 8, 12.5, 9.5], "texture": "#texture"}
			}
		},
		{
			"name": "Box32",
			"from": [-5.5, 6.5, 6.5],
			"to": [-4.5, 8, 8],
			"faces": {
				"north": {"uv": [4.5, 8, 5.5, 9.5], "texture": "#texture"},
				"east": {"uv": [8, 8, 9.5, 9.5], "texture": "#texture"},
				"south": {"uv": [10.5, 8, 11.5, 9.5], "texture": "#texture"},
				"west": {"uv": [6.5, 8, 8, 9.5], "texture": "#texture"},
				"up": {"uv": [10.5, 6.5, 11.5, 8], "texture": "#texture"},
				"down": {"uv": [10.5, 8, 11.5, 9.5], "texture": "#texture"}
			}
		},
		{
			"name": "Box33",
			"from": [-6, 7.5, 6.5],
			"to": [-5.5, 8, 8],
			"faces": {
				"north": {"uv": [5.5, 8, 6, 8.5], "texture": "#texture"},
				"east": {"uv": [8, 8, 9.5, 8.5], "texture": "#texture"},
				"south": {"uv": [10, 8, 10.5, 8.5], "texture": "#texture"},
				"west": {"uv": [6.5, 8, 8, 8.5], "texture": "#texture"},
				"up": {"uv": [10, 6.5, 10.5, 8], "texture": "#texture"},
				"down": {"uv": [10, 8, 10.5, 9.5], "texture": "#texture"}
			}
		},
		{
			"name": "Box34",
			"from": [-10.501, 9.1, 6.75],
			"to": [-10.5, 10.1, 7.75],
			"faces": {
				"north": {"uv": [1.5, 6, 1.501, 7], "texture": "#texture2"},
				"east": {"uv": [6.5, 6, 7.5, 7], "texture": "#texture2"},
				"south": {"uv": [14.499, 6, 14.5, 7], "texture": "#texture2"},
				"west": {"uv": [8.5, 6, 9.5, 7], "texture": "#texture2"},
				"up": {"uv": [1.5, 6.5, 1.501, 7.5], "rotation": 180, "texture": "#texture2"},
				"down": {"uv": [1.5, 8.5, 1.501, 9.5], "rotation": 180, "texture": "#texture2"}
			}
		},
		{
			"name": "Box35",
			"from": [-4.5, 7, 6.675],
			"to": [-3.5, 9, 7.755],
			"rotation": {"angle": -22.5, "axis": "z", "origin": [-4.5, 7, 6.675]},
			"faces": {
				"north": {"uv": [6.5, 7.5, 7.5, 9.5], "texture": "#texture"},
				"east": {"uv": [1, 7.5, 2, 9.5], "texture": "#texture"},
				"south": {"uv": [8.5, 7.5, 9.5, 9.5], "texture": "#texture"},
				"west": {"uv": [14, 7.5, 15, 9.5], "texture": "#texture"},
				"up": {"uv": [8.5, 14, 9.5, 15], "texture": "#texture"},
				"down": {"uv": [8.5, 1, 9.5, 2], "texture": "#texture"}
			}
		},
		{
			"name": "Box36",
			"from": [-11.2, 9.05, 6],
			"to": [-10.5, 9.3, 6.25],
			"faces": {
				"north": {"uv": [10.5, 6.7, 11.2, 6.95], "texture": "#texture"},
				"east": {"uv": [9.75, 6.7, 10, 6.95], "texture": "#texture"},
				"south": {"uv": [4.8, 6.7, 5.5, 6.95], "texture": "#texture"},
				"west": {"uv": [6, 6.7, 6.25, 6.95], "texture": "#texture"},
				"up": {"uv": [4.8, 6, 5.5, 6.25], "texture": "#texture"},
				"down": {"uv": [4.8, 9.75, 5.5, 10], "texture": "#texture"}
			}
		},
		{
			"name": "Box36",
			"from": [-11.2, 9.05, 8.25],
			"to": [-10.5, 9.3, 8.5],
			"faces": {
				"north": {"uv": [10.5, 6.7, 11.2, 6.95], "texture": "#texture"},
				"east": {"uv": [7.5, 6.7, 7.75, 6.95], "texture": "#texture"},
				"south": {"uv": [4.8, 6.7, 5.5, 6.95], "texture": "#texture"},
				"west": {"uv": [8.25, 6.7, 8.5, 6.95], "texture": "#texture"},
				"up": {"uv": [4.8, 8.25, 5.5, 8.5], "texture": "#texture"},
				"down": {"uv": [4.8, 7.5, 5.5, 7.75], "texture": "#texture"}
			}
		},
		{
			"name": "Box36",
			"from": [-11.2, 9.35, 6],
			"to": [-10.5, 9.6, 6.25],
			"faces": {
				"north": {"uv": [10.5, 6.4, 11.2, 6.65], "texture": "#texture"},
				"east": {"uv": [9.75, 6.4, 10, 6.65], "texture": "#texture"},
				"south": {"uv": [4.8, 6.4, 5.5, 6.65], "texture": "#texture"},
				"west": {"uv": [6, 6.4, 6.25, 6.65], "texture": "#texture"},
				"up": {"uv": [4.8, 6, 5.5, 6.25], "texture": "#texture"},
				"down": {"uv": [4.8, 9.75, 5.5, 10], "texture": "#texture"}
			}
		},
		{
			"name": "Box36",
			"from": [-11.2, 9.35, 8.25],
			"to": [-10.5, 9.6, 8.5],
			"faces": {
				"north": {"uv": [10.5, 6.4, 11.2, 6.65], "texture": "#texture"},
				"east": {"uv": [7.5, 6.4, 7.75, 6.65], "texture": "#texture"},
				"south": {"uv": [4.8, 6.4, 5.5, 6.65], "texture": "#texture"},
				"west": {"uv": [8.25, 6.4, 8.5, 6.65], "texture": "#texture"},
				"up": {"uv": [4.8, 8.25, 5.5, 8.5], "texture": "#texture"},
				"down": {"uv": [4.8, 7.5, 5.5, 7.75], "texture": "#texture"}
			}
		},
		{
			"name": "Box36",
			"from": [-11.2, 9.65, 6],
			"to": [-10.5, 9.9, 6.25],
			"faces": {
				"north": {"uv": [10.5, 6.1, 11.2, 6.35], "texture": "#texture"},
				"east": {"uv": [9.75, 6.1, 10, 6.35], "texture": "#texture"},
				"south": {"uv": [4.8, 6.1, 5.5, 6.35], "texture": "#texture"},
				"west": {"uv": [6, 6.1, 6.25, 6.35], "texture": "#texture"},
				"up": {"uv": [4.8, 6, 5.5, 6.25], "texture": "#texture"},
				"down": {"uv": [4.8, 9.75, 5.5, 10], "texture": "#texture"}
			}
		},
		{
			"name": "Box36",
			"from": [-11.2, 9.65, 8.25],
			"to": [-10.5, 9.9, 8.5],
			"faces": {
				"north": {"uv": [10.5, 6.1, 11.2, 6.35], "texture": "#texture"},
				"east": {"uv": [7.5, 6.1, 7.75, 6.35], "texture": "#texture"},
				"south": {"uv": [4.8, 6.1, 5.5, 6.35], "texture": "#texture"},
				"west": {"uv": [8.25, 6.1, 8.5, 6.35], "texture": "#texture"},
				"up": {"uv": [4.8, 8.25, 5.5, 8.5], "texture": "#texture"},
				"down": {"uv": [4.8, 7.5, 5.5, 7.75], "texture": "#texture"}
			}
		},
		{
			"name": "Box39",
			"from": [-10, 9.25, 8.5],
			"to": [-9, 9.75, 9],
			"faces": {
				"north": {"uv": [9, 6.25, 10, 6.75], "texture": "#texture"},
				"east": {"uv": [7, 6.25, 7.5, 6.75], "texture": "#texture"},
				"south": {"uv": [6, 6.25, 7, 6.75], "texture": "#texture"},
				"west": {"uv": [8.5, 6.25, 9, 6.75], "texture": "#texture"},
				"up": {"uv": [6, 8.5, 7, 9], "texture": "#texture"},
				"down": {"uv": [6, 7, 7, 7.5], "texture": "#texture"}
			}
		},
		{
			"name": "Box39",
			"from": [-8, 9.25, 8.5],
			"to": [-7, 9.75, 9],
			"faces": {
				"north": {"uv": [7, 6.25, 8, 6.75], "texture": "#texture"},
				"east": {"uv": [7, 6.25, 7.5, 6.75], "texture": "#texture"},
				"south": {"uv": [8, 6.25, 9, 6.75], "texture": "#texture"},
				"west": {"uv": [8.5, 6.25, 9, 6.75], "texture": "#texture"},
				"up": {"uv": [8, 8.5, 9, 9], "texture": "#texture"},
				"down": {"uv": [8, 7, 9, 7.5], "texture": "#texture"}
			}
		},
		{
			"name": "Box39",
			"from": [-6, 9.25, 8.5],
			"to": [-5, 9.75, 9],
			"faces": {
				"north": {"uv": [5, 6.25, 6, 6.75], "texture": "#texture"},
				"east": {"uv": [7, 6.25, 7.5, 6.75], "texture": "#texture"},
				"south": {"uv": [10, 6.25, 11, 6.75], "texture": "#texture"},
				"west": {"uv": [8.5, 6.25, 9, 6.75], "texture": "#texture"},
				"up": {"uv": [10, 8.5, 11, 9], "texture": "#texture"},
				"down": {"uv": [10, 7, 11, 7.5], "texture": "#texture"}
			}
		},
		{
			"name": "Box39",
			"from": [-6, 9.25, 5.5],
			"to": [-5, 9.75, 6],
			"faces": {
				"north": {"uv": [5, 6.25, 6, 6.75], "texture": "#texture"},
				"east": {"uv": [10, 6.25, 10.5, 6.75], "texture": "#texture"},
				"south": {"uv": [10, 6.25, 11, 6.75], "texture": "#texture"},
				"west": {"uv": [5.5, 6.25, 6, 6.75], "texture": "#texture"},
				"up": {"uv": [10, 5.5, 11, 6], "texture": "#texture"},
				"down": {"uv": [10, 10, 11, 10.5], "texture": "#texture"}
			}
		},
		{
			"name": "Box39",
			"from": [-8, 9.25, 5.5],
			"to": [-7, 9.75, 6],
			"faces": {
				"north": {"uv": [7, 6.25, 8, 6.75], "texture": "#texture"},
				"east": {"uv": [10, 6.25, 10.5, 6.75], "texture": "#texture"},
				"south": {"uv": [8, 6.25, 9, 6.75], "texture": "#texture"},
				"west": {"uv": [5.5, 6.25, 6, 6.75], "texture": "#texture"},
				"up": {"uv": [8, 5.5, 9, 6], "texture": "#texture"},
				"down": {"uv": [8, 10, 9, 10.5], "texture": "#texture"}
			}
		},
		{
			"name": "Box39",
			"from": [-10, 9.25, 5.5],
			"to": [-9, 9.75, 6],
			"faces": {
				"north": {"uv": [9, 6.25, 10, 6.75], "texture": "#texture"},
				"east": {"uv": [10, 6.25, 10.5, 6.75], "texture": "#texture"},
				"south": {"uv": [6, 6.25, 7, 6.75], "texture": "#texture"},
				"west": {"uv": [5.5, 6.25, 6, 6.75], "texture": "#texture"},
				"up": {"uv": [6, 5.5, 7, 6], "texture": "#texture"},
				"down": {"uv": [6, 10, 7, 10.5], "texture": "#texture"}
			}
		},
		{
			"name": "Box45",
			"from": [-8, 10.25, 6.5],
			"to": [-3, 10.75, 8],
			"faces": {
				"north": {"uv": [3, 5.25, 8, 5.75], "texture": "#texture1"},
				"east": {"uv": [8, 5.25, 9.5, 5.75], "texture": "#texture1"},
				"south": {"uv": [8, 5.25, 13, 5.75], "texture": "#texture1"},
				"west": {"uv": [6.5, 5.25, 8, 5.75], "texture": "#texture1"},
				"up": {"uv": [8, 6.5, 13, 8], "texture": "#texture1"},
				"down": {"uv": [8, 8, 13, 9.5], "texture": "#texture1"}
			}
		},
		{
			"name": "Box46",
			"from": [-1, 10.5, 6],
			"to": [1.5, 13, 8.5],
			"faces": {
				"north": {"uv": [14.5, 3, 16, 5.5], "texture": "#texture"},
				"east": {"uv": [7.5, 3, 10, 5.5], "texture": "#texture"},
				"south": {"uv": [0, 3, 1.5, 5.5], "texture": "#texture"},
				"west": {"uv": [6, 3, 8.5, 5.5], "texture": "#texture"},
				"up": {"uv": [0, 6, 1.5, 8.5], "texture": "#texture"},
				"down": {"uv": [0, 7.5, 1.5, 10], "texture": "#texture"}
			}
		},
		{
			"name": "Box47",
			"from": [-2, 8, 6.5],
			"to": [0.5, 9, 8],
			"rotation": {"angle": 22.5, "axis": "z", "origin": [-2, 8, 6.5]},
			"faces": {
				"north": {"uv": [2.5, 7, 5, 8], "texture": "#texture"},
				"east": {"uv": [1, 7, 2, 8], "texture": "#texture"},
				"south": {"uv": [11, 7, 13.5, 8], "texture": "#texture"},
				"west": {"uv": [14, 7, 15, 8], "texture": "#texture"},
				"up": {"uv": [11, 14, 13.5, 15], "texture": "#texture"},
				"down": {"uv": [11, 1, 13.5, 2], "texture": "#texture"}
			}
		},
		{
			"name": "Box48",
			"from": [-1, 13, 6],
			"to": [1.5, 14, 7],
			"rotation": {"angle": 22.5, "axis": "x", "origin": [-1, 13, 6]},
			"faces": {
				"north": {"uv": [2, 1.5, 5, 2.5], "texture": "#texture"},
				"east": {"uv": [9, 1.5, 10, 2.5], "texture": "#texture"},
				"south": {"uv": [11, 1.5, 14, 2.5], "texture": "#texture"},
				"west": {"uv": [6, 1.5, 7, 2.5], "texture": "#texture"},
				"up": {"uv": [11, 6, 14, 7], "texture": "#texture"},
				"down": {"uv": [11, 9, 14, 10], "texture": "#texture"}
			}
		},
		{
			"name": "Box48",
			"from": [-1, 13, 7.5],
			"to": [1.5, 14, 8.5],
			"rotation": {"angle": -22.5, "axis": "x", "origin": [1.5, 13, 8.5]},
			"faces": {
				"north": {"uv": [11, 1.5, 14, 2.5], "texture": "#texture"},
				"east": {"uv": [6, 1.5, 7, 2.5], "texture": "#texture"},
				"south": {"uv": [2, 1.5, 5, 2.5], "texture": "#texture"},
				"west": {"uv": [9, 1.5, 10, 2.5], "texture": "#texture"},
				"up": {"uv": [11, 6, 14, 7], "rotation": 180, "texture": "#texture"},
				"down": {"uv": [11, 9, 14, 10], "rotation": 180, "texture": "#texture"}
			}
		},
		{
			"name": "Box50",
			"from": [-1, 13, 6.25],
			"to": [1.5, 14, 8.25],
			"faces": {
				"north": {"uv": [14.5, 2, 16, 3], "texture": "#texture"},
				"east": {"uv": [7.75, 2, 9.75, 3], "texture": "#texture"},
				"south": {"uv": [0, 2, 1.5, 3], "texture": "#texture"},
				"west": {"uv": [6.25, 2, 8.25, 3], "texture": "#texture"},
				"up": {"uv": [0, 6.25, 1.5, 8.25], "texture": "#texture"},
				"down": {"uv": [0, 7.75, 1.5, 9.75], "texture": "#texture"}
			}
		},
		{
			"name": "Box51",
			"from": [-9.5, 13.75, 6.5],
			"to": [-8.5, 14.25, 8],
			"faces": {
				"north": {"uv": [8.5, 1.75, 9.5, 2.25], "texture": "#texture"},
				"east": {"uv": [8, 1.75, 9.5, 2.25], "texture": "#texture"},
				"south": {"uv": [6.5, 1.75, 7.5, 2.25], "texture": "#texture"},
				"west": {"uv": [6.5, 1.75, 8, 2.25], "texture": "#texture"},
				"up": {"uv": [6.5, 6.5, 7.5, 8], "texture": "#texture"},
				"down": {"uv": [6.5, 8, 7.5, 9.5], "texture": "#texture"}
			}
		},
		{
			"name": "Box51",
			"from": [-7.5, 13.75, 6.5],
			"to": [-6.5, 14.25, 8],
			"faces": {
				"north": {"uv": [6.5, 1.75, 7.5, 2.25], "texture": "#texture"},
				"east": {"uv": [8, 1.75, 9.5, 2.25], "texture": "#texture"},
				"south": {"uv": [8.5, 1.75, 9.5, 2.25], "texture": "#texture"},
				"west": {"uv": [6.5, 1.75, 8, 2.25], "texture": "#texture"},
				"up": {"uv": [8.5, 6.5, 9.5, 8], "texture": "#texture"},
				"down": {"uv": [8.5, 8, 9.5, 9.5], "texture": "#texture"}
			}
		},
		{
			"name": "Box51",
			"from": [-5.5, 13.75, 6.5],
			"to": [-4.5, 14.25, 8],
			"faces": {
				"north": {"uv": [4.5, 1.75, 5.5, 2.25], "texture": "#texture"},
				"east": {"uv": [8, 1.75, 9.5, 2.25], "texture": "#texture"},
				"south": {"uv": [10.5, 1.75, 11.5, 2.25], "texture": "#texture"},
				"west": {"uv": [6.5, 1.75, 8, 2.25], "texture": "#texture"},
				"up": {"uv": [10.5, 6.5, 11.5, 8], "texture": "#texture"},
				"down": {"uv": [10.5, 8, 11.5, 9.5], "texture": "#texture"}
			}
		},
		{
			"name": "Box57",
			"from": [1.5, 9.5, 6],
			"to": [2.5, 13.5, 8.5],
			"faces": {
				"north": {"uv": [13.5, 2.5, 14.5, 6.5], "texture": "#texture"},
				"east": {"uv": [7.5, 2.5, 10, 6.5], "texture": "#texture"},
				"south": {"uv": [1.5, 2.5, 2.5, 6.5], "texture": "#texture"},
				"west": {"uv": [6, 2.5, 8.5, 6.5], "texture": "#texture"},
				"up": {"uv": [1.5, 6, 2.5, 8.5], "texture": "#texture"},
				"down": {"uv": [1.5, 7.5, 2.5, 10], "texture": "#texture"}
			}
		},
		{
			"name": "Box58",
			"from": [0.5, 8.5, 6.5],
			"to": [1, 9.5, 8],
			"faces": {
				"north": {"uv": [15, 6.5, 15.5, 7.5], "texture": "#texture1"},
				"east": {"uv": [8, 6.5, 9.5, 7.5], "texture": "#texture1"},
				"south": {"uv": [0.5, 6.5, 1, 7.5], "texture": "#texture1"},
				"west": {"uv": [6.5, 6.5, 8, 7.5], "texture": "#texture1"},
				"up": {"uv": [0.5, 6.5, 1, 8], "texture": "#texture1"},
				"down": {"uv": [0.5, 8, 1, 9.5], "texture": "#texture1"}
			}
		},
		{
			"name": "Box59",
			"from": [2.5, 9.5, 5.75],
			"to": [8.5, 11.5, 8.75],
			"faces": {
				"north": {"uv": [7.5, 4.5, 13.5, 6.5], "texture": "#texture"},
				"east": {"uv": [7.25, 4.5, 10.25, 6.5], "texture": "#texture"},
				"south": {"uv": [2.5, 4.5, 8.5, 6.5], "texture": "#texture"},
				"west": {"uv": [5.75, 4.5, 8.75, 6.5], "texture": "#texture"},
				"up": {"uv": [2.5, 5.75, 8.5, 8.75], "texture": "#texture"},
				"down": {"uv": [2.5, 7.25, 8.5, 10.25], "texture": "#texture"}
			}
		},
		{
			"name": "Box60",
			"from": [2.5, 11.5, 6.5],
			"to": [11, 12.5, 8],
			"faces": {
				"north": {"uv": [5, 3.5, 13.5, 4.5], "texture": "#texture1"},
				"east": {"uv": [8, 3.5, 9.5, 4.5], "texture": "#texture1"},
				"south": {"uv": [2.5, 3.5, 11, 4.5], "texture": "#texture1"},
				"west": {"uv": [6.5, 3.5, 8, 4.5], "texture": "#texture1"},
				"up": {"uv": [2.5, 6.5, 11, 8], "texture": "#texture1"},
				"down": {"uv": [2.5, 8, 11, 9.5], "texture": "#texture1"}
			}
		},
		{
			"name": "Box61",
			"from": [2.5, 11.5, 6],
			"to": [6, 12, 8.5],
			"faces": {
				"north": {"uv": [10, 4, 13.5, 4.5], "texture": "#texture"},
				"east": {"uv": [7.5, 4, 10, 4.5], "texture": "#texture"},
				"south": {"uv": [2.5, 4, 6, 4.5], "texture": "#texture"},
				"west": {"uv": [6, 4, 8.5, 4.5], "texture": "#texture"},
				"up": {"uv": [2.5, 6, 6, 8.5], "texture": "#texture"},
				"down": {"uv": [2.5, 7.5, 6, 10], "texture": "#texture"}
			}
		},
		{
			"name": "Box62",
			"from": [6, 11.5, 6.15],
			"to": [7, 12, 8.4],
			"rotation": {"angle": -45, "axis": "z", "origin": [6, 12, 8.4]},
			"faces": {
				"north": {"uv": [3, 4, 2, 3.5], "texture": "#texture"},
				"east": {"uv": [7.5, 3.5, 10, 4], "rotation": 180, "texture": "#texture"},
				"south": {"uv": [14, 4, 13, 3.5], "texture": "#texture"},
				"west": {"uv": [6, 3.5, 8.5, 4], "rotation": 180, "texture": "#texture"},
				"up": {"uv": [2, 7.5, 3, 10], "texture": "#texture"},
				"down": {"uv": [2, 6, 3, 8.5], "texture": "#texture"}
			}
		},
		{
			"name": "Box64",
			"from": [1, 8.5, 6.625],
			"to": [2.5, 9.5, 7.825],
			"rotation": {"angle": 45, "axis": "z", "origin": [1, 8.5, 6.625]},
			"faces": {
				"north": {"uv": [0, 6.5, 0.5, 7.5], "texture": "#texture1"},
				"east": {"uv": [1, 6.5, 2, 7.5], "texture": "#texture1"},
				"south": {"uv": [15.5, 6.5, 16, 7.5], "texture": "#texture1"},
				"west": {"uv": [14, 6.5, 15, 7.5], "texture": "#texture1"},
				"up": {"uv": [15.5, 14, 16, 15], "texture": "#texture1"},
				"down": {"uv": [15.5, 1, 16, 2], "texture": "#texture1"}
			}
		},
		{
			"name": "Box66",
			"from": [3, 11.375, 6.75],
			"to": [10.5, 12.875, 7.75],
			"faces": {
				"north": {"uv": [5.5, 3.125, 13, 4.625], "texture": "#texture1"},
				"east": {"uv": [8.25, 3.125, 9.25, 4.625], "texture": "#texture1"},
				"south": {"uv": [3, 3.125, 10.5, 4.625], "texture": "#texture1"},
				"west": {"uv": [6.75, 3.125, 7.75, 4.625], "texture": "#texture1"},
				"up": {"uv": [3, 6.75, 10.5, 7.75], "texture": "#texture1"},
				"down": {"uv": [3, 8.25, 10.5, 9.25], "texture": "#texture1"}
			}
		},
		{
			"name": "Box78",
			"from": [5.5, 8, 6.75],
			"to": [6.5, 9.5, 7.75],
			"faces": {
				"north": {"uv": [9.5, 6.5, 10.5, 8], "texture": "#texture1"},
				"east": {"uv": [8.25, 6.5, 9.25, 8], "texture": "#texture1"},
				"south": {"uv": [5.5, 6.5, 6.5, 8], "texture": "#texture1"},
				"west": {"uv": [6.75, 6.5, 7.75, 8], "texture": "#texture1"},
				"up": {"uv": [5.5, 6.75, 6.5, 7.75], "texture": "#texture1"},
				"down": {"uv": [5.5, 8.25, 6.5, 9.25], "texture": "#texture1"}
			}
		},
		{
			"name": "Box79",
			"from": [5.5, 7, 6.75],
			"to": [6, 8, 7.75],
			"rotation": {"angle": 45, "axis": "z", "origin": [5.5, 8, 7.75]},
			"faces": {
				"north": {"uv": [2.5, 9, 2, 8], "texture": "#texture1"},
				"east": {"uv": [1, 8, 2, 9], "rotation": 180, "texture": "#texture1"},
				"south": {"uv": [14, 9, 13.5, 8], "texture": "#texture1"},
				"west": {"uv": [14, 8, 15, 9], "rotation": 180, "texture": "#texture1"},
				"up": {"uv": [2, 1, 2.5, 2], "texture": "#texture1"},
				"down": {"uv": [2, 14, 2.5, 15], "texture": "#texture1"}
			}
		},
		{
			"name": "Box68",
			"from": [6, 7.5, 6.75],
			"to": [6.5, 8, 7.75],
			"faces": {
				"north": {"uv": [9.5, 8, 10, 8.5], "texture": "#texture1"},
				"east": {"uv": [8.25, 8, 9.25, 8.5], "texture": "#texture1"},
				"south": {"uv": [6, 8, 6.5, 8.5], "texture": "#texture1"},
				"west": {"uv": [6.75, 8, 7.75, 8.5], "texture": "#texture1"},
				"up": {"uv": [6, 6.75, 6.5, 7.75], "texture": "#texture1"},
				"down": {"uv": [6, 8.25, 6.5, 9.25], "texture": "#texture1"}
			}
		},
		{
			"name": "Box69",
			"from": [6.5, 7.5, 6.75],
			"to": [8, 8, 7.75],
			"faces": {
				"north": {"uv": [8, 8, 9.5, 8.5], "texture": "#texture1"},
				"east": {"uv": [8.25, 8, 9.25, 8.5], "texture": "#texture1"},
				"south": {"uv": [6.5, 8, 8, 8.5], "texture": "#texture1"},
				"west": {"uv": [6.75, 8, 7.75, 8.5], "texture": "#texture1"},
				"up": {"uv": [6.5, 6.75, 8, 7.75], "texture": "#texture1"},
				"down": {"uv": [6.5, 8.25, 8, 9.25], "texture": "#texture1"}
			}
		},
		{
			"name": "Box70",
			"from": [8.5, 10.5, 5.75],
			"to": [12, 11.5, 8.75],
			"faces": {
				"north": {"uv": [4, 4.5, 7.5, 5.5], "texture": "#texture"},
				"east": {"uv": [7.25, 4.5, 10.25, 5.5], "texture": "#texture"},
				"south": {"uv": [8.5, 4.5, 12, 5.5], "texture": "#texture"},
				"west": {"uv": [5.75, 4.5, 8.75, 5.5], "texture": "#texture"},
				"up": {"uv": [8.5, 5.75, 12, 8.75], "texture": "#texture"},
				"down": {"uv": [8.5, 7.25, 12, 10.25], "texture": "#texture"}
			}
		},
		{
			"name": "Box72",
			"from": [7.5, 7.5, 6.775],
			"to": [8, 8.5, 7.675],
			"rotation": {"angle": -22.5, "axis": "z", "origin": [8, 7.5, 6.775]},
			"faces": {
				"north": {"uv": [12, 8.5, 11, 8], "rotation": 270, "texture": "#texture1"},
				"east": {"uv": [4, 1, 5, 2], "rotation": 270, "texture": "#texture1"},
				"south": {"uv": [5, 8.5, 4, 8], "rotation": 90, "texture": "#texture1"},
				"west": {"uv": [5, 15, 4, 14], "rotation": 90, "texture": "#texture1"},
				"up": {"uv": [1, 8, 2, 8.5], "rotation": 270, "texture": "#texture1"},
				"down": {"uv": [15, 8.5, 14, 8], "rotation": 90, "texture": "#texture1"}
			}
		},
		{
			"name": "Box73",
			"from": [8, 8.5, 6.75],
			"to": [8.5, 9.5, 7.75],
			"faces": {
				"north": {"uv": [7.5, 6.5, 8, 7.5], "texture": "#texture1"},
				"east": {"uv": [8.25, 6.5, 9.25, 7.5], "texture": "#texture1"},
				"south": {"uv": [8, 6.5, 8.5, 7.5], "texture": "#texture1"},
				"west": {"uv": [6.75, 6.5, 7.75, 7.5], "texture": "#texture1"},
				"up": {"uv": [8, 6.75, 8.5, 7.75], "texture": "#texture1"},
				"down": {"uv": [8, 8.25, 8.5, 9.25], "texture": "#texture1"}
			}
		},
		{
			"name": "Box74",
			"from": [8.5, 9.5, 6],
			"to": [12, 10.5, 8.5],
			"faces": {
				"north": {"uv": [4, 5.5, 7.5, 6.5], "texture": "#texture"},
				"east": {"uv": [7.5, 5.5, 10, 6.5], "texture": "#texture"},
				"south": {"uv": [8.5, 5.5, 12, 6.5], "texture": "#texture"},
				"west": {"uv": [6, 5.5, 8.5, 6.5], "texture": "#texture"},
				"up": {"uv": [8.5, 6, 12, 8.5], "texture": "#texture"},
				"down": {"uv": [8.5, 7.5, 12, 10], "texture": "#texture"}
			}
		},
		{
			"name": "Box75",
			"from": [8, 7.5, 6.75],
			"to": [8.5, 8.5, 7.75],
			"faces": {
				"north": {"uv": [7.5, 7.5, 8, 8.5], "texture": "#texture1"},
				"east": {"uv": [8.25, 7.5, 9.25, 8.5], "texture": "#texture1"},
				"south": {"uv": [8, 7.5, 8.5, 8.5], "texture": "#texture1"},
				"west": {"uv": [6.75, 7.5, 7.75, 8.5], "texture": "#texture1"},
				"up": {"uv": [8, 6.75, 8.5, 7.75], "texture": "#texture1"},
				"down": {"uv": [8, 8.25, 8.5, 9.25], "texture": "#texture1"}
			}
		},
		{
			"name": "Box76",
			"from": [8.5, 8, 6.525],
			"to": [10.5, 9.5, 7.875],
			"faces": {
				"north": {"uv": [5.5, 6.5, 7.5, 8], "texture": "#texture1"},
				"east": {"uv": [8.125, 6.5, 9.475, 8], "texture": "#texture1"},
				"south": {"uv": [8.5, 6.5, 10.5, 8], "texture": "#texture1"},
				"west": {"uv": [6.525, 6.5, 7.875, 8], "texture": "#texture1"},
				"up": {"uv": [8.5, 6.525, 10.5, 7.875], "texture": "#texture1"},
				"down": {"uv": [8.5, 8.125, 10.5, 9.475], "texture": "#texture1"}
			}
		},
		{
			"name": "Box77",
			"from": [8.5, 4.5, 6.5],
			"to": [10.5, 8, 8],
			"rotation": {"angle": 22.5, "axis": "z", "origin": [8.5, 8, 8]},
			"faces": {
				"north": {"uv": [5.5, 10, 4.5, 9], "texture": "#texture1"},
				"east": {"uv": [1, 9, 2, 10], "rotation": 180, "texture": "#texture1"},
				"south": {"uv": [11.5, 10, 10.5, 9], "texture": "#texture1"},
				"west": {"uv": [14, 9, 15, 10], "rotation": 180, "texture": "#texture1"},
				"up": {"uv": [4.5, 1, 5.5, 2], "texture": "#texture1"},
				"down": {"uv": [4.5, 14, 5.5, 15], "texture": "#texture1"}
			}
		},
		{
			"name": "Box78",
			"from": [9.75, 4.625, 6.66],
			"to": [11.75, 5.625, 7.875],
			"faces": {
				"north": {"uv": [6, 10.5, 8, 11.5], "texture": "#texture1"},
				"east": {"uv": [14, 10.5, 15, 11.5], "texture": "#texture1"},
				"south": {"uv": [8, 10.5, 10, 11.5], "texture": "#texture1"},
				"west": {"uv": [1, 10.5, 2, 11.5], "texture": "#texture1"},
				"up": {"uv": [6, 14, 8, 15], "rotation": 180, "texture": "#texture1"},
				"down": {"uv": [6, 1, 8, 2], "rotation": 180, "texture": "#texture1"}
			}
		},
		{
			"name": "Box79",
			"from": [9.75, 9, 6.75],
			"to": [10.75, 11, 7.75],
			"rotation": {"angle": -45, "axis": "z", "origin": [9.75, 9, 6.75]},
			"faces": {
				"north": {"uv": [8.5, 5.5, 9.5, 7.5], "texture": "#texture1"},
				"east": {"uv": [1, 5.5, 2, 7.5], "texture": "#texture1"},
				"south": {"uv": [6.5, 5.5, 7.5, 7.5], "texture": "#texture1"},
				"west": {"uv": [14, 5.5, 15, 7.5], "texture": "#texture1"},
				"up": {"uv": [6.5, 14, 7.5, 15], "texture": "#texture1"},
				"down": {"uv": [6.5, 1, 7.5, 2], "texture": "#texture1"}
			}
		},
		{
			"name": "Box80",
			"from": [2, 2, 6.75],
			"to": [4.5, 6, 7.75],
			"rotation": {"angle": -22.5, "axis": "z", "origin": [4.5, 6, 6.75]},
			"faces": {
				"north": {"uv": [1, 12, 0, 9], "texture": "#texture1"},
				"east": {"uv": [14, 9, 15, 12], "rotation": 180, "texture": "#texture1"},
				"south": {"uv": [16, 12, 15, 9], "texture": "#texture1"},
				"west": {"uv": [1, 9, 2, 12], "rotation": 180, "texture": "#texture1"},
				"up": {"uv": [15, 1, 16, 2], "rotation": 180, "texture": "#texture1"},
				"down": {"uv": [15, 14, 16, 15], "rotation": 180, "texture": "#texture1"}
			}
		},
		{
			"name": "Box81",
			"from": [0.625, 2.25, 6.8],
			"to": [3.625, 3.75, 7.8],
			"faces": {
				"north": {"uv": [12.375, 12.25, 15.375, 13.75], "texture": "#texture"},
				"east": {"uv": [8.2, 12.25, 9.2, 13.75], "texture": "#texture"},
				"south": {"uv": [0.625, 12.25, 3.625, 13.75], "texture": "#texture"},
				"west": {"uv": [6.8, 12.25, 7.8, 13.75], "texture": "#texture"},
				"up": {"uv": [0.625, 6.8, 3.625, 7.8], "texture": "#texture"},
				"down": {"uv": [0.625, 8.2, 3.625, 9.2], "texture": "#texture"}
			}
		},
		{
			"name": "Box82",
			"from": [2, 3.5, 6.575],
			"to": [4, 6.5, 8.075],
			"rotation": {"angle": -22.5, "axis": "z", "origin": [2, 3.5, 6.575]},
			"faces": {
				"north": {"uv": [0, 10.5, 0.5, 13.5], "texture": "#texture"},
				"east": {"uv": [1, 10.5, 2, 13.5], "texture": "#texture"},
				"south": {"uv": [15.5, 10.5, 16, 13.5], "texture": "#texture"},
				"west": {"uv": [14, 10.5, 15, 13.5], "texture": "#texture"},
				"up": {"uv": [15.5, 14, 16, 15], "texture": "#texture"},
				"down": {"uv": [15.5, 1, 16, 2], "texture": "#texture"}
			}
		},
		{
			"name": "Box83",
			"from": [2, 5.5, 6.5],
			"to": [5, 9.5, 8],
			"faces": {
				"north": {"uv": [11, 6.5, 14, 10.5], "texture": "#texture"},
				"east": {"uv": [8, 6.5, 9.5, 10.5], "texture": "#texture"},
				"south": {"uv": [2, 6.5, 5, 10.5], "texture": "#texture"},
				"west": {"uv": [6.5, 6.5, 8, 10.5], "texture": "#texture"},
				"up": {"uv": [2, 6.5, 5, 8], "texture": "#texture"},
				"down": {"uv": [2, 8, 5, 9.5], "texture": "#texture"}
			}
		},
		{
			"name": "Box84",
			"from": [1.5, 2.5, 6.5],
			"to": [4, 3.5, 8],
			"faces": {
				"north": {"uv": [12, 12.5, 14.5, 13.5], "texture": "#texture"},
				"east": {"uv": [8, 12.5, 9.5, 13.5], "texture": "#texture"},
				"south": {"uv": [1.5, 12.5, 4, 13.5], "texture": "#texture"},
				"west": {"uv": [6.5, 12.5, 8, 13.5], "texture": "#texture"},
				"up": {"uv": [1.5, 6.5, 4, 8], "texture": "#texture"},
				"down": {"uv": [1.5, 8, 4, 9.5], "texture": "#texture"}
			}
		},
		{
			"name": "Box84",
			"from": [1.5, 5.5, 6.45],
			"to": [4.5, 6.5, 7.95],
			"rotation": {"angle": -22.5, "axis": "z", "origin": [1.5, 5.5, 6.45]},
			"faces": {
				"north": {"uv": [0, 9.5, 1.5, 10.5], "texture": "#texture"},
				"east": {"uv": [1, 9.5, 2, 10.5], "texture": "#texture"},
				"south": {"uv": [14.5, 9.5, 16, 10.5], "texture": "#texture"},
				"west": {"uv": [14, 9.5, 15, 10.5], "texture": "#texture"},
				"up": {"uv": [14.5, 14, 16, 15], "texture": "#texture"},
				"down": {"uv": [14.5, 1, 16, 2], "texture": "#texture"}
			}
		},
		{
			"name": "Box88",
			"from": [2.25, 9, 6.25],
			"to": [5.25, 9.5, 8.25],
			"faces": {
				"north": {"uv": [10.75, 6.5, 13.75, 7], "texture": "#texture1"},
				"east": {"uv": [7.75, 6.5, 9.75, 7], "texture": "#texture1"},
				"south": {"uv": [2.25, 6.5, 5.25, 7], "texture": "#texture1"},
				"west": {"uv": [6.25, 6.5, 8.25, 7], "texture": "#texture1"},
				"up": {"uv": [2.25, 6.25, 5.25, 8.25], "texture": "#texture1"},
				"down": {"uv": [2.25, 7.75, 5.25, 9.75], "texture": "#texture1"}
			}
		},
		{
			"name": "Box90",
			"from": [11.25, 10.75, 6.75],
			"to": [12.25, 12.25, 7.75],
			"rotation": {"angle": 45, "axis": "z", "origin": [11.25, 10.75, 6.75]},
			"faces": {
				"north": {"uv": [8, 3, 9, 4.5], "texture": "#texture"},
				"east": {"uv": [1, 3, 2, 4.5], "texture": "#texture"},
				"south": {"uv": [7, 3, 8, 4.5], "texture": "#texture"},
				"west": {"uv": [14, 3, 15, 4.5], "texture": "#texture"},
				"up": {"uv": [7, 14, 8, 15], "texture": "#texture"},
				"down": {"uv": [7, 1, 8, 2], "texture": "#texture"}
			}
		},
		{
			"name": "Box66",
			"from": [3, 11.25, 6.25],
			"to": [10.5, 12.25, 8.25],
			"faces": {
				"north": {"uv": [5.5, 3.75, 13, 4.75], "texture": "#texture1"},
				"east": {"uv": [7.75, 3.75, 9.75, 4.75], "texture": "#texture1"},
				"south": {"uv": [3, 3.75, 10.5, 4.75], "texture": "#texture1"},
				"west": {"uv": [6.25, 3.75, 8.25, 4.75], "texture": "#texture1"},
				"up": {"uv": [3, 6.25, 10.5, 8.25], "texture": "#texture1"},
				"down": {"uv": [3, 7.75, 10.5, 9.75], "texture": "#texture1"}
			}
		},
		{
			"name": "Box87",
			"from": [12, 10.5, 6],
			"to": [19, 11.5, 8.5],
			"faces": {
				"north": {"uv": [0, 4.5, 4, 5.5], "texture": "#texture"},
				"east": {"uv": [7.5, 4.5, 10, 5.5], "texture": "#texture"},
				"south": {"uv": [12, 4.5, 16, 5.5], "texture": "#texture"},
				"west": {"uv": [6, 4.5, 8.5, 5.5], "texture": "#texture"},
				"up": {"uv": [12, 6, 16, 8.5], "texture": "#texture"},
				"down": {"uv": [12, 7.5, 16, 10], "texture": "#texture"}
			}
		},
		{
			"name": "Box88",
			"from": [12, 11.5, 6.5],
			"to": [19, 12, 8],
			"faces": {
				"north": {"uv": [0, 4, 4, 4.5], "texture": "#texture"},
				"east": {"uv": [8, 4, 9.5, 4.5], "texture": "#texture"},
				"south": {"uv": [12, 4, 16, 4.5], "texture": "#texture"},
				"west": {"uv": [6.5, 4, 8, 4.5], "texture": "#texture"},
				"up": {"uv": [12, 6.5, 16, 8], "texture": "#texture"},
				"down": {"uv": [12, 8, 16, 9.5], "texture": "#texture"}
			}
		},
		{
			"name": "Box89",
			"from": [19, 7.5, 6],
			"to": [19.5, 11.5, 8.5],
			"faces": {
				"north": {"uv": [12.5, 4.5, 13, 8.5], "texture": "#texture"},
				"east": {"uv": [7.5, 4.5, 10, 8.5], "texture": "#texture"},
				"south": {"uv": [3, 4.5, 3.5, 8.5], "texture": "#texture"},
				"west": {"uv": [6, 4.5, 8.5, 8.5], "texture": "#texture"},
				"up": {"uv": [3, 6, 3.5, 8.5], "texture": "#texture"},
				"down": {"uv": [3, 7.5, 3.5, 10], "texture": "#texture"}
			}
		},
		{
			"name": "Box90",
			"from": [19.5, 7.5, 6.5],
			"to": [20, 11.5, 8],
			"faces": {
				"north": {"uv": [12, 4.5, 12.5, 8.5], "texture": "#texture"},
				"east": {"uv": [8, 4.5, 9.5, 8.5], "texture": "#texture"},
				"south": {"uv": [3.5, 4.5, 4, 8.5], "texture": "#texture"},
				"west": {"uv": [6.5, 4.5, 8, 8.5], "texture": "#texture"},
				"up": {"uv": [3.5, 6.5, 4, 8], "texture": "#texture"},
				"down": {"uv": [3.5, 8, 4, 9.5], "texture": "#texture"}
			}
		},
		{
			"name": "Box91",
			"from": [18, 7, 6],
			"to": [19, 10.5, 8],
			"faces": {
				"north": {"uv": [13, 5.5, 14, 9], "texture": "#texture"},
				"east": {"uv": [8, 5.5, 10, 9], "texture": "#texture"},
				"south": {"uv": [2, 5.5, 3, 9], "texture": "#texture"},
				"west": {"uv": [6, 5.5, 8, 9], "texture": "#texture"},
				"up": {"uv": [2, 6, 3, 8], "texture": "#texture"},
				"down": {"uv": [2, 8, 3, 10], "texture": "#texture"}
			}
		},
		{
			"name": "Box92",
			"from": [12, 8.875, 6.5],
			"to": [13, 10.875, 8],
			"faces": {
				"north": {"uv": [3, 5.125, 4, 7.125], "texture": "#texture"},
				"east": {"uv": [8, 5.125, 9.5, 7.125], "texture": "#texture"},
				"south": {"uv": [12, 5.125, 13, 7.125], "texture": "#texture"},
				"west": {"uv": [6.5, 5.125, 8, 7.125], "texture": "#texture"},
				"up": {"uv": [12, 6.5, 13, 8], "texture": "#texture"},
				"down": {"uv": [12, 8, 13, 9.5], "texture": "#texture"}
			}
		},
		{
			"name": "Box93",
			"from": [12.125, 9, 6.5],
			"to": [17.125, 10, 8],
			"rotation": {"angle": -22.5, "axis": "z", "origin": [12.125, 9, 6.5]},
			"faces": {
				"north": {"uv": [0, 6.5, 3, 7.5], "texture": "#texture"},
				"east": {"uv": [1, 6.5, 2, 7.5], "texture": "#texture"},
				"south": {"uv": [13, 6.5, 16, 7.5], "texture": "#texture"},
				"west": {"uv": [14, 6.5, 15, 7.5], "texture": "#texture"},
				"up": {"uv": [13, 14, 16, 15], "texture": "#texture"},
				"down": {"uv": [13, 1, 16, 2], "texture": "#texture"}
			}
		},
		{
			"name": "Box94",
			"from": [16, 7, 6.5],
			"to": [18, 8, 8],
			"faces": {
				"north": {"uv": [14, 8, 16, 9], "texture": "#texture"},
				"east": {"uv": [8, 8, 9.5, 9], "texture": "#texture"},
				"south": {"uv": [0, 8, 2, 9], "texture": "#texture"},
				"west": {"uv": [6.5, 8, 8, 9], "texture": "#texture"},
				"up": {"uv": [0, 6.5, 2, 8], "texture": "#texture"},
				"down": {"uv": [0, 8, 2, 9.5], "texture": "#texture"}
			}
		},
		{
			"name": "Box95",
			"from": [17.5, 8, 6.75],
			"to": [18, 10.5, 7.75],
			"faces": {
				"north": {"uv": [14, 5.5, 14.5, 8], "texture": "#texture"},
				"east": {"uv": [8.25, 5.5, 9.25, 8], "texture": "#texture"},
				"south": {"uv": [1.5, 5.5, 2, 8], "texture": "#texture"},
				"west": {"uv": [6.75, 5.5, 7.75, 8], "texture": "#texture"},
				"up": {"uv": [1.5, 6.75, 2, 7.75], "texture": "#texture"},
				"down": {"uv": [1.5, 8.25, 2, 9.25], "texture": "#texture"}
			}
		},
		{
			"name": "Box96",
			"from": [13, 10, 6.75],
			"to": [17.5, 10.5, 7.75],
			"faces": {
				"north": {"uv": [0, 5.5, 3, 6], "texture": "#texture"},
				"east": {"uv": [8.25, 5.5, 9.25, 6], "texture": "#texture"},
				"south": {"uv": [13, 5.5, 16, 6], "texture": "#texture"},
				"west": {"uv": [6.75, 5.5, 7.75, 6], "texture": "#texture"},
				"up": {"uv": [13, 6.75, 16, 7.75], "texture": "#texture"},
				"down": {"uv": [13, 8.25, 16, 9.25], "texture": "#texture"}
			}
		},
		{
			"name": "Box97",
			"from": [3, 10.4, 8.5],
			"to": [7.5, 11.12, 9],
			"faces": {
				"north": {"uv": [8.5, 4.88, 13, 5.6], "texture": "#texture5"},
				"east": {"uv": [7, 4.88, 7.5, 5.6], "texture": "#texture5"},
				"south": {"uv": [3, 4.88, 7.5, 5.6], "texture": "#texture5"},
				"west": {"uv": [8.5, 4.88, 9, 5.6], "texture": "#texture5"},
				"up": {"uv": [3, 8.5, 7.5, 9], "texture": "#texture5"},
				"down": {"uv": [3, 7, 7.5, 7.5], "texture": "#texture5"}
			}
		},
		{
			"name": "Box98",
			"from": [3.5, 10.5, 8.375],
			"to": [4, 11, 9.875],
			"faces": {
				"north": {"uv": [12, 5, 12.5, 5.5], "texture": "#texture4"},
				"east": {"uv": [6.125, 5, 7.625, 5.5], "texture": "#texture4"},
				"south": {"uv": [3.5, 5, 4, 5.5], "texture": "#texture4"},
				"west": {"uv": [8.375, 5, 9.875, 5.5], "texture": "#texture4"},
				"up": {"uv": [3.5, 8.375, 4, 9.875], "texture": "#texture4"},
				"down": {"uv": [3.5, 6.125, 4, 7.625], "texture": "#texture4"}
			}
		},
		{
			"name": "Box99",
			"from": [3.5, 10.525, 9.875],
			"to": [4, 10.975, 10.375],
			"rotation": {"angle": 45, "axis": "y", "origin": [3.5, 10.525, 9.875]},
			"faces": {
				"north": {"uv": [14, 15, 14.5, 16], "texture": "#texture4"},
				"east": {"uv": [0, 15, 0.5, 16], "texture": "#texture4"},
				"south": {"uv": [1.5, 15, 2, 16], "texture": "#texture4"},
				"west": {"uv": [15.5, 15, 16, 16], "texture": "#texture4"},
				"up": {"uv": [1.5, 15.5, 2, 16], "texture": "#texture4"},
				"down": {"uv": [1.5, 0, 2, 0.5], "texture": "#texture4"}
			}
		},
		{
			"name": "Box100",
			"from": [3.875, 10.5, 8.275],
			"to": [4.375, 11, 10.275],
			"faces": {
				"north": {"uv": [11.625, 5, 12.125, 5.5], "texture": "#texture4"},
				"east": {"uv": [5.725, 5, 7.725, 5.5], "texture": "#texture4"},
				"south": {"uv": [3.875, 5, 4.375, 5.5], "texture": "#texture4"},
				"west": {"uv": [8.275, 5, 10.275, 5.5], "texture": "#texture4"},
				"up": {"uv": [3.875, 8.275, 4.375, 10.275], "texture": "#texture4"},
				"down": {"uv": [3.875, 5.725, 4.375, 7.725], "texture": "#texture4"}
			}
		},
		{
			"name": "Box101",
			"from": [4.125, 10.5, 8.75],
			"to": [4.625, 11, 9.75],
			"faces": {
				"north": {"uv": [11.375, 5, 11.875, 5.5], "texture": "#texture4"},
				"east": {"uv": [6.25, 5, 7.25, 5.5], "texture": "#texture4"},
				"south": {"uv": [4.125, 5, 4.625, 5.5], "texture": "#texture4"},
				"west": {"uv": [8.75, 5, 9.75, 5.5], "texture": "#texture4"},
				"up": {"uv": [4.125, 8.75, 4.625, 9.75], "texture": "#texture4"},
				"down": {"uv": [4.125, 6.25, 4.625, 7.25], "texture": "#texture4"}
			}
		},
		{
			"name": "Box102",
			"from": [-2.5, 13.75, 6.425],
			"to": [0.5, 14.75, 8.075],
			"faces": {
				"north": {"uv": [15.5, 1.25, 16, 2.25], "texture": "#texture"},
				"east": {"uv": [7.925, 1.25, 9.575, 2.25], "texture": "#texture"},
				"south": {"uv": [0, 1.25, 0.5, 2.25], "texture": "#texture"},
				"west": {"uv": [6.425, 1.25, 8.075, 2.25], "texture": "#texture"},
				"up": {"uv": [0, 6.425, 0.5, 8.075], "texture": "#texture"},
				"down": {"uv": [0, 7.925, 0.5, 9.575], "texture": "#texture"}
			}
		},
		{
			"name": "Box104",
			"from": [-4, 13.75, 6.5],
			"to": [-2.5, 14.25, 8],
			"faces": {
				"north": {"uv": [2.5, 1.75, 4, 2.25], "texture": "#texture"},
				"east": {"uv": [8, 1.75, 9.5, 2.25], "texture": "#texture"},
				"south": {"uv": [12, 1.75, 13.5, 2.25], "texture": "#texture"},
				"west": {"uv": [6.5, 1.75, 8, 2.25], "texture": "#texture"},
				"up": {"uv": [12, 6.5, 13.5, 8], "texture": "#texture"},
				"down": {"uv": [12, 8, 13.5, 9.5], "texture": "#texture"}
			}
		},
		{
			"name": "Box105",
			"from": [-2.625, 14.25, 6.55],
			"to": [-2.125, 14.75, 7.05],
			"rotation": {"angle": -22.5, "axis": "z", "origin": [-2.625, 14.25, 6.55]},
			"faces": {
				"north": {"uv": [11.5, 11.5, 12, 12], "texture": "#texture"},
				"east": {"uv": [1, 11.5, 2, 12], "texture": "#texture"},
				"south": {"uv": [4, 11.5, 4.5, 12], "texture": "#texture"},
				"west": {"uv": [14, 11.5, 15, 12], "texture": "#texture"},
				"up": {"uv": [4, 14, 4.5, 15], "texture": "#texture"},
				"down": {"uv": [4, 1, 4.5, 2], "texture": "#texture"}
			}
		},
		{
			"name": "Box105",
			"from": [-2.625, 14.25, 7.45],
			"to": [-2.125, 14.75, 7.95],
			"rotation": {"angle": -22.5, "axis": "z", "origin": [-2.625, 14.25, 7.45]},
			"faces": {
				"north": {"uv": [11.5, 11.5, 12, 12], "texture": "#texture"},
				"east": {"uv": [1, 11.5, 2, 12], "texture": "#texture"},
				"south": {"uv": [4, 11.5, 4.5, 12], "texture": "#texture"},
				"west": {"uv": [14, 11.5, 15, 12], "texture": "#texture"},
				"up": {"uv": [4, 14, 4.5, 15], "texture": "#texture"},
				"down": {"uv": [4, 1, 4.5, 2], "texture": "#texture"}
			}
		},
		{
			"name": "Box107",
			"from": [-2, 14.75, 6],
			"to": [-1.5, 16.25, 6.5],
			"faces": {
				"north": {"uv": [1.5, 0, 2, 1.25], "texture": "#texture"},
				"east": {"uv": [9.5, 0, 10, 1.25], "texture": "#texture"},
				"south": {"uv": [14, 0, 14.5, 1.25], "texture": "#texture"},
				"west": {"uv": [6, 0, 6.5, 1.25], "texture": "#texture"},
				"up": {"uv": [14, 6, 14.5, 6.5], "texture": "#texture"},
				"down": {"uv": [14, 9.5, 14.5, 10], "texture": "#texture"}
			}
		},
		{
			"name": "Box107",
			"from": [-2, 14.75, 7.875],
			"to": [-1.5, 16.25, 8.375],
			"faces": {
				"north": {"uv": [1.5, 0, 2, 1.25], "texture": "#texture"},
				"east": {"uv": [7.625, 0, 8.125, 1.25], "texture": "#texture"},
				"south": {"uv": [14, 0, 14.5, 1.25], "texture": "#texture"},
				"west": {"uv": [7.875, 0, 8.375, 1.25], "texture": "#texture"},
				"up": {"uv": [14, 7.875, 14.5, 8.375], "texture": "#texture"},
				"down": {"uv": [14, 7.625, 14.5, 8.125], "texture": "#texture"}
			}
		},
		{
			"name": "Box109",
			"from": [-2, 14.25, 6.3],
			"to": [-1.5, 14.75, 8.115],
			"faces": {
				"north": {"uv": [1.5, 1.25, 2, 1.75], "texture": "#texture"},
				"east": {"uv": [7.885, 1.25, 9.7, 1.75], "texture": "#texture"},
				"south": {"uv": [14, 1.25, 14.5, 1.75], "texture": "#texture"},
				"west": {"uv": [6.3, 1.25, 8.115, 1.75], "texture": "#texture"},
				"up": {"uv": [14, 6.3, 14.5, 8.115], "texture": "#texture"},
				"down": {"uv": [14, 7.885, 14.5, 9.7], "texture": "#texture"}
			}
		},
		{
			"name": "Box110",
			"from": [-1.975, 16.25, 6],
			"to": [-1.525, 17.25, 6.5],
			"rotation": {"angle": 22.5, "axis": "x", "origin": [-1.975, 16.25, 6]},
			"faces": {
				"north": {"uv": [1, 9, 2, 10], "texture": "#texture"},
				"east": {"uv": [2, 9, 2.5, 10], "texture": "#texture"},
				"south": {"uv": [14, 9, 15, 10], "texture": "#texture"},
				"west": {"uv": [13.5, 9, 14, 10], "texture": "#texture"},
				"up": {"uv": [14, 13.5, 15, 14], "texture": "#texture"},
				"down": {"uv": [14, 2, 15, 2.5], "texture": "#texture"}
			}
		},
		{
			"name": "Box110",
			"from": [-1.975, 16.25, 7.875],
			"to": [-1.525, 17.25, 8.375],
			"rotation": {"angle": -22.5, "axis": "x", "origin": [-1.525, 16.25, 8.375]},
			"faces": {
				"north": {"uv": [14, 9, 15, 10], "texture": "#texture"},
				"east": {"uv": [13.5, 9, 14, 10], "texture": "#texture"},
				"south": {"uv": [1, 9, 2, 10], "texture": "#texture"},
				"west": {"uv": [2, 9, 2.5, 10], "texture": "#texture"},
				"up": {"uv": [14, 13.5, 15, 14], "rotation": 180, "texture": "#texture"},
				"down": {"uv": [14, 2, 15, 2.5], "rotation": 180, "texture": "#texture"}
			}
		},
		{
			"name": "Box112",
			"from": [-2, 16.75, 6.375],
			"to": [-1.5, 17.25, 8.025],
			"faces": {
				"north": {"uv": [1.5, 14.75, 2, 15.25], "texture": "#texture"},
				"east": {"uv": [7.975, 14.75, 9.625, 15.25], "texture": "#texture"},
				"south": {"uv": [14, 14.75, 14.5, 15.25], "texture": "#texture"},
				"west": {"uv": [6.375, 14.75, 8.025, 15.25], "texture": "#texture"},
				"up": {"uv": [14, 6.375, 14.5, 8.025], "texture": "#texture"},
				"down": {"uv": [14, 7.975, 14.5, 9.625], "texture": "#texture"}
			}
		},
		{
			"name": "Box112",
			"from": [-1.5, 14.75, 6.5],
			"to": [0, 15.25, 8],
			"faces": {
				"north": {"uv": [0, 0.75, 1.5, 1.25], "texture": "#texture"},
				"east": {"uv": [8, 0.75, 9.5, 1.25], "texture": "#texture"},
				"south": {"uv": [14.5, 0.75, 16, 1.25], "texture": "#texture"},
				"west": {"uv": [6.5, 0.75, 8, 1.25], "texture": "#texture"},
				"up": {"uv": [14.5, 6.5, 16, 8], "texture": "#texture"},
				"down": {"uv": [14.5, 8, 16, 9.5], "texture": "#texture"}
			}
		},
		{
			"name": "Box113",
			"from": [-1.75, 14.375, 6.5],
			"to": [-1.25, 14.875, 8],
			"rotation": {"angle": 45, "axis": "z", "origin": [-1.75, 14.375, 6.5]},
			"faces": {
				"north": {"uv": [1.5, 15.5, 2, 16], "texture": "#texture"},
				"east": {"uv": [0.5, 15.5, 2, 16], "texture": "#texture"},
				"south": {"uv": [14, 15.5, 14.5, 16], "texture": "#texture"},
				"west": {"uv": [14, 15.5, 15.5, 16], "texture": "#texture"},
				"up": {"uv": [14, 14, 14.5, 15.5], "texture": "#texture"},
				"down": {"uv": [14, 0.5, 14.5, 2], "texture": "#texture"}
			}
		},
		{
			"name": "Box114",
			"from": [-1.75, 16.0375, 7.45],
			"to": [-1.625, 16.1625, 7.7],
			"faces": {
				"north": {"uv": [1.5, 7, 2, 7.5], "texture": "#texture3"},
				"east": {"uv": [14.5, 7, 15.5, 7.5], "texture": "#texture3"},
				"south": {"uv": [14, 7, 14.5, 7.5], "texture": "#texture3"},
				"west": {"uv": [0.5, 7, 1.5, 7.5], "texture": "#texture3"},
				"up": {"uv": [14.5, 14, 15.5, 14.5], "rotation": 270, "texture": "#texture3"},
				"down": {"uv": [14.5, 1.5, 15.5, 2], "rotation": 90, "texture": "#texture3"}
			}
		},
		{
			"name": "Box114",
			"from": [-1.75, 16.0375, 6.7],
			"to": [-1.625, 16.1625, 6.95],
			"faces": {
				"north": {"uv": [1.5, 7, 2, 7.5], "texture": "#texture3"},
				"east": {"uv": [1.5, 7, 2.5, 7.5], "texture": "#texture3"},
				"south": {"uv": [14, 7, 14.5, 7.5], "texture": "#texture3"},
				"west": {"uv": [13.5, 7, 14.5, 7.5], "texture": "#texture3"},
				"up": {"uv": [1.5, 14, 2.5, 14.5], "rotation": 270, "texture": "#texture3"},
				"down": {"uv": [1.5, 1.5, 2.5, 2], "rotation": 90, "texture": "#texture3"}
			}
		},
		{
			"name": "Box116",
			"from": [-1.75, 15.6, 7.075],
			"to": [-1.625, 15.85, 7.325],
			"faces": {
				"north": {"uv": [1.5, 8.25, 2, 9.25], "texture": "#texture3"},
				"east": {"uv": [0, 8.25, 1, 9.25], "texture": "#texture3"},
				"south": {"uv": [14, 8.25, 14.5, 9.25], "texture": "#texture3"},
				"west": {"uv": [15, 8.25, 16, 9.25], "texture": "#texture3"},
				"up": {"uv": [0, 14, 1, 14.5], "rotation": 270, "texture": "#texture3"},
				"down": {"uv": [0, 1.5, 1, 2], "rotation": 90, "texture": "#texture3"}
			}
		},
		{
			"name": "Box120",
			"from": [-1.75, 15.975, 7.1375],
			"to": [-1.625, 16.1, 7.2625],
			"faces": {
				"north": {"uv": [1.5, 7.25, 2, 7.75], "texture": "#texture3"},
				"east": {"uv": [0.25, 7.25, 0.75, 7.75], "texture": "#texture3"},
				"south": {"uv": [14, 7.25, 14.5, 7.75], "texture": "#texture3"},
				"west": {"uv": [15.25, 7.25, 15.75, 7.75], "texture": "#texture3"},
				"up": {"uv": [0.25, 14, 0.75, 14.5], "rotation": 270, "texture": "#texture3"},
				"down": {"uv": [0.25, 1.5, 0.75, 2], "rotation": 90, "texture": "#texture3"}
			}
		},
		{
			"name": "Box122",
			"from": [-1.7438, 16.0375, 6.95],
			"to": [-1.6313, 16.1625, 7.075],
			"rotation": {"angle": -22.5, "axis": "x", "origin": [-1.74375, 16.0375, 6.95]},
			"faces": {
				"north": {"uv": [15.5, 7, 16, 7.5], "texture": "#texture3"},
				"east": {"uv": [3, 7, 3.5, 7.5], "texture": "#texture3"},
				"south": {"uv": [0, 7, 0.5, 7.5], "texture": "#texture3"},
				"west": {"uv": [12.5, 7, 13, 7.5], "texture": "#texture3"},
				"up": {"uv": [0, 12.5, 0.5, 13], "texture": "#texture3"},
				"down": {"uv": [0, 3, 0.5, 3.5], "texture": "#texture3"}
			}
		},
		{
			"name": "Box122",
			"from": [-1.7438, 16.0375, 7.325],
			"to": [-1.6313, 16.1625, 7.45],
			"rotation": {"angle": 22.5, "axis": "x", "origin": [-1.63125, 16.0375, 7.45]},
			"faces": {
				"north": {"uv": [0, 7, 0.5, 7.5], "texture": "#texture3"},
				"east": {"uv": [12.5, 7, 13, 7.5], "texture": "#texture3"},
				"south": {"uv": [15.5, 7, 16, 7.5], "texture": "#texture3"},
				"west": {"uv": [3, 7, 3.5, 7.5], "texture": "#texture3"},
				"up": {"uv": [0, 12.5, 0.5, 13], "rotation": 180, "texture": "#texture3"},
				"down": {"uv": [0, 3, 0.5, 3.5], "rotation": 180, "texture": "#texture3"}
			}
		},
		{
			"name": "Box124",
			"from": [-1.7438, 15.725, 7.075],
			"to": [-1.6313, 15.85, 7.2],
			"rotation": {"angle": -22.5, "axis": "x", "origin": [-1.74375, 15.85, 7.075]},
			"faces": {
				"north": {"uv": [0.5, 3, 0, 2.5], "texture": "#texture3"},
				"east": {"uv": [2.5, 8, 3, 8.5], "rotation": 270, "texture": "#texture3"},
				"south": {"uv": [0, 13, 0.5, 13.5], "texture": "#texture3"},
				"west": {"uv": [13, 8, 13.5, 8.5], "rotation": 90, "texture": "#texture3"},
				"up": {"uv": [16, 8.5, 15.5, 8], "texture": "#texture3"},
				"down": {"uv": [0, 8, 0.5, 8.5], "texture": "#texture3"}
			}
		},
		{
			"name": "Box124",
			"from": [-1.7438, 15.725, 7.2],
			"to": [-1.6313, 15.85, 7.325],
			"rotation": {"angle": 22.5, "axis": "x", "origin": [-1.63125, 15.85, 7.325]},
			"faces": {
				"north": {"uv": [0.5, 13.5, 0, 13], "rotation": 180, "texture": "#texture3"},
				"east": {"uv": [13, 8, 13.5, 8.5], "rotation": 90, "texture": "#texture3"},
				"south": {"uv": [0, 2.5, 0.5, 3], "rotation": 180, "texture": "#texture3"},
				"west": {"uv": [2.5, 8, 3, 8.5], "rotation": 270, "texture": "#texture3"},
				"up": {"uv": [15.5, 8, 16, 8.5], "texture": "#texture3"},
				"down": {"uv": [0.5, 8.5, 0, 8], "texture": "#texture3"}
			}
		},
		{
			"name": "Box122",
			"from": [2.625, 12.125, 6.5],
			"to": [3.625, 14.125, 8],
			"rotation": {"angle": 45, "axis": "z", "origin": [2.625, 12.125, 6.5]},
			"faces": {
				"north": {"uv": [12.5, 1, 13.5, 3], "texture": "#texture3"},
				"east": {"uv": [1, 1, 2, 3], "texture": "#texture3"},
				"south": {"uv": [2.5, 1, 3.5, 3], "texture": "#texture3"},
				"west": {"uv": [14, 1, 15, 3], "texture": "#texture3"},
				"up": {"uv": [2.5, 14, 3.5, 15], "texture": "#texture3"},
				"down": {"uv": [2.5, 1, 3.5, 2], "texture": "#texture3"}
			}
		},
		{
			"name": "Box123",
			"from": [2.375, 11, 6],
			"to": [4.375, 13.5, 6.5],
			"rotation": {"angle": 45, "axis": "z", "origin": [2.375, 11, 6]},
			"faces": {
				"north": {"uv": [13, 1, 14, 3.5], "texture": "#texture"},
				"east": {"uv": [1, 1, 2, 3.5], "texture": "#texture"},
				"south": {"uv": [2, 1, 3, 3.5], "texture": "#texture"},
				"west": {"uv": [14, 1, 15, 3.5], "texture": "#texture"},
				"up": {"uv": [2, 14, 3, 15], "texture": "#texture"},
				"down": {"uv": [2, 1, 3, 2], "texture": "#texture"}
			}
		},
		{
			"name": "Box124",
			"from": [1.25, 13.375, 6],
			"to": [2.25, 14.375, 8.5],
			"faces": {
				"north": {"uv": [13.75, 1.625, 14.75, 2.625], "texture": "#texture"},
				"east": {"uv": [7.5, 1.625, 10, 2.625], "texture": "#texture"},
				"south": {"uv": [1.25, 1.625, 2.25, 2.625], "texture": "#texture"},
				"west": {"uv": [6, 1.625, 8.5, 2.625], "texture": "#texture"},
				"up": {"uv": [1.25, 6, 2.25, 8.5], "texture": "#texture"},
				"down": {"uv": [1.25, 7.5, 2.25, 10], "texture": "#texture"}
			}
		},
		{
			"name": "Box123",
			"from": [2.5, 11, 8],
			"to": [4.5, 13.5, 8.5],
			"rotation": {"angle": 45, "axis": "z", "origin": [2.5, 11, 8]},
			"faces": {
				"north": {"uv": [13, 1, 14, 3.5], "texture": "#texture"},
				"east": {"uv": [1, 1, 2, 3.5], "texture": "#texture"},
				"south": {"uv": [2, 1, 3, 3.5], "texture": "#texture"},
				"west": {"uv": [14, 1, 15, 3.5], "texture": "#texture"},
				"up": {"uv": [2, 14, 3, 15], "texture": "#texture"},
				"down": {"uv": [2, 1, 3, 2], "texture": "#texture"}
			}
		},
		{
			"name": "Box126",
			"from": [11.5, 4.5, 6.75],
			"to": [15, 5.5, 7.75],
			"rotation": {"angle": 45, "axis": "z", "origin": [11.5, 4.5, 6.75]},
			"faces": {
				"north": {"uv": [1, 10.5, 4.5, 11.5], "texture": "#texture1"},
				"east": {"uv": [1, 10.5, 2, 11.5], "texture": "#texture1"},
				"south": {"uv": [11.5, 10.5, 15, 11.5], "texture": "#texture1"},
				"west": {"uv": [14, 10.5, 15, 11.5], "texture": "#texture1"},
				"up": {"uv": [11.5, 14, 15, 15], "texture": "#texture1"},
				"down": {"uv": [11.5, 1, 15, 2], "texture": "#texture1"}
			}
		},
		{
			"name": "Box127",
			"from": [13, 7, 6.75],
			"to": [14, 9, 7.75],
			"faces": {
				"north": {"uv": [2, 7, 3, 9], "texture": "#texture1"},
				"east": {"uv": [8.25, 7, 9.25, 9], "texture": "#texture1"},
				"south": {"uv": [13, 7, 14, 9], "texture": "#texture1"},
				"west": {"uv": [6.75, 7, 7.75, 9], "texture": "#texture1"},
				"up": {"uv": [13, 6.75, 14, 7.75], "texture": "#texture1"},
				"down": {"uv": [13, 8.25, 14, 9.25], "texture": "#texture1"}
			}
		},
		{
			"name": "Box124",
			"from": [2.875, 12, 6],
			"to": [3.875, 13, 8.5],
			"faces": {
				"north": {"uv": [12.125, 3, 13.125, 4], "texture": "#texture"},
				"east": {"uv": [7.5, 3, 10, 4], "texture": "#texture"},
				"south": {"uv": [2.875, 3, 3.875, 4], "texture": "#texture"},
				"west": {"uv": [6, 3, 8.5, 4], "texture": "#texture"},
				"up": {"uv": [2.875, 6, 3.875, 8.5], "texture": "#texture"},
				"down": {"uv": [2.875, 7.5, 3.875, 10], "texture": "#texture"}
			}
		},
		{
			"name": "Box129",
			"from": [8, 11.75, 7.875],
			"to": [9, 12, 8.375],
			"faces": {
				"north": {"uv": [7, 4, 8, 4.25], "texture": "#texture"},
				"east": {"uv": [7.625, 4, 8.125, 4.25], "texture": "#texture"},
				"south": {"uv": [8, 4, 9, 4.25], "texture": "#texture"},
				"west": {"uv": [7.875, 4, 8.375, 4.25], "texture": "#texture"},
				"up": {"uv": [8, 7.875, 9, 8.375], "texture": "#texture"},
				"down": {"uv": [8, 7.625, 9, 8.125], "texture": "#texture"}
			}
		},
		{
			"name": "Box130",
			"from": [8, 12, 7.875],
			"to": [8.25, 12.75, 8.375],
			"rotation": {"angle": -22.5, "axis": "z", "origin": [8, 12, 7.875]},
			"faces": {
				"north": {"uv": [2.5, 13, 3, 14.5], "texture": "#texture"},
				"east": {"uv": [1, 13, 2, 14.5], "texture": "#texture"},
				"south": {"uv": [13, 13, 13.5, 14.5], "texture": "#texture"},
				"west": {"uv": [14, 13, 15, 14.5], "texture": "#texture"},
				"up": {"uv": [13, 14, 13.5, 15], "texture": "#texture"},
				"down": {"uv": [13, 1, 13.5, 2], "texture": "#texture"}
			}
		},
		{
			"name": "Box130",
			"from": [8.75, 12, 7.875],
			"to": [9, 12.75, 8.375],
			"rotation": {"angle": 22.5, "axis": "z", "origin": [9, 12, 8.375]},
			"faces": {
				"north": {"uv": [13, 13, 13.5, 14.5], "texture": "#texture"},
				"east": {"uv": [14, 13, 15, 14.5], "texture": "#texture"},
				"south": {"uv": [2.5, 13, 3, 14.5], "texture": "#texture"},
				"west": {"uv": [1, 13, 2, 14.5], "texture": "#texture"},
				"up": {"uv": [13, 14, 13.5, 15], "rotation": 180, "texture": "#texture"},
				"down": {"uv": [13, 1, 13.5, 2], "rotation": 180, "texture": "#texture"}
			}
		},
		{
			"name": "Box132",
			"from": [8.375, 12.625, 6],
			"to": [8.625, 12.9, 8.3625],
			"faces": {
				"north": {"uv": [7.375, 3.125, 7.625, 3.375], "texture": "#texture"},
				"east": {"uv": [7.5, 3.125, 10, 3.375], "texture": "#texture"},
				"south": {"uv": [8.375, 3.125, 8.625, 3.375], "texture": "#texture"},
				"west": {"uv": [6, 3.125, 8.5, 3.375], "texture": "#texture"},
				"up": {"uv": [8.375, 6, 8.625, 8.5], "texture": "#texture"},
				"down": {"uv": [8.375, 7.5, 8.625, 10], "texture": "#texture"}
			}
		},
		{
			"name": "Box133",
			"from": [8.25, 12, 8],
			"to": [8.75, 12.5, 8.2505],
			"faces": {
				"north": {"uv": [7.25, 3.5, 7.75, 4], "texture": "#texture7"},
				"east": {"uv": [7.7495, 3.5, 8, 4], "texture": "#texture7"},
				"south": {"uv": [8.25, 3.5, 8.75, 4], "texture": "#texture7"},
				"west": {"uv": [8, 3.5, 8.2505, 4], "texture": "#texture7"},
				"up": {"uv": [8.25, 8, 8.75, 8.2505], "texture": "#texture7"},
				"down": {"uv": [8.25, 7.7495, 8.75, 8], "texture": "#texture7"}
			}
		},
		{
			"name": "Box129",
			"from": [8, 11.75, 6],
			"to": [9, 12, 6.5],
			"faces": {
				"north": {"uv": [7, 4, 8, 4.25], "texture": "#texture"},
				"east": {"uv": [9.5, 4, 10, 4.25], "texture": "#texture"},
				"south": {"uv": [8, 4, 9, 4.25], "texture": "#texture"},
				"west": {"uv": [6, 4, 6.5, 4.25], "texture": "#texture"},
				"up": {"uv": [8, 6, 9, 6.5], "texture": "#texture"},
				"down": {"uv": [8, 9.5, 9, 10], "texture": "#texture"}
			}
		},
		{
			"name": "Box130",
			"from": [8.75, 12, 6],
			"to": [9, 12.75, 6.5],
			"rotation": {"angle": 22.5, "axis": "z", "origin": [9, 12, 6.5]},
			"faces": {
				"north": {"uv": [13, 13, 13.5, 14.5], "texture": "#texture"},
				"east": {"uv": [14, 13, 15, 14.5], "texture": "#texture"},
				"south": {"uv": [2.5, 13, 3, 14.5], "texture": "#texture"},
				"west": {"uv": [1, 13, 2, 14.5], "texture": "#texture"},
				"up": {"uv": [13, 14, 13.5, 15], "rotation": 180, "texture": "#texture"},
				"down": {"uv": [13, 1, 13.5, 2], "rotation": 180, "texture": "#texture"}
			}
		},
		{
			"name": "Box130",
			"from": [8, 12, 6],
			"to": [8.25, 12.75, 6.5],
			"rotation": {"angle": -22.5, "axis": "z", "origin": [8, 12, 6]},
			"faces": {
				"north": {"uv": [2.5, 13, 3, 14.5], "texture": "#texture"},
				"east": {"uv": [1, 13, 2, 14.5], "texture": "#texture"},
				"south": {"uv": [13, 13, 13.5, 14.5], "texture": "#texture"},
				"west": {"uv": [14, 13, 15, 14.5], "texture": "#texture"},
				"up": {"uv": [13, 14, 13.5, 15], "texture": "#texture"},
				"down": {"uv": [13, 1, 13.5, 2], "texture": "#texture"}
			}
		},
		{
			"name": "Box133",
			"from": [8.25, 12, 6.125],
			"to": [8.75, 12.5, 6.3755],
			"faces": {
				"north": {"uv": [7.25, 3.5, 7.75, 4], "texture": "#texture7"},
				"east": {"uv": [9.6245, 3.5, 9.875, 4], "texture": "#texture7"},
				"south": {"uv": [8.25, 3.5, 8.75, 4], "texture": "#texture7"},
				"west": {"uv": [6.125, 3.5, 6.3755, 4], "texture": "#texture7"},
				"up": {"uv": [8.25, 6.125, 8.75, 6.3755], "texture": "#texture7"},
				"down": {"uv": [8.25, 9.6245, 8.75, 9.875], "texture": "#texture7"}
			}
		}
	],
	"overrides": [
		{"predicate": {"damaged": 0, "damage": 0}, "model": "item/wooden_hoe"},
		{"_cmd_": "give @p minecraft:wooden_hoe 1 1 {Unbreakable:1}", "predicate": {"damaged": 0, "damage": 0.01667}, "model": "item/ak_aim"},
		{"predicate": {"damaged": 1, "damage": 0}, "model": "item/wooden_hoe"}
	],
	"display": {
		"thirdperson_righthand": {
			"rotation": [0, -90, 0],
			"translation": [-0.695, -0.695, 1.3913],
			"scale": [0.6, 0.6, 0.6]
		},
		"thirdperson_lefthand": {
			"rotation": [0, 90, 0],
			"translation": [0.69, -0.695, 1.3913],
			"scale": [0.6, 0.6, 0.6]
		},
		"firstperson_righthand": {
			"rotation": [0, -90, 0],
			"translation": [-2.086, 0, 3.4782]
		},
		"firstperson_lefthand": {
			"rotation": [0, 90, 0],
			"translation": [-2.086, 0, 3.4782]
		},
		"ground": {
			"rotation": [-90, 0, 0],
			"translation": [4.8695, 0, 0],
			"scale": [0.7, 0.7, 0.7]
		},
		"gui": {
			"rotation": [25, 30, -25],
			"translation": [1.3913, -0.695, 0],
			"scale": [0.5, 0.5, 0.5]
		},
		"head": {
			"translation": [2.75, 0, 0.75]
		},
		"fixed": {
			"rotation": [0, 180, 0],
			"translation": [-4.173, 0, -2.086]
		}
	}
}