{
	"credit": "Made by SrDarmith - YouTube: Mainclay",
	"textures": {
		"1": "itemm/hardened_clay_stained_white",
		"particle": "itemm/hardened_clay_stained_white",
		"texture": "itemm/anvil_1"
	},
	"elements": [
		{
			"from": [11.5, 11.125, 7.275],
			"to": [12.45, 11.375, 8.75],
			"rotation": {"angle": 0, "axis": "y", "origin": [-5.25, 11, 0]},
			"faces": {
				"north": {"uv": [11.25, 4.75, 12.5, 5.25], "texture": "#texture"},
				"east": {"uv": [7.5, 4.75, 8.5, 5.25], "texture": "#texture"},
				"south": {"uv": [3.5, 4.75, 4.75, 5.25], "texture": "#texture"},
				"west": {"uv": [7.5, 4.75, 8.5, 5.25], "texture": "#texture"},
				"up": {"uv": [3.5, 7.5, 4.75, 8.5], "texture": "#texture"}
			}
		},
		{
			"from": [11.875, 10.075, 8.75],
			"to": [12.375, 10.975, 8.925],
			"rotation": {"angle": 0, "axis": "y", "origin": [0.925, 14.5, 0]},
			"faces": {
				"north": {"uv": [1.5, 3.25, 2.5, 3.75], "texture": "#texture"},
				"east": {"uv": [7.5, 4.25, 7.75, 4.75], "texture": "#texture"},
				"south": {"uv": [1.5, 3.25, 2.5, 3.75], "texture": "#texture"},
				"west": {"uv": [8.25, 4.25, 8.5, 4.75], "texture": "#texture"},
				"up": {"uv": [13.5, 8.25, 14.5, 8.5], "texture": "#texture"}
			}
		},
		{
			"from": [11.125, 10.075, 8.75],
			"to": [11.875, 11.475, 8.925],
			"rotation": {"angle": 0, "axis": "y", "origin": [0.925, 14.5, 0]},
			"faces": {
				"north": {"uv": [1.5, 3.25, 2.5, 3.75], "texture": "#texture"},
				"east": {"uv": [7.5, 4.25, 7.75, 4.75], "texture": "#texture"},
				"south": {"uv": [1.5, 3.25, 2.5, 3.75], "texture": "#texture"},
				"west": {"uv": [8.25, 4.25, 8.5, 4.75], "texture": "#texture"},
				"up": {"uv": [13.5, 8.25, 14.5, 8.5], "texture": "#texture"}
			}
		},
		{
			"from": [10.5, 10.075, 8.75],
			"to": [11.125, 12.375, 8.925],
			"rotation": {"angle": 0, "axis": "y", "origin": [0.925, 14.5, 0]},
			"faces": {
				"north": {"uv": [1.5, 3.25, 2.5, 3.75], "texture": "#texture"},
				"east": {"uv": [7.5, 4.25, 7.75, 4.75], "texture": "#texture"},
				"south": {"uv": [1.5, 3.25, 2.5, 3.75], "texture": "#texture"},
				"west": {"uv": [8.25, 4.25, 8.5, 4.75], "texture": "#texture"},
				"up": {"uv": [13.5, 8.25, 14.5, 8.5], "texture": "#texture"}
			}
		},
		{
			"from": [5.85, 3.425, 7.275],
			"to": [6.475, 5.225, 8.75],
			"rotation": {"angle": 45, "axis": "z", "origin": [0.925, 14.5, -1.65]},
			"faces": {
				"north": {"uv": [1.5, 4.25, 2.5, 4.75], "texture": "#texture"},
				"east": {"uv": [7.5, 4.25, 7.75, 4.75], "texture": "#texture"},
				"south": {"uv": [13.5, 4.25, 14.5, 4.75], "texture": "#texture"},
				"west": {"uv": [8.25, 4.25, 8.5, 4.75], "texture": "#texture"},
				"up": {"uv": [13.5, 8.25, 14.5, 8.5], "texture": "#texture"}
			}
		},
		{
			"from": [6, 3.975, 7.1],
			"to": [6.625, 5.775, 7.275],
			"rotation": {"angle": 45, "axis": "z", "origin": [0.925, 14.5, -1.65]},
			"faces": {
				"north": {"uv": [1.5, 3.25, 2.5, 3.75], "texture": "#texture"},
				"east": {"uv": [7.5, 4.25, 7.75, 4.75], "texture": "#texture"},
				"south": {"uv": [1.5, 3.25, 2.5, 3.75], "texture": "#texture"},
				"west": {"uv": [8.25, 4.25, 8.5, 4.75], "texture": "#texture"},
				"up": {"uv": [13.5, 8.25, 14.5, 8.5], "texture": "#texture"}
			}
		},
		{
			"from": [10.5, 10.075, 7.1],
			"to": [11.125, 12.375, 7.275],
			"rotation": {"angle": 0, "axis": "y", "origin": [0.925, 14.5, -1.65]},
			"faces": {
				"north": {"uv": [1.5, 3.25, 2.5, 3.75], "texture": "#texture"},
				"east": {"uv": [7.5, 4.25, 7.75, 4.75], "texture": "#texture"},
				"south": {"uv": [1.5, 3.25, 2.5, 3.75], "texture": "#texture"},
				"west": {"uv": [8.25, 4.25, 8.5, 4.75], "texture": "#texture"},
				"up": {"uv": [13.5, 8.25, 14.5, 8.5], "texture": "#texture"}
			}
		},
		{
			"from": [11.125, 10.075, 7.1],
			"to": [11.875, 11.475, 7.275],
			"rotation": {"angle": 0, "axis": "y", "origin": [0.925, 14.5, -1.65]},
			"faces": {
				"north": {"uv": [1.5, 3.25, 2.5, 3.75], "texture": "#texture"},
				"east": {"uv": [7.5, 4.25, 7.75, 4.75], "texture": "#texture"},
				"south": {"uv": [1.5, 3.25, 2.5, 3.75], "texture": "#texture"},
				"west": {"uv": [8.25, 4.25, 8.5, 4.75], "texture": "#texture"},
				"up": {"uv": [13.5, 8.25, 14.5, 8.5], "texture": "#texture"}
			}
		},
		{
			"from": [11.875, 10.075, 7.1],
			"to": [12.375, 10.975, 7.275],
			"rotation": {"angle": 0, "axis": "y", "origin": [0.925, 14.5, -1.65]},
			"faces": {
				"north": {"uv": [1.5, 3.25, 2.5, 3.75], "texture": "#texture"},
				"east": {"uv": [7.5, 4.25, 7.75, 4.75], "texture": "#texture"},
				"south": {"uv": [1.5, 3.25, 2.5, 3.75], "texture": "#texture"},
				"west": {"uv": [8.25, 4.25, 8.5, 4.75], "texture": "#texture"},
				"up": {"uv": [13.5, 8.25, 14.5, 8.5], "texture": "#texture"}
			}
		},
		{
			"from": [6, 3.975, 8.75],
			"to": [6.625, 5.775, 8.925],
			"rotation": {"angle": 45, "axis": "z", "origin": [0.925, 14.5, 0]},
			"faces": {
				"north": {"uv": [1.5, 3.25, 2.5, 3.75], "texture": "#texture"},
				"east": {"uv": [7.5, 4.25, 7.75, 4.75], "texture": "#texture"},
				"south": {"uv": [1.5, 3.25, 2.5, 3.75], "texture": "#texture"},
				"west": {"uv": [8.25, 4.25, 8.5, 4.75], "texture": "#texture"},
				"up": {"uv": [13.5, 8.25, 14.5, 8.5], "texture": "#texture"}
			}
		},
		{
			"from": [10.65, 11.375, 7.275],
			"to": [11.4, 11.875, 8.75],
			"rotation": {"angle": 0, "axis": "y", "origin": [0.925, 14.75, 0]},
			"faces": {
				"north": {"uv": [1.5, 4.75, 2.5, 5.25], "texture": "#texture"},
				"east": {"uv": [7.5, 4.75, 8.5, 5.25], "texture": "#texture"},
				"south": {"uv": [13.5, 4.75, 14.5, 5.25], "texture": "#texture"},
				"west": {"uv": [7.5, 4.75, 8.5, 5.25], "texture": "#texture"},
				"up": {"uv": [13.5, 7.5, 14.5, 8.5], "texture": "#texture"}
			}
		},
		{
			"from": [10.8, 11.625, 7.55],
			"to": [11.05, 12.125, 8.45],
			"rotation": {"angle": 0, "axis": "y", "origin": [0.925, 14.75, 0]},
			"faces": {
				"north": {"uv": [11.5, 15.5, 12.5, 16], "texture": "#texture"},
				"east": {"uv": [11.5, 15.5, 12.5, 16], "texture": "#texture"},
				"south": {"uv": [11.5, 15.5, 12.5, 16], "texture": "#texture"},
				"west": {"uv": [11.5, 15.5, 12.5, 16], "texture": "#texture"},
				"up": {"uv": [11.5, 15, 12.5, 16], "texture": "#texture"}
			}
		},
		{
			"from": [10.8, 12.125, 7.55],
			"to": [11.05, 12.375, 7.825],
			"rotation": {"angle": 0, "axis": "y", "origin": [0.925, 14.75, 0]},
			"faces": {
				"north": {"uv": [11.5, 15.5, 12.5, 16], "texture": "#texture"},
				"east": {"uv": [11.5, 15.5, 12.5, 16], "texture": "#texture"},
				"south": {"uv": [11.5, 15.5, 12.5, 16], "texture": "#texture"},
				"west": {"uv": [11.5, 15.5, 12.5, 16], "texture": "#texture"},
				"up": {"uv": [11.5, 15, 12.5, 16], "texture": "#texture"}
			}
		},
		{
			"from": [10.8, 12.125, 8.175],
			"to": [11.05, 12.375, 8.45],
			"rotation": {"angle": 0, "axis": "y", "origin": [0.925, 14.75, 0]},
			"faces": {
				"north": {"uv": [11.5, 15.5, 12.5, 16], "texture": "#texture"},
				"east": {"uv": [11.5, 15.5, 12.5, 16], "texture": "#texture"},
				"south": {"uv": [11.5, 15.5, 12.5, 16], "texture": "#texture"},
				"west": {"uv": [11.5, 15.5, 12.5, 16], "texture": "#texture"},
				"up": {"uv": [11.5, 15, 12.5, 16], "texture": "#texture"}
			}
		},
		{
			"from": [9.425, 7.25, 7.75],
			"to": [9.675, 8.5, 8.25],
			"rotation": {"angle": -22.5, "axis": "z", "origin": [9.5, 8.275, 7.75]},
			"faces": {
				"north": {"uv": [7.5, 7, 7.75, 8.25], "texture": "#texture"},
				"east": {"uv": [7.75, 7, 8.25, 8.25], "texture": "#texture"},
				"south": {"uv": [8.25, 7, 8.5, 8.25], "texture": "#texture"},
				"west": {"uv": [7.75, 7, 8.25, 8.25], "texture": "#texture"},
				"up": {"uv": [8.25, 7.75, 8.5, 8.25], "texture": "#texture"},
				"down": {"uv": [7.75, 8.25, 7.5, 7.75], "texture": "#texture"}
			}
		},
		{
			"from": [12.2, 0.375, 7.75],
			"to": [12.75, 0.625, 8.25],
			"rotation": {"angle": 22.5, "axis": "z", "origin": [1, -0.725, 0]},
			"faces": {
				"north": {"uv": [7.25, 8.5, 8.5, 8.75], "texture": "#texture"},
				"south": {"uv": [7.5, 8.5, 8.75, 8.75], "texture": "#texture"},
				"west": {"uv": [7.75, 8.5, 8.25, 8.75], "texture": "#texture"},
				"up": {"uv": [7.5, 7.75, 8.75, 8.25], "texture": "#texture"},
				"down": {"uv": [8.5, 8.25, 7.25, 7.75], "texture": "#texture"}
			}
		},
		{
			"from": [11.8, 2.925, 7.75],
			"to": [12.75, 3.175, 8.25],
			"rotation": {"angle": 22.5, "axis": "z", "origin": [1, -0.55, 0]},
			"faces": {
				"north": {"uv": [7.25, 8.5, 8.5, 8.75], "texture": "#texture"},
				"south": {"uv": [7.5, 8.5, 8.75, 8.75], "texture": "#texture"},
				"west": {"uv": [7.75, 8.5, 8.25, 8.75], "texture": "#texture"},
				"up": {"uv": [7.5, 7.75, 8.75, 8.25], "texture": "#texture"},
				"down": {"uv": [8.5, 8.25, 7.25, 7.75], "texture": "#texture"}
			}
		},
		{
			"from": [8, 6.8, 7.75],
			"to": [9.65, 7.05, 8.25],
			"rotation": {"angle": 0, "axis": "y", "origin": [0.75, -0.55, 0]},
			"faces": {
				"north": {"uv": [7.25, 8.5, 8.5, 8.75], "texture": "#texture"},
				"south": {"uv": [7.5, 8.5, 8.75, 8.75], "texture": "#texture"},
				"west": {"uv": [7.75, 8.5, 8.25, 8.75], "texture": "#texture"},
				"up": {"uv": [7.5, 7.75, 8.75, 8.25], "texture": "#texture"},
				"down": {"uv": [8.5, 8.25, 7.25, 7.75], "texture": "#texture"}
			}
		},
		{
			"from": [6.55, 7.45, 7.75],
			"to": [7.725, 8.3, 8.25],
			"rotation": {"angle": 0, "axis": "y", "origin": [0.925, -0.55, 0]},
			"faces": {
				"north": {"uv": [7.25, 8.5, 8.5, 8.75], "texture": "#texture"},
				"south": {"uv": [7.5, 8.5, 8.75, 8.75], "texture": "#texture"},
				"west": {"uv": [7.75, 8.5, 8.25, 8.75], "texture": "#texture"},
				"up": {"uv": [7.5, 7.75, 8.75, 8.25], "texture": "#texture"},
				"down": {"uv": [8.5, 8.25, 7.25, 7.75], "texture": "#texture"}
			}
		},
		{
			"from": [10.325, 3.45, 7.75],
			"to": [10.575, 5.025, 8.25],
			"rotation": {"angle": 22.5, "axis": "z", "origin": [0.75, -0.725, 0]},
			"faces": {
				"north": {"uv": [8.5, 7.25, 8.75, 8.5], "texture": "#texture"},
				"east": {"uv": [7.75, 7.25, 8.25, 8.5], "texture": "#texture"},
				"south": {"uv": [7.25, 7.25, 7.5, 8.5], "texture": "#texture"},
				"west": {"uv": [7.75, 7.25, 8.25, 8.5], "texture": "#texture"},
				"down": {"uv": [8.75, 8.25, 8.5, 7.75], "texture": "#texture"}
			}
		},
		{
			"from": [1.725, 8.875, 7.25],
			"to": [3.225, 9.775, 8.75],
			"rotation": {"angle": -22.5, "axis": "z", "origin": [1.175, -0.425, 0]},
			"faces": {
				"north": {"uv": [5.75, 5.5, 7, 6.5], "texture": "#texture"},
				"east": {"uv": [7.5, 5.5, 8.5, 6.5], "texture": "#texture"},
				"south": {"uv": [9, 5.5, 10.25, 6.5], "texture": "#texture"},
				"west": {"uv": [7.5, 5.5, 8.5, 6.5], "texture": "#texture"},
				"down": {"uv": [7, 2.5, 5.75, 1.5], "texture": "#texture"}
			}
		},
		{
			"from": [1.7, 3.425, 7.425],
			"to": [3.175, 3.675, 8.575],
			"rotation": {"angle": -22.5, "axis": "z", "origin": [1.175, -0.425, 0]},
			"faces": {
				"north": {"uv": [5.75, 11, 7, 14.25], "texture": "#texture"},
				"east": {"uv": [7.5, 11, 8.5, 14.25], "texture": "#texture"},
				"south": {"uv": [9, 11, 10.25, 14.25], "texture": "#texture"},
				"west": {"uv": [7.5, 11, 8.5, 14.25], "texture": "#texture"},
				"up": {"uv": [6, 11, 7, 12], "texture": "#texture"},
				"down": {"uv": [7, 8.5, 5.75, 7.5], "texture": "#texture"}
			}
		},
		{
			"from": [2.425, 4.925, 7.6],
			"to": [2.8, 9.025, 8.375],
			"rotation": {"angle": -22.5, "axis": "z", "origin": [1.175, -0.425, 0]},
			"faces": {
				"north": {"uv": [0, 3.5, 6, 4.25], "rotation": 270, "texture": "#1"},
				"east": {"uv": [7.5, 11, 8.5, 14.25], "texture": "#1"},
				"south": {"uv": [0, 3.5, 6, 4.25], "rotation": 90, "texture": "#1"},
				"west": {"uv": [7.5, 11, 8.5, 14.25], "texture": "#1"},
				"up": {"uv": [0, 0, 0, 0], "texture": "#1"},
				"down": {"uv": [7, 8.5, 5.75, 7.5], "texture": "#1"}
			}
		},
		{
			"from": [2.5, 3.675, 7.5],
			"to": [2.8, 5.025, 8.5],
			"rotation": {"angle": -22.5, "axis": "z", "origin": [1.175, -0.425, 0]},
			"faces": {
				"north": {"uv": [5.75, 11, 7, 14.25], "texture": "#texture"},
				"east": {"uv": [7.5, 11, 8.5, 14.25], "texture": "#texture"},
				"south": {"uv": [9, 11, 10.25, 14.25], "texture": "#texture"},
				"west": {"uv": [7.5, 11, 8.5, 14.25], "texture": "#texture"},
				"down": {"uv": [7, 8.5, 5.75, 7.5], "texture": "#texture"}
			}
		},
		{
			"from": [1.8, 3.675, 7.5],
			"to": [2.5, 9.775, 8.5],
			"rotation": {"angle": -22.5, "axis": "z", "origin": [1.175, -0.425, 0]},
			"faces": {
				"north": {"uv": [5.75, 11, 7, 14.25], "texture": "#texture"},
				"east": {"uv": [7.5, 11, 8.5, 14.25], "texture": "#texture"},
				"south": {"uv": [9, 11, 10.25, 14.25], "texture": "#texture"},
				"west": {"uv": [7.5, 11, 8.5, 14.25], "texture": "#texture"},
				"down": {"uv": [7, 8.5, 5.75, 7.5], "texture": "#texture"}
			}
		},
		{
			"from": [2.8, 3.675, 7.5],
			"to": [3.175, 9.775, 8.5],
			"rotation": {"angle": -22.5, "axis": "z", "origin": [1.175, -0.425, 0]},
			"faces": {
				"north": {"uv": [5.75, 11, 7, 14.25], "texture": "#texture"},
				"east": {"uv": [7.5, 11, 8.5, 14.25], "texture": "#texture"},
				"south": {"uv": [9, 11, 10.25, 14.25], "texture": "#texture"},
				"west": {"uv": [7.5, 11, 8.5, 14.25], "texture": "#texture"},
				"down": {"uv": [7, 8.5, 5.75, 7.5], "texture": "#texture"}
			}
		},
		{
			"from": [12.5, 0.4, 7.25],
			"to": [13.775, 4.025, 8.75],
			"rotation": {"angle": 22.5, "axis": "z", "origin": [1, -0.425, 0]},
			"faces": {
				"north": {"uv": [5.5, 8.25, 7, 11], "texture": "#texture"},
				"east": {"uv": [7.25, 8.25, 8.75, 11], "texture": "#texture"},
				"south": {"uv": [9, 8.25, 10.5, 11], "texture": "#texture"},
				"west": {"uv": [7.25, 8.25, 8.75, 11], "texture": "#texture"},
				"up": {"uv": [9, 7.25, 10.5, 8.75], "texture": "#texture"},
				"down": {"uv": [7, 8.75, 5.5, 7.25], "texture": "#texture"}
			}
		},
		{
			"from": [12.25, 0.4, 7.5],
			"to": [13.75, 4.15, 8.5],
			"rotation": {"angle": 22.5, "axis": "z", "origin": [1, -0.425, 0]},
			"faces": {
				"north": {"uv": [5.75, 7.25, 7.25, 11], "texture": "#texture"},
				"east": {"uv": [7.5, 7.25, 8.5, 11], "texture": "#texture"},
				"south": {"uv": [8.75, 7.25, 10.25, 11], "texture": "#texture"},
				"west": {"uv": [7.5, 7.25, 8.5, 11], "texture": "#texture"},
				"down": {"uv": [7.25, 8.5, 5.75, 7.5], "texture": "#texture"}
			}
		},
		{
			"from": [4.775, 8.875, 7.25],
			"to": [5.4, 9.25, 8.75],
			"rotation": {"angle": 0, "axis": "y", "origin": [1, 3, 0]},
			"faces": {
				"north": {"uv": [4.25, 5.25, 12.75, 7.25], "texture": "#texture"},
				"east": {"uv": [7.25, 5.25, 8.75, 7.25], "texture": "#texture"},
				"south": {"uv": [3.25, 5.25, 11.75, 7.25], "texture": "#texture"},
				"west": {"uv": [7.25, 5.25, 8.75, 7.25], "texture": "#texture"},
				"up": {"uv": [3.25, 7.25, 11.75, 8.75], "texture": "#texture"},
				"down": {"uv": [12.75, 8.75, 4.25, 7.25], "texture": "#texture"}
			}
		},
		{
			"from": [11.075, 8.775, 7.25],
			"to": [11.45, 9.25, 8.75],
			"rotation": {"angle": 0, "axis": "y", "origin": [1, 3, 0]},
			"faces": {
				"north": {"uv": [4.25, 5.25, 12.75, 7.25], "texture": "#texture"},
				"east": {"uv": [7.25, 5.25, 8.75, 7.25], "texture": "#texture"},
				"south": {"uv": [3.25, 5.25, 11.75, 7.25], "texture": "#texture"},
				"west": {"uv": [7.25, 5.25, 8.75, 7.25], "texture": "#texture"},
				"up": {"uv": [3.25, 7.25, 11.75, 8.75], "texture": "#texture"},
				"down": {"uv": [12.75, 8.75, 4.25, 7.25], "texture": "#texture"}
			}
		},
		{
			"from": [5.4, 8.1, 7.25],
			"to": [11.1, 9.25, 8.75],
			"rotation": {"angle": 0, "axis": "y", "origin": [1, 3, 0]},
			"faces": {
				"north": {"uv": [4.25, 5.25, 12.75, 7.25], "texture": "#texture"},
				"east": {"uv": [7.25, 5.25, 8.75, 7.25], "texture": "#texture"},
				"south": {"uv": [3.25, 5.25, 11.75, 7.25], "texture": "#texture"},
				"west": {"uv": [7.25, 5.25, 8.75, 7.25], "texture": "#texture"},
				"up": {"uv": [3.25, 7.25, 11.75, 8.75], "texture": "#texture"},
				"down": {"uv": [12.75, 8.75, 4.25, 7.25], "texture": "#texture"}
			}
		},
		{
			"from": [-0.675, 11.8, 7.75],
			"to": [-0.05, 12.05, 8.25],
			"rotation": {"angle": 0, "axis": "y", "origin": [1, 12.75, 0]},
			"faces": {
				"north": {"uv": [9.25, 6, 12.75, 7.25], "texture": "#texture"},
				"east": {"uv": [7, 6, 9, 7.25], "texture": "#texture"},
				"south": {"uv": [3.25, 6, 6.75, 7.25], "texture": "#texture"},
				"west": {"uv": [7, 6, 9, 7.25], "texture": "#texture"},
				"up": {"uv": [3.25, 7, 6.75, 9], "texture": "#texture"},
				"down": {"uv": [12.75, 9, 9.25, 7], "texture": "#texture"}
			}
		},
		{
			"from": [-0.75, 11.3, 7.825],
			"to": [0.175, 11.8, 8.175],
			"rotation": {"angle": 0, "axis": "y", "origin": [1, 12.75, 0]},
			"faces": {
				"north": {"uv": [9.25, 6, 12.75, 7.25], "texture": "#texture"},
				"east": {"uv": [7, 6, 9, 7.25], "texture": "#texture"},
				"south": {"uv": [3.25, 6, 6.75, 7.25], "texture": "#texture"},
				"west": {"uv": [7, 6, 9, 7.25], "texture": "#texture"},
				"up": {"uv": [3.25, 7, 6.75, 9], "texture": "#texture"},
				"down": {"uv": [12.75, 9, 9.25, 7], "texture": "#texture"}
			}
		},
		{
			"from": [-0.675, 12.5, 7.75],
			"to": [-0.175, 12.75, 8.25],
			"rotation": {"angle": 0, "axis": "y", "origin": [1, 12.75, 0]},
			"faces": {
				"north": {"uv": [9.25, 6, 12.75, 7.25], "texture": "#texture"},
				"east": {"uv": [7, 6, 9, 7.25], "texture": "#texture"},
				"south": {"uv": [3.25, 6, 6.75, 7.25], "texture": "#texture"},
				"west": {"uv": [7, 6, 9, 7.25], "texture": "#texture"},
				"up": {"uv": [3.25, 7, 6.75, 9], "texture": "#texture"},
				"down": {"uv": [12.75, 9, 9.25, 7], "texture": "#texture"}
			}
		},
		{
			"from": [-0.675, 12.025, 7.5],
			"to": [-0.175, 12.525, 7.75],
			"rotation": {"angle": 0, "axis": "y", "origin": [1, 12.75, 0]},
			"faces": {
				"north": {"uv": [9.25, 6, 12.75, 7.25], "texture": "#texture"},
				"east": {"uv": [7, 6, 9, 7.25], "texture": "#texture"},
				"south": {"uv": [3.25, 6, 6.75, 7.25], "texture": "#texture"},
				"west": {"uv": [7, 6, 9, 7.25], "texture": "#texture"},
				"up": {"uv": [3.25, 7, 6.75, 9], "texture": "#texture"},
				"down": {"uv": [12.75, 9, 9.25, 7], "texture": "#texture"}
			}
		},
		{
			"from": [0.75, 8.5, 7.425],
			"to": [2.25, 9, 8.575],
			"rotation": {"angle": 0, "axis": "y", "origin": [1, 7, 0]},
			"faces": {
				"north": {"uv": [9.25, 6, 12.75, 7.25], "rotation": 90, "texture": "#texture"},
				"east": {"uv": [12.75, 9, 9.25, 7], "rotation": 270, "texture": "#texture"},
				"south": {"uv": [3.25, 6, 6.75, 7.25], "rotation": 270, "texture": "#texture"},
				"west": {"uv": [3.25, 7, 6.75, 9], "rotation": 270, "texture": "#texture"},
				"up": {"uv": [7, 6, 9, 7.25], "rotation": 270, "texture": "#texture"},
				"down": {"uv": [7, 6, 9, 7.25], "rotation": 270, "texture": "#texture"}
			}
		},
		{
			"from": [1.25, 5.5, 7.475],
			"to": [1.75, 8.5, 8.475],
			"rotation": {"angle": 0, "axis": "y", "origin": [1, 7, 0]},
			"faces": {
				"north": {"uv": [9.25, 6, 12.75, 7.25], "rotation": 90, "texture": "#texture"},
				"east": {"uv": [12.75, 9, 9.25, 7], "rotation": 270, "texture": "#texture"},
				"south": {"uv": [3.25, 6, 6.75, 7.25], "rotation": 270, "texture": "#texture"},
				"west": {"uv": [3.25, 7, 6.75, 9], "rotation": 270, "texture": "#texture"},
				"up": {"uv": [7, 6, 9, 7.25], "rotation": 270, "texture": "#texture"},
				"down": {"uv": [7, 6, 9, 7.25], "rotation": 270, "texture": "#texture"}
			}
		},
		{
			"from": [-0.6, 9.225, 6.875],
			"to": [3.1, 9.95, 9.125],
			"rotation": {"angle": 0, "axis": "y", "origin": [1, 9, 0]},
			"faces": {
				"north": {"uv": [3.25, 7, 6.75, 9], "rotation": 180, "texture": "#texture"},
				"east": {"uv": [7, 6, 9, 7.25], "rotation": 90, "texture": "#texture"},
				"south": {"uv": [12.75, 9, 9.25, 7], "texture": "#texture"},
				"west": {"uv": [7, 6, 9, 7.25], "rotation": 270, "texture": "#texture"},
				"up": {"uv": [3.25, 6, 6.75, 7.25], "texture": "#texture"},
				"down": {"uv": [9.25, 6, 12.75, 7.25], "rotation": 180, "texture": "#texture"}
			}
		},
		{
			"from": [0.575, 9.25, 6.725],
			"to": [0.725, 9.925, 9.275],
			"rotation": {"angle": 0, "axis": "y", "origin": [1, 9, 0]},
			"faces": {
				"north": {"uv": [3.25, 7, 6.75, 9], "rotation": 180, "texture": "#texture"},
				"east": {"uv": [7, 6, 9, 7.25], "rotation": 90, "texture": "#texture"},
				"south": {"uv": [12.75, 9, 9.25, 7], "texture": "#texture"},
				"west": {"uv": [7, 6, 9, 7.25], "rotation": 270, "texture": "#texture"},
				"up": {"uv": [3.25, 6, 6.75, 7.25], "texture": "#texture"},
				"down": {"uv": [9.25, 6, 12.75, 7.25], "rotation": 180, "texture": "#texture"}
			}
		},
		{
			"from": [0.875, 9.25, 6.725],
			"to": [1.025, 9.925, 9.275],
			"rotation": {"angle": 0, "axis": "y", "origin": [1, 9, 0]},
			"faces": {
				"north": {"uv": [3.25, 7, 6.75, 9], "rotation": 180, "texture": "#texture"},
				"east": {"uv": [7, 6, 9, 7.25], "rotation": 90, "texture": "#texture"},
				"south": {"uv": [12.75, 9, 9.25, 7], "texture": "#texture"},
				"west": {"uv": [7, 6, 9, 7.25], "rotation": 270, "texture": "#texture"},
				"up": {"uv": [3.25, 6, 6.75, 7.25], "texture": "#texture"},
				"down": {"uv": [9.25, 6, 12.75, 7.25], "rotation": 180, "texture": "#texture"}
			}
		},
		{
			"from": [1.175, 9.25, 6.725],
			"to": [1.325, 9.925, 9.275],
			"rotation": {"angle": 0, "axis": "y", "origin": [1, 9, 0]},
			"faces": {
				"north": {"uv": [3.25, 7, 6.75, 9], "rotation": 180, "texture": "#texture"},
				"east": {"uv": [7, 6, 9, 7.25], "rotation": 90, "texture": "#texture"},
				"south": {"uv": [12.75, 9, 9.25, 7], "texture": "#texture"},
				"west": {"uv": [7, 6, 9, 7.25], "rotation": 270, "texture": "#texture"},
				"up": {"uv": [3.25, 6, 6.75, 7.25], "texture": "#texture"},
				"down": {"uv": [9.25, 6, 12.75, 7.25], "rotation": 180, "texture": "#texture"}
			}
		},
		{
			"from": [1.475, 9.25, 6.725],
			"to": [1.625, 9.925, 9.275],
			"rotation": {"angle": 0, "axis": "y", "origin": [1, 9, 0]},
			"faces": {
				"north": {"uv": [3.25, 7, 6.75, 9], "rotation": 180, "texture": "#texture"},
				"east": {"uv": [7, 6, 9, 7.25], "rotation": 90, "texture": "#texture"},
				"south": {"uv": [12.75, 9, 9.25, 7], "texture": "#texture"},
				"west": {"uv": [7, 6, 9, 7.25], "rotation": 270, "texture": "#texture"},
				"up": {"uv": [3.25, 6, 6.75, 7.25], "texture": "#texture"},
				"down": {"uv": [9.25, 6, 12.75, 7.25], "rotation": 180, "texture": "#texture"}
			}
		},
		{
			"from": [1.775, 9.25, 6.725],
			"to": [1.925, 9.925, 9.275],
			"rotation": {"angle": 0, "axis": "y", "origin": [1, 9, 0]},
			"faces": {
				"north": {"uv": [3.25, 7, 6.75, 9], "rotation": 180, "texture": "#texture"},
				"east": {"uv": [7, 6, 9, 7.25], "rotation": 90, "texture": "#texture"},
				"south": {"uv": [12.75, 9, 9.25, 7], "texture": "#texture"},
				"west": {"uv": [7, 6, 9, 7.25], "rotation": 270, "texture": "#texture"},
				"up": {"uv": [3.25, 6, 6.75, 7.25], "texture": "#texture"},
				"down": {"uv": [9.25, 6, 12.75, 7.25], "rotation": 180, "texture": "#texture"}
			}
		},
		{
			"from": [2.075, 9.25, 6.725],
			"to": [2.225, 9.925, 9.275],
			"rotation": {"angle": 0, "axis": "y", "origin": [1, 9, 0]},
			"faces": {
				"north": {"uv": [3.25, 7, 6.75, 9], "rotation": 180, "texture": "#texture"},
				"east": {"uv": [7, 6, 9, 7.25], "rotation": 90, "texture": "#texture"},
				"south": {"uv": [12.75, 9, 9.25, 7], "texture": "#texture"},
				"west": {"uv": [7, 6, 9, 7.25], "rotation": 270, "texture": "#texture"},
				"up": {"uv": [3.25, 6, 6.75, 7.25], "texture": "#texture"},
				"down": {"uv": [9.25, 6, 12.75, 7.25], "rotation": 180, "texture": "#texture"}
			}
		},
		{
			"from": [2.375, 9.25, 6.725],
			"to": [2.525, 9.925, 9.275],
			"rotation": {"angle": 0, "axis": "y", "origin": [1, 9, 0]},
			"faces": {
				"north": {"uv": [3.25, 7, 6.75, 9], "rotation": 180, "texture": "#texture"},
				"east": {"uv": [7, 6, 9, 7.25], "rotation": 90, "texture": "#texture"},
				"south": {"uv": [12.75, 9, 9.25, 7], "texture": "#texture"},
				"west": {"uv": [7, 6, 9, 7.25], "rotation": 270, "texture": "#texture"},
				"up": {"uv": [3.25, 6, 6.75, 7.25], "texture": "#texture"},
				"down": {"uv": [9.25, 6, 12.75, 7.25], "rotation": 180, "texture": "#texture"}
			}
		},
		{
			"from": [-0.6, 9.25, 6.725],
			"to": [-0.175, 9.925, 9.275],
			"rotation": {"angle": 0, "axis": "y", "origin": [1, 9, 0]},
			"faces": {
				"north": {"uv": [3.25, 7, 6.75, 9], "rotation": 180, "texture": "#texture"},
				"east": {"uv": [7, 6, 9, 7.25], "rotation": 90, "texture": "#texture"},
				"south": {"uv": [12.75, 9, 9.25, 7], "texture": "#texture"},
				"west": {"uv": [7, 6, 9, 7.25], "rotation": 270, "texture": "#texture"},
				"up": {"uv": [3.25, 6, 6.75, 7.25], "texture": "#texture"},
				"down": {"uv": [9.25, 6, 12.75, 7.25], "rotation": 180, "texture": "#texture"}
			}
		},
		{
			"from": [2.675, 9.25, 6.725],
			"to": [3.1, 9.925, 9.275],
			"rotation": {"angle": 0, "axis": "y", "origin": [1, 9, 0]},
			"faces": {
				"north": {"uv": [3.25, 7, 6.75, 9], "rotation": 180, "texture": "#texture"},
				"east": {"uv": [7, 6, 9, 7.25], "rotation": 90, "texture": "#texture"},
				"south": {"uv": [12.75, 9, 9.25, 7], "texture": "#texture"},
				"west": {"uv": [7, 6, 9, 7.25], "rotation": 270, "texture": "#texture"},
				"up": {"uv": [3.25, 6, 6.75, 7.25], "texture": "#texture"},
				"down": {"uv": [9.25, 6, 12.75, 7.25], "rotation": 180, "texture": "#texture"}
			}
		},
		{
			"from": [-0.025, 9.25, 6.725],
			"to": [0.125, 9.925, 9.275],
			"rotation": {"angle": 0, "axis": "y", "origin": [1, 9, 0]},
			"faces": {
				"north": {"uv": [3.25, 7, 6.75, 9], "rotation": 180, "texture": "#texture"},
				"east": {"uv": [7, 6, 9, 7.25], "rotation": 90, "texture": "#texture"},
				"south": {"uv": [12.75, 9, 9.25, 7], "texture": "#texture"},
				"west": {"uv": [7, 6, 9, 7.25], "rotation": 270, "texture": "#texture"},
				"up": {"uv": [3.25, 6, 6.75, 7.25], "texture": "#texture"},
				"down": {"uv": [9.25, 6, 12.75, 7.25], "rotation": 180, "texture": "#texture"}
			}
		},
		{
			"from": [0.275, 9.25, 6.725],
			"to": [0.425, 9.925, 9.275],
			"rotation": {"angle": 0, "axis": "y", "origin": [1, 9, 0]},
			"faces": {
				"north": {"uv": [3.25, 7, 6.75, 9], "rotation": 180, "texture": "#texture"},
				"east": {"uv": [7, 6, 9, 7.25], "rotation": 90, "texture": "#texture"},
				"south": {"uv": [12.75, 9, 9.25, 7], "texture": "#texture"},
				"west": {"uv": [7, 6, 9, 7.25], "rotation": 270, "texture": "#texture"},
				"up": {"uv": [3.25, 6, 6.75, 7.25], "texture": "#texture"},
				"down": {"uv": [9.25, 6, 12.75, 7.25], "rotation": 180, "texture": "#texture"}
			}
		},
		{
			"from": [1, 5.5, 7.725],
			"to": [2, 8.5, 8.225],
			"rotation": {"angle": 0, "axis": "y", "origin": [1, 7, 0]},
			"faces": {
				"north": {"uv": [9.25, 6, 12.75, 7.25], "rotation": 90, "texture": "#texture"},
				"east": {"uv": [12.75, 9, 9.25, 7], "rotation": 270, "texture": "#texture"},
				"south": {"uv": [3.25, 6, 6.75, 7.25], "rotation": 270, "texture": "#texture"},
				"west": {"uv": [3.25, 7, 6.75, 9], "rotation": 270, "texture": "#texture"},
				"up": {"uv": [7, 6, 9, 7.25], "rotation": 270, "texture": "#texture"},
				"down": {"uv": [7, 6, 9, 7.25], "rotation": 270, "texture": "#texture"}
			}
		},
		{
			"from": [0.25, 10.85, 8.75],
			"to": [0.75, 11.1, 9.25],
			"rotation": {"angle": 0, "axis": "y", "origin": [1, 12.75, 0]},
			"faces": {
				"north": {"uv": [9.25, 6, 12.75, 7.25], "texture": "#texture"},
				"east": {"uv": [7, 6, 9, 7.25], "texture": "#texture"},
				"south": {"uv": [3.25, 6, 6.75, 7.25], "texture": "#texture"},
				"west": {"uv": [7, 6, 9, 7.25], "texture": "#texture"},
				"up": {"uv": [3.25, 7, 6.75, 9], "texture": "#texture"},
				"down": {"uv": [12.75, 9, 9.25, 7], "texture": "#texture"}
			}
		},
		{
			"from": [-0.675, 12.025, 8.25],
			"to": [-0.175, 12.525, 8.5],
			"rotation": {"angle": 0, "axis": "y", "origin": [1, 12.75, 0]},
			"faces": {
				"north": {"uv": [9.25, 6, 12.75, 7.25], "texture": "#texture"},
				"east": {"uv": [7, 6, 9, 7.25], "texture": "#texture"},
				"south": {"uv": [3.25, 6, 6.75, 7.25], "texture": "#texture"},
				"west": {"uv": [7, 6, 9, 7.25], "texture": "#texture"},
				"up": {"uv": [3.25, 7, 6.75, 9], "texture": "#texture"},
				"down": {"uv": [12.75, 9, 9.25, 7], "texture": "#texture"}
			}
		},
		{
			"from": [12, 10.85, 6.925],
			"to": [12.75, 11.3, 9.05],
			"rotation": {"angle": 0, "axis": "y", "origin": [0.75, 13, 0]},
			"faces": {
				"north": {"uv": [10.25, 6, 11.75, 7], "texture": "#texture"},
				"east": {"uv": [8, 6, 8, 7.25], "texture": "#texture"},
				"south": {"uv": [4.25, 6, 5.75, 7], "texture": "#texture"},
				"west": {"uv": [8, 6, 8, 7.25], "texture": "#texture"},
				"up": {"uv": [4.25, 7, 5.75, 9], "texture": "#texture"},
				"down": {"uv": [11.75, 9, 10.25, 7], "texture": "#texture"}
			}
		},
		{
			"from": [13, 9.125, 7.25],
			"to": [13.25, 11.05, 8.75],
			"rotation": {"angle": 0, "axis": "y", "origin": [0.75, 13, 0]},
			"faces": {
				"north": {"uv": [9.25, 4.25, 10, 5.5], "texture": "#texture"},
				"east": {"uv": [7, 4.25, 6.25, 5.5], "texture": "#texture"},
				"south": {"uv": [3.25, 4.25, 4, 5.5], "texture": "#texture"},
				"west": {"uv": [7, 4.25, 6.25, 5.5], "texture": "#texture"},
				"up": {"uv": [3.25, 5.25, 4, 7.25], "texture": "#texture"},
				"down": {"uv": [10, 7.25, 9.25, 5.25], "texture": "#texture"}
			}
		},
		{
			"from": [18.55, 6.85, 7.5],
			"to": [19, 7.175, 8.5],
			"rotation": {"angle": 0, "axis": "y", "origin": [0.75, 13, 0]},
			"faces": {
				"north": {"uv": [9.25, 6, 12.75, 7.25], "texture": "#texture"},
				"east": {"uv": [7, 6, 9, 7.25], "texture": "#texture"},
				"south": {"uv": [6.25, 6, 6.75, 7.25], "texture": "#texture"},
				"west": {"uv": [7, 6, 9, 7.25], "texture": "#texture"},
				"up": {"uv": [5.75, 7, 6.75, 9], "texture": "#texture"},
				"down": {"uv": [12.75, 9, 9.25, 7], "texture": "#texture"}
			}
		},
		{
			"from": [19, 6.85, 7.5],
			"to": [19.5, 10.65, 8.5],
			"rotation": {"angle": 0, "axis": "y", "origin": [0.75, 13, 0]},
			"faces": {
				"north": {"uv": [14.25, 14, 15.5, 14.25], "texture": "#texture"},
				"east": {"uv": [12, 14, 11.75, 14.25], "texture": "#texture"},
				"south": {"uv": [8.25, 14, 9.5, 14.25], "texture": "#texture"},
				"west": {"uv": [12, 14, 11.75, 14.25], "texture": "#texture"},
				"up": {"uv": [8.25, 15, 9.5, 16], "texture": "#texture"},
				"down": {"uv": [15.5, 16, 14.25, 15], "texture": "#texture"}
			}
		},
		{
			"from": [13.55, 14.125, 7.5],
			"to": [19.55, 14.45, 8.5],
			"rotation": {"angle": -22.5, "axis": "z", "origin": [0.75, 13, 0]},
			"faces": {
				"north": {"uv": [9.25, 6, 12.75, 7.25], "texture": "#texture"},
				"east": {"uv": [7, 6, 9, 7.25], "texture": "#texture"},
				"south": {"uv": [3.25, 6, 6.75, 7.25], "texture": "#texture"},
				"west": {"uv": [7, 6, 9, 7.25], "texture": "#texture"},
				"up": {"uv": [3.25, 7, 6.75, 9], "texture": "#texture"},
				"down": {"uv": [12.75, 9, 9.25, 7], "texture": "#texture"}
			}
		},
		{
			"from": [13.675, 10.175, 7.5],
			"to": [17.85, 10.275, 8.5],
			"rotation": {"angle": 0, "axis": "y", "origin": [0.75, 13, 0]},
			"faces": {
				"north": {"uv": [11, 6, 12.75, 6.25], "texture": "#texture"},
				"east": {"uv": [8.75, 6, 9, 6.25], "texture": "#texture"},
				"south": {"uv": [5, 6, 6.75, 6.25], "texture": "#texture"},
				"west": {"uv": [8.75, 6, 9, 6.25], "texture": "#texture"},
				"up": {"uv": [5, 7, 6.75, 8], "texture": "#texture"},
				"down": {"uv": [12.75, 8, 11, 7], "texture": "#texture"}
			}
		},
		{
			"from": [13.875, 10.275, 7.5],
			"to": [19, 10.625, 8.5],
			"rotation": {"angle": 0, "axis": "y", "origin": [0.75, 13, 0]},
			"faces": {
				"north": {"uv": [9.25, 6, 12.75, 7.25], "texture": "#texture"},
				"east": {"uv": [7, 6, 9, 7.25], "texture": "#texture"},
				"south": {"uv": [3.25, 6, 6.75, 7.25], "texture": "#texture"},
				"west": {"uv": [7, 6, 9, 7.25], "texture": "#texture"},
				"up": {"uv": [3.25, 7, 6.75, 9], "texture": "#texture"},
				"down": {"uv": [12.75, 9, 9.25, 7], "texture": "#texture"}
			}
		},
		{
			"from": [13.25, 10.275, 7.5],
			"to": [13.875, 10.85, 8.5],
			"rotation": {"angle": 0, "axis": "y", "origin": [0.75, 13, 0]},
			"faces": {
				"north": {"uv": [10.5, 6, 11.5, 6.5], "texture": "#texture"},
				"east": {"uv": [8.25, 6, 7.75, 6.5], "texture": "#texture"},
				"south": {"uv": [4.5, 6, 5.5, 6.5], "texture": "#texture"},
				"west": {"uv": [8.25, 6, 7.75, 6.5], "texture": "#texture"},
				"up": {"uv": [4.5, 7, 5.5, 8.25], "texture": "#texture"},
				"down": {"uv": [11.5, 8.25, 10.5, 7], "texture": "#texture"}
			}
		},
		{
			"from": [13.875, 8.8, 7.75],
			"to": [14.35, 9.05, 8.25],
			"rotation": {"angle": 0, "axis": "y", "origin": [0.75, 13, 0]},
			"faces": {
				"north": {"uv": [9.25, 6, 12.75, 7.25], "texture": "#texture"},
				"east": {"uv": [7, 6, 9, 7.25], "texture": "#texture"},
				"south": {"uv": [3.25, 6, 6.75, 7.25], "texture": "#texture"},
				"west": {"uv": [7, 6, 9, 7.25], "texture": "#texture"},
				"up": {"uv": [3.25, 7, 6.75, 9], "texture": "#texture"},
				"down": {"uv": [12.75, 9, 9.25, 7], "texture": "#texture"}
			}
		},
		{
			"from": [12.65, 2.75, 7.75],
			"to": [13.05, 3.1, 8.25],
			"rotation": {"angle": 22.5, "axis": "z", "origin": [0.825, 12.975, 0]},
			"faces": {
				"north": {"uv": [10.7, 4.2, 11.7, 4.7], "rotation": 270, "texture": "#texture"},
				"east": {"uv": [3.45, 5.2, 4.45, 7.2], "rotation": 90, "texture": "#texture"},
				"south": {"uv": [3.45, 4.2, 4.45, 5.45], "rotation": 90, "texture": "#texture"},
				"west": {"uv": [11.7, 6.45, 10.7, 5.2], "rotation": 90, "texture": "#texture"},
				"up": {"uv": [7.2, 4.2, 6.7, 5.45], "rotation": 90, "texture": "#texture"},
				"down": {"uv": [8.45, 4.2, 7.95, 4.7], "rotation": 90, "texture": "#texture"}
			}
		},
		{
			"from": [12.4, 3, 7.75],
			"to": [13.05, 3.425, 8.25],
			"rotation": {"angle": 22.5, "axis": "z", "origin": [0.825, 12.975, 0]},
			"faces": {
				"north": {"uv": [10.7, 4.2, 11.7, 4.7], "rotation": 270, "texture": "#texture"},
				"east": {"uv": [3.45, 5.2, 4.45, 7.2], "rotation": 90, "texture": "#texture"},
				"south": {"uv": [3.45, 4.2, 4.45, 5.45], "rotation": 90, "texture": "#texture"},
				"west": {"uv": [11.7, 6.45, 10.7, 5.2], "rotation": 90, "texture": "#texture"},
				"up": {"uv": [7.2, 4.2, 6.7, 5.45], "rotation": 90, "texture": "#texture"},
				"down": {"uv": [8.45, 4.2, 7.95, 4.7], "rotation": 90, "texture": "#texture"}
			}
		},
		{
			"from": [18.775, 6.95, 7.75],
			"to": [19.125, 10.55, 8.25],
			"rotation": {"angle": 0, "axis": "y", "origin": [0.75, 13, 0]},
			"faces": {
				"north": {"uv": [9.25, 6, 12.75, 7.25], "texture": "#texture"},
				"east": {"uv": [7, 6, 9, 7.25], "texture": "#texture"},
				"south": {"uv": [3.25, 6, 6.75, 7.25], "texture": "#texture"},
				"west": {"uv": [7, 6, 9, 7.25], "texture": "#texture"},
				"up": {"uv": [3.25, 7, 6.75, 9], "texture": "#texture"},
				"down": {"uv": [12.75, 9, 9.25, 7], "texture": "#texture"}
			}
		},
		{
			"from": [15.425, 8.2, 7.75],
			"to": [15.825, 10.6, 8.25],
			"rotation": {"angle": 0, "axis": "y", "origin": [0.825, 12.975, 0]},
			"faces": {
				"north": {"uv": [10.7, 4.2, 11.7, 4.7], "texture": "#texture"},
				"east": {"uv": [7.2, 4.2, 6.7, 5.45], "texture": "#texture"},
				"south": {"uv": [3.45, 4.2, 4.45, 5.45], "texture": "#texture"},
				"west": {"uv": [8.45, 4.2, 7.95, 4.7], "texture": "#texture"},
				"up": {"uv": [3.45, 5.2, 4.45, 7.2], "texture": "#texture"},
				"down": {"uv": [11.7, 6.45, 10.7, 5.2], "texture": "#texture"}
			}
		},
		{
			"from": [13.2, 9.05, 7.75],
			"to": [14.35, 10.625, 8.25],
			"rotation": {"angle": 0, "axis": "y", "origin": [0.75, 13, 0]},
			"faces": {
				"north": {"uv": [9.25, 6, 12.75, 7.25], "texture": "#texture"},
				"east": {"uv": [7, 6, 9, 7.25], "texture": "#texture"},
				"south": {"uv": [3.25, 6, 6.75, 7.25], "texture": "#texture"},
				"west": {"uv": [7, 6, 9, 7.25], "texture": "#texture"},
				"up": {"uv": [3.25, 7, 6.75, 9], "texture": "#texture"},
				"down": {"uv": [12.75, 9, 9.25, 7], "texture": "#texture"}
			}
		},
		{
			"from": [12, 9.1, 6.925],
			"to": [13, 10.875, 9.05],
			"rotation": {"angle": 0, "axis": "y", "origin": [0.75, 13, 0]},
			"faces": {
				"north": {"uv": [10.25, 6, 11.75, 7.25], "texture": "#texture"},
				"east": {"uv": [8, 6, 8, 7.25], "texture": "#texture"},
				"south": {"uv": [4.25, 6, 5.75, 7.25], "texture": "#texture"},
				"west": {"uv": [8, 6, 8, 7.25], "texture": "#texture"},
				"up": {"uv": [4.25, 7, 5.75, 9], "texture": "#texture"},
				"down": {"uv": [11.75, 9, 10.25, 7], "texture": "#texture"}
			}
		},
		{
			"from": [12.75, 9.875, 7.25],
			"to": [13, 11.175, 8.75],
			"rotation": {"angle": 0, "axis": "y", "origin": [0.75, 13, 0]},
			"faces": {
				"north": {"uv": [9.25, 4.25, 10, 5.5], "texture": "#texture"},
				"east": {"uv": [7, 4.25, 6.25, 5.5], "texture": "#texture"},
				"south": {"uv": [3.25, 4.25, 4, 5.5], "texture": "#texture"},
				"west": {"uv": [7, 4.25, 6.25, 5.5], "texture": "#texture"},
				"up": {"uv": [3.25, 5.25, 4, 7.25], "texture": "#texture"},
				"down": {"uv": [10, 7.25, 9.25, 5.25], "texture": "#texture"}
			}
		},
		{
			"from": [-0.725, 8.55, 7.5],
			"to": [-0.5, 9.125, 8.5],
			"rotation": {"angle": 0, "axis": "y", "origin": [1, 9, 0]},
			"faces": {
				"north": {"uv": [9.25, 6, 12.75, 7.25], "texture": "#texture"},
				"east": {"uv": [7, 6, 9, 7.25], "texture": "#texture"},
				"south": {"uv": [3.25, 6, 6.75, 7.25], "texture": "#texture"},
				"west": {"uv": [7, 6, 9, 7.25], "texture": "#texture"},
				"up": {"uv": [3.25, 7, 6.75, 9], "texture": "#texture"},
				"down": {"uv": [12.75, 9, 9.25, 7], "texture": "#texture"}
			}
		},
		{
			"from": [-0.5, 8.925, 7.5],
			"to": [3.85, 9.125, 8.5],
			"rotation": {"angle": 0, "axis": "y", "origin": [1, 9, 0]},
			"faces": {
				"north": {"uv": [9.25, 6, 12.75, 7.25], "texture": "#texture"},
				"east": {"uv": [7, 6, 9, 7.25], "texture": "#texture"},
				"south": {"uv": [3.25, 6, 6.75, 7.25], "texture": "#texture"},
				"west": {"uv": [7, 6, 9, 7.25], "texture": "#texture"},
				"up": {"uv": [3.25, 7, 6.75, 9], "texture": "#texture"},
				"down": {"uv": [12.75, 9, 9.25, 7], "texture": "#texture"}
			}
		},
		{
			"from": [4.6, 11.575, 7.5],
			"to": [4.975, 11.725, 8.5],
			"rotation": {"angle": 0, "axis": "y", "origin": [1, 9, 0]},
			"faces": {
				"north": {"uv": [9.25, 6, 12.75, 7.25], "texture": "#texture"},
				"east": {"uv": [7, 6, 9, 7.25], "texture": "#texture"},
				"south": {"uv": [3.25, 6, 6.75, 7.25], "texture": "#texture"},
				"west": {"uv": [7, 6, 9, 7.25], "texture": "#texture"},
				"up": {"uv": [3.25, 7, 6.75, 9], "texture": "#texture"},
				"down": {"uv": [12.75, 9, 9.25, 7], "texture": "#texture"}
			}
		},
		{
			"from": [6.025, 11.575, 7.5],
			"to": [6.175, 11.725, 8.5],
			"rotation": {"angle": 0, "axis": "y", "origin": [1, 9, 0]},
			"faces": {
				"north": {"uv": [9.25, 6, 12.75, 7.25], "texture": "#texture"},
				"east": {"uv": [7, 6, 9, 7.25], "texture": "#texture"},
				"south": {"uv": [3.25, 6, 6.75, 7.25], "texture": "#texture"},
				"west": {"uv": [7, 6, 9, 7.25], "texture": "#texture"},
				"up": {"uv": [3.25, 7, 6.75, 9], "texture": "#texture"},
				"down": {"uv": [12.75, 9, 9.25, 7], "texture": "#texture"}
			}
		},
		{
			"from": [5.725, 11.575, 7.5],
			"to": [5.875, 11.725, 8.5],
			"rotation": {"angle": 0, "axis": "y", "origin": [1, 9, 0]},
			"faces": {
				"north": {"uv": [9.25, 6, 12.75, 7.25], "texture": "#texture"},
				"east": {"uv": [7, 6, 9, 7.25], "texture": "#texture"},
				"south": {"uv": [3.25, 6, 6.75, 7.25], "texture": "#texture"},
				"west": {"uv": [7, 6, 9, 7.25], "texture": "#texture"},
				"up": {"uv": [3.25, 7, 6.75, 9], "texture": "#texture"},
				"down": {"uv": [12.75, 9, 9.25, 7], "texture": "#texture"}
			}
		},
		{
			"from": [5.425, 11.575, 7.5],
			"to": [5.575, 11.725, 8.5],
			"rotation": {"angle": 0, "axis": "y", "origin": [1, 9, 0]},
			"faces": {
				"north": {"uv": [9.25, 6, 12.75, 7.25], "texture": "#texture"},
				"east": {"uv": [7, 6, 9, 7.25], "texture": "#texture"},
				"south": {"uv": [3.25, 6, 6.75, 7.25], "texture": "#texture"},
				"west": {"uv": [7, 6, 9, 7.25], "texture": "#texture"},
				"up": {"uv": [3.25, 7, 6.75, 9], "texture": "#texture"},
				"down": {"uv": [12.75, 9, 9.25, 7], "texture": "#texture"}
			}
		},
		{
			"from": [5.125, 11.575, 7.5],
			"to": [5.275, 11.725, 8.5],
			"rotation": {"angle": 0, "axis": "y", "origin": [1, 9, 0]},
			"faces": {
				"north": {"uv": [9.25, 6, 12.75, 7.25], "texture": "#texture"},
				"east": {"uv": [7, 6, 9, 7.25], "texture": "#texture"},
				"south": {"uv": [3.25, 6, 6.75, 7.25], "texture": "#texture"},
				"west": {"uv": [7, 6, 9, 7.25], "texture": "#texture"},
				"up": {"uv": [3.25, 7, 6.75, 9], "texture": "#texture"},
				"down": {"uv": [12.75, 9, 9.25, 7], "texture": "#texture"}
			}
		},
		{
			"from": [6.325, 11.575, 7.5],
			"to": [6.475, 11.725, 8.5],
			"rotation": {"angle": 0, "axis": "y", "origin": [1, 9, 0]},
			"faces": {
				"north": {"uv": [9.25, 6, 12.75, 7.25], "texture": "#texture"},
				"east": {"uv": [7, 6, 9, 7.25], "texture": "#texture"},
				"south": {"uv": [3.25, 6, 6.75, 7.25], "texture": "#texture"},
				"west": {"uv": [7, 6, 9, 7.25], "texture": "#texture"},
				"up": {"uv": [3.25, 7, 6.75, 9], "texture": "#texture"},
				"down": {"uv": [12.75, 9, 9.25, 7], "texture": "#texture"}
			}
		},
		{
			"from": [6.625, 11.575, 7.5],
			"to": [6.775, 11.725, 8.5],
			"rotation": {"angle": 0, "axis": "y", "origin": [1, 9, 0]},
			"faces": {
				"north": {"uv": [9.25, 6, 12.75, 7.25], "texture": "#texture"},
				"east": {"uv": [7, 6, 9, 7.25], "texture": "#texture"},
				"south": {"uv": [3.25, 6, 6.75, 7.25], "texture": "#texture"},
				"west": {"uv": [7, 6, 9, 7.25], "texture": "#texture"},
				"up": {"uv": [3.25, 7, 6.75, 9], "texture": "#texture"},
				"down": {"uv": [12.75, 9, 9.25, 7], "texture": "#texture"}
			}
		},
		{
			"from": [6.925, 11.575, 7.5],
			"to": [7.075, 11.725, 8.5],
			"rotation": {"angle": 0, "axis": "y", "origin": [1, 9, 0]},
			"faces": {
				"north": {"uv": [9.25, 6, 12.75, 7.25], "texture": "#texture"},
				"east": {"uv": [7, 6, 9, 7.25], "texture": "#texture"},
				"south": {"uv": [3.25, 6, 6.75, 7.25], "texture": "#texture"},
				"west": {"uv": [7, 6, 9, 7.25], "texture": "#texture"},
				"up": {"uv": [3.25, 7, 6.75, 9], "texture": "#texture"},
				"down": {"uv": [12.75, 9, 9.25, 7], "texture": "#texture"}
			}
		},
		{
			"from": [7.225, 11.575, 7.5],
			"to": [7.375, 11.725, 8.5],
			"rotation": {"angle": 0, "axis": "y", "origin": [1, 9, 0]},
			"faces": {
				"north": {"uv": [9.25, 6, 12.75, 7.25], "texture": "#texture"},
				"east": {"uv": [7, 6, 9, 7.25], "texture": "#texture"},
				"south": {"uv": [3.25, 6, 6.75, 7.25], "texture": "#texture"},
				"west": {"uv": [7, 6, 9, 7.25], "texture": "#texture"},
				"up": {"uv": [3.25, 7, 6.75, 9], "texture": "#texture"},
				"down": {"uv": [12.75, 9, 9.25, 7], "texture": "#texture"}
			}
		},
		{
			"from": [7.525, 11.575, 7.5],
			"to": [7.675, 11.725, 8.5],
			"rotation": {"angle": 0, "axis": "y", "origin": [1, 9, 0]},
			"faces": {
				"north": {"uv": [9.25, 6, 12.75, 7.25], "texture": "#texture"},
				"east": {"uv": [7, 6, 9, 7.25], "texture": "#texture"},
				"south": {"uv": [3.25, 6, 6.75, 7.25], "texture": "#texture"},
				"west": {"uv": [7, 6, 9, 7.25], "texture": "#texture"},
				"up": {"uv": [3.25, 7, 6.75, 9], "texture": "#texture"},
				"down": {"uv": [12.75, 9, 9.25, 7], "texture": "#texture"}
			}
		},
		{
			"from": [7.825, 11.575, 7.5],
			"to": [7.975, 11.725, 8.5],
			"rotation": {"angle": 0, "axis": "y", "origin": [1, 9, 0]},
			"faces": {
				"north": {"uv": [9.25, 6, 12.75, 7.25], "texture": "#texture"},
				"east": {"uv": [7, 6, 9, 7.25], "texture": "#texture"},
				"south": {"uv": [3.25, 6, 6.75, 7.25], "texture": "#texture"},
				"west": {"uv": [7, 6, 9, 7.25], "texture": "#texture"},
				"up": {"uv": [3.25, 7, 6.75, 9], "texture": "#texture"},
				"down": {"uv": [12.75, 9, 9.25, 7], "texture": "#texture"}
			}
		},
		{
			"from": [-0.475, 8.775, 7.5],
			"to": [-0.325, 8.925, 8.5],
			"rotation": {"angle": 0, "axis": "y", "origin": [1, 9, 0]},
			"faces": {
				"north": {"uv": [9.25, 6, 12.75, 7.25], "texture": "#texture"},
				"east": {"uv": [7, 6, 9, 7.25], "texture": "#texture"},
				"south": {"uv": [3.25, 6, 6.75, 7.25], "texture": "#texture"},
				"west": {"uv": [7, 6, 9, 7.25], "texture": "#texture"},
				"up": {"uv": [3.25, 7, 6.75, 9], "texture": "#texture"},
				"down": {"uv": [12.75, 9, 9.25, 7], "texture": "#texture"}
			}
		},
		{
			"from": [-0.175, 8.775, 7.5],
			"to": [-0.025, 8.925, 8.5],
			"rotation": {"angle": 0, "axis": "y", "origin": [1, 9, 0]},
			"faces": {
				"north": {"uv": [9.25, 6, 12.75, 7.25], "texture": "#texture"},
				"east": {"uv": [7, 6, 9, 7.25], "texture": "#texture"},
				"south": {"uv": [3.25, 6, 6.75, 7.25], "texture": "#texture"},
				"west": {"uv": [7, 6, 9, 7.25], "texture": "#texture"},
				"up": {"uv": [3.25, 7, 6.75, 9], "texture": "#texture"},
				"down": {"uv": [12.75, 9, 9.25, 7], "texture": "#texture"}
			}
		},
		{
			"from": [0.125, 8.775, 7.5],
			"to": [0.275, 8.925, 8.5],
			"rotation": {"angle": 0, "axis": "y", "origin": [1, 9, 0]},
			"faces": {
				"north": {"uv": [9.25, 6, 12.75, 7.25], "texture": "#texture"},
				"east": {"uv": [7, 6, 9, 7.25], "texture": "#texture"},
				"south": {"uv": [3.25, 6, 6.75, 7.25], "texture": "#texture"},
				"west": {"uv": [7, 6, 9, 7.25], "texture": "#texture"},
				"up": {"uv": [3.25, 7, 6.75, 9], "texture": "#texture"},
				"down": {"uv": [12.75, 9, 9.25, 7], "texture": "#texture"}
			}
		},
		{
			"from": [0.425, 8.775, 7.5],
			"to": [0.575, 8.925, 8.5],
			"rotation": {"angle": 0, "axis": "y", "origin": [1, 9, 0]},
			"faces": {
				"north": {"uv": [9.25, 6, 12.75, 7.25], "texture": "#texture"},
				"east": {"uv": [7, 6, 9, 7.25], "texture": "#texture"},
				"south": {"uv": [3.25, 6, 6.75, 7.25], "texture": "#texture"},
				"west": {"uv": [7, 6, 9, 7.25], "texture": "#texture"},
				"up": {"uv": [3.25, 7, 6.75, 9], "texture": "#texture"},
				"down": {"uv": [12.75, 9, 9.25, 7], "texture": "#texture"}
			}
		},
		{
			"from": [0.725, 8.775, 7.5],
			"to": [0.875, 8.925, 8.5],
			"rotation": {"angle": 0, "axis": "y", "origin": [1, 9, 0]},
			"faces": {
				"north": {"uv": [9.25, 6, 12.75, 7.25], "texture": "#texture"},
				"east": {"uv": [7, 6, 9, 7.25], "texture": "#texture"},
				"south": {"uv": [3.25, 6, 6.75, 7.25], "texture": "#texture"},
				"west": {"uv": [7, 6, 9, 7.25], "texture": "#texture"},
				"up": {"uv": [3.25, 7, 6.75, 9], "texture": "#texture"},
				"down": {"uv": [12.75, 9, 9.25, 7], "texture": "#texture"}
			}
		},
		{
			"from": [1.025, 8.775, 7.5],
			"to": [1.175, 8.925, 8.5],
			"rotation": {"angle": 0, "axis": "y", "origin": [1, 9, 0]},
			"faces": {
				"north": {"uv": [9.25, 6, 12.75, 7.25], "texture": "#texture"},
				"east": {"uv": [7, 6, 9, 7.25], "texture": "#texture"},
				"south": {"uv": [3.25, 6, 6.75, 7.25], "texture": "#texture"},
				"west": {"uv": [7, 6, 9, 7.25], "texture": "#texture"},
				"up": {"uv": [3.25, 7, 6.75, 9], "texture": "#texture"},
				"down": {"uv": [12.75, 9, 9.25, 7], "texture": "#texture"}
			}
		},
		{
			"from": [1.325, 8.775, 7.5],
			"to": [1.475, 8.925, 8.5],
			"rotation": {"angle": 0, "axis": "y", "origin": [1, 9, 0]},
			"faces": {
				"north": {"uv": [9.25, 6, 12.75, 7.25], "texture": "#texture"},
				"east": {"uv": [7, 6, 9, 7.25], "texture": "#texture"},
				"south": {"uv": [3.25, 6, 6.75, 7.25], "texture": "#texture"},
				"west": {"uv": [7, 6, 9, 7.25], "texture": "#texture"},
				"up": {"uv": [3.25, 7, 6.75, 9], "texture": "#texture"},
				"down": {"uv": [12.75, 9, 9.25, 7], "texture": "#texture"}
			}
		},
		{
			"from": [1.625, 8.775, 7.5],
			"to": [1.775, 8.925, 8.5],
			"rotation": {"angle": 0, "axis": "y", "origin": [1, 9, 0]},
			"faces": {
				"north": {"uv": [9.25, 6, 12.75, 7.25], "texture": "#texture"},
				"east": {"uv": [7, 6, 9, 7.25], "texture": "#texture"},
				"south": {"uv": [3.25, 6, 6.75, 7.25], "texture": "#texture"},
				"west": {"uv": [7, 6, 9, 7.25], "texture": "#texture"},
				"up": {"uv": [3.25, 7, 6.75, 9], "texture": "#texture"},
				"down": {"uv": [12.75, 9, 9.25, 7], "texture": "#texture"}
			}
		},
		{
			"from": [1.925, 8.775, 7.5],
			"to": [2.075, 8.925, 8.5],
			"rotation": {"angle": 0, "axis": "y", "origin": [1, 9, 0]},
			"faces": {
				"north": {"uv": [9.25, 6, 12.75, 7.25], "texture": "#texture"},
				"east": {"uv": [7, 6, 9, 7.25], "texture": "#texture"},
				"south": {"uv": [3.25, 6, 6.75, 7.25], "texture": "#texture"},
				"west": {"uv": [7, 6, 9, 7.25], "texture": "#texture"},
				"up": {"uv": [3.25, 7, 6.75, 9], "texture": "#texture"},
				"down": {"uv": [12.75, 9, 9.25, 7], "texture": "#texture"}
			}
		},
		{
			"from": [3.425, 8.775, 7.5],
			"to": [3.85, 8.925, 8.5],
			"rotation": {"angle": 0, "axis": "y", "origin": [1, 9, 0]},
			"faces": {
				"north": {"uv": [9.25, 6, 12.75, 7.25], "texture": "#texture"},
				"east": {"uv": [7, 6, 9, 7.25], "texture": "#texture"},
				"south": {"uv": [3.25, 6, 6.75, 7.25], "texture": "#texture"},
				"west": {"uv": [7, 6, 9, 7.25], "texture": "#texture"},
				"up": {"uv": [3.25, 7, 6.75, 9], "texture": "#texture"},
				"down": {"uv": [12.75, 9, 9.25, 7], "texture": "#texture"}
			}
		},
		{
			"from": [3.125, 8.775, 7.5],
			"to": [3.275, 8.925, 8.5],
			"rotation": {"angle": 0, "axis": "y", "origin": [1, 9, 0]},
			"faces": {
				"north": {"uv": [9.25, 6, 12.75, 7.25], "texture": "#texture"},
				"east": {"uv": [7, 6, 9, 7.25], "texture": "#texture"},
				"south": {"uv": [3.25, 6, 6.75, 7.25], "texture": "#texture"},
				"west": {"uv": [7, 6, 9, 7.25], "texture": "#texture"},
				"up": {"uv": [3.25, 7, 6.75, 9], "texture": "#texture"},
				"down": {"uv": [12.75, 9, 9.25, 7], "texture": "#texture"}
			}
		},
		{
			"from": [2.825, 8.775, 7.5],
			"to": [2.975, 8.925, 8.5],
			"rotation": {"angle": 0, "axis": "y", "origin": [1, 9, 0]},
			"faces": {
				"north": {"uv": [9.25, 6, 12.75, 7.25], "texture": "#texture"},
				"east": {"uv": [7, 6, 9, 7.25], "texture": "#texture"},
				"south": {"uv": [3.25, 6, 6.75, 7.25], "texture": "#texture"},
				"west": {"uv": [7, 6, 9, 7.25], "texture": "#texture"},
				"up": {"uv": [3.25, 7, 6.75, 9], "texture": "#texture"},
				"down": {"uv": [12.75, 9, 9.25, 7], "texture": "#texture"}
			}
		},
		{
			"from": [2.525, 8.775, 7.5],
			"to": [2.675, 8.925, 8.5],
			"rotation": {"angle": 0, "axis": "y", "origin": [1, 9, 0]},
			"faces": {
				"north": {"uv": [9.25, 6, 12.75, 7.25], "texture": "#texture"},
				"east": {"uv": [7, 6, 9, 7.25], "texture": "#texture"},
				"south": {"uv": [3.25, 6, 6.75, 7.25], "texture": "#texture"},
				"west": {"uv": [7, 6, 9, 7.25], "texture": "#texture"},
				"up": {"uv": [3.25, 7, 6.75, 9], "texture": "#texture"},
				"down": {"uv": [12.75, 9, 9.25, 7], "texture": "#texture"}
			}
		},
		{
			"from": [2.225, 8.775, 7.5],
			"to": [2.375, 8.925, 8.5],
			"rotation": {"angle": 0, "axis": "y", "origin": [1, 9, 0]},
			"faces": {
				"north": {"uv": [9.25, 6, 12.75, 7.25], "texture": "#texture"},
				"east": {"uv": [7, 6, 9, 7.25], "texture": "#texture"},
				"south": {"uv": [3.25, 6, 6.75, 7.25], "texture": "#texture"},
				"west": {"uv": [7, 6, 9, 7.25], "texture": "#texture"},
				"up": {"uv": [3.25, 7, 6.75, 9], "texture": "#texture"},
				"down": {"uv": [12.75, 9, 9.25, 7], "texture": "#texture"}
			}
		},
		{
			"from": [2.525, 8.775, 7.5],
			"to": [2.675, 8.925, 8.5],
			"rotation": {"angle": 0, "axis": "y", "origin": [1, 9, 0]},
			"faces": {
				"north": {"uv": [9.25, 6, 12.75, 7.25], "texture": "#texture"},
				"east": {"uv": [7, 6, 9, 7.25], "texture": "#texture"},
				"south": {"uv": [3.25, 6, 6.75, 7.25], "texture": "#texture"},
				"west": {"uv": [7, 6, 9, 7.25], "texture": "#texture"},
				"up": {"uv": [3.25, 7, 6.75, 9], "texture": "#texture"},
				"down": {"uv": [12.75, 9, 9.25, 7], "texture": "#texture"}
			}
		},
		{
			"from": [8.125, 11.575, 7.5],
			"to": [8.275, 11.725, 8.5],
			"rotation": {"angle": 0, "axis": "y", "origin": [1, 9, 0]},
			"faces": {
				"north": {"uv": [9.25, 6, 12.75, 7.25], "texture": "#texture"},
				"east": {"uv": [7, 6, 9, 7.25], "texture": "#texture"},
				"south": {"uv": [3.25, 6, 6.75, 7.25], "texture": "#texture"},
				"west": {"uv": [7, 6, 9, 7.25], "texture": "#texture"},
				"up": {"uv": [3.25, 7, 6.75, 9], "texture": "#texture"},
				"down": {"uv": [12.75, 9, 9.25, 7], "texture": "#texture"}
			}
		},
		{
			"from": [8.425, 11.575, 7.5],
			"to": [8.575, 11.725, 8.5],
			"rotation": {"angle": 0, "axis": "y", "origin": [1, 9, 0]},
			"faces": {
				"north": {"uv": [9.25, 6, 12.75, 7.25], "texture": "#texture"},
				"east": {"uv": [7, 6, 9, 7.25], "texture": "#texture"},
				"south": {"uv": [3.25, 6, 6.75, 7.25], "texture": "#texture"},
				"west": {"uv": [7, 6, 9, 7.25], "texture": "#texture"},
				"up": {"uv": [3.25, 7, 6.75, 9], "texture": "#texture"},
				"down": {"uv": [12.75, 9, 9.25, 7], "texture": "#texture"}
			}
		},
		{
			"from": [8.725, 11.575, 7.5],
			"to": [8.875, 11.725, 8.5],
			"rotation": {"angle": 0, "axis": "y", "origin": [1, 9, 0]},
			"faces": {
				"north": {"uv": [9.25, 6, 12.75, 7.25], "texture": "#texture"},
				"east": {"uv": [7, 6, 9, 7.25], "texture": "#texture"},
				"south": {"uv": [3.25, 6, 6.75, 7.25], "texture": "#texture"},
				"west": {"uv": [7, 6, 9, 7.25], "texture": "#texture"},
				"up": {"uv": [3.25, 7, 6.75, 9], "texture": "#texture"},
				"down": {"uv": [12.75, 9, 9.25, 7], "texture": "#texture"}
			}
		},
		{
			"from": [9.025, 11.575, 7.5],
			"to": [9.175, 11.725, 8.5],
			"rotation": {"angle": 0, "axis": "y", "origin": [1, 9, 0]},
			"faces": {
				"north": {"uv": [9.25, 6, 12.75, 7.25], "texture": "#texture"},
				"east": {"uv": [7, 6, 9, 7.25], "texture": "#texture"},
				"south": {"uv": [3.25, 6, 6.75, 7.25], "texture": "#texture"},
				"west": {"uv": [7, 6, 9, 7.25], "texture": "#texture"},
				"up": {"uv": [3.25, 7, 6.75, 9], "texture": "#texture"},
				"down": {"uv": [12.75, 9, 9.25, 7], "texture": "#texture"}
			}
		},
		{
			"from": [9.325, 11.575, 7.5],
			"to": [9.475, 11.725, 8.5],
			"rotation": {"angle": 0, "axis": "y", "origin": [1, 9, 0]},
			"faces": {
				"north": {"uv": [9.25, 6, 12.75, 7.25], "texture": "#texture"},
				"east": {"uv": [7, 6, 9, 7.25], "texture": "#texture"},
				"south": {"uv": [3.25, 6, 6.75, 7.25], "texture": "#texture"},
				"west": {"uv": [7, 6, 9, 7.25], "texture": "#texture"},
				"up": {"uv": [3.25, 7, 6.75, 9], "texture": "#texture"},
				"down": {"uv": [12.75, 9, 9.25, 7], "texture": "#texture"}
			}
		},
		{
			"from": [9.625, 11.575, 7.5],
			"to": [9.775, 11.725, 8.5],
			"rotation": {"angle": 0, "axis": "y", "origin": [1, 9, 0]},
			"faces": {
				"north": {"uv": [9.25, 6, 12.75, 7.25], "texture": "#texture"},
				"east": {"uv": [7, 6, 9, 7.25], "texture": "#texture"},
				"south": {"uv": [3.25, 6, 6.75, 7.25], "texture": "#texture"},
				"west": {"uv": [7, 6, 9, 7.25], "texture": "#texture"},
				"up": {"uv": [3.25, 7, 6.75, 9], "texture": "#texture"},
				"down": {"uv": [12.75, 9, 9.25, 7], "texture": "#texture"}
			}
		},
		{
			"from": [9.925, 11.575, 7.5],
			"to": [10.075, 11.725, 8.5],
			"rotation": {"angle": 0, "axis": "y", "origin": [1, 9, 0]},
			"faces": {
				"north": {"uv": [9.25, 6, 12.75, 7.25], "texture": "#texture"},
				"east": {"uv": [7, 6, 9, 7.25], "texture": "#texture"},
				"south": {"uv": [3.25, 6, 6.75, 7.25], "texture": "#texture"},
				"west": {"uv": [7, 6, 9, 7.25], "texture": "#texture"},
				"up": {"uv": [3.25, 7, 6.75, 9], "texture": "#texture"},
				"down": {"uv": [12.75, 9, 9.25, 7], "texture": "#texture"}
			}
		},
		{
			"from": [10.225, 11.575, 7.5],
			"to": [10.65, 11.725, 8.5],
			"rotation": {"angle": 0, "axis": "y", "origin": [1, 9, 0]},
			"faces": {
				"north": {"uv": [9.25, 6, 12.75, 7.25], "texture": "#texture"},
				"east": {"uv": [7, 6, 9, 7.25], "texture": "#texture"},
				"south": {"uv": [3.25, 6, 6.75, 7.25], "texture": "#texture"},
				"west": {"uv": [7, 6, 9, 7.25], "texture": "#texture"},
				"up": {"uv": [3.25, 7, 6.75, 9], "texture": "#texture"},
				"down": {"uv": [12.75, 9, 9.25, 7], "texture": "#texture"}
			}
		},
		{
			"from": [-0.75, 11.375, 7.5],
			"to": [4.6, 11.5, 8.5],
			"rotation": {"angle": 0, "axis": "y", "origin": [1, 9, 0]},
			"faces": {
				"north": {"uv": [3.25, 6, 6.75, 7.25], "texture": "#texture"},
				"east": {"uv": [7, 6, 9, 7.25], "texture": "#texture"},
				"south": {"uv": [3.25, 6, 6.75, 7.25], "texture": "#texture"},
				"west": {"uv": [7, 6, 9, 7.25], "texture": "#texture"},
				"up": {"uv": [3.25, 7, 6.75, 9], "texture": "#texture"},
				"down": {"uv": [6.75, 9, 3.25, 7], "texture": "#texture"}
			}
		},
		{
			"from": [4.6, 11.375, 7.5],
			"to": [11.575, 11.575, 8.5],
			"rotation": {"angle": 0, "axis": "y", "origin": [1, 9, 0]},
			"faces": {
				"north": {"uv": [9.25, 6, 12.75, 7.25], "texture": "#texture"},
				"east": {"uv": [7, 6, 9, 7.25], "texture": "#texture"},
				"south": {"uv": [3.25, 6, 6.75, 7.25], "texture": "#texture"},
				"west": {"uv": [7, 6, 9, 7.25], "texture": "#texture"},
				"up": {"uv": [3.25, 7, 6.75, 9], "texture": "#texture"},
				"down": {"uv": [12.75, 9, 9.25, 7], "texture": "#texture"}
			}
		},
		{
			"from": [-0.75, 10.375, 7.25],
			"to": [11.25, 11.375, 8.75],
			"rotation": {"angle": 0, "axis": "y", "origin": [1, 9, 0]},
			"faces": {
				"north": {"uv": [3.25, 6, 6.75, 7.25], "texture": "#texture"},
				"east": {"uv": [7, 5.5, 9, 6.75], "texture": "#texture"},
				"south": {"uv": [3.25, 6, 6.75, 7.25], "texture": "#texture"},
				"west": {"uv": [7, 5.5, 9, 6.75], "texture": "#texture"},
				"up": {"uv": [3.25, 7, 6.75, 9], "texture": "#texture"},
				"down": {"uv": [6.75, 9, 3.25, 7], "texture": "#texture"}
			}
		},
		{
			"from": [3.5, 9.125, 7],
			"to": [12.25, 10.5, 9],
			"rotation": {"angle": 0, "axis": "y", "origin": [1, 9, 0]},
			"faces": {
				"north": {"uv": [3.25, 6, 6.75, 7.25], "texture": "#texture"},
				"east": {"uv": [7, 6, 9, 7.25], "texture": "#texture"},
				"south": {"uv": [3.25, 6, 6.75, 7.25], "texture": "#texture"},
				"west": {"uv": [7, 6, 9, 7.25], "texture": "#texture"},
				"up": {"uv": [3.25, 7, 6.75, 9], "texture": "#texture"},
				"down": {"uv": [6.75, 9, 3.25, 7], "texture": "#texture"}
			}
		},
		{
			"from": [1.5, 10.075, 7],
			"to": [2, 10.325, 9],
			"rotation": {"angle": 0, "axis": "y", "origin": [1, 9, 0]},
			"faces": {
				"north": {"uv": [9.25, 6, 12.75, 7.25], "texture": "#texture"},
				"east": {"uv": [7, 6, 9, 7.25], "texture": "#texture"},
				"south": {"uv": [3.25, 6, 6.75, 7.25], "texture": "#texture"},
				"west": {"uv": [7, 6, 9, 7.25], "texture": "#texture"},
				"up": {"uv": [3.25, 7, 6.75, 9], "texture": "#texture"},
				"down": {"uv": [12.75, 9, 9.25, 7], "texture": "#texture"}
			}
		},
		{
			"from": [0, 10.325, 7],
			"to": [3.5, 10.5, 9],
			"rotation": {"angle": 0, "axis": "y", "origin": [1, 9, 0]},
			"faces": {
				"north": {"uv": [9.25, 6, 12.75, 7.25], "texture": "#texture"},
				"east": {"uv": [7, 6, 9, 7.25], "texture": "#texture"},
				"south": {"uv": [3.25, 6, 6.75, 7.25], "texture": "#texture"},
				"west": {"uv": [7, 6, 9, 7.25], "texture": "#texture"},
				"up": {"uv": [3.25, 7, 6.75, 9], "texture": "#texture"},
				"down": {"uv": [12.75, 9, 9.25, 7], "texture": "#texture"}
			}
		},
		{
			"from": [0, 9.125, 7],
			"to": [3.5, 10.075, 9],
			"rotation": {"angle": 0, "axis": "y", "origin": [1, 9, 0]},
			"faces": {
				"north": {"uv": [9.25, 6, 12.75, 7.25], "texture": "#texture"},
				"east": {"uv": [7, 6, 9, 7.25], "texture": "#texture"},
				"south": {"uv": [3.25, 6, 6.75, 7.25], "texture": "#texture"},
				"west": {"uv": [7, 6, 9, 7.25], "texture": "#texture"},
				"up": {"uv": [3.25, 7, 6.75, 9], "texture": "#texture"},
				"down": {"uv": [12.75, 9, 9.25, 7], "texture": "#texture"}
			}
		},
		{
			"from": [0, 9.625, 7.25],
			"to": [3.5, 10.5, 8.75],
			"rotation": {"angle": 0, "axis": "y", "origin": [1, 9, 0]},
			"faces": {
				"north": {"uv": [15.4, 11.2, 15.9, 11.45], "texture": "#texture"},
				"east": {"uv": [15.2, 11.1, 16, 11.95], "texture": "#texture"},
				"south": {"uv": [15.2, 11.1, 16, 11.95], "texture": "#texture"},
				"west": {"uv": [15.2, 11.1, 16, 11.95], "texture": "#texture"},
				"up": {"uv": [15.2, 11.2, 16, 11.9], "texture": "#texture"},
				"down": {"uv": [16, 11.9, 15.4, 11.2], "texture": "#texture"}
			}
		},
		{
			"from": [-0.75, 9.125, 7],
			"to": [0, 10.5, 9],
			"rotation": {"angle": 0, "axis": "y", "origin": [1, 9, 0]},
			"faces": {
				"north": {"uv": [9.25, 6, 12.75, 7.25], "texture": "#texture"},
				"east": {"uv": [7, 5.5, 9, 6.75], "texture": "#texture"},
				"south": {"uv": [3.25, 6, 6.75, 7.25], "texture": "#texture"},
				"west": {"uv": [7, 5.5, 9, 6.75], "texture": "#texture"},
				"up": {"uv": [3.25, 7, 6.75, 9], "texture": "#texture"},
				"down": {"uv": [12.75, 9, 9.25, 7], "texture": "#texture"}
			}
		},
		{
			"from": [-2.1, 9.75, 8.225],
			"to": [-0.6, 10.25, 8.425],
			"rotation": {"angle": 0, "axis": "y", "origin": [1, 13, 0]},
			"faces": {
				"north": {"uv": [13.5, 6.25, 15.5, 6.75], "texture": "#texture"},
				"south": {"uv": [0.5, 6.25, 2.5, 6.75], "texture": "#texture"},
				"west": {"uv": [8.25, 6.25, 8.5, 6.75], "texture": "#texture"},
				"up": {"uv": [0.5, 8.25, 2.5, 8.5], "texture": "#texture"},
				"down": {"uv": [15.5, 8.5, 13.5, 8.25], "texture": "#texture"}
			}
		},
		{
			"from": [-2.1, 9.575, 7.75],
			"to": [-0.6, 9.775, 8.25],
			"rotation": {"angle": 0, "axis": "y", "origin": [1, 13, 0]},
			"faces": {
				"north": {"uv": [13.5, 6.75, 15.5, 7], "texture": "#texture"},
				"south": {"uv": [0.5, 6.75, 2.5, 7], "texture": "#texture"},
				"west": {"uv": [7.75, 6.75, 8.25, 7], "texture": "#texture"},
				"up": {"uv": [0.5, 7.75, 2.5, 8.25], "texture": "#texture"},
				"down": {"uv": [15.5, 8.25, 13.5, 7.75], "texture": "#texture"}
			}
		},
		{
			"from": [-2.1, 10.225, 7.75],
			"to": [-0.6, 10.425, 8.25],
			"rotation": {"angle": 0, "axis": "y", "origin": [1, 13, 0]},
			"faces": {
				"north": {"uv": [13.5, 6, 15.5, 6.25], "texture": "#texture"},
				"south": {"uv": [0.5, 6, 2.5, 6.25], "texture": "#texture"},
				"west": {"uv": [7.75, 6, 8.25, 6.25], "texture": "#texture"},
				"up": {"uv": [0.5, 7.75, 2.5, 8.25], "texture": "#texture"},
				"down": {"uv": [15.5, 8.25, 13.5, 7.75], "texture": "#texture"}
			}
		},
		{
			"from": [-2.1, 9.75, 7.575],
			"to": [-0.6, 10.25, 7.775],
			"rotation": {"angle": 0, "axis": "y", "origin": [1, 13, 0]},
			"faces": {
				"north": {"uv": [13.5, 6.25, 15.5, 6.75], "texture": "#texture"},
				"south": {"uv": [0.5, 6.25, 2.5, 6.75], "texture": "#texture"},
				"west": {"uv": [7.5, 6.25, 7.75, 6.75], "texture": "#texture"},
				"up": {"uv": [0.5, 7.5, 2.5, 7.75], "texture": "#texture"},
				"down": {"uv": [15.5, 7.75, 13.5, 7.5], "texture": "#texture"}
			}
		}
	],
	"gui_light": "front",
	"display": {
		"thirdperson_righthand": {
			"rotation": [0, -90, 0],
			"translation": [0, 0, -0.75],
			"scale": [0.95, 0.93, 0.82]
		},
		"thirdperson_lefthand": {
			"rotation": [0, 90, 0],
			"translation": [0, 0, -0.75],
			"scale": [0.95, 0.93, 0.82]
		},
		"firstperson_righthand": {
			"rotation": [0, -90, 0],
			"translation": [0, 1.75, -1.25],
			"scale": [0.97, 0.95, 0.86]
		},
		"firstperson_lefthand": {
			"rotation": [0, 90, 0],
			"translation": [0, 1.75, -1.25],
			"scale": [0.97, 0.95, 0.86]
		},
		"ground": {
			"translation": [0.25, 1.5, 0],
			"scale": [1.05, 1.04, 0.96]
		},
		"gui": {
			"rotation": [0, 0, -45],
			"translation": [-0.75, -0.25, 0],
			"scale": [0.85, 0.82, 0.8]
		},
		"fixed": {
			"rotation": [0, 180, -45],
			"translation": [1.5, -0.45, -1.1],
			"scale": [1.2, 1.18, 1.04]
		}
	}
}