{
	"credit": "Made by SrDarmith - YouTube: Mainclay",
	"textures": {
		"1": "itemm/hardened_clay_stained_graybeige",
		"particle": "itemm/anvil_1",
		"texture": "itemm/anvil_1"
	},
	"elements": [
		{
			"from": [-1.5, 8.675, 7.75],
			"to": [0.75, 8.925, 8.25],
			"faces": {
				"north": {"uv": [14.25, 7, 16, 7.25], "texture": "#texture"},
				"south": {"uv": [0, 7, 1.75, 7.25], "texture": "#texture"},
				"west": {"uv": [7.75, 7, 8.25, 7.25], "texture": "#texture", "cullface": "west"},
				"up": {"uv": [0, 7.75, 1.75, 8.25], "texture": "#texture"},
				"down": {"uv": [16, 8.25, 14.25, 7.75], "texture": "#texture"}
			}
		},
		{
			"from": [0.725, 7.925, 7.5],
			"to": [1.15, 9.025, 8.5],
			"rotation": {"angle": 0, "axis": "y", "origin": [3, 0, 0]},
			"faces": {
				"north": {"uv": [13, 5.25, 14, 5.75], "texture": "#texture"},
				"east": {"uv": [7.5, 5.25, 8.5, 5.75], "texture": "#texture"},
				"south": {"uv": [2, 5.25, 3, 5.75], "texture": "#texture"},
				"west": {"uv": [7.5, 5.25, 8.5, 5.75], "texture": "#texture"},
				"up": {"uv": [2, 7.5, 3, 8.5], "texture": "#texture"},
				"down": {"uv": [0, 0, 0, 0], "texture": "#texture"}
			}
		},
		{
			"from": [-2.75, 8.1, 8.25],
			"to": [-0.5, 8.75, 8.575],
			"faces": {
				"north": {"uv": [14.25, 7.25, 16, 7.75], "texture": "#texture"},
				"east": {"uv": [4, 7, 5, 8], "texture": "#texture"},
				"south": {"uv": [0, 7.25, 1.75, 7.75], "texture": "#texture"},
				"west": {"uv": [8.25, 7.25, 8.5, 7.75], "texture": "#texture", "cullface": "west"},
				"up": {"uv": [0, 8.25, 1.75, 8.5], "texture": "#texture"},
				"down": {"uv": [16, 8.5, 14.25, 8.25], "texture": "#texture"}
			}
		},
		{
			"from": [-2.75, 7.85, 7.675],
			"to": [-0.5, 8.175, 8.325],
			"faces": {
				"north": {"uv": [14.25, 7.75, 16, 8], "texture": "#texture"},
				"east": {"uv": [4, 7, 5, 8], "texture": "#texture"},
				"south": {"uv": [0, 7.75, 1.75, 8], "texture": "#texture"},
				"west": {"uv": [7.75, 7.75, 8.25, 8], "texture": "#texture", "cullface": "west"},
				"up": {"uv": [0, 7.75, 1.75, 8.25], "texture": "#texture"},
				"down": {"uv": [16, 8.25, 14.25, 7.75], "texture": "#texture"}
			}
		},
		{
			"from": [-2.75, 8.1, 7.425],
			"to": [-0.5, 8.75, 7.75],
			"faces": {
				"north": {"uv": [14.25, 7.25, 16, 7.75], "texture": "#texture"},
				"east": {"uv": [4, 7, 5, 8], "texture": "#texture"},
				"south": {"uv": [0, 7.25, 1.75, 7.75], "texture": "#texture"},
				"west": {"uv": [7.5, 7.25, 7.75, 7.75], "texture": "#texture", "cullface": "west"},
				"up": {"uv": [0, 7.5, 1.75, 7.75], "texture": "#texture"},
				"down": {"uv": [16, 7.75, 14.25, 7.5], "texture": "#texture"}
			}
		},
		{
			"from": [-2.75, 8.675, 7.675],
			"to": [-0.5, 9, 8.325],
			"faces": {
				"north": {"uv": [14.25, 7, 16, 7.25], "texture": "#texture"},
				"east": {"uv": [4, 7, 5, 8], "texture": "#texture"},
				"south": {"uv": [0, 7, 1.75, 7.25], "texture": "#texture"},
				"west": {"uv": [7.75, 7, 8.25, 7.25], "texture": "#texture", "cullface": "west"},
				"up": {"uv": [0, 7.75, 1.75, 8.25], "texture": "#texture"},
				"down": {"uv": [16, 8.25, 14.25, 7.75], "texture": "#texture"}
			}
		},
		{
			"from": [-1.5, 8.175, 7.5],
			"to": [0.75, 8.675, 7.75],
			"faces": {
				"north": {"uv": [14.25, 7.25, 16, 7.75], "texture": "#texture"},
				"south": {"uv": [0, 7.25, 1.75, 7.75], "texture": "#texture"},
				"west": {"uv": [7.5, 7.25, 7.75, 7.75], "texture": "#texture", "cullface": "west"},
				"up": {"uv": [0, 7.5, 1.75, 7.75], "texture": "#texture"},
				"down": {"uv": [16, 7.75, 14.25, 7.5], "texture": "#texture"}
			}
		},
		{
			"from": [-1.5, 7.925, 7.75],
			"to": [0.75, 8.175, 8.25],
			"faces": {
				"north": {"uv": [14.25, 7.75, 16, 8], "texture": "#texture"},
				"south": {"uv": [0, 7.75, 1.75, 8], "texture": "#texture"},
				"west": {"uv": [7.75, 7.75, 8.25, 8], "texture": "#texture", "cullface": "west"},
				"up": {"uv": [0, 7.75, 1.75, 8.25], "texture": "#texture"},
				"down": {"uv": [16, 8.25, 14.25, 7.75], "texture": "#texture"}
			}
		},
		{
			"from": [-1.5, 8.175, 8.25],
			"to": [0.75, 8.675, 8.5],
			"faces": {
				"north": {"uv": [14.25, 7.25, 16, 7.75], "texture": "#texture"},
				"south": {"uv": [0, 7.25, 1.75, 7.75], "texture": "#texture"},
				"west": {"uv": [8.25, 7.25, 8.5, 7.75], "texture": "#texture", "cullface": "west"},
				"up": {"uv": [0, 8.25, 1.75, 8.5], "texture": "#texture"},
				"down": {"uv": [16, 8.5, 14.25, 8.25], "texture": "#texture"}
			}
		},
		{
			"from": [0.75, 9, 8],
			"to": [12.825, 10.15, 8.75],
			"faces": {
				"north": {"uv": [0, 13, 4, 15], "texture": "#texture"},
				"east": {"uv": [0, 13, 4, 15], "texture": "#texture"},
				"south": {"uv": [0, 13, 4, 15], "texture": "#texture"},
				"west": {"uv": [0, 13, 4, 15], "texture": "#texture"},
				"up": {"uv": [0, 13, 4, 15], "texture": "#texture"},
				"down": {"uv": [4, 15, 0, 13], "texture": "#texture"}
			}
		},
		{
			"from": [6.5, 9, 7.25],
			"to": [12.825, 10.15, 8],
			"faces": {
				"north": {"uv": [6, 13, 0, 15], "texture": "#texture"},
				"east": {"uv": [3, 15, 0, 13], "rotation": 90, "texture": "#texture"},
				"south": {"uv": [3, 15, 0, 13], "rotation": 90, "texture": "#texture"},
				"west": {"uv": [3, 15, 0, 13], "rotation": 90, "texture": "#texture"},
				"up": {"uv": [3, 15, 0, 13], "rotation": 90, "texture": "#texture"},
				"down": {"uv": [0, 13, 3, 15], "rotation": 90, "texture": "#texture"}
			}
		},
		{
			"from": [4.75, 10, 7.25],
			"to": [6.5, 10.15, 8],
			"faces": {
				"north": {"uv": [0, 14, 2, 14.25], "texture": "#texture"},
				"east": {"uv": [2, 14, 0, 14.25], "texture": "#texture"},
				"south": {"uv": [0, 14, 2, 14.25], "texture": "#texture"},
				"west": {"uv": [2, 14, 0, 14.25], "texture": "#texture"},
				"up": {"uv": [0, 15.5, 2, 16], "texture": "#texture"},
				"down": {"uv": [16, 12, 15, 11], "texture": "#texture"}
			}
		},
		{
			"from": [4.75, 8.95, 7.225],
			"to": [6.5, 9.1, 7.975],
			"faces": {
				"north": {"uv": [0, 14, 2, 14.25], "texture": "#texture"},
				"east": {"uv": [2, 14, 0, 14.25], "texture": "#texture"},
				"south": {"uv": [0, 14, 2, 14.25], "texture": "#texture"},
				"west": {"uv": [2, 14, 0, 14.25], "texture": "#texture"},
				"up": {"uv": [0, 15.5, 2, 16], "texture": "#texture"},
				"down": {"uv": [2, 16, 0, 15.5], "texture": "#texture"}
			}
		},
		{
			"from": [4.75, 9, 7.975],
			"to": [6.5, 10, 8],
			"faces": {
				"north": {"uv": [16, 12, 15, 11], "texture": "#texture"},
				"east": {"uv": [16, 12, 15, 11], "texture": "#texture"},
				"south": {"uv": [16, 12, 15, 11], "texture": "#texture"},
				"west": {"uv": [16, 12, 15, 11], "texture": "#texture"},
				"up": {"uv": [16, 12, 15, 11], "texture": "#texture"},
				"down": {"uv": [16, 11, 15, 12], "texture": "#texture"}
			}
		},
		{
			"from": [0.75, 9, 7.25],
			"to": [4.75, 10.15, 8],
			"faces": {
				"north": {"uv": [4, 15, 0, 13], "rotation": 180, "texture": "#texture"},
				"east": {"uv": [4, 15, 0, 13], "rotation": 180, "texture": "#texture"},
				"south": {"uv": [4, 15, 0, 13], "rotation": 180, "texture": "#texture"},
				"west": {"uv": [4, 15, 0, 13], "rotation": 180, "texture": "#texture"},
				"up": {"uv": [4, 15, 0, 13], "rotation": 180, "texture": "#texture"},
				"down": {"uv": [0, 13, 4, 15], "rotation": 180, "texture": "#texture"}
			}
		},
		{
			"from": [8.75, 8.25, 7.25],
			"to": [9, 9, 8.75],
			"faces": {
				"north": {"uv": [0, 16, 2, 14], "texture": "#texture"},
				"east": {"uv": [0, 16, 2, 14], "texture": "#texture"},
				"south": {"uv": [0, 16, 2, 14], "texture": "#texture"},
				"west": {"uv": [0, 16, 2, 14], "texture": "#texture"},
				"down": {"uv": [0, 16, 2, 14], "texture": "#texture"}
			}
		},
		{
			"from": [0.75, 7.75, 7.25],
			"to": [8.75, 9, 8.75],
			"faces": {
				"north": {"uv": [11, 14, 10, 13], "texture": "#1"},
				"east": {"uv": [10, 14, 11, 13], "texture": "#1"},
				"south": {"uv": [10, 14, 11, 13], "texture": "#1"},
				"west": {"uv": [10, 14, 11, 13], "texture": "#1"},
				"up": {"uv": [10, 14, 11, 13], "texture": "#1"},
				"down": {"uv": [11, 13, 10, 14], "texture": "#1"}
			}
		},
		{
			"from": [6.75, 2.125, 7.25],
			"to": [9.6, 5.75, 8.75],
			"rotation": {"angle": 22.5, "axis": "z", "origin": [0, 0, 0]},
			"faces": {
				"north": {"uv": [10, 14, 11, 13], "rotation": 90, "texture": "#1"},
				"east": {"uv": [10, 14, 11, 13], "rotation": 90, "texture": "#1"},
				"south": {"uv": [10, 14, 11, 13], "rotation": 90, "texture": "#1"},
				"west": {"uv": [10, 14, 11, 13], "rotation": 90, "texture": "#1"},
				"up": {"uv": [10, 14, 11, 13], "rotation": 90, "texture": "#1"},
				"down": {"uv": [10, 13, 11, 14], "rotation": 90, "texture": "#1"}
			}
		},
		{
			"from": [11.25, 0.5, 7.25],
			"to": [11.5, 4.275, 8.75],
			"rotation": {"angle": 22.5, "axis": "z", "origin": [0, 0, 0]},
			"faces": {
				"north": {"uv": [0, 16, 2, 14], "texture": "#texture"},
				"east": {"uv": [0, 16, 2, 14], "texture": "#texture"},
				"south": {"uv": [0, 16, 2, 14], "texture": "#texture"},
				"west": {"uv": [0, 16, 2, 14], "texture": "#texture"},
				"up": {"uv": [0, 16, 2, 14], "texture": "#texture"},
				"down": {"uv": [0, 16, 2, 14], "texture": "#texture"}
			}
		},
		{
			"from": [9.6, 2.25, 7.25],
			"to": [11.25, 4.975, 8.75],
			"rotation": {"angle": 22.5, "axis": "z", "origin": [0, 0, 0]},
			"faces": {
				"north": {"uv": [10, 14, 11, 13], "rotation": 90, "texture": "#1"},
				"east": {"uv": [10, 14, 11, 13], "rotation": 90, "texture": "#1"},
				"south": {"uv": [10, 14, 11, 13], "rotation": 90, "texture": "#1"},
				"west": {"uv": [10, 14, 11, 13], "rotation": 90, "texture": "#1"},
				"up": {"uv": [10, 14, 11, 13], "rotation": 90, "texture": "#1"},
				"down": {"uv": [10, 13, 11, 14], "rotation": 90, "texture": "#1"}
			}
		},
		{
			"from": [9.25, 1.1, 7.25],
			"to": [11.25, 2.25, 8.75],
			"rotation": {"angle": 22.5, "axis": "z", "origin": [0, 0, 0]},
			"faces": {
				"north": {"uv": [10, 13, 11, 14], "texture": "#1"},
				"east": {"uv": [10, 13, 11, 14], "texture": "#1"},
				"south": {"uv": [10, 13, 11, 14], "texture": "#1"},
				"west": {"uv": [10, 13, 11, 14], "texture": "#1"},
				"up": {"uv": [10, 13, 11, 14], "texture": "#1"},
				"down": {"uv": [10, 13, 11, 14], "texture": "#1"}
			}
		},
		{
			"from": [7, 2.1, 7.25],
			"to": [9.25, 2.25, 8.75],
			"rotation": {"angle": 22.5, "axis": "z", "origin": [0, 0, 0]},
			"faces": {
				"north": {"uv": [10, 13, 11, 14], "texture": "#1"},
				"east": {"uv": [10, 13, 11, 14], "texture": "#1"},
				"south": {"uv": [10, 13, 11, 14], "texture": "#1"},
				"west": {"uv": [10, 13, 11, 14], "texture": "#1"},
				"up": {"uv": [10, 13, 11, 14], "texture": "#1"},
				"down": {"uv": [11, 14, 10, 13], "texture": "#1"}
			}
		},
		{
			"from": [9.75, 0.95, 7.25],
			"to": [11.25, 1.1, 8.75],
			"rotation": {"angle": 22.5, "axis": "z", "origin": [0, 0, 0]},
			"faces": {
				"north": {"uv": [10, 13, 11, 14], "texture": "#1"},
				"east": {"uv": [10, 13, 11, 14], "texture": "#1"},
				"south": {"uv": [10, 13, 11, 14], "texture": "#1"},
				"west": {"uv": [10, 13, 11, 14], "texture": "#1"},
				"up": {"uv": [10, 13, 11, 14], "texture": "#1"},
				"down": {"uv": [11, 14, 10, 13], "texture": "#1"}
			}
		},
		{
			"from": [10.25, 0.8, 7.25],
			"to": [11.25, 0.95, 8.75],
			"rotation": {"angle": 22.5, "axis": "z", "origin": [0, 0, 0]},
			"faces": {
				"north": {"uv": [10, 13, 11, 14], "texture": "#1"},
				"east": {"uv": [10, 13, 11, 14], "texture": "#1"},
				"south": {"uv": [10, 13, 11, 14], "texture": "#1"},
				"west": {"uv": [10, 13, 11, 14], "texture": "#1"},
				"up": {"uv": [10, 13, 11, 14], "texture": "#1"},
				"down": {"uv": [11, 14, 10, 13], "texture": "#1"}
			}
		},
		{
			"from": [10.475, 0.65, 7.25],
			"to": [11.25, 0.8, 8.75],
			"rotation": {"angle": 22.5, "axis": "z", "origin": [0, 0, 0]},
			"faces": {
				"north": {"uv": [10, 13, 11, 14], "texture": "#1"},
				"east": {"uv": [10, 13, 11, 14], "texture": "#1"},
				"south": {"uv": [10, 13, 11, 14], "texture": "#1"},
				"west": {"uv": [10, 13, 11, 14], "texture": "#1"},
				"up": {"uv": [10, 13, 11, 14], "texture": "#1"},
				"down": {"uv": [11, 14, 10, 13], "texture": "#1"}
			}
		},
		{
			"from": [8.475, 1.5, 7.25],
			"to": [9.25, 1.65, 8.75],
			"rotation": {"angle": 22.5, "axis": "z", "origin": [0, 0, 0]},
			"faces": {
				"north": {"uv": [10, 13, 11, 14], "texture": "#1"},
				"east": {"uv": [10, 13, 11, 14], "texture": "#1"},
				"south": {"uv": [10, 13, 11, 14], "texture": "#1"},
				"west": {"uv": [10, 13, 11, 14], "texture": "#1"},
				"up": {"uv": [10, 13, 11, 14], "texture": "#1"},
				"down": {"uv": [11, 14, 10, 13], "texture": "#1"}
			}
		},
		{
			"from": [8.725, 1.35, 7.25],
			"to": [9.25, 1.5, 8.75],
			"rotation": {"angle": 22.5, "axis": "z", "origin": [0, 0, 0]},
			"faces": {
				"north": {"uv": [10, 13, 11, 14], "texture": "#1"},
				"east": {"uv": [10, 13, 11, 14], "texture": "#1"},
				"south": {"uv": [10, 13, 11, 14], "texture": "#1"},
				"west": {"uv": [10, 13, 11, 14], "texture": "#1"},
				"up": {"uv": [10, 13, 11, 14], "texture": "#1"},
				"down": {"uv": [11, 14, 10, 13], "texture": "#1"}
			}
		},
		{
			"from": [8.15, 1.65, 7.25],
			"to": [9.25, 1.8, 8.75],
			"rotation": {"angle": 22.5, "axis": "z", "origin": [0, 0, 0]},
			"faces": {
				"north": {"uv": [10, 14, 11, 13], "texture": "#1"},
				"east": {"uv": [10, 14, 11, 13], "texture": "#1"},
				"south": {"uv": [10, 14, 11, 13], "texture": "#1"},
				"west": {"uv": [10, 14, 11, 13], "texture": "#1"},
				"up": {"uv": [10, 14, 11, 13], "texture": "#1"},
				"down": {"uv": [10, 14, 11, 13], "texture": "#1"}
			}
		},
		{
			"from": [7.825, 1.8, 7.25],
			"to": [9.25, 1.95, 8.75],
			"rotation": {"angle": 22.5, "axis": "z", "origin": [0, 0, 0]},
			"faces": {
				"north": {"uv": [10, 13, 11, 14], "texture": "#1"},
				"east": {"uv": [10, 13, 11, 14], "texture": "#1"},
				"south": {"uv": [10, 13, 11, 14], "texture": "#1"},
				"west": {"uv": [10, 13, 11, 14], "texture": "#1"},
				"up": {"uv": [10, 13, 11, 14], "texture": "#1"},
				"down": {"uv": [11, 14, 10, 13], "texture": "#1"}
			}
		},
		{
			"from": [7.475, 1.95, 7.25],
			"to": [9.25, 2.1, 8.75],
			"rotation": {"angle": 22.5, "axis": "z", "origin": [0, 0, 0]},
			"faces": {
				"north": {"uv": [10, 14, 11, 13], "texture": "#1"},
				"east": {"uv": [10, 14, 11, 13], "texture": "#1"},
				"south": {"uv": [10, 14, 11, 13], "texture": "#1"},
				"west": {"uv": [10, 14, 11, 13], "texture": "#1"},
				"up": {"uv": [10, 14, 11, 13], "texture": "#1"},
				"down": {"uv": [10, 14, 11, 13], "texture": "#1"}
			}
		},
		{
			"from": [13.4, 0.725, 7.5],
			"to": [14.9, 4.225, 8.5],
			"rotation": {"angle": 22.5, "axis": "z", "origin": [0, 0, 0]},
			"faces": {
				"north": {"uv": [16, 16, 14, 14], "texture": "#texture"},
				"east": {"uv": [16, 16, 14, 14], "texture": "#texture"},
				"south": {"uv": [16, 16, 14, 14], "texture": "#texture"},
				"west": {"uv": [16, 16, 14, 14], "texture": "#texture"},
				"up": {"uv": [16, 16, 14, 14], "texture": "#texture"},
				"down": {"uv": [16, 16, 14, 14], "texture": "#texture"}
			}
		},
		{
			"from": [6.9, -2.525, 7.5],
			"to": [8.575, 2.1, 8.5],
			"rotation": {"angle": 22.5, "axis": "z", "origin": [0, 0, 0]},
			"faces": {
				"north": {"uv": [16, 12, 15, 11], "texture": "#texture"},
				"east": {"uv": [16, 12, 15, 11], "texture": "#texture"},
				"south": {"uv": [16, 12, 15, 11], "texture": "#texture"},
				"west": {"uv": [16, 12, 15, 11], "texture": "#texture"},
				"up": {"uv": [16, 12, 15, 11], "texture": "#texture"},
				"down": {"uv": [16, 11, 15, 12], "texture": "#texture"}
			}
		},
		{
			"from": [10.3, 4.5, 7.5],
			"to": [13.7, 4.75, 8.5],
			"rotation": {"angle": 22.5, "axis": "z", "origin": [9.5, 5, 7.5]},
			"faces": {
				"north": {"uv": [0, 15, 2, 16], "texture": "#texture"},
				"east": {"uv": [0, 15, 2, 16], "texture": "#texture"},
				"south": {"uv": [0, 15, 2, 16], "texture": "#texture"},
				"west": {"uv": [0, 15, 2, 16], "texture": "#texture"},
				"up": {"uv": [0, 16, 2, 15], "texture": "#texture"},
				"down": {"uv": [0, 16, 2, 15], "texture": "#texture"}
			}
		},
		{
			"from": [9.5, 4.5, 7.25],
			"to": [10.075, 4.75, 8.75],
			"rotation": {"angle": 22.5, "axis": "z", "origin": [9.5, 5, 7.5]},
			"faces": {
				"north": {"uv": [10, 13, 11, 14], "texture": "#1"},
				"east": {"uv": [10, 13, 11, 14], "texture": "#1"},
				"south": {"uv": [10, 13, 11, 14], "texture": "#1"},
				"west": {"uv": [10, 13, 11, 14], "texture": "#1"},
				"up": {"uv": [10, 13, 11, 14], "texture": "#1"},
				"down": {"uv": [10, 13, 11, 14], "texture": "#1"}
			}
		},
		{
			"from": [5.425, 4.55, 7.25],
			"to": [9.7, 4.8, 8.75],
			"rotation": {"angle": 0, "axis": "z", "origin": [9.5, 5, 7.5]},
			"faces": {
				"north": {"uv": [10, 13, 11, 14], "texture": "#1"},
				"east": {"uv": [10, 13, 11, 14], "texture": "#1"},
				"south": {"uv": [10, 13, 11, 14], "texture": "#1"},
				"west": {"uv": [10, 13, 11, 14], "texture": "#1"},
				"up": {"uv": [10, 13, 11, 14], "texture": "#1"},
				"down": {"uv": [10, 13, 11, 14], "texture": "#1"}
			}
		},
		{
			"from": [10.125, 7.5, 7.5],
			"to": [11.2, 7.75, 8.5],
			"rotation": {"angle": 22.5, "axis": "z", "origin": [10.125, 7.75, 7.5]},
			"faces": {
				"north": {"uv": [15, 16, 16, 15], "texture": "#texture"},
				"east": {"uv": [15, 16, 16, 15], "texture": "#texture"},
				"south": {"uv": [15, 16, 16, 15], "texture": "#texture"},
				"west": {"uv": [15, 16, 16, 15], "texture": "#texture"},
				"up": {"uv": [15, 16, 16, 15], "texture": "#texture"},
				"down": {"uv": [15, 16, 16, 15], "texture": "#texture"}
			}
		},
		{
			"from": [9.25, 7.5, 7.5],
			"to": [10.25, 7.75, 8.5],
			"faces": {
				"north": {"uv": [15, 16, 16, 15], "texture": "#texture"},
				"east": {"uv": [15, 16, 16, 15], "texture": "#texture"},
				"south": {"uv": [15, 16, 16, 15], "texture": "#texture"},
				"up": {"uv": [15, 16, 16, 15], "texture": "#texture"},
				"down": {"uv": [16, 16, 15, 15], "texture": "#texture"}
			}
		},
		{
			"from": [10.5, 8, 7.75],
			"to": [10.75, 9.25, 8.25],
			"rotation": {"angle": -22.5, "axis": "z", "origin": [10.5, 9.25, 7.75]},
			"faces": {
				"north": {"uv": [5.5, 1.75, 5.75, 3], "texture": "#texture"},
				"east": {"uv": [7.75, 1.75, 8.25, 3], "texture": "#texture"},
				"south": {"uv": [10.25, 1.75, 10.5, 3], "texture": "#texture"},
				"west": {"uv": [7.75, 1.75, 8.25, 3], "texture": "#texture"},
				"up": {"uv": [10.25, 7.75, 10.5, 8.25], "texture": "#texture"},
				"down": {"uv": [5.75, 8.25, 5.5, 7.75], "texture": "#texture"}
			}
		},
		{
			"from": [12.725, 9, 7.5],
			"to": [16.95, 9.75, 8.5],
			"rotation": {"angle": 0, "axis": "y", "origin": [-0.725, 0, 0]},
			"faces": {
				"north": {"uv": [14.25, 7, 15, 8], "texture": "#texture", "cullface": "east"},
				"east": {"uv": [7.5, 6, 8.5, 7], "texture": "#texture", "cullface": "east"},
				"south": {"uv": [14.25, 5, 15.25, 6], "texture": "#texture", "cullface": "east"},
				"west": {"uv": [14, 5, 15, 6], "texture": "#texture"},
				"up": {"uv": [14.25, 7.5, 15.25, 8.5], "texture": "#texture", "cullface": "east"},
				"down": {"uv": [14.25, 7.5, 15.25, 8.5], "texture": "#texture", "cullface": "east"}
			}
		},
		{
			"from": [17.25, 8, 7.5],
			"to": [19, 9, 8.5],
			"rotation": {"angle": 0, "axis": "y", "origin": [-1, 0, 0]},
			"faces": {
				"north": {"uv": [13.25, 8, 14.25, 9], "texture": "#texture", "cullface": "east"},
				"south": {"uv": [15, 8.05, 16, 8.8], "texture": "#texture", "cullface": "east"},
				"west": {"uv": [7.5, 7.25, 8.5, 8.25], "texture": "#texture", "cullface": "east"},
				"up": {"uv": [16, 7.5, 15, 8.5], "texture": "#texture", "cullface": "east"},
				"down": {"uv": [0, 8.5, 1, 7.5], "texture": "#texture", "cullface": "east"}
			}
		},
		{
			"from": [16.25, 5.175, 7.5],
			"to": [17, 9.45, 8.5],
			"rotation": {"angle": 22.5, "axis": "z", "origin": [16.25, 9.5, 7.5]},
			"faces": {
				"north": {"uv": [14.95, 7.35, 13.95, 11], "texture": "#texture", "cullface": "east"},
				"east": {"uv": [7.5, 6.5, 8.5, 11.25], "texture": "#texture", "cullface": "east"},
				"south": {"uv": [16, 5.5, 15, 5.75], "texture": "#texture", "cullface": "east"},
				"west": {"uv": [7.5, 6.5, 8.5, 11.25], "texture": "#texture", "cullface": "east"},
				"up": {"uv": [16.25, 7.5, 15.25, 8.5], "texture": "#texture", "cullface": "east"},
				"down": {"uv": [16.25, 7.5, 15.25, 8.5], "texture": "#texture", "cullface": "east"}
			}
		},
		{
			"from": [18.125, 5.275, 7.75],
			"to": [18.75, 5.65, 8.25],
			"rotation": {"angle": 0, "axis": "y", "origin": [-1, 0, 0]},
			"faces": {
				"north": {"uv": [0, 9.5, 1, 10.5], "texture": "#texture", "cullface": "east"},
				"south": {"uv": [16, 9.5, 15, 10.5], "texture": "#texture", "cullface": "east"},
				"west": {"uv": [7.5, 9.5, 8.5, 10.5], "texture": "#texture", "cullface": "east"},
				"up": {"uv": [16, 7.5, 15, 8.5], "texture": "#texture", "cullface": "east"},
				"down": {"uv": [0, 8.5, 1, 7.5], "texture": "#texture", "cullface": "east"}
			}
		},
		{
			"from": [17.9, 5.5, 7.5],
			"to": [19, 6.5, 8.5],
			"rotation": {"angle": 0, "axis": "y", "origin": [-1, 0, 0]},
			"faces": {
				"north": {"uv": [0, 9.5, 1, 10.5], "texture": "#texture", "cullface": "east"},
				"south": {"uv": [15, 8, 16, 9], "texture": "#texture", "cullface": "east"},
				"west": {"uv": [7.5, 9.5, 8.5, 10.5], "texture": "#texture", "cullface": "east"},
				"up": {"uv": [16, 7.5, 15, 8.5], "texture": "#texture", "cullface": "east"},
				"down": {"uv": [0, 8.5, 1, 7.5], "texture": "#texture", "cullface": "east"}
			}
		},
		{
			"from": [19, 5.125, 7.25],
			"to": [20, 9.125, 8.75],
			"rotation": {"angle": 0, "axis": "y", "origin": [-1, 0, 0]},
			"faces": {
				"north": {"uv": [15, 10, 16, 11], "texture": "#texture", "cullface": "east"},
				"east": {"uv": [15, 10, 16, 11], "texture": "#texture", "cullface": "east"},
				"south": {"uv": [15, 10, 16, 11], "texture": "#texture", "cullface": "east"},
				"west": {"uv": [15, 10, 16, 11], "texture": "#texture", "cullface": "east"},
				"up": {"uv": [15, 10, 16, 11], "texture": "#texture", "cullface": "east"},
				"down": {"uv": [15, 11, 16, 10], "texture": "#texture", "cullface": "east"}
			}
		},
		{
			"from": [0.75, 10.05, 7.5],
			"to": [13.025, 10.3, 8.5],
			"faces": {
				"north": {"uv": [13, 5.25, 14, 5.75], "texture": "#texture"},
				"east": {"uv": [7.5, 5.25, 8.5, 5.75], "texture": "#texture"},
				"south": {"uv": [2, 5.25, 3, 5.75], "texture": "#texture"},
				"west": {"uv": [7.5, 5.25, 8.5, 5.75], "texture": "#texture"},
				"up": {"uv": [2, 7.5, 3, 8.5], "texture": "#texture"},
				"down": {"uv": [2, 7, 3, 8], "texture": "#texture"}
			}
		},
		{
			"from": [0.75, 7.625, 7.5],
			"to": [3.65, 7.75, 8.5],
			"faces": {
				"north": {"uv": [13, 5.25, 14, 5.75], "texture": "#texture"},
				"east": {"uv": [7.5, 5.25, 8.5, 5.75], "texture": "#texture"},
				"south": {"uv": [2, 5.25, 3, 5.75], "texture": "#texture"},
				"west": {"uv": [7.5, 5.25, 8.5, 5.75], "texture": "#texture"},
				"up": {"uv": [2, 7.5, 3, 8.5], "texture": "#texture"},
				"down": {"uv": [2, 7, 3, 8], "texture": "#texture"}
			}
		},
		{
			"from": [12.825, 9.95, 7.5],
			"to": [13.325, 10.125, 8.5],
			"faces": {
				"north": {"uv": [13, 5.25, 14, 5.75], "texture": "#texture"},
				"east": {"uv": [7.5, 5.25, 8.5, 5.75], "texture": "#texture"},
				"south": {"uv": [2, 5.25, 3, 5.75], "texture": "#texture"},
				"west": {"uv": [7.5, 5.25, 8.5, 5.75], "texture": "#texture"},
				"up": {"uv": [2, 7.5, 3, 8.5], "texture": "#texture"}
			}
		},
		{
			"from": [12.825, 9.75, 7.5],
			"to": [13.575, 9.95, 8.5],
			"faces": {
				"north": {"uv": [13, 5.25, 14, 5.75], "texture": "#texture"},
				"east": {"uv": [7.5, 5.25, 8.5, 5.75], "texture": "#texture"},
				"south": {"uv": [2, 5.25, 3, 5.75], "texture": "#texture"},
				"west": {"uv": [7.5, 5.25, 8.5, 5.75], "texture": "#texture"},
				"up": {"uv": [2, 7.5, 3, 8.5], "texture": "#texture"}
			}
		},
		{
			"from": [10.75, 10.3, 7.55],
			"to": [11, 10.55, 8.45],
			"faces": {
				"north": {"uv": [13, 5.25, 14, 5.75], "texture": "#texture"},
				"east": {"uv": [7.5, 5.25, 8.5, 5.75], "texture": "#texture"},
				"south": {"uv": [2, 5.25, 3, 5.75], "texture": "#texture"},
				"west": {"uv": [7.5, 5.25, 8.5, 5.75], "texture": "#texture"},
				"up": {"uv": [2, 7.5, 3, 8.5], "texture": "#texture"},
				"down": {"uv": [2, 7, 3, 8], "texture": "#texture"}
			}
		},
		{
			"from": [0.75, 7.475, 7.6],
			"to": [0.9, 7.625, 8.4],
			"faces": {
				"north": {"uv": [13, 5.25, 14, 5.75], "texture": "#texture"},
				"east": {"uv": [7.5, 5.25, 8.5, 5.75], "texture": "#texture"},
				"south": {"uv": [2, 5.25, 3, 5.75], "texture": "#texture"},
				"west": {"uv": [7.5, 5.25, 8.5, 5.75], "texture": "#texture"},
				"up": {"uv": [2, 7.5, 3, 8.5], "texture": "#texture"},
				"down": {"uv": [2, 7, 3, 8], "texture": "#texture"}
			}
		},
		{
			"from": [1.05, 7.475, 7.6],
			"to": [1.2, 7.625, 8.4],
			"faces": {
				"north": {"uv": [13, 5.25, 14, 5.75], "texture": "#texture"},
				"east": {"uv": [7.5, 5.25, 8.5, 5.75], "texture": "#texture"},
				"south": {"uv": [2, 5.25, 3, 5.75], "texture": "#texture"},
				"west": {"uv": [7.5, 5.25, 8.5, 5.75], "texture": "#texture"},
				"up": {"uv": [2, 7.5, 3, 8.5], "texture": "#texture"},
				"down": {"uv": [2, 7, 3, 8], "texture": "#texture"}
			}
		},
		{
			"from": [1.35, 7.475, 7.6],
			"to": [1.5, 7.625, 8.4],
			"faces": {
				"north": {"uv": [13, 5.25, 14, 5.75], "texture": "#texture"},
				"east": {"uv": [7.5, 5.25, 8.5, 5.75], "texture": "#texture"},
				"south": {"uv": [2, 5.25, 3, 5.75], "texture": "#texture"},
				"west": {"uv": [7.5, 5.25, 8.5, 5.75], "texture": "#texture"},
				"up": {"uv": [2, 7.5, 3, 8.5], "texture": "#texture"},
				"down": {"uv": [2, 7, 3, 8], "texture": "#texture"}
			}
		},
		{
			"from": [1.65, 7.475, 7.6],
			"to": [1.8, 7.625, 8.4],
			"faces": {
				"north": {"uv": [13, 5.25, 14, 5.75], "texture": "#texture"},
				"east": {"uv": [7.5, 5.25, 8.5, 5.75], "texture": "#texture"},
				"south": {"uv": [2, 5.25, 3, 5.75], "texture": "#texture"},
				"west": {"uv": [7.5, 5.25, 8.5, 5.75], "texture": "#texture"},
				"up": {"uv": [2, 7.5, 3, 8.5], "texture": "#texture"},
				"down": {"uv": [2, 7, 3, 8], "texture": "#texture"}
			}
		},
		{
			"from": [1.95, 7.475, 7.6],
			"to": [2.1, 7.625, 8.4],
			"faces": {
				"north": {"uv": [13, 5.25, 14, 5.75], "texture": "#texture"},
				"east": {"uv": [7.5, 5.25, 8.5, 5.75], "texture": "#texture"},
				"south": {"uv": [2, 5.25, 3, 5.75], "texture": "#texture"},
				"west": {"uv": [7.5, 5.25, 8.5, 5.75], "texture": "#texture"},
				"up": {"uv": [2, 7.5, 3, 8.5], "texture": "#texture"},
				"down": {"uv": [2, 7, 3, 8], "texture": "#texture"}
			}
		},
		{
			"from": [3.45, 10.3, 7.6],
			"to": [3.6, 10.45, 8.4],
			"faces": {
				"north": {"uv": [13, 5.25, 14, 5.75], "texture": "#texture"},
				"east": {"uv": [7.5, 5.25, 8.5, 5.75], "texture": "#texture"},
				"south": {"uv": [2, 5.25, 3, 5.75], "texture": "#texture"},
				"west": {"uv": [7.5, 5.25, 8.5, 5.75], "texture": "#texture"},
				"up": {"uv": [2, 7.5, 3, 8.5], "texture": "#texture"},
				"down": {"uv": [2, 7, 3, 8], "texture": "#texture"}
			}
		},
		{
			"from": [3.75, 10.3, 7.6],
			"to": [3.9, 10.45, 8.4],
			"faces": {
				"north": {"uv": [13, 5.25, 14, 5.75], "texture": "#texture"},
				"east": {"uv": [7.5, 5.25, 8.5, 5.75], "texture": "#texture"},
				"south": {"uv": [2, 5.25, 3, 5.75], "texture": "#texture"},
				"west": {"uv": [7.5, 5.25, 8.5, 5.75], "texture": "#texture"},
				"up": {"uv": [2, 7.5, 3, 8.5], "texture": "#texture"},
				"down": {"uv": [2, 7, 3, 8], "texture": "#texture"}
			}
		},
		{
			"from": [4.05, 10.3, 7.6],
			"to": [4.2, 10.45, 8.4],
			"faces": {
				"north": {"uv": [13, 5.25, 14, 5.75], "texture": "#texture"},
				"east": {"uv": [7.5, 5.25, 8.5, 5.75], "texture": "#texture"},
				"south": {"uv": [2, 5.25, 3, 5.75], "texture": "#texture"},
				"west": {"uv": [7.5, 5.25, 8.5, 5.75], "texture": "#texture"},
				"up": {"uv": [2, 7.5, 3, 8.5], "texture": "#texture"},
				"down": {"uv": [2, 7, 3, 8], "texture": "#texture"}
			}
		},
		{
			"from": [4.35, 10.3, 7.6],
			"to": [4.5, 10.45, 8.4],
			"faces": {
				"north": {"uv": [13, 5.25, 14, 5.75], "texture": "#texture"},
				"east": {"uv": [7.5, 5.25, 8.5, 5.75], "texture": "#texture"},
				"south": {"uv": [2, 5.25, 3, 5.75], "texture": "#texture"},
				"west": {"uv": [7.5, 5.25, 8.5, 5.75], "texture": "#texture"},
				"up": {"uv": [2, 7.5, 3, 8.5], "texture": "#texture"},
				"down": {"uv": [2, 7, 3, 8], "texture": "#texture"}
			}
		},
		{
			"from": [3.15, 10.3, 7.6],
			"to": [3.3, 10.45, 8.4],
			"faces": {
				"north": {"uv": [13, 5.25, 14, 5.75], "texture": "#texture"},
				"east": {"uv": [7.5, 5.25, 8.5, 5.75], "texture": "#texture"},
				"south": {"uv": [2, 5.25, 3, 5.75], "texture": "#texture"},
				"west": {"uv": [7.5, 5.25, 8.5, 5.75], "texture": "#texture"},
				"up": {"uv": [2, 7.5, 3, 8.5], "texture": "#texture"},
				"down": {"uv": [2, 7, 3, 8], "texture": "#texture"}
			}
		},
		{
			"from": [1.65, 10.3, 7.6],
			"to": [1.8, 10.45, 8.4],
			"faces": {
				"north": {"uv": [13, 5.25, 14, 5.75], "texture": "#texture"},
				"east": {"uv": [7.5, 5.25, 8.5, 5.75], "texture": "#texture"},
				"south": {"uv": [2, 5.25, 3, 5.75], "texture": "#texture"},
				"west": {"uv": [7.5, 5.25, 8.5, 5.75], "texture": "#texture"},
				"up": {"uv": [2, 7.5, 3, 8.5], "texture": "#texture"},
				"down": {"uv": [2, 7, 3, 8], "texture": "#texture"}
			}
		},
		{
			"from": [1.95, 10.3, 7.6],
			"to": [2.1, 10.45, 8.4],
			"faces": {
				"north": {"uv": [13, 5.25, 14, 5.75], "texture": "#texture"},
				"east": {"uv": [7.5, 5.25, 8.5, 5.75], "texture": "#texture"},
				"south": {"uv": [2, 5.25, 3, 5.75], "texture": "#texture"},
				"west": {"uv": [7.5, 5.25, 8.5, 5.75], "texture": "#texture"},
				"up": {"uv": [2, 7.5, 3, 8.5], "texture": "#texture"},
				"down": {"uv": [2, 7, 3, 8], "texture": "#texture"}
			}
		},
		{
			"from": [2.25, 10.3, 7.6],
			"to": [2.4, 10.45, 8.4],
			"faces": {
				"north": {"uv": [13, 5.25, 14, 5.75], "texture": "#texture"},
				"east": {"uv": [7.5, 5.25, 8.5, 5.75], "texture": "#texture"},
				"south": {"uv": [2, 5.25, 3, 5.75], "texture": "#texture"},
				"west": {"uv": [7.5, 5.25, 8.5, 5.75], "texture": "#texture"},
				"up": {"uv": [2, 7.5, 3, 8.5], "texture": "#texture"},
				"down": {"uv": [2, 7, 3, 8], "texture": "#texture"}
			}
		},
		{
			"from": [2.55, 10.3, 7.6],
			"to": [2.7, 10.45, 8.4],
			"faces": {
				"north": {"uv": [13, 5.25, 14, 5.75], "texture": "#texture"},
				"east": {"uv": [7.5, 5.25, 8.5, 5.75], "texture": "#texture"},
				"south": {"uv": [2, 5.25, 3, 5.75], "texture": "#texture"},
				"west": {"uv": [7.5, 5.25, 8.5, 5.75], "texture": "#texture"},
				"up": {"uv": [2, 7.5, 3, 8.5], "texture": "#texture"},
				"down": {"uv": [2, 7, 3, 8], "texture": "#texture"}
			}
		},
		{
			"from": [2.85, 10.3, 7.6],
			"to": [3, 10.45, 8.4],
			"faces": {
				"north": {"uv": [13, 5.25, 14, 5.75], "texture": "#texture"},
				"east": {"uv": [7.5, 5.25, 8.5, 5.75], "texture": "#texture"},
				"south": {"uv": [2, 5.25, 3, 5.75], "texture": "#texture"},
				"west": {"uv": [7.5, 5.25, 8.5, 5.75], "texture": "#texture"},
				"up": {"uv": [2, 7.5, 3, 8.5], "texture": "#texture"},
				"down": {"uv": [2, 7, 3, 8], "texture": "#texture"}
			}
		},
		{
			"from": [11.85, 10.3, 7.6],
			"to": [12, 10.45, 8.4],
			"faces": {
				"north": {"uv": [13, 5.25, 14, 5.75], "texture": "#texture"},
				"east": {"uv": [7.5, 5.25, 8.5, 5.75], "texture": "#texture"},
				"south": {"uv": [2, 5.25, 3, 5.75], "texture": "#texture"},
				"west": {"uv": [7.5, 5.25, 8.5, 5.75], "texture": "#texture"},
				"up": {"uv": [2, 7.5, 3, 8.5], "texture": "#texture"},
				"down": {"uv": [2, 7, 3, 8], "texture": "#texture"}
			}
		},
		{
			"from": [12.175, 10.3, 7.6],
			"to": [12.75, 10.475, 8.4],
			"faces": {
				"north": {"uv": [13, 5.25, 14, 5.75], "texture": "#texture"},
				"east": {"uv": [7.5, 5.25, 8.5, 5.75], "texture": "#texture"},
				"south": {"uv": [2, 5.25, 3, 5.75], "texture": "#texture"},
				"west": {"uv": [7.5, 5.25, 8.5, 5.75], "texture": "#texture"},
				"up": {"uv": [2, 7.5, 3, 8.5], "texture": "#texture"},
				"down": {"uv": [2, 7, 3, 8], "texture": "#texture"}
			}
		},
		{
			"from": [11.55, 10.3, 7.6],
			"to": [11.7, 10.45, 8.4],
			"faces": {
				"north": {"uv": [13, 5.25, 14, 5.75], "texture": "#texture"},
				"east": {"uv": [7.5, 5.25, 8.5, 5.75], "texture": "#texture"},
				"south": {"uv": [2, 5.25, 3, 5.75], "texture": "#texture"},
				"west": {"uv": [7.5, 5.25, 8.5, 5.75], "texture": "#texture"},
				"up": {"uv": [2, 7.5, 3, 8.5], "texture": "#texture"},
				"down": {"uv": [2, 7, 3, 8], "texture": "#texture"}
			}
		},
		{
			"from": [10.05, 10.3, 7.6],
			"to": [10.2, 10.45, 8.4],
			"faces": {
				"north": {"uv": [13, 5.25, 14, 5.75], "texture": "#texture"},
				"east": {"uv": [7.5, 5.25, 8.5, 5.75], "texture": "#texture"},
				"south": {"uv": [2, 5.25, 3, 5.75], "texture": "#texture"},
				"west": {"uv": [7.5, 5.25, 8.5, 5.75], "texture": "#texture"},
				"up": {"uv": [2, 7.5, 3, 8.5], "texture": "#texture"},
				"down": {"uv": [2, 7, 3, 8], "texture": "#texture"}
			}
		},
		{
			"from": [10.35, 10.3, 7.6],
			"to": [10.5, 10.45, 8.4],
			"faces": {
				"north": {"uv": [13, 5.25, 14, 5.75], "texture": "#texture"},
				"east": {"uv": [7.5, 5.25, 8.5, 5.75], "texture": "#texture"},
				"south": {"uv": [2, 5.25, 3, 5.75], "texture": "#texture"},
				"west": {"uv": [7.5, 5.25, 8.5, 5.75], "texture": "#texture"},
				"up": {"uv": [2, 7.5, 3, 8.5], "texture": "#texture"},
				"down": {"uv": [2, 7, 3, 8], "texture": "#texture"}
			}
		},
		{
			"from": [10.65, 10.3, 7.6],
			"to": [10.8, 10.45, 8.4],
			"faces": {
				"north": {"uv": [13, 5.25, 14, 5.75], "texture": "#texture"},
				"east": {"uv": [7.5, 5.25, 8.5, 5.75], "texture": "#texture"},
				"south": {"uv": [2, 5.25, 3, 5.75], "texture": "#texture"},
				"west": {"uv": [7.5, 5.25, 8.5, 5.75], "texture": "#texture"},
				"up": {"uv": [2, 7.5, 3, 8.5], "texture": "#texture"},
				"down": {"uv": [2, 7, 3, 8], "texture": "#texture"}
			}
		},
		{
			"from": [10.95, 10.3, 7.6],
			"to": [11.1, 10.45, 8.4],
			"faces": {
				"north": {"uv": [13, 5.25, 14, 5.75], "texture": "#texture"},
				"east": {"uv": [7.5, 5.25, 8.5, 5.75], "texture": "#texture"},
				"south": {"uv": [2, 5.25, 3, 5.75], "texture": "#texture"},
				"west": {"uv": [7.5, 5.25, 8.5, 5.75], "texture": "#texture"},
				"up": {"uv": [2, 7.5, 3, 8.5], "texture": "#texture"},
				"down": {"uv": [0, 0, 0, 0], "texture": "#texture"}
			}
		},
		{
			"from": [11.25, 10.3, 7.6],
			"to": [11.4, 10.45, 8.4],
			"faces": {
				"north": {"uv": [13, 5.25, 14, 5.75], "texture": "#texture"},
				"east": {"uv": [7.5, 5.25, 8.5, 5.75], "texture": "#texture"},
				"south": {"uv": [2, 5.25, 3, 5.75], "texture": "#texture"},
				"west": {"uv": [7.5, 5.25, 8.5, 5.75], "texture": "#texture"},
				"up": {"uv": [2, 7.5, 3, 8.5], "texture": "#texture"},
				"down": {"uv": [0, 0, 0, 0], "texture": "#texture"}
			}
		},
		{
			"from": [8.85, 10.3, 7.6],
			"to": [9, 10.45, 8.4],
			"faces": {
				"north": {"uv": [13, 5.25, 14, 5.75], "texture": "#texture"},
				"east": {"uv": [7.5, 5.25, 8.5, 5.75], "texture": "#texture"},
				"south": {"uv": [2, 5.25, 3, 5.75], "texture": "#texture"},
				"west": {"uv": [7.5, 5.25, 8.5, 5.75], "texture": "#texture"},
				"up": {"uv": [2, 7.5, 3, 8.5], "texture": "#texture"},
				"down": {"uv": [2, 7, 3, 8], "texture": "#texture"}
			}
		},
		{
			"from": [9.15, 10.3, 7.6],
			"to": [9.3, 10.45, 8.4],
			"faces": {
				"north": {"uv": [13, 5.25, 14, 5.75], "texture": "#texture"},
				"east": {"uv": [7.5, 5.25, 8.5, 5.75], "texture": "#texture"},
				"south": {"uv": [2, 5.25, 3, 5.75], "texture": "#texture"},
				"west": {"uv": [7.5, 5.25, 8.5, 5.75], "texture": "#texture"},
				"up": {"uv": [2, 7.5, 3, 8.5], "texture": "#texture"},
				"down": {"uv": [2, 7, 3, 8], "texture": "#texture"}
			}
		},
		{
			"from": [9.45, 10.3, 7.6],
			"to": [9.6, 10.45, 8.4],
			"faces": {
				"north": {"uv": [13, 5.25, 14, 5.75], "texture": "#texture"},
				"east": {"uv": [7.5, 5.25, 8.5, 5.75], "texture": "#texture"},
				"south": {"uv": [2, 5.25, 3, 5.75], "texture": "#texture"},
				"west": {"uv": [7.5, 5.25, 8.5, 5.75], "texture": "#texture"},
				"up": {"uv": [2, 7.5, 3, 8.5], "texture": "#texture"},
				"down": {"uv": [2, 7, 3, 8], "texture": "#texture"}
			}
		},
		{
			"from": [9.75, 10.3, 7.6],
			"to": [9.9, 10.45, 8.4],
			"faces": {
				"north": {"uv": [13, 5.25, 14, 5.75], "texture": "#texture"},
				"east": {"uv": [7.5, 5.25, 8.5, 5.75], "texture": "#texture"},
				"south": {"uv": [2, 5.25, 3, 5.75], "texture": "#texture"},
				"west": {"uv": [7.5, 5.25, 8.5, 5.75], "texture": "#texture"},
				"up": {"uv": [2, 7.5, 3, 8.5], "texture": "#texture"},
				"down": {"uv": [2, 7, 3, 8], "texture": "#texture"}
			}
		},
		{
			"from": [8.55, 10.3, 7.6],
			"to": [8.7, 10.45, 8.4],
			"faces": {
				"north": {"uv": [13, 5.25, 14, 5.75], "texture": "#texture"},
				"east": {"uv": [7.5, 5.25, 8.5, 5.75], "texture": "#texture"},
				"south": {"uv": [2, 5.25, 3, 5.75], "texture": "#texture"},
				"west": {"uv": [7.5, 5.25, 8.5, 5.75], "texture": "#texture"},
				"up": {"uv": [2, 7.5, 3, 8.5], "texture": "#texture"},
				"down": {"uv": [2, 7, 3, 8], "texture": "#texture"}
			}
		},
		{
			"from": [7.65, 10.3, 7.6],
			"to": [7.8, 10.45, 8.4],
			"faces": {
				"north": {"uv": [13, 5.25, 14, 5.75], "texture": "#texture"},
				"east": {"uv": [7.5, 5.25, 8.5, 5.75], "texture": "#texture"},
				"south": {"uv": [2, 5.25, 3, 5.75], "texture": "#texture"},
				"west": {"uv": [7.5, 5.25, 8.5, 5.75], "texture": "#texture"},
				"up": {"uv": [2, 7.5, 3, 8.5], "texture": "#texture"},
				"down": {"uv": [2, 7, 3, 8], "texture": "#texture"}
			}
		},
		{
			"from": [7.95, 10.3, 7.6],
			"to": [8.1, 10.45, 8.4],
			"faces": {
				"north": {"uv": [13, 5.25, 14, 5.75], "texture": "#texture"},
				"east": {"uv": [7.5, 5.25, 8.5, 5.75], "texture": "#texture"},
				"south": {"uv": [2, 5.25, 3, 5.75], "texture": "#texture"},
				"west": {"uv": [7.5, 5.25, 8.5, 5.75], "texture": "#texture"},
				"up": {"uv": [2, 7.5, 3, 8.5], "texture": "#texture"},
				"down": {"uv": [2, 7, 3, 8], "texture": "#texture"}
			}
		},
		{
			"from": [8.25, 10.3, 7.6],
			"to": [8.4, 10.45, 8.4],
			"faces": {
				"north": {"uv": [13, 5.25, 14, 5.75], "texture": "#texture"},
				"east": {"uv": [7.5, 5.25, 8.5, 5.75], "texture": "#texture"},
				"south": {"uv": [2, 5.25, 3, 5.75], "texture": "#texture"},
				"west": {"uv": [7.5, 5.25, 8.5, 5.75], "texture": "#texture"},
				"up": {"uv": [2, 7.5, 3, 8.5], "texture": "#texture"},
				"down": {"uv": [2, 7, 3, 8], "texture": "#texture"}
			}
		},
		{
			"from": [6.45, 10.3, 7.6],
			"to": [6.6, 10.45, 8.4],
			"faces": {
				"north": {"uv": [13, 5.25, 14, 5.75], "texture": "#texture"},
				"east": {"uv": [7.5, 5.25, 8.5, 5.75], "texture": "#texture"},
				"south": {"uv": [2, 5.25, 3, 5.75], "texture": "#texture"},
				"west": {"uv": [7.5, 5.25, 8.5, 5.75], "texture": "#texture"},
				"up": {"uv": [2, 7.5, 3, 8.5], "texture": "#texture"},
				"down": {"uv": [2, 7, 3, 8], "texture": "#texture"}
			}
		},
		{
			"from": [6.75, 10.3, 7.6],
			"to": [6.9, 10.45, 8.4],
			"faces": {
				"north": {"uv": [13, 5.25, 14, 5.75], "texture": "#texture"},
				"east": {"uv": [7.5, 5.25, 8.5, 5.75], "texture": "#texture"},
				"south": {"uv": [2, 5.25, 3, 5.75], "texture": "#texture"},
				"west": {"uv": [7.5, 5.25, 8.5, 5.75], "texture": "#texture"},
				"up": {"uv": [2, 7.5, 3, 8.5], "texture": "#texture"},
				"down": {"uv": [2, 7, 3, 8], "texture": "#texture"}
			}
		},
		{
			"from": [7.05, 10.3, 7.6],
			"to": [7.2, 10.45, 8.4],
			"faces": {
				"north": {"uv": [13, 5.25, 14, 5.75], "texture": "#texture"},
				"east": {"uv": [7.5, 5.25, 8.5, 5.75], "texture": "#texture"},
				"south": {"uv": [2, 5.25, 3, 5.75], "texture": "#texture"},
				"west": {"uv": [7.5, 5.25, 8.5, 5.75], "texture": "#texture"},
				"up": {"uv": [2, 7.5, 3, 8.5], "texture": "#texture"},
				"down": {"uv": [2, 7, 3, 8], "texture": "#texture"}
			}
		},
		{
			"from": [7.35, 10.3, 7.6],
			"to": [7.5, 10.45, 8.4],
			"faces": {
				"north": {"uv": [13, 5.25, 14, 5.75], "texture": "#texture"},
				"east": {"uv": [7.5, 5.25, 8.5, 5.75], "texture": "#texture"},
				"south": {"uv": [2, 5.25, 3, 5.75], "texture": "#texture"},
				"west": {"uv": [7.5, 5.25, 8.5, 5.75], "texture": "#texture"},
				"up": {"uv": [2, 7.5, 3, 8.5], "texture": "#texture"},
				"down": {"uv": [2, 7, 3, 8], "texture": "#texture"}
			}
		},
		{
			"from": [6.15, 10.3, 7.6],
			"to": [6.3, 10.45, 8.4],
			"faces": {
				"north": {"uv": [13, 5.25, 14, 5.75], "texture": "#texture"},
				"east": {"uv": [7.5, 5.25, 8.5, 5.75], "texture": "#texture"},
				"south": {"uv": [2, 5.25, 3, 5.75], "texture": "#texture"},
				"west": {"uv": [7.5, 5.25, 8.5, 5.75], "texture": "#texture"},
				"up": {"uv": [2, 7.5, 3, 8.5], "texture": "#texture"},
				"down": {"uv": [2, 7, 3, 8], "texture": "#texture"}
			}
		},
		{
			"from": [4.65, 10.3, 7.6],
			"to": [4.8, 10.45, 8.4],
			"faces": {
				"north": {"uv": [13, 5.25, 14, 5.75], "texture": "#texture"},
				"east": {"uv": [7.5, 5.25, 8.5, 5.75], "texture": "#texture"},
				"south": {"uv": [2, 5.25, 3, 5.75], "texture": "#texture"},
				"west": {"uv": [7.5, 5.25, 8.5, 5.75], "texture": "#texture"},
				"up": {"uv": [2, 7.5, 3, 8.5], "texture": "#texture"},
				"down": {"uv": [2, 7, 3, 8], "texture": "#texture"}
			}
		},
		{
			"from": [4.95, 10.3, 7.6],
			"to": [5.1, 10.45, 8.4],
			"faces": {
				"north": {"uv": [13, 5.25, 14, 5.75], "texture": "#texture"},
				"east": {"uv": [7.5, 5.25, 8.5, 5.75], "texture": "#texture"},
				"south": {"uv": [2, 5.25, 3, 5.75], "texture": "#texture"},
				"west": {"uv": [7.5, 5.25, 8.5, 5.75], "texture": "#texture"},
				"up": {"uv": [2, 7.5, 3, 8.5], "texture": "#texture"},
				"down": {"uv": [2, 7, 3, 8], "texture": "#texture"}
			}
		},
		{
			"from": [5.25, 10.3, 7.6],
			"to": [5.4, 10.45, 8.4],
			"faces": {
				"north": {"uv": [13, 5.25, 14, 5.75], "texture": "#texture"},
				"east": {"uv": [7.5, 5.25, 8.5, 5.75], "texture": "#texture"},
				"south": {"uv": [2, 5.25, 3, 5.75], "texture": "#texture"},
				"west": {"uv": [7.5, 5.25, 8.5, 5.75], "texture": "#texture"},
				"up": {"uv": [2, 7.5, 3, 8.5], "texture": "#texture"},
				"down": {"uv": [2, 7, 3, 8], "texture": "#texture"}
			}
		},
		{
			"from": [5.55, 10.3, 7.6],
			"to": [5.7, 10.45, 8.4],
			"faces": {
				"north": {"uv": [13, 5.25, 14, 5.75], "texture": "#texture"},
				"east": {"uv": [7.5, 5.25, 8.5, 5.75], "texture": "#texture"},
				"south": {"uv": [2, 5.25, 3, 5.75], "texture": "#texture"},
				"west": {"uv": [7.5, 5.25, 8.5, 5.75], "texture": "#texture"},
				"up": {"uv": [2, 7.5, 3, 8.5], "texture": "#texture"},
				"down": {"uv": [2, 7, 3, 8], "texture": "#texture"}
			}
		},
		{
			"from": [5.85, 10.3, 7.6],
			"to": [6, 10.45, 8.4],
			"faces": {
				"north": {"uv": [13, 5.25, 14, 5.75], "texture": "#texture"},
				"east": {"uv": [7.5, 5.25, 8.5, 5.75], "texture": "#texture"},
				"south": {"uv": [2, 5.25, 3, 5.75], "texture": "#texture"},
				"west": {"uv": [7.5, 5.25, 8.5, 5.75], "texture": "#texture"},
				"up": {"uv": [2, 7.5, 3, 8.5], "texture": "#texture"},
				"down": {"uv": [2, 7, 3, 8], "texture": "#texture"}
			}
		},
		{
			"from": [2.55, 7.475, 7.6],
			"to": [2.7, 7.625, 8.4],
			"faces": {
				"north": {"uv": [13, 5.25, 14, 5.75], "texture": "#texture"},
				"east": {"uv": [7.5, 5.25, 8.5, 5.75], "texture": "#texture"},
				"south": {"uv": [2, 5.25, 3, 5.75], "texture": "#texture"},
				"west": {"uv": [7.5, 5.25, 8.5, 5.75], "texture": "#texture"},
				"up": {"uv": [2, 7.5, 3, 8.5], "texture": "#texture"},
				"down": {"uv": [2, 7, 3, 8], "texture": "#texture"}
			}
		},
		{
			"from": [2.85, 7.475, 7.6],
			"to": [3, 7.625, 8.4],
			"faces": {
				"north": {"uv": [13, 5.25, 14, 5.75], "texture": "#texture"},
				"east": {"uv": [7.5, 5.25, 8.5, 5.75], "texture": "#texture"},
				"south": {"uv": [2, 5.25, 3, 5.75], "texture": "#texture"},
				"west": {"uv": [7.5, 5.25, 8.5, 5.75], "texture": "#texture"},
				"up": {"uv": [2, 7.5, 3, 8.5], "texture": "#texture"},
				"down": {"uv": [2, 7, 3, 8], "texture": "#texture"}
			}
		},
		{
			"from": [3.15, 7.475, 7.6],
			"to": [3.3, 7.625, 8.4],
			"faces": {
				"north": {"uv": [13, 5.25, 14, 5.75], "texture": "#texture"},
				"east": {"uv": [7.5, 5.25, 8.5, 5.75], "texture": "#texture"},
				"south": {"uv": [2, 5.25, 3, 5.75], "texture": "#texture"},
				"west": {"uv": [7.5, 5.25, 8.5, 5.75], "texture": "#texture"},
				"up": {"uv": [2, 7.5, 3, 8.5], "texture": "#texture"},
				"down": {"uv": [2, 7, 3, 8], "texture": "#texture"}
			}
		},
		{
			"from": [3.45, 7.475, 7.6],
			"to": [3.6, 7.625, 8.4],
			"faces": {
				"north": {"uv": [13, 5.25, 14, 5.75], "texture": "#texture"},
				"east": {"uv": [7.5, 5.25, 8.5, 5.75], "texture": "#texture"},
				"south": {"uv": [2, 5.25, 3, 5.75], "texture": "#texture"},
				"west": {"uv": [7.5, 5.25, 8.5, 5.75], "texture": "#texture"},
				"up": {"uv": [2, 7.5, 3, 8.5], "texture": "#texture"},
				"down": {"uv": [2, 7, 3, 8], "texture": "#texture"}
			}
		},
		{
			"from": [2.25, 7.475, 7.6],
			"to": [2.4, 7.625, 8.4],
			"faces": {
				"north": {"uv": [13, 5.25, 14, 5.75], "texture": "#texture"},
				"east": {"uv": [7.5, 5.25, 8.5, 5.75], "texture": "#texture"},
				"south": {"uv": [2, 5.25, 3, 5.75], "texture": "#texture"},
				"west": {"uv": [7.5, 5.25, 8.5, 5.75], "texture": "#texture"},
				"up": {"uv": [2, 7.5, 3, 8.5], "texture": "#texture"},
				"down": {"uv": [2, 7, 3, 8], "texture": "#texture"}
			}
		},
		{
			"from": [0.75, 10.3, 7.55],
			"to": [1, 10.55, 8.45],
			"faces": {
				"north": {"uv": [13, 5.25, 14, 5.75], "texture": "#texture"},
				"east": {"uv": [7.5, 5.25, 8.5, 5.75], "texture": "#texture"},
				"south": {"uv": [2, 5.25, 3, 5.75], "texture": "#texture"},
				"west": {"uv": [7.5, 5.25, 8.5, 5.75], "texture": "#texture"},
				"up": {"uv": [2, 7.5, 3, 8.5], "texture": "#texture"},
				"down": {"uv": [2, 7, 3, 8], "texture": "#texture"}
			}
		},
		{
			"from": [1, 10.3, 7.55],
			"to": [1.5, 10.7, 8.45],
			"faces": {
				"north": {"uv": [1, 6, 1.5, 6.25], "texture": "#texture"},
				"east": {"uv": [7.75, 6, 8.25, 6.25], "texture": "#texture"},
				"south": {"uv": [14.5, 6, 15, 6.25], "texture": "#texture"},
				"west": {"uv": [7.75, 6, 8.25, 6.25], "texture": "#texture"},
				"up": {"uv": [14.5, 7.75, 15, 8.25], "texture": "#texture"},
				"down": {"uv": [2, 7, 3, 8], "texture": "#texture"}
			}
		},
		{
			"from": [1.25, 11.075, 8.25],
			"to": [1.5, 11.675, 8.5],
			"faces": {
				"north": {"uv": [1, 6, 1.5, 6.25], "texture": "#texture"},
				"east": {"uv": [7.75, 6, 8.25, 6.25], "texture": "#texture"},
				"south": {"uv": [14.5, 6, 15, 6.25], "texture": "#texture"},
				"west": {"uv": [7.75, 6, 8.25, 6.25], "texture": "#texture"},
				"up": {"uv": [14.5, 7.75, 15, 8.25], "texture": "#texture"},
				"down": {"uv": [1, 6, 2, 7], "texture": "#texture"}
			}
		},
		{
			"from": [11.25, 11.075, 7.5],
			"to": [11.5, 11.675, 7.75],
			"faces": {
				"north": {"uv": [1, 6, 1.5, 6.25], "texture": "#texture"},
				"east": {"uv": [7.75, 6, 8.25, 6.25], "texture": "#texture"},
				"south": {"uv": [14.5, 6, 15, 6.25], "texture": "#texture"},
				"west": {"uv": [7.75, 6, 8.25, 6.25], "texture": "#texture"},
				"up": {"uv": [14.5, 7.75, 15, 8.25], "texture": "#texture"},
				"down": {"uv": [1, 6, 2, 7], "texture": "#texture"}
			}
		},
		{
			"from": [11.25, 11.075, 8.25],
			"to": [11.5, 11.675, 8.5],
			"faces": {
				"north": {"uv": [1, 6, 1.5, 6.25], "texture": "#texture"},
				"east": {"uv": [7.75, 6, 8.25, 6.25], "texture": "#texture"},
				"south": {"uv": [14.5, 6, 15, 6.25], "texture": "#texture"},
				"west": {"uv": [7.75, 6, 8.25, 6.25], "texture": "#texture"},
				"up": {"uv": [14.5, 7.75, 15, 8.25], "texture": "#texture"},
				"down": {"uv": [1, 6, 2, 7], "texture": "#texture"}
			}
		},
		{
			"from": [1.25, 11.075, 7.5],
			"to": [1.5, 11.675, 7.75],
			"faces": {
				"north": {"uv": [1, 6, 1.5, 6.25], "texture": "#texture"},
				"east": {"uv": [7.75, 6, 8.25, 6.25], "texture": "#texture"},
				"south": {"uv": [14.5, 6, 15, 6.25], "texture": "#texture"},
				"west": {"uv": [7.75, 6, 8.25, 6.25], "texture": "#texture"},
				"up": {"uv": [14.5, 7.75, 15, 8.25], "texture": "#texture"},
				"down": {"uv": [2, 7, 3, 8], "texture": "#texture"}
			}
		},
		{
			"from": [1.25, 11.175, 7.95],
			"to": [1.5, 11.4, 8.05],
			"faces": {
				"north": {"uv": [1, 6, 1.5, 6.25], "texture": "#texture"},
				"east": {"uv": [7.75, 6, 8.25, 6.25], "texture": "#texture"},
				"south": {"uv": [14.5, 6, 15, 6.25], "texture": "#texture"},
				"west": {"uv": [7.75, 6, 8.25, 6.25], "texture": "#texture"},
				"up": {"uv": [14.5, 7.75, 15, 8.25], "texture": "#texture"}
			}
		},
		{
			"from": [1.25, 10.7, 7.625],
			"to": [1.5, 11.175, 8.375],
			"faces": {
				"north": {"uv": [1, 6, 1.5, 6.25], "texture": "#texture"},
				"east": {"uv": [7.75, 6, 8.25, 6.25], "texture": "#texture"},
				"south": {"uv": [14.5, 6, 15, 6.25], "texture": "#texture"},
				"west": {"uv": [7.75, 6, 8.25, 6.25], "texture": "#texture"},
				"up": {"uv": [14.5, 7.75, 15, 8.25], "texture": "#texture"}
			}
		},
		{
			"from": [11, 10.3, 7.55],
			"to": [11.5, 10.7, 8.45],
			"faces": {
				"north": {"uv": [1, 6, 1.5, 6.25], "texture": "#texture"},
				"east": {"uv": [7.75, 6, 8.25, 6.25], "texture": "#texture"},
				"south": {"uv": [14.5, 6, 15, 6.25], "texture": "#texture"},
				"west": {"uv": [7.75, 6, 8.25, 6.25], "texture": "#texture"},
				"up": {"uv": [14.5, 7.75, 15, 8.25], "texture": "#texture"},
				"down": {"uv": [2, 7, 3, 8], "texture": "#texture"}
			}
		},
		{
			"from": [11.25, 10.7, 7.625],
			"to": [11.5, 11.175, 8.375],
			"faces": {
				"north": {"uv": [1, 6, 1.5, 6.25], "texture": "#texture"},
				"east": {"uv": [7.75, 6, 8.25, 6.25], "texture": "#texture"},
				"south": {"uv": [14.5, 6, 15, 6.25], "texture": "#texture"},
				"west": {"uv": [7.75, 6, 8.25, 6.25], "texture": "#texture"},
				"up": {"uv": [14.5, 7.75, 15, 8.25], "texture": "#texture"}
			}
		}
	],
	"gui_light": "front",
	"display": {
		"thirdperson_righthand": {
			"rotation": [0, -90, 0],
			"translation": [0, -0.75, -1.75],
			"scale": [0.95, 0.95, 0.95]
		},
		"thirdperson_lefthand": {
			"rotation": [0, 90, 0],
			"translation": [0, -0.75, -1.75],
			"scale": [0.95, 0.95, 0.95]
		},
		"firstperson_righthand": {
			"rotation": [0, -90, 0],
			"translation": [0, 2.75, -1.25],
			"scale": [0.94, 0.95, 0.94]
		},
		"firstperson_lefthand": {
			"rotation": [0, 90, 0],
			"translation": [0, 2.75, -1.25],
			"scale": [0.94, 0.95, 0.94]
		},
		"ground": {
			"translation": [-1, 4.5, 0],
			"scale": [1.07, 1.07, 1.07]
		},
		"gui": {
			"rotation": [0, 0, -45],
			"translation": [-0.25, 0.75, 0],
			"scale": [0.84, 0.84, 0.9]
		},
		"head": {
			"translation": [-0.5, 0, 0]
		},
		"fixed": {
			"rotation": [0, 180, -45],
			"translation": [1.2, 1.5, -1.1],
			"scale": [1.28, 1.28, 1.28]
		}
	}
}