{
	"credit": "Made by SrDarmith - YouTube: Mainclay",
	"textures": {
		"0": "itemm/anvil_1"
	},
	"elements": [
		{
			"name": "Element",
			"from": [-14, 9.75, 7.625],
			"to": [-1.25, 10, 8.375],
			"rotation": {"angle": 0, "axis": "y", "origin": [1, 0, 0]},
			"faces": {
				"north": {"uv": [2, 16, 0, 14], "texture": "#0"},
				"south": {"uv": [2, 14, 0, 16], "texture": "#0"},
				"west": {"uv": [2, 14, 0, 16], "texture": "#0", "cullface": "west"},
				"up": {"uv": [2, 14, 0, 16], "texture": "#0"},
				"down": {"uv": [2, 14, 0, 16], "texture": "#0"}
			}
		},
		{
			"name": "Element",
			"from": [-14, 9, 7.375],
			"to": [-1.25, 9.75, 7.625],
			"rotation": {"angle": 0, "axis": "y", "origin": [1, 0, 0]},
			"faces": {
				"north": {"uv": [2, 16, 0, 14], "texture": "#0"},
				"south": {"uv": [2, 14, 0, 16], "texture": "#0"},
				"west": {"uv": [2, 14, 0, 16], "texture": "#0", "cullface": "west"},
				"up": {"uv": [2, 14, 0, 16], "texture": "#0"},
				"down": {"uv": [2, 14, 0, 16], "texture": "#0"}
			}
		},
		{
			"name": "Element",
			"from": [-14, 9, 8.375],
			"to": [-1.25, 9.75, 8.625],
			"rotation": {"angle": 0, "axis": "y", "origin": [1, 0, 0]},
			"faces": {
				"north": {"uv": [2, 16, 0, 14], "texture": "#0"},
				"south": {"uv": [2, 14, 0, 16], "texture": "#0"},
				"west": {"uv": [2, 14, 0, 16], "texture": "#0", "cullface": "west"},
				"up": {"uv": [2, 14, 0, 16], "texture": "#0"},
				"down": {"uv": [2, 14, 0, 16], "texture": "#0"}
			}
		},
		{
			"name": "Element",
			"from": [-16, 9, 8.375],
			"to": [-13.5, 9.75, 9.375],
			"rotation": {"angle": 0, "axis": "y", "origin": [1, 0, 0]},
			"faces": {
				"north": {"uv": [1, 16, 0, 15], "texture": "#0"},
				"east": {"uv": [1, 15, 0, 16], "texture": "#0"},
				"south": {"uv": [1, 15, 0, 16], "texture": "#0"},
				"west": {"uv": [1, 15, 0, 16], "texture": "#0", "cullface": "west"},
				"up": {"uv": [1, 15, 0, 16], "texture": "#0"},
				"down": {"uv": [1, 15, 0, 16], "texture": "#0"}
			}
		},
		{
			"name": "Element",
			"from": [-16, 9, 6.625],
			"to": [-13.5, 9.75, 7.625],
			"rotation": {"angle": 0, "axis": "y", "origin": [1, 0, 0]},
			"faces": {
				"north": {"uv": [1, 16, 0, 15], "texture": "#0"},
				"east": {"uv": [1, 15, 0, 16], "texture": "#0"},
				"south": {"uv": [1, 15, 0, 16], "texture": "#0"},
				"west": {"uv": [1, 15, 0, 16], "texture": "#0", "cullface": "west"},
				"up": {"uv": [1, 15, 0, 16], "texture": "#0"},
				"down": {"uv": [1, 15, 0, 16], "texture": "#0"}
			}
		},
		{
			"name": "Element",
			"from": [-16, 9.75, 6.625],
			"to": [-13.5, 10.15, 9.375],
			"rotation": {"angle": 0, "axis": "y", "origin": [1, 0, 0]},
			"faces": {
				"north": {"uv": [1, 16, 0, 15], "texture": "#0"},
				"east": {"uv": [1, 15, 0, 16], "texture": "#0"},
				"south": {"uv": [1, 15, 0, 16], "texture": "#0"},
				"west": {"uv": [1, 15, 0, 16], "texture": "#0", "cullface": "west"},
				"up": {"uv": [1, 15, 0, 16], "texture": "#0"},
				"down": {"uv": [1, 15, 0, 16], "texture": "#0"}
			}
		},
		{
			"name": "Element",
			"from": [-16, 8.575, 6.625],
			"to": [-13.5, 9, 9.375],
			"rotation": {"angle": 0, "axis": "y", "origin": [1, 0, 0]},
			"faces": {
				"north": {"uv": [1, 16, 0, 15], "texture": "#0"},
				"east": {"uv": [1, 15, 0, 16], "texture": "#0"},
				"south": {"uv": [1, 15, 0, 16], "texture": "#0"},
				"west": {"uv": [1, 15, 0, 16], "texture": "#0", "cullface": "west"},
				"up": {"uv": [1, 15, 0, 16], "texture": "#0"},
				"down": {"uv": [1, 15, 0, 16], "texture": "#0"}
			}
		},
		{
			"name": "Element",
			"from": [-14, 8.75, 7.625],
			"to": [-1.25, 9, 8.375],
			"rotation": {"angle": 0, "axis": "y", "origin": [1, 0, 0]},
			"faces": {
				"north": {"uv": [2, 16, 0, 14], "texture": "#0"},
				"south": {"uv": [2, 14, 0, 16], "texture": "#0"},
				"west": {"uv": [2, 14, 0, 16], "texture": "#0", "cullface": "west"},
				"up": {"uv": [2, 14, 0, 16], "texture": "#0"},
				"down": {"uv": [2, 14, 0, 16], "texture": "#0"}
			}
		},
		{
			"name": "Element",
			"from": [13.25, 6.5, 7.25],
			"to": [15.375, 8.5, 8.75],
			"rotation": {"angle": 0, "axis": "y", "origin": [1, 0, 0]},
			"faces": {
				"north": {"uv": [11, 7, 12, 8], "texture": "#0"},
				"east": {"uv": [11, 7, 12, 8], "texture": "#0", "cullface": "east"},
				"south": {"uv": [11, 7, 12, 8], "texture": "#0"},
				"west": {"uv": [11, 7, 12, 8], "texture": "#0"},
				"down": {"uv": [12, 8, 11, 7], "texture": "#0"}
			}
		},
		{
			"name": "Element",
			"from": [11.5, 6.8, 7.25],
			"to": [13.25, 8.5, 8.75],
			"rotation": {"angle": 0, "axis": "y", "origin": [0.75, 0, 0]},
			"faces": {
				"north": {"uv": [11, 7, 12, 8], "texture": "#0"},
				"east": {"uv": [11, 7, 12, 8], "texture": "#0", "cullface": "east"},
				"south": {"uv": [11, 7, 12, 8], "texture": "#0"},
				"west": {"uv": [11, 7, 12, 8], "texture": "#0"},
				"down": {"uv": [12, 8, 11, 7], "texture": "#0"}
			}
		},
		{
			"name": "Element",
			"from": [9.85, 7.1, 7.25],
			"to": [11.5, 8.5, 8.75],
			"rotation": {"angle": 0, "axis": "y", "origin": [0.75, 0, 0]},
			"faces": {
				"north": {"uv": [11, 7, 12, 8], "texture": "#0"},
				"east": {"uv": [11, 7, 12, 8], "texture": "#0", "cullface": "east"},
				"south": {"uv": [11, 7, 12, 8], "texture": "#0"},
				"west": {"uv": [11, 7, 12, 8], "texture": "#0"},
				"down": {"uv": [12, 8, 11, 7], "texture": "#0"}
			}
		},
		{
			"name": "Element",
			"from": [11.875, 3.075, 7.25],
			"to": [12.575, 4.6, 8.75],
			"rotation": {"angle": 22.5, "axis": "z", "origin": [0.75, 0, 0]},
			"faces": {
				"north": {"uv": [11, 7, 12, 8], "texture": "#0"},
				"east": {"uv": [11, 7, 12, 8], "texture": "#0", "cullface": "east"},
				"south": {"uv": [11, 7, 12, 8], "texture": "#0"},
				"west": {"uv": [11, 7, 12, 8], "texture": "#0"},
				"down": {"uv": [12, 8, 11, 7], "texture": "#0"}
			}
		},
		{
			"name": "Element",
			"from": [27, 6, 7.25],
			"to": [28, 10.5, 8.75],
			"rotation": {"angle": 0, "axis": "y", "origin": [-0.75, 0, 0]},
			"faces": {
				"north": {"uv": [15, 11, 16, 12], "texture": "#0"},
				"east": {"uv": [15, 11, 16, 12], "texture": "#0", "cullface": "east"},
				"south": {"uv": [15, 11, 16, 12], "texture": "#0"},
				"west": {"uv": [15, 11, 16, 12], "texture": "#0"},
				"up": {"uv": [15, 11, 16, 12], "texture": "#0"},
				"down": {"uv": [16, 12, 15, 11], "texture": "#0"}
			}
		},
		{
			"name": "Element",
			"from": [27, 6.25, 7],
			"to": [28, 10.25, 9],
			"rotation": {"angle": 0, "axis": "y", "origin": [-0.75, 0, 0]},
			"faces": {
				"north": {"uv": [15, 11, 16, 12], "texture": "#0"},
				"east": {"uv": [15, 11, 16, 12], "texture": "#0", "cullface": "east"},
				"south": {"uv": [15, 11, 16, 12], "texture": "#0"},
				"west": {"uv": [15, 11, 16, 12], "texture": "#0"},
				"up": {"uv": [15, 11, 16, 12], "texture": "#0"},
				"down": {"uv": [16, 12, 15, 11], "texture": "#0"}
			}
		},
		{
			"name": "Element",
			"from": [23.75, 6, 7.75],
			"to": [27, 6.65, 8.25],
			"rotation": {"angle": 0, "axis": "y", "origin": [-0.75, 0, 0]},
			"faces": {
				"north": {"uv": [15, 12, 16, 11], "texture": "#0"},
				"east": {"uv": [15, 12, 16, 11], "texture": "#0", "cullface": "east"},
				"south": {"uv": [15, 12, 16, 11], "texture": "#0"},
				"west": {"uv": [15, 12, 16, 11], "texture": "#0"},
				"up": {"uv": [15, 12, 16, 11], "texture": "#0"},
				"down": {"uv": [16, 11, 15, 12], "texture": "#0"}
			}
		},
		{
			"name": "Element",
			"from": [24.175, -3.825, 7.75],
			"to": [24.675, 0.175, 8.25],
			"rotation": {"angle": 22.5, "axis": "z", "origin": [-0.75, 0, 0]},
			"faces": {
				"north": {"uv": [15, 12, 16, 11], "rotation": 270, "texture": "#0"},
				"east": {"uv": [15, 12, 16, 11], "rotation": 90, "texture": "#0"},
				"south": {"uv": [15, 12, 16, 11], "rotation": 90, "texture": "#0"},
				"west": {"uv": [16, 11, 15, 12], "rotation": 90, "texture": "#0"},
				"up": {"uv": [15, 12, 16, 11], "rotation": 90, "texture": "#0"},
				"down": {"uv": [15, 12, 16, 11], "rotation": 90, "texture": "#0", "cullface": "east"}
			}
		},
		{
			"name": "Element",
			"from": [-1.75, 8.5, 7.25],
			"to": [27, 10.25, 8.75],
			"rotation": {"angle": 0, "axis": "y", "origin": [1, 0, 0]},
			"faces": {
				"north": {"uv": [10, 6, 13, 8], "texture": "#0"},
				"east": {"uv": [10, 6, 13, 8], "texture": "#0", "cullface": "east"},
				"south": {"uv": [10, 6, 13, 8], "texture": "#0"},
				"west": {"uv": [10, 6, 13, 8], "texture": "#0"},
				"up": {"uv": [10, 6, 13, 8], "texture": "#0"},
				"down": {"uv": [13, 8, 10, 6], "texture": "#0"}
			}
		},
		{
			"name": "Element",
			"from": [-1.75, 8.925, 7],
			"to": [27, 9.675, 9],
			"rotation": {"angle": 0, "axis": "y", "origin": [1, 0, 0]},
			"faces": {
				"north": {"uv": [10, 6, 13, 8], "texture": "#0"},
				"east": {"uv": [10, 6, 13, 8], "texture": "#0", "cullface": "east"},
				"south": {"uv": [10, 6, 13, 8], "texture": "#0"},
				"west": {"uv": [10, 6, 13, 8], "texture": "#0"},
				"up": {"uv": [10, 6, 13, 8], "texture": "#0"},
				"down": {"uv": [13, 8, 10, 6], "texture": "#0"}
			}
		},
		{
			"name": "Element",
			"from": [-0.75, 8.575, 7.225],
			"to": [0, 10.025, 8.775],
			"rotation": {"angle": 0, "axis": "y", "origin": [1, 0, 0]},
			"faces": {
				"north": {"uv": [15, 12, 16, 11], "texture": "#0"},
				"east": {"uv": [15, 12, 16, 11], "texture": "#0", "cullface": "east"},
				"south": {"uv": [15, 12, 16, 11], "texture": "#0"},
				"west": {"uv": [15, 12, 16, 11], "texture": "#0"},
				"up": {"uv": [15, 12, 16, 11], "texture": "#0"},
				"down": {"uv": [16, 12, 15, 11], "texture": "#0"}
			}
		},
		{
			"name": "Element",
			"from": [2.25, 8.575, 7.225],
			"to": [3, 10.025, 8.775],
			"rotation": {"angle": 0, "axis": "y", "origin": [1, 0, 0]},
			"faces": {
				"north": {"uv": [15, 12, 16, 11], "texture": "#0"},
				"east": {"uv": [15, 12, 16, 11], "texture": "#0", "cullface": "east"},
				"south": {"uv": [15, 12, 16, 11], "texture": "#0"},
				"west": {"uv": [15, 12, 16, 11], "texture": "#0"},
				"up": {"uv": [15, 12, 16, 11], "texture": "#0"},
				"down": {"uv": [16, 12, 15, 11], "texture": "#0"}
			}
		},
		{
			"name": "Element",
			"from": [1.25, 8.575, 7.225],
			"to": [2, 10.025, 8.775],
			"rotation": {"angle": 0, "axis": "y", "origin": [1, 0, 0]},
			"faces": {
				"north": {"uv": [15, 12, 16, 11], "texture": "#0"},
				"east": {"uv": [15, 12, 16, 11], "texture": "#0", "cullface": "east"},
				"south": {"uv": [15, 12, 16, 11], "texture": "#0"},
				"west": {"uv": [15, 12, 16, 11], "texture": "#0"},
				"up": {"uv": [15, 12, 16, 11], "texture": "#0"},
				"down": {"uv": [16, 12, 15, 11], "texture": "#0"}
			}
		},
		{
			"name": "Element",
			"from": [3.25, 8.575, 7.225],
			"to": [4, 10.025, 8.775],
			"rotation": {"angle": 0, "axis": "y", "origin": [1, 0, 0]},
			"faces": {
				"north": {"uv": [15, 12, 16, 11], "texture": "#0"},
				"east": {"uv": [15, 12, 16, 11], "texture": "#0", "cullface": "east"},
				"south": {"uv": [15, 12, 16, 11], "texture": "#0"},
				"west": {"uv": [15, 12, 16, 11], "texture": "#0"},
				"up": {"uv": [15, 12, 16, 11], "texture": "#0"},
				"down": {"uv": [16, 12, 15, 11], "texture": "#0"}
			}
		},
		{
			"name": "Element",
			"from": [4.25, 8.575, 7.225],
			"to": [5, 10.025, 8.775],
			"rotation": {"angle": 0, "axis": "y", "origin": [1, 0, 0]},
			"faces": {
				"north": {"uv": [15, 12, 16, 11], "texture": "#0"},
				"east": {"uv": [15, 12, 16, 11], "texture": "#0", "cullface": "east"},
				"south": {"uv": [15, 12, 16, 11], "texture": "#0"},
				"west": {"uv": [15, 12, 16, 11], "texture": "#0"},
				"up": {"uv": [15, 12, 16, 11], "texture": "#0"},
				"down": {"uv": [16, 12, 15, 11], "texture": "#0"}
			}
		},
		{
			"name": "Element",
			"from": [5.25, 8.575, 7.225],
			"to": [6, 10.025, 8.775],
			"rotation": {"angle": 0, "axis": "y", "origin": [1, 0, 0]},
			"faces": {
				"north": {"uv": [15, 12, 16, 11], "texture": "#0"},
				"east": {"uv": [15, 12, 16, 11], "texture": "#0", "cullface": "east"},
				"south": {"uv": [15, 12, 16, 11], "texture": "#0"},
				"west": {"uv": [15, 12, 16, 11], "texture": "#0"},
				"up": {"uv": [15, 12, 16, 11], "texture": "#0"},
				"down": {"uv": [16, 12, 15, 11], "texture": "#0"}
			}
		},
		{
			"name": "Element",
			"from": [9.75, 9.075, 7.225],
			"to": [14, 10.025, 8.275],
			"rotation": {"angle": 0, "axis": "y", "origin": [1, 0, 0]},
			"faces": {
				"north": {"uv": [15, 12, 16, 11], "texture": "#0"},
				"east": {"uv": [15, 12, 16, 11], "texture": "#0", "cullface": "east"},
				"south": {"uv": [15, 12, 16, 11], "texture": "#0"},
				"west": {"uv": [15, 12, 16, 11], "texture": "#0"},
				"up": {"uv": [15, 12, 16, 11], "texture": "#0"},
				"down": {"uv": [16, 12, 15, 11], "texture": "#0"}
			}
		},
		{
			"name": "Element",
			"from": [9.75, 9.15, 6.975],
			"to": [15, 9.7, 8.275],
			"rotation": {"angle": 0, "axis": "y", "origin": [1, 0, 0]},
			"faces": {
				"north": {"uv": [15, 12, 16, 11], "texture": "#0"},
				"east": {"uv": [15, 12, 16, 11], "texture": "#0", "cullface": "east"},
				"south": {"uv": [15, 12, 16, 11], "texture": "#0"},
				"west": {"uv": [15, 12, 16, 11], "texture": "#0"},
				"up": {"uv": [15, 12, 16, 11], "texture": "#0"},
				"down": {"uv": [16, 12, 15, 11], "texture": "#0"}
			}
		},
		{
			"name": "Element",
			"from": [0.25, 8.575, 7.225],
			"to": [1, 10.025, 8.775],
			"rotation": {"angle": 0, "axis": "y", "origin": [1, 0, 0]},
			"faces": {
				"north": {"uv": [15, 12, 16, 11], "texture": "#0"},
				"east": {"uv": [15, 12, 16, 11], "texture": "#0", "cullface": "east"},
				"south": {"uv": [15, 12, 16, 11], "texture": "#0"},
				"west": {"uv": [15, 12, 16, 11], "texture": "#0"},
				"up": {"uv": [15, 12, 16, 11], "texture": "#0"},
				"down": {"uv": [16, 12, 15, 11], "texture": "#0"}
			}
		},
		{
			"name": "Element",
			"from": [15.375, 7.75, 7.5],
			"to": [18.25, 8.5, 8.5],
			"rotation": {"angle": 0, "axis": "y", "origin": [1, 0, 0]},
			"faces": {
				"north": {"uv": [1, 16, 0, 15], "texture": "#0"},
				"east": {"uv": [1, 16, 0, 15], "texture": "#0", "cullface": "east"},
				"south": {"uv": [1, 16, 0, 15], "texture": "#0"},
				"west": {"uv": [1, 16, 0, 15], "texture": "#0"},
				"down": {"uv": [1, 15, 0, 16], "texture": "#0"}
			}
		},
		{
			"name": "Element",
			"from": [10.1, 4.25, 7.375],
			"to": [11.65, 7.75, 8.625],
			"rotation": {"angle": 0, "axis": "y", "origin": [1.25, -0.5, 0.125]},
			"faces": {
				"north": {"uv": [16, 12, 15, 11], "texture": "#0"},
				"east": {"uv": [16, 12, 15, 11], "texture": "#0"},
				"south": {"uv": [16, 12, 15, 11], "texture": "#0"},
				"west": {"uv": [16, 12, 15, 11], "texture": "#0"},
				"up": {"uv": [16, 12, 15, 11], "texture": "#0"},
				"down": {"uv": [15, 11, 16, 12], "texture": "#0"}
			}
		},
		{
			"name": "Element",
			"from": [13.4, 3.5, 7.375],
			"to": [15.15, 7.75, 8.625],
			"rotation": {"angle": 0, "axis": "y", "origin": [1.25, -0.5, 0.125]},
			"faces": {
				"north": {"uv": [16, 12, 15, 11], "texture": "#0"},
				"east": {"uv": [16, 12, 15, 11], "texture": "#0"},
				"south": {"uv": [16, 12, 15, 11], "texture": "#0"},
				"west": {"uv": [16, 12, 15, 11], "texture": "#0"},
				"up": {"uv": [16, 12, 15, 11], "texture": "#0"},
				"down": {"uv": [15, 11, 16, 12], "texture": "#0"}
			}
		},
		{
			"name": "Element",
			"from": [11.65, 3.875, 7.375],
			"to": [13.4, 7.75, 8.625],
			"rotation": {"angle": 0, "axis": "y", "origin": [1.25, -0.5, 0.125]},
			"faces": {
				"north": {"uv": [16, 12, 15, 11], "texture": "#0"},
				"east": {"uv": [16, 12, 15, 11], "texture": "#0"},
				"south": {"uv": [16, 12, 15, 11], "texture": "#0"},
				"west": {"uv": [16, 12, 15, 11], "texture": "#0"},
				"up": {"uv": [16, 12, 15, 11], "texture": "#0"},
				"down": {"uv": [15, 11, 16, 12], "texture": "#0"}
			}
		},
		{
			"name": "Element",
			"from": [15.25, 6.75, 7.75],
			"to": [15.5, 7.75, 8.25],
			"rotation": {"angle": 0, "axis": "y", "origin": [1, 0, 0]},
			"faces": {
				"north": {"uv": [1, 16, 0, 15], "texture": "#0"},
				"east": {"uv": [1, 16, 0, 15], "texture": "#0"},
				"south": {"uv": [1, 16, 0, 15], "texture": "#0"},
				"west": {"uv": [1, 16, 0, 15], "texture": "#0"},
				"up": {"uv": [1, 16, 0, 15], "texture": "#0"},
				"down": {"uv": [1, 15, 0, 16], "texture": "#0"}
			}
		},
		{
			"name": "Element",
			"from": [15.5, 6.5, 7.75],
			"to": [15.75, 6.75, 8.25],
			"rotation": {"angle": 0, "axis": "y", "origin": [1, 0, 0]},
			"faces": {
				"north": {"uv": [1, 16, 0, 15], "texture": "#0"},
				"east": {"uv": [1, 16, 0, 15], "texture": "#0"},
				"south": {"uv": [1, 16, 0, 15], "texture": "#0"},
				"west": {"uv": [1, 16, 0, 15], "texture": "#0"},
				"up": {"uv": [1, 16, 0, 15], "texture": "#0"},
				"down": {"uv": [1, 15, 0, 16], "texture": "#0"}
			}
		},
		{
			"name": "Element",
			"from": [17, 6.5, 7.75],
			"to": [17.25, 6.75, 8.25],
			"rotation": {"angle": 0, "axis": "y", "origin": [1, 0, 0]},
			"faces": {
				"north": {"uv": [1, 16, 0, 15], "texture": "#0"},
				"east": {"uv": [1, 16, 0, 15], "texture": "#0"},
				"south": {"uv": [1, 16, 0, 15], "texture": "#0"},
				"west": {"uv": [1, 16, 0, 15], "texture": "#0"},
				"up": {"uv": [1, 16, 0, 15], "texture": "#0"},
				"down": {"uv": [1, 15, 0, 16], "texture": "#0"}
			}
		},
		{
			"name": "Element",
			"from": [15.75, 6.25, 7.75],
			"to": [17, 6.5, 8.25],
			"rotation": {"angle": 0, "axis": "y", "origin": [1, 0, 0]},
			"faces": {
				"north": {"uv": [1, 16, 0, 15], "texture": "#0"},
				"east": {"uv": [1, 16, 0, 15], "texture": "#0"},
				"south": {"uv": [1, 16, 0, 15], "texture": "#0"},
				"west": {"uv": [1, 16, 0, 15], "texture": "#0"},
				"up": {"uv": [1, 16, 0, 15], "texture": "#0"},
				"down": {"uv": [1, 15, 0, 16], "texture": "#0"}
			}
		},
		{
			"name": "Element",
			"from": [16.85, 6.75, 7.75],
			"to": [17.1, 8, 8.25],
			"rotation": {"angle": -22.5, "axis": "z", "origin": [16.75, 8.25, 7.75]},
			"faces": {
				"north": {"uv": [1, 16, 0, 15], "texture": "#0"},
				"east": {"uv": [1, 16, 0, 15], "texture": "#0", "cullface": "east"},
				"south": {"uv": [1, 16, 0, 15], "texture": "#0"},
				"west": {"uv": [1, 16, 0, 15], "texture": "#0"},
				"up": {"uv": [1, 16, 0, 15], "texture": "#0"},
				"down": {"uv": [1, 15, 0, 16], "texture": "#0"}
			}
		},
		{
			"name": "Element",
			"from": [17.25, 6.75, 7.5],
			"to": [18, 7.75, 8.5],
			"rotation": {"angle": 0, "axis": "y", "origin": [1, 0, 0]},
			"faces": {
				"north": {"uv": [1, 16, 0, 15], "texture": "#0"},
				"east": {"uv": [1, 16, 0, 15], "texture": "#0", "cullface": "east"},
				"south": {"uv": [1, 16, 0, 15], "texture": "#0"},
				"west": {"uv": [1, 16, 0, 15], "texture": "#0"},
				"down": {"uv": [1, 15, 0, 16], "texture": "#0"}
			}
		},
		{
			"name": "Element",
			"from": [13, 13.775, 7.5],
			"to": [14.825, 15, 8.5],
			"rotation": {"angle": -22.5, "axis": "z", "origin": [1, 0, 0]},
			"faces": {
				"north": {"uv": [1, 16, 0, 15], "texture": "#0"},
				"east": {"uv": [1, 16, 0, 15], "texture": "#0", "cullface": "east"},
				"south": {"uv": [1, 16, 0, 15], "texture": "#0"},
				"west": {"uv": [1, 16, 0, 15], "texture": "#0"},
				"up": {"uv": [1, 16, 0, 15], "texture": "#0"},
				"down": {"uv": [1, 15, 0, 16], "texture": "#0"}
			}
		},
		{
			"name": "lel",
			"from": [17.25, 3.75, 7.5],
			"to": [18.825, 7.75, 8.5],
			"rotation": {"angle": 22.5, "axis": "z", "origin": [17.25, 7.75, 7.25]},
			"faces": {
				"north": {"uv": [1, 16, 0, 15], "texture": "#0"},
				"east": {"uv": [1, 16, 0, 15], "texture": "#0", "cullface": "east"},
				"south": {"uv": [1, 16, 0, 15], "texture": "#0"},
				"west": {"uv": [1, 16, 0, 15], "texture": "#0"},
				"down": {"uv": [1, 15, 0, 16], "texture": "#0"}
			}
		},
		{
			"name": "lel",
			"from": [17, 3.75, 7.5],
			"to": [17.25, 4, 8.5],
			"rotation": {"angle": 22.5, "axis": "z", "origin": [17.25, 7.75, 7.25]},
			"faces": {
				"north": {"uv": [1, 16, 0, 15], "texture": "#0"},
				"east": {"uv": [1, 16, 0, 15], "texture": "#0", "cullface": "east"},
				"south": {"uv": [1, 16, 0, 15], "texture": "#0"},
				"west": {"uv": [1, 16, 0, 15], "texture": "#0"},
				"up": {"uv": [1, 16, 0, 15], "texture": "#0"},
				"down": {"uv": [1, 15, 0, 16], "texture": "#0"}
			}
		},
		{
			"name": "lel",
			"from": [17, 5.25, 7.5],
			"to": [17.25, 5.5, 8.5],
			"rotation": {"angle": 22.5, "axis": "z", "origin": [17.25, 7.75, 7.25]},
			"faces": {
				"north": {"uv": [1, 16, 0, 15], "texture": "#0"},
				"east": {"uv": [1, 16, 0, 15], "texture": "#0", "cullface": "east"},
				"south": {"uv": [1, 16, 0, 15], "texture": "#0"},
				"west": {"uv": [1, 16, 0, 15], "texture": "#0"},
				"up": {"uv": [1, 16, 0, 15], "texture": "#0"},
				"down": {"uv": [1, 15, 0, 16], "texture": "#0"}
			}
		},
		{
			"name": "Element",
			"from": [3.75, 10.5, 7.5],
			"to": [5.75, 10.75, 8.5],
			"rotation": {"angle": 0, "axis": "y", "origin": [-1, 0, 0]},
			"faces": {
				"north": {"uv": [2, 16, 0, 14], "texture": "#0"},
				"east": {"uv": [2, 16, 0, 14], "texture": "#0", "cullface": "east"},
				"south": {"uv": [0, 16, 2, 14], "texture": "#0"},
				"west": {"uv": [2, 16, 0, 14], "texture": "#0"},
				"up": {"uv": [0, 16, 2, 14], "texture": "#0"},
				"down": {"uv": [0, 14, 2, 16], "texture": "#0"}
			}
		},
		{
			"name": "Element",
			"from": [-1.75, 10.5, 7.575],
			"to": [-1.6, 10.65, 8.425],
			"rotation": {"angle": 0, "axis": "y", "origin": [-1, 0, 0]},
			"faces": {
				"north": {"uv": [12, 7, 11, 6], "texture": "#0"},
				"east": {"uv": [12, 7, 11, 6], "texture": "#0", "cullface": "east"},
				"south": {"uv": [11, 7, 12, 6], "texture": "#0"},
				"west": {"uv": [12, 7, 11, 6], "texture": "#0"},
				"up": {"uv": [11, 7, 12, 6], "texture": "#0"},
				"down": {"uv": [11, 6, 12, 7], "texture": "#0"}
			}
		},
		{
			"name": "Element",
			"from": [11.15, 10.5, 7.575],
			"to": [11.3, 10.65, 8.425],
			"rotation": {"angle": 0, "axis": "y", "origin": [-1, 0, 0]},
			"faces": {
				"north": {"uv": [12, 7, 11, 6], "texture": "#0"},
				"east": {"uv": [12, 7, 11, 6], "texture": "#0", "cullface": "east"},
				"south": {"uv": [11, 7, 12, 6], "texture": "#0"},
				"west": {"uv": [12, 7, 11, 6], "texture": "#0"},
				"up": {"uv": [11, 7, 12, 6], "texture": "#0"},
				"down": {"uv": [11, 6, 12, 7], "texture": "#0"}
			}
		},
		{
			"name": "Element",
			"from": [10.85, 10.5, 7.575],
			"to": [11, 10.65, 8.425],
			"rotation": {"angle": 0, "axis": "y", "origin": [-1, 0, 0]},
			"faces": {
				"north": {"uv": [12, 7, 11, 6], "texture": "#0"},
				"east": {"uv": [12, 7, 11, 6], "texture": "#0", "cullface": "east"},
				"south": {"uv": [11, 7, 12, 6], "texture": "#0"},
				"west": {"uv": [12, 7, 11, 6], "texture": "#0"},
				"up": {"uv": [11, 7, 12, 6], "texture": "#0"},
				"down": {"uv": [11, 6, 12, 7], "texture": "#0"}
			}
		},
		{
			"name": "Element",
			"from": [10.55, 10.5, 7.575],
			"to": [10.7, 10.65, 8.425],
			"rotation": {"angle": 0, "axis": "y", "origin": [-1, 0, 0]},
			"faces": {
				"north": {"uv": [12, 7, 11, 6], "texture": "#0"},
				"east": {"uv": [12, 7, 11, 6], "texture": "#0", "cullface": "east"},
				"south": {"uv": [11, 7, 12, 6], "texture": "#0"},
				"west": {"uv": [12, 7, 11, 6], "texture": "#0"},
				"up": {"uv": [11, 7, 12, 6], "texture": "#0"},
				"down": {"uv": [11, 6, 12, 7], "texture": "#0"}
			}
		},
		{
			"name": "Element",
			"from": [10.25, 10.5, 7.575],
			"to": [10.4, 10.65, 8.425],
			"rotation": {"angle": 0, "axis": "y", "origin": [-1, 0, 0]},
			"faces": {
				"north": {"uv": [12, 7, 11, 6], "texture": "#0"},
				"east": {"uv": [12, 7, 11, 6], "texture": "#0", "cullface": "east"},
				"south": {"uv": [11, 7, 12, 6], "texture": "#0"},
				"west": {"uv": [12, 7, 11, 6], "texture": "#0"},
				"up": {"uv": [11, 7, 12, 6], "texture": "#0"},
				"down": {"uv": [11, 6, 12, 7], "texture": "#0"}
			}
		},
		{
			"name": "Element",
			"from": [9.95, 10.5, 7.575],
			"to": [10.1, 10.65, 8.425],
			"rotation": {"angle": 0, "axis": "y", "origin": [-1, 0, 0]},
			"faces": {
				"north": {"uv": [12, 7, 11, 6], "texture": "#0"},
				"east": {"uv": [12, 7, 11, 6], "texture": "#0", "cullface": "east"},
				"south": {"uv": [11, 7, 12, 6], "texture": "#0"},
				"west": {"uv": [12, 7, 11, 6], "texture": "#0"},
				"up": {"uv": [11, 7, 12, 6], "texture": "#0"},
				"down": {"uv": [11, 6, 12, 7], "texture": "#0"}
			}
		},
		{
			"name": "Element",
			"from": [9.65, 10.5, 7.575],
			"to": [9.8, 10.65, 8.425],
			"rotation": {"angle": 0, "axis": "y", "origin": [-1, 0, 0]},
			"faces": {
				"north": {"uv": [12, 7, 11, 6], "texture": "#0"},
				"east": {"uv": [12, 7, 11, 6], "texture": "#0", "cullface": "east"},
				"south": {"uv": [11, 7, 12, 6], "texture": "#0"},
				"west": {"uv": [12, 7, 11, 6], "texture": "#0"},
				"up": {"uv": [11, 7, 12, 6], "texture": "#0"},
				"down": {"uv": [11, 6, 12, 7], "texture": "#0"}
			}
		},
		{
			"name": "Element",
			"from": [9.35, 10.5, 7.575],
			"to": [9.5, 10.65, 8.425],
			"rotation": {"angle": 0, "axis": "y", "origin": [-1, 0, 0]},
			"faces": {
				"north": {"uv": [12, 7, 11, 6], "texture": "#0"},
				"east": {"uv": [12, 7, 11, 6], "texture": "#0", "cullface": "east"},
				"south": {"uv": [11, 7, 12, 6], "texture": "#0"},
				"west": {"uv": [12, 7, 11, 6], "texture": "#0"},
				"up": {"uv": [11, 7, 12, 6], "texture": "#0"},
				"down": {"uv": [11, 6, 12, 7], "texture": "#0"}
			}
		},
		{
			"name": "Element",
			"from": [9.05, 10.5, 7.575],
			"to": [9.2, 10.65, 8.425],
			"rotation": {"angle": 0, "axis": "y", "origin": [-1, 0, 0]},
			"faces": {
				"north": {"uv": [12, 7, 11, 6], "texture": "#0"},
				"east": {"uv": [12, 7, 11, 6], "texture": "#0", "cullface": "east"},
				"south": {"uv": [11, 7, 12, 6], "texture": "#0"},
				"west": {"uv": [12, 7, 11, 6], "texture": "#0"},
				"up": {"uv": [11, 7, 12, 6], "texture": "#0"},
				"down": {"uv": [11, 6, 12, 7], "texture": "#0"}
			}
		},
		{
			"name": "Element",
			"from": [8.75, 10.5, 7.575],
			"to": [8.9, 10.65, 8.425],
			"rotation": {"angle": 0, "axis": "y", "origin": [-1, 0, 0]},
			"faces": {
				"north": {"uv": [12, 7, 11, 6], "texture": "#0"},
				"east": {"uv": [12, 7, 11, 6], "texture": "#0", "cullface": "east"},
				"south": {"uv": [11, 7, 12, 6], "texture": "#0"},
				"west": {"uv": [12, 7, 11, 6], "texture": "#0"},
				"up": {"uv": [11, 7, 12, 6], "texture": "#0"},
				"down": {"uv": [11, 6, 12, 7], "texture": "#0"}
			}
		},
		{
			"name": "Element",
			"from": [8.45, 10.5, 7.575],
			"to": [8.6, 10.65, 8.425],
			"rotation": {"angle": 0, "axis": "y", "origin": [-1, 0, 0]},
			"faces": {
				"north": {"uv": [12, 7, 11, 6], "texture": "#0"},
				"east": {"uv": [12, 7, 11, 6], "texture": "#0", "cullface": "east"},
				"south": {"uv": [11, 7, 12, 6], "texture": "#0"},
				"west": {"uv": [12, 7, 11, 6], "texture": "#0"},
				"up": {"uv": [11, 7, 12, 6], "texture": "#0"},
				"down": {"uv": [11, 6, 12, 7], "texture": "#0"}
			}
		},
		{
			"name": "Element",
			"from": [8.15, 10.5, 7.575],
			"to": [8.3, 10.65, 8.425],
			"rotation": {"angle": 0, "axis": "y", "origin": [-1, 0, 0]},
			"faces": {
				"north": {"uv": [12, 7, 11, 6], "texture": "#0"},
				"east": {"uv": [12, 7, 11, 6], "texture": "#0", "cullface": "east"},
				"south": {"uv": [11, 7, 12, 6], "texture": "#0"},
				"west": {"uv": [12, 7, 11, 6], "texture": "#0"},
				"up": {"uv": [11, 7, 12, 6], "texture": "#0"},
				"down": {"uv": [11, 6, 12, 7], "texture": "#0"}
			}
		},
		{
			"name": "Element",
			"from": [7.85, 10.5, 7.575],
			"to": [8, 10.65, 8.425],
			"rotation": {"angle": 0, "axis": "y", "origin": [-1, 0, 0]},
			"faces": {
				"north": {"uv": [12, 7, 11, 6], "texture": "#0"},
				"east": {"uv": [12, 7, 11, 6], "texture": "#0", "cullface": "east"},
				"south": {"uv": [11, 7, 12, 6], "texture": "#0"},
				"west": {"uv": [12, 7, 11, 6], "texture": "#0"},
				"up": {"uv": [11, 7, 12, 6], "texture": "#0"},
				"down": {"uv": [11, 6, 12, 7], "texture": "#0"}
			}
		},
		{
			"name": "Element",
			"from": [7.55, 10.5, 7.575],
			"to": [7.7, 10.65, 8.425],
			"rotation": {"angle": 0, "axis": "y", "origin": [-1, 0, 0]},
			"faces": {
				"north": {"uv": [12, 7, 11, 6], "texture": "#0"},
				"east": {"uv": [12, 7, 11, 6], "texture": "#0", "cullface": "east"},
				"south": {"uv": [11, 7, 12, 6], "texture": "#0"},
				"west": {"uv": [12, 7, 11, 6], "texture": "#0"},
				"up": {"uv": [11, 7, 12, 6], "texture": "#0"},
				"down": {"uv": [11, 6, 12, 7], "texture": "#0"}
			}
		},
		{
			"name": "Element",
			"from": [7.25, 10.5, 7.575],
			"to": [7.4, 10.65, 8.425],
			"rotation": {"angle": 0, "axis": "y", "origin": [-1, 0, 0]},
			"faces": {
				"north": {"uv": [12, 7, 11, 6], "texture": "#0"},
				"east": {"uv": [12, 7, 11, 6], "texture": "#0", "cullface": "east"},
				"south": {"uv": [11, 7, 12, 6], "texture": "#0"},
				"west": {"uv": [12, 7, 11, 6], "texture": "#0"},
				"up": {"uv": [11, 7, 12, 6], "texture": "#0"},
				"down": {"uv": [11, 6, 12, 7], "texture": "#0"}
			}
		},
		{
			"name": "Element",
			"from": [6.95, 10.5, 7.575],
			"to": [7.1, 10.65, 8.425],
			"rotation": {"angle": 0, "axis": "y", "origin": [-1, 0, 0]},
			"faces": {
				"north": {"uv": [12, 7, 11, 6], "texture": "#0"},
				"east": {"uv": [12, 7, 11, 6], "texture": "#0", "cullface": "east"},
				"south": {"uv": [11, 7, 12, 6], "texture": "#0"},
				"west": {"uv": [12, 7, 11, 6], "texture": "#0"},
				"up": {"uv": [11, 7, 12, 6], "texture": "#0"},
				"down": {"uv": [11, 6, 12, 7], "texture": "#0"}
			}
		},
		{
			"name": "Element",
			"from": [6.65, 10.5, 7.575],
			"to": [6.8, 10.65, 8.425],
			"rotation": {"angle": 0, "axis": "y", "origin": [-1, 0, 0]},
			"faces": {
				"north": {"uv": [12, 7, 11, 6], "texture": "#0"},
				"east": {"uv": [12, 7, 11, 6], "texture": "#0", "cullface": "east"},
				"south": {"uv": [11, 7, 12, 6], "texture": "#0"},
				"west": {"uv": [12, 7, 11, 6], "texture": "#0"},
				"up": {"uv": [11, 7, 12, 6], "texture": "#0"},
				"down": {"uv": [11, 6, 12, 7], "texture": "#0"}
			}
		},
		{
			"name": "Element",
			"from": [6.35, 10.5, 7.575],
			"to": [6.5, 10.65, 8.425],
			"rotation": {"angle": 0, "axis": "y", "origin": [-1, 0, 0]},
			"faces": {
				"north": {"uv": [12, 7, 11, 6], "texture": "#0"},
				"east": {"uv": [12, 7, 11, 6], "texture": "#0", "cullface": "east"},
				"south": {"uv": [11, 7, 12, 6], "texture": "#0"},
				"west": {"uv": [12, 7, 11, 6], "texture": "#0"},
				"up": {"uv": [11, 7, 12, 6], "texture": "#0"},
				"down": {"uv": [11, 6, 12, 7], "texture": "#0"}
			}
		},
		{
			"name": "Element",
			"from": [6.05, 10.5, 7.575],
			"to": [6.2, 10.65, 8.425],
			"rotation": {"angle": 0, "axis": "y", "origin": [-1, 0, 0]},
			"faces": {
				"north": {"uv": [12, 7, 11, 6], "texture": "#0"},
				"east": {"uv": [12, 7, 11, 6], "texture": "#0", "cullface": "east"},
				"south": {"uv": [11, 7, 12, 6], "texture": "#0"},
				"west": {"uv": [12, 7, 11, 6], "texture": "#0"},
				"up": {"uv": [11, 7, 12, 6], "texture": "#0"},
				"down": {"uv": [11, 6, 12, 7], "texture": "#0"}
			}
		},
		{
			"name": "Element",
			"from": [5.75, 10.5, 7.575],
			"to": [5.9, 10.65, 8.425],
			"rotation": {"angle": 0, "axis": "y", "origin": [-1, 0, 0]},
			"faces": {
				"north": {"uv": [12, 7, 11, 6], "texture": "#0"},
				"east": {"uv": [12, 7, 11, 6], "texture": "#0", "cullface": "east"},
				"south": {"uv": [11, 7, 12, 6], "texture": "#0"},
				"west": {"uv": [12, 7, 11, 6], "texture": "#0"},
				"up": {"uv": [11, 7, 12, 6], "texture": "#0"},
				"down": {"uv": [11, 6, 12, 7], "texture": "#0"}
			}
		},
		{
			"name": "Element",
			"from": [16.85, 10.5, 7.575],
			"to": [17, 10.65, 8.425],
			"rotation": {"angle": 0, "axis": "y", "origin": [-1, 0, 0]},
			"faces": {
				"north": {"uv": [12, 7, 11, 6], "texture": "#0"},
				"east": {"uv": [12, 7, 11, 6], "texture": "#0", "cullface": "east"},
				"south": {"uv": [11, 7, 12, 6], "texture": "#0"},
				"west": {"uv": [12, 7, 11, 6], "texture": "#0"},
				"up": {"uv": [11, 7, 12, 6], "texture": "#0"},
				"down": {"uv": [11, 6, 12, 7], "texture": "#0"}
			}
		},
		{
			"name": "Element",
			"from": [16.55, 10.5, 7.575],
			"to": [16.7, 10.65, 8.425],
			"rotation": {"angle": 0, "axis": "y", "origin": [-1, 0, 0]},
			"faces": {
				"north": {"uv": [12, 7, 11, 6], "texture": "#0"},
				"east": {"uv": [12, 7, 11, 6], "texture": "#0", "cullface": "east"},
				"south": {"uv": [11, 7, 12, 6], "texture": "#0"},
				"west": {"uv": [12, 7, 11, 6], "texture": "#0"},
				"up": {"uv": [11, 7, 12, 6], "texture": "#0"},
				"down": {"uv": [11, 6, 12, 7], "texture": "#0"}
			}
		},
		{
			"name": "Element",
			"from": [16.25, 10.5, 7.575],
			"to": [16.4, 10.65, 8.425],
			"rotation": {"angle": 0, "axis": "y", "origin": [-1, 0, 0]},
			"faces": {
				"north": {"uv": [12, 7, 11, 6], "texture": "#0"},
				"east": {"uv": [12, 7, 11, 6], "texture": "#0", "cullface": "east"},
				"south": {"uv": [11, 7, 12, 6], "texture": "#0"},
				"west": {"uv": [12, 7, 11, 6], "texture": "#0"},
				"up": {"uv": [11, 7, 12, 6], "texture": "#0"},
				"down": {"uv": [11, 6, 12, 7], "texture": "#0"}
			}
		},
		{
			"name": "Element",
			"from": [15.95, 10.5, 7.575],
			"to": [16.1, 10.65, 8.425],
			"rotation": {"angle": 0, "axis": "y", "origin": [-1, 0, 0]},
			"faces": {
				"north": {"uv": [12, 7, 11, 6], "texture": "#0"},
				"east": {"uv": [12, 7, 11, 6], "texture": "#0", "cullface": "east"},
				"south": {"uv": [11, 7, 12, 6], "texture": "#0"},
				"west": {"uv": [12, 7, 11, 6], "texture": "#0"},
				"up": {"uv": [11, 7, 12, 6], "texture": "#0"},
				"down": {"uv": [11, 6, 12, 7], "texture": "#0"}
			}
		},
		{
			"name": "Element",
			"from": [18.05, 10.5, 7.575],
			"to": [18.2, 10.65, 8.425],
			"rotation": {"angle": 0, "axis": "y", "origin": [-1, 0, 0]},
			"faces": {
				"north": {"uv": [12, 7, 11, 6], "texture": "#0"},
				"east": {"uv": [12, 7, 11, 6], "texture": "#0", "cullface": "east"},
				"south": {"uv": [11, 7, 12, 6], "texture": "#0"},
				"west": {"uv": [12, 7, 11, 6], "texture": "#0"},
				"up": {"uv": [11, 7, 12, 6], "texture": "#0"},
				"down": {"uv": [11, 6, 12, 7], "texture": "#0"}
			}
		},
		{
			"name": "Element",
			"from": [17.75, 10.5, 7.575],
			"to": [17.9, 10.65, 8.425],
			"rotation": {"angle": 0, "axis": "y", "origin": [-1, 0, 0]},
			"faces": {
				"north": {"uv": [12, 7, 11, 6], "texture": "#0"},
				"east": {"uv": [12, 7, 11, 6], "texture": "#0", "cullface": "east"},
				"south": {"uv": [11, 7, 12, 6], "texture": "#0"},
				"west": {"uv": [12, 7, 11, 6], "texture": "#0"},
				"up": {"uv": [11, 7, 12, 6], "texture": "#0"},
				"down": {"uv": [11, 6, 12, 7], "texture": "#0"}
			}
		},
		{
			"name": "Element",
			"from": [18.65, 10.5, 7.575],
			"to": [19.3, 10.65, 8.425],
			"rotation": {"angle": 0, "axis": "y", "origin": [-1, 0, 0]},
			"faces": {
				"north": {"uv": [12, 7, 11, 6], "texture": "#0"},
				"east": {"uv": [12, 7, 11, 6], "texture": "#0", "cullface": "east"},
				"south": {"uv": [11, 7, 12, 6], "texture": "#0"},
				"west": {"uv": [12, 7, 11, 6], "texture": "#0"},
				"up": {"uv": [11, 7, 12, 6], "texture": "#0"},
				"down": {"uv": [11, 6, 12, 7], "texture": "#0"}
			}
		},
		{
			"name": "Element",
			"from": [18.35, 10.5, 7.575],
			"to": [18.5, 10.65, 8.425],
			"rotation": {"angle": 0, "axis": "y", "origin": [-1, 0, 0]},
			"faces": {
				"north": {"uv": [12, 7, 11, 6], "texture": "#0"},
				"east": {"uv": [12, 7, 11, 6], "texture": "#0", "cullface": "east"},
				"south": {"uv": [11, 7, 12, 6], "texture": "#0"},
				"west": {"uv": [12, 7, 11, 6], "texture": "#0"},
				"up": {"uv": [11, 7, 12, 6], "texture": "#0"},
				"down": {"uv": [11, 6, 12, 7], "texture": "#0"}
			}
		},
		{
			"name": "Element",
			"from": [17.45, 10.5, 7.575],
			"to": [17.6, 10.65, 8.425],
			"rotation": {"angle": 0, "axis": "y", "origin": [-1, 0, 0]},
			"faces": {
				"north": {"uv": [12, 7, 11, 6], "texture": "#0"},
				"east": {"uv": [12, 7, 11, 6], "texture": "#0", "cullface": "east"},
				"south": {"uv": [11, 7, 12, 6], "texture": "#0"},
				"west": {"uv": [12, 7, 11, 6], "texture": "#0"},
				"up": {"uv": [11, 7, 12, 6], "texture": "#0"},
				"down": {"uv": [11, 6, 12, 7], "texture": "#0"}
			}
		},
		{
			"name": "Element",
			"from": [17.15, 10.5, 7.575],
			"to": [17.3, 10.65, 8.425],
			"rotation": {"angle": 0, "axis": "y", "origin": [-1, 0, 0]},
			"faces": {
				"north": {"uv": [12, 7, 11, 6], "texture": "#0"},
				"east": {"uv": [12, 7, 11, 6], "texture": "#0", "cullface": "east"},
				"south": {"uv": [11, 7, 12, 6], "texture": "#0"},
				"west": {"uv": [12, 7, 11, 6], "texture": "#0"},
				"up": {"uv": [11, 7, 12, 6], "texture": "#0"},
				"down": {"uv": [11, 6, 12, 7], "texture": "#0"}
			}
		},
		{
			"name": "Element",
			"from": [15.65, 10.5, 7.575],
			"to": [15.8, 10.65, 8.425],
			"rotation": {"angle": 0, "axis": "y", "origin": [-1, 0, 0]},
			"faces": {
				"north": {"uv": [12, 7, 11, 6], "texture": "#0"},
				"east": {"uv": [12, 7, 11, 6], "texture": "#0", "cullface": "east"},
				"south": {"uv": [11, 7, 12, 6], "texture": "#0"},
				"west": {"uv": [12, 7, 11, 6], "texture": "#0"},
				"up": {"uv": [11, 7, 12, 6], "texture": "#0"},
				"down": {"uv": [11, 6, 12, 7], "texture": "#0"}
			}
		},
		{
			"name": "Element",
			"from": [15.35, 10.5, 7.575],
			"to": [15.5, 10.65, 8.425],
			"rotation": {"angle": 0, "axis": "y", "origin": [-1, 0, 0]},
			"faces": {
				"north": {"uv": [12, 7, 11, 6], "texture": "#0"},
				"east": {"uv": [12, 7, 11, 6], "texture": "#0", "cullface": "east"},
				"south": {"uv": [11, 7, 12, 6], "texture": "#0"},
				"west": {"uv": [12, 7, 11, 6], "texture": "#0"},
				"up": {"uv": [11, 7, 12, 6], "texture": "#0"},
				"down": {"uv": [11, 6, 12, 7], "texture": "#0"}
			}
		},
		{
			"name": "Element",
			"from": [15.05, 10.5, 7.575],
			"to": [15.2, 10.65, 8.425],
			"rotation": {"angle": 0, "axis": "y", "origin": [-1, 0, 0]},
			"faces": {
				"north": {"uv": [12, 7, 11, 6], "texture": "#0"},
				"east": {"uv": [12, 7, 11, 6], "texture": "#0", "cullface": "east"},
				"south": {"uv": [11, 7, 12, 6], "texture": "#0"},
				"west": {"uv": [12, 7, 11, 6], "texture": "#0"},
				"up": {"uv": [11, 7, 12, 6], "texture": "#0"},
				"down": {"uv": [11, 6, 12, 7], "texture": "#0"}
			}
		},
		{
			"name": "Element",
			"from": [14.75, 10.5, 7.575],
			"to": [14.9, 10.65, 8.425],
			"rotation": {"angle": 0, "axis": "y", "origin": [-1, 0, 0]},
			"faces": {
				"north": {"uv": [12, 7, 11, 6], "texture": "#0"},
				"east": {"uv": [12, 7, 11, 6], "texture": "#0", "cullface": "east"},
				"south": {"uv": [11, 7, 12, 6], "texture": "#0"},
				"west": {"uv": [12, 7, 11, 6], "texture": "#0"},
				"up": {"uv": [11, 7, 12, 6], "texture": "#0"},
				"down": {"uv": [11, 6, 12, 7], "texture": "#0"}
			}
		},
		{
			"name": "Element",
			"from": [14.45, 10.5, 7.575],
			"to": [14.6, 10.65, 8.425],
			"rotation": {"angle": 0, "axis": "y", "origin": [-1, 0, 0]},
			"faces": {
				"north": {"uv": [12, 7, 11, 6], "texture": "#0"},
				"east": {"uv": [12, 7, 11, 6], "texture": "#0", "cullface": "east"},
				"south": {"uv": [11, 7, 12, 6], "texture": "#0"},
				"west": {"uv": [12, 7, 11, 6], "texture": "#0"},
				"up": {"uv": [11, 7, 12, 6], "texture": "#0"},
				"down": {"uv": [11, 6, 12, 7], "texture": "#0"}
			}
		},
		{
			"name": "Element",
			"from": [14.15, 10.5, 7.575],
			"to": [14.3, 10.65, 8.425],
			"rotation": {"angle": 0, "axis": "y", "origin": [-1, 0, 0]},
			"faces": {
				"north": {"uv": [12, 7, 11, 6], "texture": "#0"},
				"east": {"uv": [12, 7, 11, 6], "texture": "#0", "cullface": "east"},
				"south": {"uv": [11, 7, 12, 6], "texture": "#0"},
				"west": {"uv": [12, 7, 11, 6], "texture": "#0"},
				"up": {"uv": [11, 7, 12, 6], "texture": "#0"},
				"down": {"uv": [11, 6, 12, 7], "texture": "#0"}
			}
		},
		{
			"name": "Element",
			"from": [13.85, 10.5, 7.575],
			"to": [14, 10.65, 8.425],
			"rotation": {"angle": 0, "axis": "y", "origin": [-1, 0, 0]},
			"faces": {
				"north": {"uv": [12, 7, 11, 6], "texture": "#0"},
				"east": {"uv": [12, 7, 11, 6], "texture": "#0", "cullface": "east"},
				"south": {"uv": [11, 7, 12, 6], "texture": "#0"},
				"west": {"uv": [12, 7, 11, 6], "texture": "#0"},
				"up": {"uv": [11, 7, 12, 6], "texture": "#0"},
				"down": {"uv": [11, 6, 12, 7], "texture": "#0"}
			}
		},
		{
			"name": "Element",
			"from": [13.55, 10.5, 7.575],
			"to": [13.7, 10.65, 8.425],
			"rotation": {"angle": 0, "axis": "y", "origin": [-1, 0, 0]},
			"faces": {
				"north": {"uv": [12, 7, 11, 6], "texture": "#0"},
				"east": {"uv": [12, 7, 11, 6], "texture": "#0", "cullface": "east"},
				"south": {"uv": [11, 7, 12, 6], "texture": "#0"},
				"west": {"uv": [12, 7, 11, 6], "texture": "#0"},
				"up": {"uv": [11, 7, 12, 6], "texture": "#0"},
				"down": {"uv": [11, 6, 12, 7], "texture": "#0"}
			}
		},
		{
			"name": "Element",
			"from": [13.25, 10.5, 7.575],
			"to": [13.4, 10.65, 8.425],
			"rotation": {"angle": 0, "axis": "y", "origin": [-1, 0, 0]},
			"faces": {
				"north": {"uv": [12, 7, 11, 6], "texture": "#0"},
				"east": {"uv": [12, 7, 11, 6], "texture": "#0", "cullface": "east"},
				"south": {"uv": [11, 7, 12, 6], "texture": "#0"},
				"west": {"uv": [12, 7, 11, 6], "texture": "#0"},
				"up": {"uv": [11, 7, 12, 6], "texture": "#0"},
				"down": {"uv": [11, 6, 12, 7], "texture": "#0"}
			}
		},
		{
			"name": "Element",
			"from": [12.95, 10.5, 7.575],
			"to": [13.1, 10.65, 8.425],
			"rotation": {"angle": 0, "axis": "y", "origin": [-1, 0, 0]},
			"faces": {
				"north": {"uv": [12, 7, 11, 6], "texture": "#0"},
				"east": {"uv": [12, 7, 11, 6], "texture": "#0", "cullface": "east"},
				"south": {"uv": [11, 7, 12, 6], "texture": "#0"},
				"west": {"uv": [12, 7, 11, 6], "texture": "#0"},
				"up": {"uv": [11, 7, 12, 6], "texture": "#0"},
				"down": {"uv": [11, 6, 12, 7], "texture": "#0"}
			}
		},
		{
			"name": "Element",
			"from": [12.65, 10.5, 7.575],
			"to": [12.8, 10.65, 8.425],
			"rotation": {"angle": 0, "axis": "y", "origin": [-1, 0, 0]},
			"faces": {
				"north": {"uv": [12, 7, 11, 6], "texture": "#0"},
				"east": {"uv": [12, 7, 11, 6], "texture": "#0", "cullface": "east"},
				"south": {"uv": [11, 7, 12, 6], "texture": "#0"},
				"west": {"uv": [12, 7, 11, 6], "texture": "#0"},
				"up": {"uv": [11, 7, 12, 6], "texture": "#0"},
				"down": {"uv": [11, 6, 12, 7], "texture": "#0"}
			}
		},
		{
			"name": "Element",
			"from": [12.35, 10.5, 7.575],
			"to": [12.5, 10.65, 8.425],
			"rotation": {"angle": 0, "axis": "y", "origin": [-1, 0, 0]},
			"faces": {
				"north": {"uv": [12, 7, 11, 6], "texture": "#0"},
				"east": {"uv": [12, 7, 11, 6], "texture": "#0", "cullface": "east"},
				"south": {"uv": [11, 7, 12, 6], "texture": "#0"},
				"west": {"uv": [12, 7, 11, 6], "texture": "#0"},
				"up": {"uv": [11, 7, 12, 6], "texture": "#0"},
				"down": {"uv": [11, 6, 12, 7], "texture": "#0"}
			}
		},
		{
			"name": "Element",
			"from": [12.05, 10.5, 7.575],
			"to": [12.2, 10.65, 8.425],
			"rotation": {"angle": 0, "axis": "y", "origin": [-1, 0, 0]},
			"faces": {
				"north": {"uv": [12, 7, 11, 6], "texture": "#0"},
				"east": {"uv": [12, 7, 11, 6], "texture": "#0", "cullface": "east"},
				"south": {"uv": [11, 7, 12, 6], "texture": "#0"},
				"west": {"uv": [12, 7, 11, 6], "texture": "#0"},
				"up": {"uv": [11, 7, 12, 6], "texture": "#0"},
				"down": {"uv": [11, 6, 12, 7], "texture": "#0"}
			}
		},
		{
			"name": "Element",
			"from": [11.75, 10.5, 7.575],
			"to": [11.9, 10.65, 8.425],
			"rotation": {"angle": 0, "axis": "y", "origin": [-1, 0, 0]},
			"faces": {
				"north": {"uv": [12, 7, 11, 6], "texture": "#0"},
				"east": {"uv": [12, 7, 11, 6], "texture": "#0", "cullface": "east"},
				"south": {"uv": [11, 7, 12, 6], "texture": "#0"},
				"west": {"uv": [12, 7, 11, 6], "texture": "#0"},
				"up": {"uv": [11, 7, 12, 6], "texture": "#0"},
				"down": {"uv": [11, 6, 12, 7], "texture": "#0"}
			}
		},
		{
			"name": "Element",
			"from": [11.45, 10.5, 7.575],
			"to": [11.6, 10.65, 8.425],
			"rotation": {"angle": 0, "axis": "y", "origin": [-1, 0, 0]},
			"faces": {
				"north": {"uv": [12, 7, 11, 6], "texture": "#0"},
				"east": {"uv": [12, 7, 11, 6], "texture": "#0", "cullface": "east"},
				"south": {"uv": [11, 7, 12, 6], "texture": "#0"},
				"west": {"uv": [12, 7, 11, 6], "texture": "#0"},
				"up": {"uv": [11, 7, 12, 6], "texture": "#0"},
				"down": {"uv": [11, 6, 12, 7], "texture": "#0"}
			}
		},
		{
			"name": "Element",
			"from": [2.75, 10.5, 7.575],
			"to": [2.9, 10.65, 8.425],
			"rotation": {"angle": 0, "axis": "y", "origin": [-1, 0, 0]},
			"faces": {
				"north": {"uv": [12, 7, 11, 6], "texture": "#0"},
				"east": {"uv": [12, 7, 11, 6], "texture": "#0", "cullface": "east"},
				"south": {"uv": [11, 7, 12, 6], "texture": "#0"},
				"west": {"uv": [12, 7, 11, 6], "texture": "#0"},
				"up": {"uv": [11, 7, 12, 6], "texture": "#0"},
				"down": {"uv": [11, 6, 12, 7], "texture": "#0"}
			}
		},
		{
			"name": "Element",
			"from": [2.45, 10.5, 7.575],
			"to": [2.6, 10.65, 8.425],
			"rotation": {"angle": 0, "axis": "y", "origin": [-1, 0, 0]},
			"faces": {
				"north": {"uv": [12, 7, 11, 6], "texture": "#0"},
				"east": {"uv": [12, 7, 11, 6], "texture": "#0", "cullface": "east"},
				"south": {"uv": [11, 7, 12, 6], "texture": "#0"},
				"west": {"uv": [12, 7, 11, 6], "texture": "#0"},
				"up": {"uv": [11, 7, 12, 6], "texture": "#0"},
				"down": {"uv": [11, 6, 12, 7], "texture": "#0"}
			}
		},
		{
			"name": "Element",
			"from": [2.15, 10.5, 7.575],
			"to": [2.3, 10.65, 8.425],
			"rotation": {"angle": 0, "axis": "y", "origin": [-1, 0, 0]},
			"faces": {
				"north": {"uv": [12, 7, 11, 6], "texture": "#0"},
				"east": {"uv": [12, 7, 11, 6], "texture": "#0", "cullface": "east"},
				"south": {"uv": [11, 7, 12, 6], "texture": "#0"},
				"west": {"uv": [12, 7, 11, 6], "texture": "#0"},
				"up": {"uv": [11, 7, 12, 6], "texture": "#0"},
				"down": {"uv": [11, 6, 12, 7], "texture": "#0"}
			}
		},
		{
			"name": "Element",
			"from": [3.65, 10.5, 7.575],
			"to": [3.8, 10.65, 8.425],
			"rotation": {"angle": 0, "axis": "y", "origin": [-1, 0, 0]},
			"faces": {
				"north": {"uv": [12, 7, 11, 6], "texture": "#0"},
				"east": {"uv": [12, 7, 11, 6], "texture": "#0", "cullface": "east"},
				"south": {"uv": [11, 7, 12, 6], "texture": "#0"},
				"west": {"uv": [12, 7, 11, 6], "texture": "#0"},
				"up": {"uv": [11, 7, 12, 6], "texture": "#0"},
				"down": {"uv": [11, 6, 12, 7], "texture": "#0"}
			}
		},
		{
			"name": "Element",
			"from": [3.35, 10.5, 7.575],
			"to": [3.5, 10.65, 8.425],
			"rotation": {"angle": 0, "axis": "y", "origin": [-1, 0, 0]},
			"faces": {
				"north": {"uv": [12, 7, 11, 6], "texture": "#0"},
				"east": {"uv": [12, 7, 11, 6], "texture": "#0", "cullface": "east"},
				"south": {"uv": [11, 7, 12, 6], "texture": "#0"},
				"west": {"uv": [12, 7, 11, 6], "texture": "#0"},
				"up": {"uv": [11, 7, 12, 6], "texture": "#0"},
				"down": {"uv": [11, 6, 12, 7], "texture": "#0"}
			}
		},
		{
			"name": "Element",
			"from": [3.05, 10.5, 7.575],
			"to": [3.2, 10.65, 8.425],
			"rotation": {"angle": 0, "axis": "y", "origin": [-1, 0, 0]},
			"faces": {
				"north": {"uv": [12, 7, 11, 6], "texture": "#0"},
				"east": {"uv": [12, 7, 11, 6], "texture": "#0", "cullface": "east"},
				"south": {"uv": [11, 7, 12, 6], "texture": "#0"},
				"west": {"uv": [12, 7, 11, 6], "texture": "#0"},
				"up": {"uv": [11, 7, 12, 6], "texture": "#0"},
				"down": {"uv": [11, 6, 12, 7], "texture": "#0"}
			}
		},
		{
			"name": "Element",
			"from": [1.85, 10.5, 7.575],
			"to": [2, 10.65, 8.425],
			"rotation": {"angle": 0, "axis": "y", "origin": [-1, 0, 0]},
			"faces": {
				"north": {"uv": [12, 7, 11, 6], "texture": "#0"},
				"east": {"uv": [12, 7, 11, 6], "texture": "#0", "cullface": "east"},
				"south": {"uv": [11, 7, 12, 6], "texture": "#0"},
				"west": {"uv": [12, 7, 11, 6], "texture": "#0"},
				"up": {"uv": [11, 7, 12, 6], "texture": "#0"},
				"down": {"uv": [11, 6, 12, 7], "texture": "#0"}
			}
		},
		{
			"name": "Element",
			"from": [1.55, 10.5, 7.575],
			"to": [1.7, 10.65, 8.425],
			"rotation": {"angle": 0, "axis": "y", "origin": [-1, 0, 0]},
			"faces": {
				"north": {"uv": [12, 7, 11, 6], "texture": "#0"},
				"east": {"uv": [12, 7, 11, 6], "texture": "#0", "cullface": "east"},
				"south": {"uv": [11, 7, 12, 6], "texture": "#0"},
				"west": {"uv": [12, 7, 11, 6], "texture": "#0"},
				"up": {"uv": [11, 7, 12, 6], "texture": "#0"},
				"down": {"uv": [11, 6, 12, 7], "texture": "#0"}
			}
		},
		{
			"name": "Element",
			"from": [1.25, 10.5, 7.575],
			"to": [1.4, 10.65, 8.425],
			"rotation": {"angle": 0, "axis": "y", "origin": [-1, 0, 0]},
			"faces": {
				"north": {"uv": [12, 7, 11, 6], "texture": "#0"},
				"east": {"uv": [12, 7, 11, 6], "texture": "#0", "cullface": "east"},
				"south": {"uv": [11, 7, 12, 6], "texture": "#0"},
				"west": {"uv": [12, 7, 11, 6], "texture": "#0"},
				"up": {"uv": [11, 7, 12, 6], "texture": "#0"},
				"down": {"uv": [11, 6, 12, 7], "texture": "#0"}
			}
		},
		{
			"name": "Element",
			"from": [0.95, 10.5, 7.575],
			"to": [1.1, 10.65, 8.425],
			"rotation": {"angle": 0, "axis": "y", "origin": [-1, 0, 0]},
			"faces": {
				"north": {"uv": [12, 7, 11, 6], "texture": "#0"},
				"east": {"uv": [12, 7, 11, 6], "texture": "#0", "cullface": "east"},
				"south": {"uv": [11, 7, 12, 6], "texture": "#0"},
				"west": {"uv": [12, 7, 11, 6], "texture": "#0"},
				"up": {"uv": [11, 7, 12, 6], "texture": "#0"},
				"down": {"uv": [11, 6, 12, 7], "texture": "#0"}
			}
		},
		{
			"name": "Element",
			"from": [0.65, 10.5, 7.575],
			"to": [0.8, 10.65, 8.425],
			"rotation": {"angle": 0, "axis": "y", "origin": [-1, 0, 0]},
			"faces": {
				"north": {"uv": [12, 7, 11, 6], "texture": "#0"},
				"east": {"uv": [12, 7, 11, 6], "texture": "#0", "cullface": "east"},
				"south": {"uv": [11, 7, 12, 6], "texture": "#0"},
				"west": {"uv": [12, 7, 11, 6], "texture": "#0"},
				"up": {"uv": [11, 7, 12, 6], "texture": "#0"},
				"down": {"uv": [11, 6, 12, 7], "texture": "#0"}
			}
		},
		{
			"name": "Element",
			"from": [0.35, 10.5, 7.575],
			"to": [0.5, 10.65, 8.425],
			"rotation": {"angle": 0, "axis": "y", "origin": [-1, 0, 0]},
			"faces": {
				"north": {"uv": [12, 7, 11, 6], "texture": "#0"},
				"east": {"uv": [12, 7, 11, 6], "texture": "#0", "cullface": "east"},
				"south": {"uv": [11, 7, 12, 6], "texture": "#0"},
				"west": {"uv": [12, 7, 11, 6], "texture": "#0"},
				"up": {"uv": [11, 7, 12, 6], "texture": "#0"},
				"down": {"uv": [11, 6, 12, 7], "texture": "#0"}
			}
		},
		{
			"name": "Element",
			"from": [0.05, 10.5, 7.575],
			"to": [0.2, 10.65, 8.425],
			"rotation": {"angle": 0, "axis": "y", "origin": [-1, 0, 0]},
			"faces": {
				"north": {"uv": [12, 7, 11, 6], "texture": "#0"},
				"east": {"uv": [12, 7, 11, 6], "texture": "#0", "cullface": "east"},
				"south": {"uv": [11, 7, 12, 6], "texture": "#0"},
				"west": {"uv": [12, 7, 11, 6], "texture": "#0"},
				"up": {"uv": [11, 7, 12, 6], "texture": "#0"},
				"down": {"uv": [11, 6, 12, 7], "texture": "#0"}
			}
		},
		{
			"name": "Element",
			"from": [-0.25, 10.5, 7.575],
			"to": [-0.1, 10.65, 8.425],
			"rotation": {"angle": 0, "axis": "y", "origin": [-1, 0, 0]},
			"faces": {
				"north": {"uv": [12, 7, 11, 6], "texture": "#0"},
				"east": {"uv": [12, 7, 11, 6], "texture": "#0", "cullface": "east"},
				"south": {"uv": [11, 7, 12, 6], "texture": "#0"},
				"west": {"uv": [12, 7, 11, 6], "texture": "#0"},
				"up": {"uv": [11, 7, 12, 6], "texture": "#0"},
				"down": {"uv": [11, 6, 12, 7], "texture": "#0"}
			}
		},
		{
			"name": "Element",
			"from": [-0.55, 10.5, 7.575],
			"to": [-0.4, 10.65, 8.425],
			"rotation": {"angle": 0, "axis": "y", "origin": [-1, 0, 0]},
			"faces": {
				"north": {"uv": [12, 7, 11, 6], "texture": "#0"},
				"east": {"uv": [12, 7, 11, 6], "texture": "#0", "cullface": "east"},
				"south": {"uv": [11, 7, 12, 6], "texture": "#0"},
				"west": {"uv": [12, 7, 11, 6], "texture": "#0"},
				"up": {"uv": [11, 7, 12, 6], "texture": "#0"},
				"down": {"uv": [11, 6, 12, 7], "texture": "#0"}
			}
		},
		{
			"name": "Element",
			"from": [-0.85, 10.5, 7.575],
			"to": [-0.7, 10.65, 8.425],
			"rotation": {"angle": 0, "axis": "y", "origin": [-1, 0, 0]},
			"faces": {
				"north": {"uv": [12, 7, 11, 6], "texture": "#0"},
				"east": {"uv": [12, 7, 11, 6], "texture": "#0", "cullface": "east"},
				"south": {"uv": [11, 7, 12, 6], "texture": "#0"},
				"west": {"uv": [12, 7, 11, 6], "texture": "#0"},
				"up": {"uv": [11, 7, 12, 6], "texture": "#0"},
				"down": {"uv": [11, 6, 12, 7], "texture": "#0"}
			}
		},
		{
			"name": "Element",
			"from": [-1.15, 10.5, 7.575],
			"to": [-1, 10.65, 8.425],
			"rotation": {"angle": 0, "axis": "y", "origin": [-1, 0, 0]},
			"faces": {
				"north": {"uv": [12, 7, 11, 6], "texture": "#0"},
				"east": {"uv": [12, 7, 11, 6], "texture": "#0", "cullface": "east"},
				"south": {"uv": [11, 7, 12, 6], "texture": "#0"},
				"west": {"uv": [12, 7, 11, 6], "texture": "#0"},
				"up": {"uv": [11, 7, 12, 6], "texture": "#0"},
				"down": {"uv": [11, 6, 12, 7], "texture": "#0"}
			}
		},
		{
			"name": "Element",
			"from": [-1.45, 10.5, 7.575],
			"to": [-1.3, 10.65, 8.425],
			"rotation": {"angle": 0, "axis": "y", "origin": [-1, 0, 0]},
			"faces": {
				"north": {"uv": [12, 7, 11, 6], "texture": "#0"},
				"east": {"uv": [12, 7, 11, 6], "texture": "#0", "cullface": "east"},
				"south": {"uv": [11, 7, 12, 6], "texture": "#0"},
				"west": {"uv": [12, 7, 11, 6], "texture": "#0"},
				"up": {"uv": [11, 7, 12, 6], "texture": "#0"},
				"down": {"uv": [11, 6, 12, 7], "texture": "#0"}
			}
		},
		{
			"name": "Element",
			"from": [4.75, 12.625, -6.125],
			"to": [5.55, 13.125, -5.625],
			"rotation": {"angle": 45, "axis": "x", "origin": [-1, 0, 0]},
			"faces": {
				"north": {"uv": [8, 13, 10, 11], "texture": "#0"},
				"east": {"uv": [8, 13, 10, 11], "texture": "#0", "cullface": "east"},
				"south": {"uv": [8, 13, 10, 11], "texture": "#0"},
				"west": {"uv": [8, 13, 10, 11], "texture": "#0"},
				"up": {"uv": [8, 13, 10, 11], "texture": "#0"},
				"down": {"uv": [10, 13, 8, 11], "texture": "#0"}
			}
		},
		{
			"name": "Element",
			"from": [5.375, 12.4, -6.425],
			"to": [9.625, 13.4, -5.425],
			"rotation": {"angle": 45, "axis": "x", "origin": [-1, 0, 0]},
			"faces": {
				"north": {"uv": [16, 12, 15, 11], "texture": "#0"},
				"east": {"uv": [16, 12, 15, 11], "texture": "#0", "cullface": "east"},
				"south": {"uv": [15, 12, 16, 11], "texture": "#0"},
				"west": {"uv": [16, 12, 15, 11], "texture": "#0"},
				"up": {"uv": [15, 12, 16, 11], "texture": "#0"},
				"down": {"uv": [15, 11, 16, 12], "texture": "#0"}
			}
		},
		{
			"name": "Element",
			"from": [4.75, 12.625, -5.8],
			"to": [5.25, 13.125, -2.05],
			"rotation": {"angle": 45, "axis": "x", "origin": [-1, 0, 0]},
			"faces": {
				"north": {"uv": [8, 13, 10, 11], "texture": "#0"},
				"east": {"uv": [8, 13, 10, 11], "texture": "#0", "cullface": "east"},
				"south": {"uv": [8, 13, 10, 11], "texture": "#0"},
				"west": {"uv": [8, 13, 10, 11], "texture": "#0"},
				"up": {"uv": [8, 13, 10, 11], "texture": "#0"},
				"down": {"uv": [10, 13, 8, 11], "texture": "#0"}
			}
		},
		{
			"name": "Element",
			"from": [-1.75, 10, 7.5],
			"to": [27, 10.5, 8.5],
			"rotation": {"angle": 0, "axis": "y", "origin": [1, 0, 0]},
			"faces": {
				"north": {"uv": [10, 6, 13, 8], "texture": "#0"},
				"east": {"uv": [10, 6, 13, 8], "texture": "#0", "cullface": "east"},
				"south": {"uv": [10, 6, 13, 8], "texture": "#0"},
				"west": {"uv": [10, 6, 13, 8], "texture": "#0"},
				"up": {"uv": [10, 6, 13, 8], "texture": "#0"},
				"down": {"uv": [13, 8, 10, 6], "texture": "#0"}
			}
		},
		{
			"name": "Element",
			"from": [-6.75, 6.75, 8.75],
			"to": [3.75, 8, 9],
			"rotation": {"angle": 0, "axis": "y", "origin": [1, 0, 0]},
			"faces": {
				"north": {"uv": [10, 15, 14, 14], "texture": "#0"},
				"east": {"uv": [10, 15, 11, 14], "texture": "#0", "cullface": "east"},
				"south": {"uv": [10, 15, 14, 14], "texture": "#0"},
				"west": {"uv": [10, 15, 14, 14], "texture": "#0"},
				"up": {"uv": [10, 15, 14, 14], "texture": "#0"},
				"down": {"uv": [14, 14, 10, 15], "texture": "#0"}
			}
		},
		{
			"name": "Element",
			"from": [-6.75, 7, 9],
			"to": [3.75, 7.75, 9.25],
			"rotation": {"angle": 0, "axis": "y", "origin": [1, 0, 0]},
			"faces": {
				"north": {"uv": [10, 15, 14, 14], "texture": "#0"},
				"east": {"uv": [10, 15, 11, 14], "texture": "#0", "cullface": "east"},
				"south": {"uv": [10, 15, 14, 14], "texture": "#0"},
				"west": {"uv": [10, 15, 14, 14], "texture": "#0"},
				"up": {"uv": [10, 15, 14, 14], "texture": "#0"},
				"down": {"uv": [14, 14, 10, 15], "texture": "#0"}
			}
		},
		{
			"name": "Element",
			"from": [-7, 6.5, 8.5],
			"to": [-6.5, 8.25, 9.5],
			"rotation": {"angle": 0, "axis": "y", "origin": [1, 0, 0]},
			"faces": {
				"north": {"uv": [10, 15, 11, 14], "texture": "#0"},
				"east": {"uv": [10, 15, 11, 14], "texture": "#0", "cullface": "east"},
				"south": {"uv": [10, 15, 11, 14], "texture": "#0"},
				"west": {"uv": [10, 15, 11, 14], "texture": "#0"},
				"up": {"uv": [10, 15, 11, 14], "texture": "#0"},
				"down": {"uv": [11, 14, 10, 15], "texture": "#0"}
			}
		},
		{
			"name": "Element",
			"from": [-6.75, 6.75, 7],
			"to": [3.75, 8, 7.25],
			"rotation": {"angle": 0, "axis": "y", "origin": [1, 0, 0]},
			"faces": {
				"north": {"uv": [10, 15, 14, 14], "texture": "#0"},
				"east": {"uv": [10, 15, 11, 14], "texture": "#0", "cullface": "east"},
				"south": {"uv": [10, 15, 14, 14], "texture": "#0"},
				"west": {"uv": [10, 15, 14, 14], "texture": "#0"},
				"up": {"uv": [10, 15, 14, 14], "texture": "#0"},
				"down": {"uv": [14, 14, 10, 15], "texture": "#0"}
			}
		},
		{
			"name": "Element",
			"from": [-6.75, 7, 6.75],
			"to": [3.75, 7.75, 7],
			"rotation": {"angle": 0, "axis": "y", "origin": [1, 0, 0]},
			"faces": {
				"north": {"uv": [10, 15, 14, 14], "texture": "#0"},
				"east": {"uv": [10, 15, 11, 14], "texture": "#0", "cullface": "east"},
				"south": {"uv": [10, 15, 14, 14], "texture": "#0"},
				"west": {"uv": [10, 15, 14, 14], "texture": "#0"},
				"up": {"uv": [10, 15, 14, 14], "texture": "#0"},
				"down": {"uv": [14, 14, 10, 15], "texture": "#0"}
			}
		},
		{
			"name": "Element",
			"from": [-7, 6.5, 6.5],
			"to": [-6.5, 8.25, 7.5],
			"rotation": {"angle": 0, "axis": "y", "origin": [1, 0, 0]},
			"faces": {
				"north": {"uv": [10, 15, 11, 14], "texture": "#0"},
				"east": {"uv": [10, 15, 11, 14], "texture": "#0", "cullface": "east"},
				"south": {"uv": [10, 15, 11, 14], "texture": "#0"},
				"west": {"uv": [10, 15, 11, 14], "texture": "#0"},
				"up": {"uv": [10, 15, 11, 14], "texture": "#0"},
				"down": {"uv": [11, 14, 10, 15], "texture": "#0"}
			}
		},
		{
			"name": "Element",
			"from": [2, 7, 7.5],
			"to": [3.75, 8.25, 8.5],
			"rotation": {"angle": 0, "axis": "y", "origin": [1, 0, 0]},
			"faces": {
				"north": {"uv": [2, 16, 0, 14], "texture": "#0"},
				"east": {"uv": [2, 16, 0, 14], "texture": "#0", "cullface": "east"},
				"south": {"uv": [0, 16, 2, 14], "texture": "#0"},
				"west": {"uv": [2, 16, 0, 14], "texture": "#0"},
				"up": {"uv": [0, 16, 2, 14], "texture": "#0"},
				"down": {"uv": [0, 14, 2, 16], "texture": "#0"}
			}
		},
		{
			"name": "Element",
			"from": [2.75, 7.075, 6.5],
			"to": [3.25, 7.575, 9.5],
			"rotation": {"angle": 0, "axis": "y", "origin": [1, 0, 0]},
			"faces": {
				"north": {"uv": [11, 5, 10, 4], "texture": "#0"},
				"east": {"uv": [11, 5, 10, 4], "texture": "#0", "cullface": "east"},
				"south": {"uv": [10, 5, 11, 4], "texture": "#0"},
				"west": {"uv": [11, 5, 10, 4], "texture": "#0"},
				"up": {"uv": [10, 5, 11, 4], "texture": "#0"},
				"down": {"uv": [10, 4, 11, 5], "texture": "#0"}
			}
		},
		{
			"name": "Element",
			"from": [-1.75, 8.25, 7.5],
			"to": [10.5, 8.75, 8.5],
			"rotation": {"angle": 0, "axis": "y", "origin": [1, 0, 0]},
			"faces": {
				"north": {"uv": [10, 6, 13, 8], "texture": "#0"},
				"east": {"uv": [10, 6, 13, 8], "texture": "#0", "cullface": "east"},
				"south": {"uv": [10, 6, 13, 8], "texture": "#0"},
				"west": {"uv": [10, 6, 13, 8], "texture": "#0"},
				"up": {"uv": [10, 6, 13, 8], "texture": "#0"},
				"down": {"uv": [13, 8, 10, 6], "texture": "#0"}
			}
		},
		{
			"name": "Element",
			"from": [12.25, 10.5, 7.75],
			"to": [12.75, 11.5, 8.25],
			"rotation": {"angle": 0, "axis": "y", "origin": [1, 0, 0]},
			"faces": {
				"north": {"uv": [0, 16, 3, 14], "texture": "#0"},
				"east": {"uv": [0, 16, 3, 14], "texture": "#0"},
				"south": {"uv": [0, 16, 3, 14], "texture": "#0"},
				"west": {"uv": [0, 16, 3, 14], "texture": "#0"}
			}
		},
		{
			"name": "Element",
			"from": [14.75, 10.5, 7.5],
			"to": [15.75, 10.75, 8.5],
			"rotation": {"angle": 0, "axis": "y", "origin": [1, 0, 0]},
			"faces": {
				"north": {"uv": [0, 16, 3, 14], "texture": "#0"},
				"east": {"uv": [0, 16, 3, 14], "texture": "#0"},
				"south": {"uv": [0, 16, 3, 14], "texture": "#0"},
				"west": {"uv": [0, 16, 3, 14], "texture": "#0"},
				"up": {"uv": [0, 14, 3, 16], "texture": "#0"}
			}
		},
		{
			"name": "Element",
			"from": [12, 10.5, 7.5],
			"to": [13, 10.75, 8.5],
			"rotation": {"angle": 0, "axis": "y", "origin": [1, 0, 0]},
			"faces": {
				"north": {"uv": [0, 16, 3, 14], "texture": "#0"},
				"east": {"uv": [0, 16, 3, 14], "texture": "#0"},
				"south": {"uv": [0, 16, 3, 14], "texture": "#0"},
				"west": {"uv": [0, 16, 3, 14], "texture": "#0"},
				"up": {"uv": [0, 14, 3, 16], "texture": "#0"}
			}
		},
		{
			"name": "Element",
			"from": [15, 10.5, 7.75],
			"to": [15.5, 11.5, 8.25],
			"rotation": {"angle": 0, "axis": "y", "origin": [1, 0, 0]},
			"faces": {
				"north": {"uv": [0, 16, 3, 14], "texture": "#0"},
				"east": {"uv": [0, 16, 3, 14], "texture": "#0"},
				"south": {"uv": [0, 16, 3, 14], "texture": "#0"},
				"west": {"uv": [0, 16, 3, 14], "texture": "#0"}
			}
		},
		{
			"name": "Element",
			"from": [12.25, 11.5, 8.5],
			"to": [12.75, 13, 8.775],
			"rotation": {"angle": 0, "axis": "y", "origin": [1, 0, 0]},
			"faces": {
				"north": {"uv": [0, 16, 3, 14], "texture": "#0"},
				"east": {"uv": [0, 16, 3, 14], "texture": "#0"},
				"south": {"uv": [0, 16, 3, 14], "texture": "#0"},
				"west": {"uv": [0, 16, 3, 14], "texture": "#0"},
				"up": {"uv": [0, 16, 3, 14], "texture": "#0"},
				"down": {"uv": [0, 16, 3, 14], "texture": "#0"}
			}
		},
		{
			"name": "Element",
			"from": [12.25, 11.5, 7.225],
			"to": [12.75, 13, 7.5],
			"rotation": {"angle": 0, "axis": "y", "origin": [1, 0, 0]},
			"faces": {
				"north": {"uv": [0, 16, 3, 14], "texture": "#0"},
				"east": {"uv": [0, 16, 3, 14], "texture": "#0"},
				"south": {"uv": [0, 16, 3, 14], "texture": "#0"},
				"west": {"uv": [0, 16, 3, 14], "texture": "#0"},
				"up": {"uv": [0, 16, 3, 14], "texture": "#0"},
				"down": {"uv": [0, 16, 3, 14], "texture": "#0"}
			}
		},
		{
			"name": "Element",
			"from": [15, 11.5, 7.225],
			"to": [15.5, 13, 7.5],
			"rotation": {"angle": 0, "axis": "y", "origin": [1, 0, 0]},
			"faces": {
				"north": {"uv": [0, 16, 3, 14], "texture": "#0"},
				"east": {"uv": [0, 16, 3, 14], "texture": "#0"},
				"south": {"uv": [0, 16, 3, 14], "texture": "#0"},
				"west": {"uv": [0, 16, 3, 14], "texture": "#0"},
				"up": {"uv": [0, 16, 3, 14], "texture": "#0"},
				"down": {"uv": [0, 16, 3, 14], "texture": "#0"}
			}
		},
		{
			"name": "Element",
			"from": [13.5, 11.75, 8.75],
			"to": [14.5, 12.75, 9.5],
			"rotation": {"angle": 0, "axis": "y", "origin": [1, 0, 0]},
			"faces": {
				"east": {"uv": [0, 16, 3, 14], "texture": "#0"},
				"south": {"uv": [0, 16, 3, 14], "texture": "#0"},
				"west": {"uv": [0, 16, 3, 14], "texture": "#0"},
				"up": {"uv": [0, 16, 3, 14], "texture": "#0"},
				"down": {"uv": [3, 16, 0, 14], "texture": "#0"}
			}
		},
		{
			"name": "Element",
			"from": [13.5, 13, 7.5],
			"to": [14.5, 13.75, 8.5],
			"rotation": {"angle": 0, "axis": "y", "origin": [1, 0, 0]},
			"faces": {
				"north": {"uv": [0, 16, 3, 14], "texture": "#0"},
				"east": {"uv": [0, 16, 3, 14], "texture": "#0"},
				"south": {"uv": [0, 16, 3, 14], "texture": "#0"},
				"west": {"uv": [0, 16, 3, 14], "texture": "#0"},
				"up": {"uv": [0, 16, 3, 14], "texture": "#0"}
			}
		},
		{
			"from": [10.75, 11.5, 7.5],
			"to": [17, 11.75, 8.5],
			"rotation": {"angle": 0, "axis": "y", "origin": [1, 0, 0]},
			"faces": {
				"north": {"uv": [0, 16, 3, 14], "texture": "#0", "cullface": "east"},
				"south": {"uv": [0, 16, 3, 14], "texture": "#0", "cullface": "east"},
				"up": {"uv": [0, 16, 3, 14], "texture": "#0", "cullface": "east"},
				"down": {"uv": [3, 16, 0, 14], "texture": "#0", "cullface": "east"}
			}
		},
		{
			"from": [10.5, 11.75, 8.5],
			"to": [17.5, 12.75, 8.75],
			"rotation": {"angle": 0, "axis": "y", "origin": [1, 0, 0]},
			"faces": {
				"north": {"uv": [0, 16, 3, 14], "texture": "#0", "cullface": "east"},
				"east": {"uv": [0, 16, 3, 14], "texture": "#0", "cullface": "east"},
				"south": {"uv": [0, 16, 3, 14], "texture": "#0", "cullface": "east"},
				"west": {"uv": [0, 16, 3, 14], "texture": "#0", "cullface": "east"},
				"up": {"uv": [0, 16, 3, 14], "texture": "#0", "cullface": "east"},
				"down": {"uv": [3, 16, 0, 14], "texture": "#0", "cullface": "east"}
			}
		},
		{
			"from": [10.75, 12.75, 7.5],
			"to": [17, 13, 8.5],
			"rotation": {"angle": 0, "axis": "y", "origin": [1, 0, 0]},
			"faces": {
				"north": {"uv": [0, 16, 3, 14], "texture": "#0", "cullface": "east"},
				"south": {"uv": [0, 16, 3, 14], "texture": "#0", "cullface": "east"},
				"up": {"uv": [0, 16, 3, 14], "texture": "#0", "cullface": "east"},
				"down": {"uv": [3, 16, 0, 14], "texture": "#0", "cullface": "east"}
			}
		},
		{
			"from": [10.5, 11.75, 7.25],
			"to": [17.5, 12.75, 7.5],
			"rotation": {"angle": 0, "axis": "y", "origin": [1, 0, 0]},
			"faces": {
				"north": {"uv": [0, 16, 3, 14], "texture": "#0", "cullface": "east"},
				"east": {"uv": [0, 16, 3, 14], "texture": "#0", "cullface": "east"},
				"south": {"uv": [0, 16, 3, 14], "texture": "#0", "cullface": "east"},
				"west": {"uv": [0, 16, 3, 14], "texture": "#0", "cullface": "east"},
				"up": {"uv": [0, 16, 3, 14], "texture": "#0", "cullface": "east"},
				"down": {"uv": [3, 16, 0, 14], "texture": "#0", "cullface": "east"}
			}
		},
		{
			"from": [17, 12.75, 7.25],
			"to": [17.5, 13, 8.75],
			"rotation": {"angle": 0, "axis": "y", "origin": [1, 0, 0]},
			"faces": {
				"north": {"uv": [0, 16, 3, 14], "texture": "#0", "cullface": "east"},
				"east": {"uv": [0, 16, 3, 14], "texture": "#0", "cullface": "east"},
				"south": {"uv": [0, 16, 3, 14], "texture": "#0", "cullface": "east"},
				"west": {"uv": [0, 16, 3, 14], "texture": "#0", "cullface": "east"},
				"up": {"uv": [0, 16, 3, 14], "texture": "#0", "cullface": "east"},
				"down": {"uv": [0, 16, 3, 14], "texture": "#0", "cullface": "east"}
			}
		},
		{
			"from": [17.5, 13, 7.25],
			"to": [19.25, 13.25, 8.75],
			"rotation": {"angle": 0, "axis": "y", "origin": [1, 0, 0]},
			"faces": {
				"north": {"uv": [0, 16, 3, 14], "texture": "#0", "cullface": "east"},
				"east": {"uv": [0, 16, 3, 14], "texture": "#0", "cullface": "east"},
				"south": {"uv": [0, 16, 3, 14], "texture": "#0", "cullface": "east"},
				"west": {"uv": [0, 16, 3, 14], "texture": "#0", "cullface": "east"},
				"up": {"uv": [0, 16, 3, 14], "texture": "#0", "cullface": "east"},
				"down": {"uv": [0, 16, 3, 14], "texture": "#0", "cullface": "east"}
			}
		},
		{
			"from": [17, 11.5, 7.25],
			"to": [17.5, 11.75, 8.75],
			"rotation": {"angle": 0, "axis": "y", "origin": [1, 0, 0]},
			"faces": {
				"north": {"uv": [0, 16, 3, 14], "texture": "#0", "cullface": "east"},
				"east": {"uv": [0, 16, 3, 14], "texture": "#0", "cullface": "east"},
				"south": {"uv": [0, 16, 3, 14], "texture": "#0", "cullface": "east"},
				"west": {"uv": [0, 16, 3, 14], "texture": "#0", "cullface": "east"},
				"up": {"uv": [0, 16, 3, 14], "texture": "#0", "cullface": "east"},
				"down": {"uv": [0, 16, 3, 14], "texture": "#0", "cullface": "east"}
			}
		},
		{
			"from": [17.5, 11.25, 7.25],
			"to": [19.25, 11.5, 8.75],
			"rotation": {"angle": 0, "axis": "y", "origin": [1, 0, 0]},
			"faces": {
				"north": {"uv": [0, 16, 3, 14], "texture": "#0", "cullface": "east"},
				"east": {"uv": [0, 16, 3, 14], "texture": "#0", "cullface": "east"},
				"south": {"uv": [0, 16, 3, 14], "texture": "#0", "cullface": "east"},
				"west": {"uv": [0, 16, 3, 14], "texture": "#0", "cullface": "east"},
				"up": {"uv": [0, 16, 3, 14], "texture": "#0", "cullface": "east"},
				"down": {"uv": [0, 16, 3, 14], "texture": "#0", "cullface": "east"}
			}
		},
		{
			"from": [17.5, 11.5, 8.75],
			"to": [19.25, 13, 9],
			"rotation": {"angle": 0, "axis": "y", "origin": [1, 0, 0]},
			"faces": {
				"north": {"uv": [0, 16, 3, 14], "texture": "#0", "cullface": "east"},
				"east": {"uv": [0, 16, 3, 14], "texture": "#0", "cullface": "east"},
				"south": {"uv": [0, 16, 3, 14], "texture": "#0", "cullface": "east"},
				"west": {"uv": [0, 16, 3, 14], "texture": "#0", "cullface": "east"},
				"up": {"uv": [0, 16, 3, 14], "texture": "#0", "cullface": "east"},
				"down": {"uv": [0, 16, 3, 14], "texture": "#0", "cullface": "east"}
			}
		},
		{
			"from": [17.5, 11.5, 7],
			"to": [19.25, 13, 7.25],
			"rotation": {"angle": 0, "axis": "y", "origin": [1, 0, 0]},
			"faces": {
				"north": {"uv": [0, 16, 3, 14], "texture": "#0", "cullface": "east"},
				"east": {"uv": [0, 16, 3, 14], "texture": "#0", "cullface": "east"},
				"south": {"uv": [0, 16, 3, 14], "texture": "#0", "cullface": "east"},
				"west": {"uv": [0, 16, 3, 14], "texture": "#0", "cullface": "east"},
				"up": {"uv": [0, 16, 3, 14], "texture": "#0", "cullface": "east"},
				"down": {"uv": [0, 16, 3, 14], "texture": "#0", "cullface": "east"}
			}
		},
		{
			"from": [17.5, 12.75, 7.25],
			"to": [19.25, 13, 7.5],
			"rotation": {"angle": 0, "axis": "y", "origin": [1, 0, 0]},
			"faces": {
				"east": {"uv": [0, 16, 3, 14], "texture": "#0", "cullface": "east"},
				"south": {"uv": [0, 16, 3, 14], "texture": "#0", "cullface": "east"},
				"down": {"uv": [0, 16, 3, 14], "texture": "#0", "cullface": "east"}
			}
		},
		{
			"from": [17.5, 12.75, 8.5],
			"to": [19.25, 13, 8.75],
			"rotation": {"angle": 0, "axis": "y", "origin": [1, 0, 0]},
			"faces": {
				"north": {"uv": [0, 16, 3, 14], "texture": "#0", "cullface": "east"},
				"east": {"uv": [0, 16, 3, 14], "texture": "#0", "cullface": "east"},
				"down": {"uv": [0, 16, 3, 14], "texture": "#0", "cullface": "east"}
			}
		},
		{
			"from": [17.5, 11.5, 7.25],
			"to": [19.25, 11.75, 7.5],
			"rotation": {"angle": 0, "axis": "y", "origin": [1, 0, 0]},
			"faces": {
				"east": {"uv": [0, 16, 3, 14], "texture": "#0", "cullface": "east"},
				"south": {"uv": [0, 16, 3, 14], "texture": "#0", "cullface": "east"},
				"up": {"uv": [0, 16, 3, 14], "texture": "#0", "cullface": "east"}
			}
		},
		{
			"from": [17.5, 11.5, 8.5],
			"to": [19.25, 11.75, 8.75],
			"rotation": {"angle": 0, "axis": "y", "origin": [1, 0, 0]},
			"faces": {
				"north": {"uv": [0, 16, 3, 14], "texture": "#0", "cullface": "east"},
				"east": {"uv": [0, 16, 3, 14], "texture": "#0", "cullface": "east"},
				"up": {"uv": [0, 16, 3, 14], "texture": "#0", "cullface": "east"}
			}
		},
		{
			"from": [10.5, 12.75, 7.25],
			"to": [10.75, 13, 8.75],
			"rotation": {"angle": 0, "axis": "y", "origin": [1, 0, 0]},
			"faces": {
				"north": {"uv": [0, 16, 3, 14], "texture": "#0"},
				"east": {"uv": [0, 16, 3, 14], "texture": "#0"},
				"south": {"uv": [0, 16, 3, 14], "texture": "#0"},
				"west": {"uv": [0, 16, 3, 14], "texture": "#0"},
				"up": {"uv": [0, 16, 3, 14], "texture": "#0"},
				"down": {"uv": [0, 16, 3, 14], "texture": "#0"}
			}
		},
		{
			"from": [10.5, 11.5, 7.25],
			"to": [10.75, 11.75, 8.75],
			"rotation": {"angle": 0, "axis": "y", "origin": [1, 0, 0]},
			"faces": {
				"north": {"uv": [0, 16, 3, 14], "texture": "#0"},
				"east": {"uv": [0, 16, 3, 14], "texture": "#0"},
				"south": {"uv": [0, 16, 3, 14], "texture": "#0"},
				"west": {"uv": [0, 16, 3, 14], "texture": "#0"},
				"up": {"uv": [0, 16, 3, 14], "texture": "#0"},
				"down": {"uv": [0, 16, 3, 14], "texture": "#0"}
			}
		},
		{
			"from": [10, 13, 7.25],
			"to": [10.5, 13.25, 8.75],
			"rotation": {"angle": 0, "axis": "y", "origin": [1, 0, 0]},
			"faces": {
				"north": {"uv": [0, 16, 3, 14], "texture": "#0"},
				"east": {"uv": [0, 16, 3, 14], "texture": "#0"},
				"south": {"uv": [0, 16, 3, 14], "texture": "#0"},
				"up": {"uv": [0, 16, 3, 14], "texture": "#0"},
				"down": {"uv": [0, 16, 3, 14], "texture": "#0"}
			}
		},
		{
			"from": [9.75, 11.5, 7],
			"to": [10.5, 13, 7.25],
			"rotation": {"angle": 0, "axis": "y", "origin": [1, 0, 0]},
			"faces": {
				"north": {"uv": [0, 16, 3, 14], "texture": "#0"},
				"east": {"uv": [0, 16, 3, 14], "texture": "#0"},
				"south": {"uv": [0, 16, 3, 14], "texture": "#0"},
				"west": {"uv": [0, 16, 3, 14], "texture": "#0"},
				"up": {"uv": [0, 16, 3, 14], "texture": "#0"},
				"down": {"uv": [0, 16, 3, 14], "texture": "#0"}
			}
		},
		{
			"from": [10, 11.25, 7.25],
			"to": [10.5, 11.5, 8.75],
			"rotation": {"angle": 0, "axis": "y", "origin": [1, 0, 0]},
			"faces": {
				"north": {"uv": [0, 16, 3, 14], "texture": "#0"},
				"east": {"uv": [0, 16, 3, 14], "texture": "#0"},
				"south": {"uv": [0, 16, 3, 14], "texture": "#0"},
				"up": {"uv": [0, 16, 3, 14], "texture": "#0"},
				"down": {"uv": [0, 16, 3, 14], "texture": "#0"}
			}
		},
		{
			"from": [9.75, 11.5, 8.75],
			"to": [10.5, 13, 9],
			"rotation": {"angle": 0, "axis": "y", "origin": [1, 0, 0]},
			"faces": {
				"north": {"uv": [0, 16, 3, 14], "texture": "#0"},
				"east": {"uv": [0, 16, 3, 14], "texture": "#0"},
				"south": {"uv": [0, 16, 3, 14], "texture": "#0"},
				"west": {"uv": [0, 16, 3, 14], "texture": "#0"},
				"up": {"uv": [0, 16, 3, 14], "texture": "#0"},
				"down": {"uv": [0, 16, 3, 14], "texture": "#0"}
			}
		},
		{
			"from": [9.75, 13, 7],
			"to": [10, 13.25, 9],
			"rotation": {"angle": 0, "axis": "y", "origin": [1, 0, 0]},
			"faces": {
				"north": {"uv": [0, 16, 3, 14], "texture": "#0"},
				"east": {"uv": [0, 16, 3, 14], "texture": "#0"},
				"south": {"uv": [0, 16, 3, 14], "texture": "#0"},
				"west": {"uv": [0, 16, 3, 14], "texture": "#0"},
				"up": {"uv": [0, 16, 3, 14], "texture": "#0"},
				"down": {"uv": [0, 16, 3, 14], "texture": "#0"}
			}
		},
		{
			"from": [9.75, 11.25, 7],
			"to": [10, 11.5, 9],
			"rotation": {"angle": 0, "axis": "y", "origin": [1, 0, 0]},
			"faces": {
				"north": {"uv": [0, 16, 3, 14], "texture": "#0"},
				"east": {"uv": [0, 16, 3, 14], "texture": "#0"},
				"south": {"uv": [0, 16, 3, 14], "texture": "#0"},
				"west": {"uv": [0, 16, 3, 14], "texture": "#0"},
				"up": {"uv": [0, 16, 3, 14], "texture": "#0"},
				"down": {"uv": [0, 16, 3, 14], "texture": "#0"}
			}
		},
		{
			"from": [6, 13.25, 7],
			"to": [9.75, 13.5, 9],
			"rotation": {"angle": 0, "axis": "y", "origin": [1, 0, 0]},
			"faces": {
				"north": {"uv": [0, 16, 3, 14], "texture": "#0"},
				"east": {"uv": [0, 16, 3, 14], "texture": "#0"},
				"south": {"uv": [0, 16, 3, 14], "texture": "#0"},
				"west": {"uv": [0, 16, 3, 14], "texture": "#0"},
				"up": {"uv": [0, 16, 3, 14], "texture": "#0"},
				"down": {"uv": [0, 16, 3, 14], "texture": "#0"}
			}
		},
		{
			"from": [6, 11.25, 9],
			"to": [9.75, 13.25, 9.25],
			"rotation": {"angle": 0, "axis": "y", "origin": [1, 0, 0]},
			"faces": {
				"north": {"uv": [0, 16, 3, 14], "texture": "#0"},
				"east": {"uv": [0, 16, 3, 14], "texture": "#0"},
				"south": {"uv": [0, 16, 3, 14], "texture": "#0"},
				"west": {"uv": [0, 16, 3, 14], "texture": "#0"},
				"up": {"uv": [0, 16, 3, 14], "texture": "#0"},
				"down": {"uv": [0, 16, 3, 14], "texture": "#0"}
			}
		},
		{
			"from": [6, 11, 7],
			"to": [9.75, 11.25, 9],
			"rotation": {"angle": 0, "axis": "y", "origin": [1, 0, 0]},
			"faces": {
				"north": {"uv": [0, 16, 3, 14], "texture": "#0"},
				"east": {"uv": [0, 16, 3, 14], "texture": "#0"},
				"south": {"uv": [0, 16, 3, 14], "texture": "#0"},
				"west": {"uv": [0, 16, 3, 14], "texture": "#0"},
				"up": {"uv": [0, 16, 3, 14], "texture": "#0"},
				"down": {"uv": [0, 16, 3, 14], "texture": "#0"}
			}
		},
		{
			"from": [6, 11.25, 6.75],
			"to": [9.75, 13.25, 7],
			"rotation": {"angle": 0, "axis": "y", "origin": [1, 0, 0]},
			"faces": {
				"north": {"uv": [0, 16, 3, 14], "texture": "#0"},
				"east": {"uv": [0, 16, 3, 14], "texture": "#0"},
				"south": {"uv": [0, 16, 3, 14], "texture": "#0"},
				"west": {"uv": [0, 16, 3, 14], "texture": "#0"},
				"up": {"uv": [0, 16, 3, 14], "texture": "#0"},
				"down": {"uv": [0, 16, 3, 14], "texture": "#0"}
			}
		},
		{
			"name": "Element",
			"from": [15, 11.5, 8.5],
			"to": [15.5, 13, 8.775],
			"rotation": {"angle": 0, "axis": "y", "origin": [1, 0, 0]},
			"faces": {
				"north": {"uv": [0, 16, 3, 14], "texture": "#0"},
				"east": {"uv": [0, 16, 3, 14], "texture": "#0"},
				"south": {"uv": [0, 16, 3, 14], "texture": "#0"},
				"west": {"uv": [0, 16, 3, 14], "texture": "#0"},
				"up": {"uv": [0, 16, 3, 14], "texture": "#0"},
				"down": {"uv": [0, 16, 3, 14], "texture": "#0"}
			}
		}
	],
	"gui_light": "front",
	"display": {
		"thirdperson_righthand": {
			"rotation": [0, -90, 0],
			"translation": [0, 0.25, -6.5],
			"scale": [0.68438, 0.97, 0.96]
		},
		"thirdperson_lefthand": {
			"rotation": [0, 90, 0],
			"translation": [0, 0.25, -6.5],
			"scale": [0.68438, 0.97, 0.96]
		},
		"firstperson_righthand": {
			"rotation": [0, -90, 0],
			"translation": [0, 2, -8.25],
			"scale": [1.02, 1.03, 1.02]
		},
		"firstperson_lefthand": {
			"rotation": [0, 90, 0],
			"translation": [0, 2, -8.25],
			"scale": [1.02, 1.03, 1.02]
		},
		"ground": {
			"translation": [0.25, 0.75, 0],
			"scale": [1.02, 1.03, 1.02]
		},
		"gui": {
			"rotation": [0, 0, -45],
			"translation": [0.25, -0.75, 0],
			"scale": [0.47, 0.49, 0.5]
		},
		"fixed": {
			"rotation": [0, 180, -45],
			"translation": [-0.35, -1.35, -1.5],
			"scale": [0.9, 0.92, 0.91]
		}
	}
}