{
	"credit": "Made by SrDarmith - YouTube: Mainclay",
	"textures": {
		"0": "itemm/anvil_1"
	},
	"elements": [
		{
			"name": "Element",
			"from": [-8, 9.6, 7.625],
			"to": [2.5, 9.85, 8.375],
			"rotation": {"angle": 0, "axis": "y", "origin": [1, -0.25, 0]},
			"faces": {
				"north": {"uv": [2, 16, 0, 14], "texture": "#0"},
				"south": {"uv": [2, 14, 0, 16], "texture": "#0"},
				"west": {"uv": [2, 14, 0, 16], "texture": "#0", "cullface": "west"},
				"up": {"uv": [2, 14, 0, 16], "texture": "#0"},
				"down": {"uv": [2, 14, 0, 16], "texture": "#0"}
			}
		},
		{
			"name": "Element",
			"from": [-8, 8.85, 7.375],
			"to": [2.5, 9.6, 7.625],
			"rotation": {"angle": 0, "axis": "y", "origin": [1, -0.25, 0]},
			"faces": {
				"north": {"uv": [2, 16, 0, 14], "texture": "#0"},
				"south": {"uv": [2, 14, 0, 16], "texture": "#0"},
				"west": {"uv": [2, 14, 0, 16], "texture": "#0", "cullface": "west"},
				"up": {"uv": [2, 14, 0, 16], "texture": "#0"},
				"down": {"uv": [2, 14, 0, 16], "texture": "#0"}
			}
		},
		{
			"name": "Element",
			"from": [-8, 8.85, 8.375],
			"to": [2.5, 9.6, 8.625],
			"rotation": {"angle": 0, "axis": "y", "origin": [1, -0.25, 0]},
			"faces": {
				"north": {"uv": [2, 16, 0, 14], "texture": "#0"},
				"south": {"uv": [2, 14, 0, 16], "texture": "#0"},
				"west": {"uv": [2, 14, 0, 16], "texture": "#0", "cullface": "west"},
				"up": {"uv": [2, 14, 0, 16], "texture": "#0"},
				"down": {"uv": [2, 14, 0, 16], "texture": "#0"}
			}
		},
		{
			"name": "Element",
			"from": [-10, 8.85, 8.375],
			"to": [-7.5, 9.6, 9.375],
			"rotation": {"angle": 0, "axis": "y", "origin": [1, -0.25, 0]},
			"faces": {
				"north": {"uv": [1, 16, 0, 15], "texture": "#0"},
				"east": {"uv": [1, 15, 0, 16], "texture": "#0"},
				"south": {"uv": [1, 15, 0, 16], "texture": "#0"},
				"west": {"uv": [1, 15, 0, 16], "texture": "#0", "cullface": "west"},
				"up": {"uv": [1, 15, 0, 16], "texture": "#0"},
				"down": {"uv": [1, 15, 0, 16], "texture": "#0"}
			}
		},
		{
			"name": "Element",
			"from": [-10, 8.85, 6.625],
			"to": [-7.5, 9.6, 7.625],
			"rotation": {"angle": 0, "axis": "y", "origin": [1, -0.25, 0]},
			"faces": {
				"north": {"uv": [1, 16, 0, 15], "texture": "#0"},
				"east": {"uv": [1, 15, 0, 16], "texture": "#0"},
				"south": {"uv": [1, 15, 0, 16], "texture": "#0"},
				"west": {"uv": [1, 15, 0, 16], "texture": "#0", "cullface": "west"},
				"up": {"uv": [1, 15, 0, 16], "texture": "#0"},
				"down": {"uv": [1, 15, 0, 16], "texture": "#0"}
			}
		},
		{
			"name": "Element",
			"from": [-10, 9.6, 6.625],
			"to": [-7.5, 10, 9.375],
			"rotation": {"angle": 0, "axis": "y", "origin": [1, -0.25, 0]},
			"faces": {
				"north": {"uv": [1, 16, 0, 15], "texture": "#0"},
				"east": {"uv": [1, 15, 0, 16], "texture": "#0"},
				"south": {"uv": [1, 15, 0, 16], "texture": "#0"},
				"west": {"uv": [1, 15, 0, 16], "texture": "#0", "cullface": "west"},
				"up": {"uv": [1, 15, 0, 16], "texture": "#0"},
				"down": {"uv": [1, 15, 0, 16], "texture": "#0"}
			}
		},
		{
			"name": "Element",
			"from": [-10, 8.425, 6.625],
			"to": [-7.5, 8.85, 9.375],
			"rotation": {"angle": 0, "axis": "y", "origin": [1, -0.25, 0]},
			"faces": {
				"north": {"uv": [1, 16, 0, 15], "texture": "#0"},
				"east": {"uv": [1, 15, 0, 16], "texture": "#0"},
				"south": {"uv": [1, 15, 0, 16], "texture": "#0"},
				"west": {"uv": [1, 15, 0, 16], "texture": "#0", "cullface": "west"},
				"up": {"uv": [1, 15, 0, 16], "texture": "#0"},
				"down": {"uv": [1, 15, 0, 16], "texture": "#0"}
			}
		},
		{
			"name": "Element",
			"from": [-8, 8.6, 7.625],
			"to": [2.5, 8.85, 8.375],
			"rotation": {"angle": 0, "axis": "y", "origin": [1, -0.25, 0]},
			"faces": {
				"north": {"uv": [2, 16, 0, 14], "texture": "#0"},
				"south": {"uv": [2, 14, 0, 16], "texture": "#0"},
				"west": {"uv": [2, 14, 0, 16], "texture": "#0", "cullface": "west"},
				"up": {"uv": [2, 14, 0, 16], "texture": "#0"},
				"down": {"uv": [2, 14, 0, 16], "texture": "#0"}
			}
		},
		{
			"name": "Element",
			"from": [26, 7, 7.25],
			"to": [27, 11, 8.75],
			"rotation": {"angle": 0, "axis": "y", "origin": [-0.75, -0.25, 0]},
			"faces": {
				"north": {"uv": [15, 11, 16, 12], "texture": "#0"},
				"east": {"uv": [15, 11, 16, 12], "texture": "#0", "cullface": "east"},
				"south": {"uv": [15, 11, 16, 12], "texture": "#0"},
				"west": {"uv": [15, 11, 16, 12], "texture": "#0"},
				"up": {"uv": [15, 11, 16, 12], "texture": "#0"},
				"down": {"uv": [16, 12, 15, 11], "texture": "#0"}
			}
		},
		{
			"name": "Element",
			"from": [26, 7.25, 7],
			"to": [27, 10.75, 9],
			"rotation": {"angle": 0, "axis": "y", "origin": [-0.75, -0.25, 0]},
			"faces": {
				"north": {"uv": [15, 11, 16, 12], "texture": "#0"},
				"east": {"uv": [15, 11, 16, 12], "texture": "#0", "cullface": "east"},
				"south": {"uv": [15, 11, 16, 12], "texture": "#0"},
				"west": {"uv": [15, 11, 16, 12], "texture": "#0"},
				"up": {"uv": [15, 11, 16, 12], "texture": "#0"},
				"down": {"uv": [16, 12, 15, 11], "texture": "#0"}
			}
		},
		{
			"name": "Element",
			"from": [2.45, 8.25, 7.25],
			"to": [26, 10.25, 8.75],
			"rotation": {"angle": 0, "axis": "y", "origin": [1, -0.25, 0]},
			"faces": {
				"north": {"uv": [10, 6, 13, 8], "texture": "#0"},
				"east": {"uv": [10, 6, 13, 8], "texture": "#0", "cullface": "east"},
				"south": {"uv": [10, 6, 13, 8], "texture": "#0"},
				"west": {"uv": [10, 6, 13, 8], "texture": "#0"},
				"up": {"uv": [10, 6, 13, 8], "texture": "#0"},
				"down": {"uv": [13, 8, 10, 6], "texture": "#0"}
			}
		},
		{
			"name": "Element",
			"from": [2.45, 8.675, 7],
			"to": [26, 9.675, 9],
			"rotation": {"angle": 0, "axis": "y", "origin": [1, -0.25, 0]},
			"faces": {
				"north": {"uv": [10, 6, 13, 8], "texture": "#0"},
				"east": {"uv": [10, 6, 13, 8], "texture": "#0", "cullface": "east"},
				"south": {"uv": [10, 6, 13, 8], "texture": "#0"},
				"west": {"uv": [10, 6, 13, 8], "texture": "#0"},
				"up": {"uv": [10, 6, 13, 8], "texture": "#0"},
				"down": {"uv": [13, 8, 10, 6], "texture": "#0"}
			}
		},
		{
			"name": "Element",
			"from": [13.5, 7.5, 7.5],
			"to": [26, 8.25, 8.5],
			"rotation": {"angle": 0, "axis": "y", "origin": [-1, -0.25, 0]},
			"faces": {
				"north": {"uv": [1, 16, 0, 15], "texture": "#0"},
				"east": {"uv": [1, 16, 0, 15], "texture": "#0", "cullface": "east"},
				"south": {"uv": [1, 16, 0, 15], "texture": "#0"},
				"west": {"uv": [1, 16, 0, 15], "texture": "#0"},
				"down": {"uv": [1, 15, 0, 16], "texture": "#0"}
			}
		},
		{
			"name": "Element",
			"from": [21.15, 3.25, 7.375],
			"to": [23.4, 8, 8.625],
			"rotation": {"angle": 0, "axis": "y", "origin": [-0.75, -0.75, 0.125]},
			"faces": {
				"north": {"uv": [16, 12, 15, 11], "texture": "#0"},
				"east": {"uv": [16, 12, 15, 11], "texture": "#0"},
				"south": {"uv": [16, 12, 15, 11], "texture": "#0"},
				"west": {"uv": [16, 12, 15, 11], "texture": "#0"},
				"up": {"uv": [16, 12, 15, 11], "texture": "#0"},
				"down": {"uv": [15, 11, 16, 12], "texture": "#0"}
			}
		},
		{
			"name": "Element",
			"from": [18.9, 3.625, 7.375],
			"to": [21.15, 8, 8.625],
			"rotation": {"angle": 0, "axis": "y", "origin": [-0.75, -0.75, 0.125]},
			"faces": {
				"north": {"uv": [16, 12, 15, 11], "texture": "#0"},
				"east": {"uv": [16, 12, 15, 11], "texture": "#0"},
				"south": {"uv": [16, 12, 15, 11], "texture": "#0"},
				"west": {"uv": [16, 12, 15, 11], "texture": "#0"},
				"up": {"uv": [16, 12, 15, 11], "texture": "#0"},
				"down": {"uv": [15, 11, 16, 12], "texture": "#0"}
			}
		},
		{
			"name": "Element",
			"from": [13.25, 6.25, 7.75],
			"to": [13.5, 7.5, 8.25],
			"rotation": {"angle": 0, "axis": "y", "origin": [-1, -0.25, 0]},
			"faces": {
				"north": {"uv": [1, 16, 0, 15], "texture": "#0"},
				"east": {"uv": [1, 16, 0, 15], "texture": "#0"},
				"south": {"uv": [1, 16, 0, 15], "texture": "#0"},
				"west": {"uv": [1, 16, 0, 15], "texture": "#0"},
				"up": {"uv": [1, 16, 0, 15], "texture": "#0"},
				"down": {"uv": [1, 15, 0, 16], "texture": "#0"}
			}
		},
		{
			"name": "Element",
			"from": [15, 6.25, 7.75],
			"to": [15.25, 6.5, 8.25],
			"rotation": {"angle": 0, "axis": "y", "origin": [-1, -0.25, 0]},
			"faces": {
				"north": {"uv": [1, 16, 0, 15], "texture": "#0"},
				"east": {"uv": [1, 16, 0, 15], "texture": "#0"},
				"south": {"uv": [1, 16, 0, 15], "texture": "#0"},
				"west": {"uv": [1, 16, 0, 15], "texture": "#0"},
				"up": {"uv": [1, 16, 0, 15], "texture": "#0"},
				"down": {"uv": [1, 15, 0, 16], "texture": "#0"}
			}
		},
		{
			"name": "Element",
			"from": [13.5, 6, 7.75],
			"to": [15, 6.25, 8.25],
			"rotation": {"angle": 0, "axis": "y", "origin": [-1, -0.25, 0]},
			"faces": {
				"north": {"uv": [1, 16, 0, 15], "texture": "#0"},
				"east": {"uv": [1, 16, 0, 15], "texture": "#0"},
				"south": {"uv": [1, 16, 0, 15], "texture": "#0"},
				"west": {"uv": [1, 16, 0, 15], "texture": "#0"},
				"up": {"uv": [1, 16, 0, 15], "texture": "#0"},
				"down": {"uv": [1, 15, 0, 16], "texture": "#0"}
			}
		},
		{
			"name": "Element",
			"from": [14.85, 6.5, 7.75],
			"to": [15.1, 7.75, 8.25],
			"rotation": {"angle": -22.5, "axis": "z", "origin": [14.75, 8, 7.75]},
			"faces": {
				"north": {"uv": [1, 16, 0, 15], "texture": "#0"},
				"east": {"uv": [1, 16, 0, 15], "texture": "#0", "cullface": "east"},
				"south": {"uv": [1, 16, 0, 15], "texture": "#0"},
				"west": {"uv": [1, 16, 0, 15], "texture": "#0"},
				"up": {"uv": [1, 16, 0, 15], "texture": "#0"},
				"down": {"uv": [1, 15, 0, 16], "texture": "#0"}
			}
		},
		{
			"name": "Element",
			"from": [15.25, 6.5, 7.5],
			"to": [16, 7.5, 8.5],
			"rotation": {"angle": 0, "axis": "y", "origin": [-1, -0.25, 0]},
			"faces": {
				"north": {"uv": [1, 16, 0, 15], "texture": "#0"},
				"east": {"uv": [1, 16, 0, 15], "texture": "#0", "cullface": "east"},
				"south": {"uv": [1, 16, 0, 15], "texture": "#0"},
				"west": {"uv": [1, 16, 0, 15], "texture": "#0"},
				"down": {"uv": [1, 15, 0, 16], "texture": "#0"}
			}
		},
		{
			"name": "Element",
			"from": [16.3, 3.675, 7.5],
			"to": [18.2, 4.275, 8.5],
			"rotation": {"angle": 0, "axis": "y", "origin": [-1, -0.25, 0]},
			"faces": {
				"north": {"uv": [1, 16, 0, 15], "texture": "#0"},
				"east": {"uv": [1, 16, 0, 15], "texture": "#0", "cullface": "east"},
				"south": {"uv": [1, 16, 0, 15], "texture": "#0"},
				"west": {"uv": [1, 16, 0, 15], "texture": "#0"},
				"up": {"uv": [0, 15, 1, 16], "texture": "#0"},
				"down": {"uv": [1, 15, 0, 16], "texture": "#0"}
			}
		},
		{
			"name": "Element",
			"from": [17.65, 3.825, 7.5],
			"to": [18.95, 5.475, 8.5],
			"rotation": {"angle": 0, "axis": "y", "origin": [-1, -0.25, 0]},
			"faces": {
				"north": {"uv": [1, 16, 0, 15], "texture": "#0"},
				"east": {"uv": [1, 16, 0, 15], "texture": "#0", "cullface": "east"},
				"south": {"uv": [1, 16, 0, 15], "texture": "#0"},
				"west": {"uv": [1, 16, 0, 15], "texture": "#0"},
				"up": {"uv": [0, 15, 1, 16], "texture": "#0"},
				"down": {"uv": [1, 15, 0, 16], "texture": "#0"}
			}
		},
		{
			"name": "Element",
			"from": [11.125, 13.35, 7.5],
			"to": [12.95, 14.575, 8.5],
			"rotation": {"angle": -22.5, "axis": "z", "origin": [-1, -0.25, 0]},
			"faces": {
				"north": {"uv": [1, 16, 0, 15], "texture": "#0"},
				"east": {"uv": [1, 16, 0, 15], "texture": "#0", "cullface": "east"},
				"south": {"uv": [1, 16, 0, 15], "texture": "#0"},
				"west": {"uv": [1, 16, 0, 15], "texture": "#0"},
				"up": {"uv": [1, 16, 0, 15], "texture": "#0"},
				"down": {"uv": [1, 15, 0, 16], "texture": "#0"}
			}
		},
		{
			"name": "lel",
			"from": [15.175, 3.375, 7.5],
			"to": [16.75, 7.375, 8.5],
			"rotation": {"angle": 22.5, "axis": "z", "origin": [15.25, 7.5, 7.25]},
			"faces": {
				"north": {"uv": [1, 16, 0, 15], "texture": "#0"},
				"east": {"uv": [1, 16, 0, 15], "texture": "#0", "cullface": "east"},
				"south": {"uv": [1, 16, 0, 15], "texture": "#0"},
				"west": {"uv": [1, 16, 0, 15], "texture": "#0"},
				"down": {"uv": [1, 15, 0, 16], "texture": "#0"}
			}
		},
		{
			"name": "Element",
			"from": [11.15, 10.5, 7.575],
			"to": [11.3, 10.65, 8.425],
			"rotation": {"angle": 0, "axis": "y", "origin": [-1, 0, 0]},
			"faces": {
				"north": {"uv": [12, 7, 11, 6], "texture": "#0"},
				"east": {"uv": [12, 7, 11, 6], "texture": "#0", "cullface": "east"},
				"south": {"uv": [11, 7, 12, 6], "texture": "#0"},
				"west": {"uv": [12, 7, 11, 6], "texture": "#0"},
				"up": {"uv": [11, 7, 12, 6], "texture": "#0"},
				"down": {"uv": [11, 6, 12, 7], "texture": "#0"}
			}
		},
		{
			"name": "Element",
			"from": [10.85, 10.5, 7.575],
			"to": [11, 10.65, 8.425],
			"rotation": {"angle": 0, "axis": "y", "origin": [-1, 0, 0]},
			"faces": {
				"north": {"uv": [12, 7, 11, 6], "texture": "#0"},
				"east": {"uv": [12, 7, 11, 6], "texture": "#0", "cullface": "east"},
				"south": {"uv": [11, 7, 12, 6], "texture": "#0"},
				"west": {"uv": [12, 7, 11, 6], "texture": "#0"},
				"up": {"uv": [11, 7, 12, 6], "texture": "#0"},
				"down": {"uv": [11, 6, 12, 7], "texture": "#0"}
			}
		},
		{
			"name": "Element",
			"from": [10.55, 10.5, 7.575],
			"to": [10.7, 10.65, 8.425],
			"rotation": {"angle": 0, "axis": "y", "origin": [-1, 0, 0]},
			"faces": {
				"north": {"uv": [12, 7, 11, 6], "texture": "#0"},
				"east": {"uv": [12, 7, 11, 6], "texture": "#0", "cullface": "east"},
				"south": {"uv": [11, 7, 12, 6], "texture": "#0"},
				"west": {"uv": [12, 7, 11, 6], "texture": "#0"},
				"up": {"uv": [11, 7, 12, 6], "texture": "#0"},
				"down": {"uv": [11, 6, 12, 7], "texture": "#0"}
			}
		},
		{
			"name": "Element",
			"from": [10.25, 10.5, 7.575],
			"to": [10.4, 10.65, 8.425],
			"rotation": {"angle": 0, "axis": "y", "origin": [-1, 0, 0]},
			"faces": {
				"north": {"uv": [12, 7, 11, 6], "texture": "#0"},
				"east": {"uv": [12, 7, 11, 6], "texture": "#0", "cullface": "east"},
				"south": {"uv": [11, 7, 12, 6], "texture": "#0"},
				"west": {"uv": [12, 7, 11, 6], "texture": "#0"},
				"up": {"uv": [11, 7, 12, 6], "texture": "#0"},
				"down": {"uv": [11, 6, 12, 7], "texture": "#0"}
			}
		},
		{
			"name": "Element",
			"from": [9.95, 10.5, 7.575],
			"to": [10.1, 10.65, 8.425],
			"rotation": {"angle": 0, "axis": "y", "origin": [-1, 0, 0]},
			"faces": {
				"north": {"uv": [12, 7, 11, 6], "texture": "#0"},
				"east": {"uv": [12, 7, 11, 6], "texture": "#0", "cullface": "east"},
				"south": {"uv": [11, 7, 12, 6], "texture": "#0"},
				"west": {"uv": [12, 7, 11, 6], "texture": "#0"},
				"up": {"uv": [11, 7, 12, 6], "texture": "#0"},
				"down": {"uv": [11, 6, 12, 7], "texture": "#0"}
			}
		},
		{
			"name": "Element",
			"from": [9.65, 10.5, 7.575],
			"to": [9.8, 10.65, 8.425],
			"rotation": {"angle": 0, "axis": "y", "origin": [-1, 0, 0]},
			"faces": {
				"north": {"uv": [12, 7, 11, 6], "texture": "#0"},
				"east": {"uv": [12, 7, 11, 6], "texture": "#0", "cullface": "east"},
				"south": {"uv": [11, 7, 12, 6], "texture": "#0"},
				"west": {"uv": [12, 7, 11, 6], "texture": "#0"},
				"up": {"uv": [11, 7, 12, 6], "texture": "#0"},
				"down": {"uv": [11, 6, 12, 7], "texture": "#0"}
			}
		},
		{
			"name": "Element",
			"from": [9.35, 10.5, 7.575],
			"to": [9.5, 10.65, 8.425],
			"rotation": {"angle": 0, "axis": "y", "origin": [-1, 0, 0]},
			"faces": {
				"north": {"uv": [12, 7, 11, 6], "texture": "#0"},
				"east": {"uv": [12, 7, 11, 6], "texture": "#0", "cullface": "east"},
				"south": {"uv": [11, 7, 12, 6], "texture": "#0"},
				"west": {"uv": [12, 7, 11, 6], "texture": "#0"},
				"up": {"uv": [11, 7, 12, 6], "texture": "#0"},
				"down": {"uv": [11, 6, 12, 7], "texture": "#0"}
			}
		},
		{
			"name": "Element",
			"from": [9.05, 10.5, 7.575],
			"to": [9.2, 10.65, 8.425],
			"rotation": {"angle": 0, "axis": "y", "origin": [-1, 0, 0]},
			"faces": {
				"north": {"uv": [12, 7, 11, 6], "texture": "#0"},
				"east": {"uv": [12, 7, 11, 6], "texture": "#0", "cullface": "east"},
				"south": {"uv": [11, 7, 12, 6], "texture": "#0"},
				"west": {"uv": [12, 7, 11, 6], "texture": "#0"},
				"up": {"uv": [11, 7, 12, 6], "texture": "#0"},
				"down": {"uv": [11, 6, 12, 7], "texture": "#0"}
			}
		},
		{
			"name": "Element",
			"from": [8.75, 10.5, 7.575],
			"to": [8.9, 10.65, 8.425],
			"rotation": {"angle": 0, "axis": "y", "origin": [-1, 0, 0]},
			"faces": {
				"north": {"uv": [12, 7, 11, 6], "texture": "#0"},
				"east": {"uv": [12, 7, 11, 6], "texture": "#0", "cullface": "east"},
				"south": {"uv": [11, 7, 12, 6], "texture": "#0"},
				"west": {"uv": [12, 7, 11, 6], "texture": "#0"},
				"up": {"uv": [11, 7, 12, 6], "texture": "#0"},
				"down": {"uv": [11, 6, 12, 7], "texture": "#0"}
			}
		},
		{
			"name": "Element",
			"from": [8.45, 10.5, 7.575],
			"to": [8.6, 10.65, 8.425],
			"rotation": {"angle": 0, "axis": "y", "origin": [-1, 0, 0]},
			"faces": {
				"north": {"uv": [12, 7, 11, 6], "texture": "#0"},
				"east": {"uv": [12, 7, 11, 6], "texture": "#0", "cullface": "east"},
				"south": {"uv": [11, 7, 12, 6], "texture": "#0"},
				"west": {"uv": [12, 7, 11, 6], "texture": "#0"},
				"up": {"uv": [11, 7, 12, 6], "texture": "#0"},
				"down": {"uv": [11, 6, 12, 7], "texture": "#0"}
			}
		},
		{
			"name": "Element",
			"from": [8.15, 10.5, 7.575],
			"to": [8.3, 10.65, 8.425],
			"rotation": {"angle": 0, "axis": "y", "origin": [-1, 0, 0]},
			"faces": {
				"north": {"uv": [12, 7, 11, 6], "texture": "#0"},
				"east": {"uv": [12, 7, 11, 6], "texture": "#0", "cullface": "east"},
				"south": {"uv": [11, 7, 12, 6], "texture": "#0"},
				"west": {"uv": [12, 7, 11, 6], "texture": "#0"},
				"up": {"uv": [11, 7, 12, 6], "texture": "#0"},
				"down": {"uv": [11, 6, 12, 7], "texture": "#0"}
			}
		},
		{
			"name": "Element",
			"from": [7.85, 10.5, 7.575],
			"to": [8, 10.65, 8.425],
			"rotation": {"angle": 0, "axis": "y", "origin": [-1, 0, 0]},
			"faces": {
				"north": {"uv": [12, 7, 11, 6], "texture": "#0"},
				"east": {"uv": [12, 7, 11, 6], "texture": "#0", "cullface": "east"},
				"south": {"uv": [11, 7, 12, 6], "texture": "#0"},
				"west": {"uv": [12, 7, 11, 6], "texture": "#0"},
				"up": {"uv": [11, 7, 12, 6], "texture": "#0"},
				"down": {"uv": [11, 6, 12, 7], "texture": "#0"}
			}
		},
		{
			"name": "Element",
			"from": [7.55, 10.5, 7.575],
			"to": [7.7, 10.65, 8.425],
			"rotation": {"angle": 0, "axis": "y", "origin": [-1, 0, 0]},
			"faces": {
				"north": {"uv": [12, 7, 11, 6], "texture": "#0"},
				"east": {"uv": [12, 7, 11, 6], "texture": "#0", "cullface": "east"},
				"south": {"uv": [11, 7, 12, 6], "texture": "#0"},
				"west": {"uv": [12, 7, 11, 6], "texture": "#0"},
				"up": {"uv": [11, 7, 12, 6], "texture": "#0"},
				"down": {"uv": [11, 6, 12, 7], "texture": "#0"}
			}
		},
		{
			"name": "Element",
			"from": [5.325, 7.6, 7.575],
			"to": [5.475, 7.75, 8.425],
			"rotation": {"angle": 0, "axis": "y", "origin": [-1, 0, 0]},
			"faces": {
				"north": {"uv": [12, 7, 11, 6], "texture": "#0"},
				"east": {"uv": [12, 7, 11, 6], "texture": "#0", "cullface": "east"},
				"south": {"uv": [11, 7, 12, 6], "texture": "#0"},
				"west": {"uv": [12, 7, 11, 6], "texture": "#0"},
				"up": {"uv": [11, 7, 12, 6], "texture": "#0"},
				"down": {"uv": [11, 6, 12, 7], "texture": "#0"}
			}
		},
		{
			"name": "Element",
			"from": [6.225, 7.6, 7.575],
			"to": [6.375, 7.75, 8.425],
			"rotation": {"angle": 0, "axis": "y", "origin": [-1, 0, 0]},
			"faces": {
				"north": {"uv": [12, 7, 11, 6], "texture": "#0"},
				"east": {"uv": [12, 7, 11, 6], "texture": "#0", "cullface": "east"},
				"south": {"uv": [11, 7, 12, 6], "texture": "#0"},
				"west": {"uv": [12, 7, 11, 6], "texture": "#0"},
				"up": {"uv": [11, 7, 12, 6], "texture": "#0"},
				"down": {"uv": [11, 6, 12, 7], "texture": "#0"}
			}
		},
		{
			"name": "Element",
			"from": [6.525, 7.6, 7.575],
			"to": [6.675, 7.75, 8.425],
			"rotation": {"angle": 0, "axis": "y", "origin": [-1, 0, 0]},
			"faces": {
				"north": {"uv": [12, 7, 11, 6], "texture": "#0"},
				"east": {"uv": [12, 7, 11, 6], "texture": "#0", "cullface": "east"},
				"south": {"uv": [11, 7, 12, 6], "texture": "#0"},
				"west": {"uv": [12, 7, 11, 6], "texture": "#0"},
				"up": {"uv": [11, 7, 12, 6], "texture": "#0"},
				"down": {"uv": [11, 6, 12, 7], "texture": "#0"}
			}
		},
		{
			"name": "Element",
			"from": [6.825, 7.6, 7.575],
			"to": [6.975, 7.75, 8.425],
			"rotation": {"angle": 0, "axis": "y", "origin": [-1, 0, 0]},
			"faces": {
				"north": {"uv": [12, 7, 11, 6], "texture": "#0"},
				"east": {"uv": [12, 7, 11, 6], "texture": "#0", "cullface": "east"},
				"south": {"uv": [11, 7, 12, 6], "texture": "#0"},
				"west": {"uv": [12, 7, 11, 6], "texture": "#0"},
				"up": {"uv": [11, 7, 12, 6], "texture": "#0"},
				"down": {"uv": [11, 6, 12, 7], "texture": "#0"}
			}
		},
		{
			"name": "Element",
			"from": [5.625, 7.6, 7.575],
			"to": [5.775, 7.75, 8.425],
			"rotation": {"angle": 0, "axis": "y", "origin": [-1, 0, 0]},
			"faces": {
				"north": {"uv": [12, 7, 11, 6], "texture": "#0"},
				"east": {"uv": [12, 7, 11, 6], "texture": "#0", "cullface": "east"},
				"south": {"uv": [11, 7, 12, 6], "texture": "#0"},
				"west": {"uv": [12, 7, 11, 6], "texture": "#0"},
				"up": {"uv": [11, 7, 12, 6], "texture": "#0"},
				"down": {"uv": [11, 6, 12, 7], "texture": "#0"}
			}
		},
		{
			"name": "Element",
			"from": [5.925, 7.6, 7.575],
			"to": [6.075, 7.75, 8.425],
			"rotation": {"angle": 0, "axis": "y", "origin": [-1, 0, 0]},
			"faces": {
				"north": {"uv": [12, 7, 11, 6], "texture": "#0"},
				"east": {"uv": [12, 7, 11, 6], "texture": "#0", "cullface": "east"},
				"south": {"uv": [11, 7, 12, 6], "texture": "#0"},
				"west": {"uv": [12, 7, 11, 6], "texture": "#0"},
				"up": {"uv": [11, 7, 12, 6], "texture": "#0"},
				"down": {"uv": [11, 6, 12, 7], "texture": "#0"}
			}
		},
		{
			"name": "Element",
			"from": [7.125, 7.6, 7.575],
			"to": [7.275, 7.75, 8.425],
			"rotation": {"angle": 0, "axis": "y", "origin": [-1, 0, 0]},
			"faces": {
				"north": {"uv": [12, 7, 11, 6], "texture": "#0"},
				"east": {"uv": [12, 7, 11, 6], "texture": "#0", "cullface": "east"},
				"south": {"uv": [11, 7, 12, 6], "texture": "#0"},
				"west": {"uv": [12, 7, 11, 6], "texture": "#0"},
				"up": {"uv": [11, 7, 12, 6], "texture": "#0"},
				"down": {"uv": [11, 6, 12, 7], "texture": "#0"}
			}
		},
		{
			"name": "Element",
			"from": [7.425, 7.6, 7.575],
			"to": [7.575, 7.75, 8.425],
			"rotation": {"angle": 0, "axis": "y", "origin": [-1, 0, 0]},
			"faces": {
				"north": {"uv": [12, 7, 11, 6], "texture": "#0"},
				"east": {"uv": [12, 7, 11, 6], "texture": "#0", "cullface": "east"},
				"south": {"uv": [11, 7, 12, 6], "texture": "#0"},
				"west": {"uv": [12, 7, 11, 6], "texture": "#0"},
				"up": {"uv": [11, 7, 12, 6], "texture": "#0"},
				"down": {"uv": [11, 6, 12, 7], "texture": "#0"}
			}
		},
		{
			"name": "Element",
			"from": [7.725, 7.6, 7.575],
			"to": [7.875, 7.75, 8.425],
			"rotation": {"angle": 0, "axis": "y", "origin": [-1, 0, 0]},
			"faces": {
				"north": {"uv": [12, 7, 11, 6], "texture": "#0"},
				"east": {"uv": [12, 7, 11, 6], "texture": "#0", "cullface": "east"},
				"south": {"uv": [11, 7, 12, 6], "texture": "#0"},
				"west": {"uv": [12, 7, 11, 6], "texture": "#0"},
				"up": {"uv": [11, 7, 12, 6], "texture": "#0"},
				"down": {"uv": [11, 6, 12, 7], "texture": "#0"}
			}
		},
		{
			"name": "Element",
			"from": [8.025, 7.6, 7.575],
			"to": [8.175, 7.75, 8.425],
			"rotation": {"angle": 0, "axis": "y", "origin": [-1, 0, 0]},
			"faces": {
				"north": {"uv": [12, 7, 11, 6], "texture": "#0"},
				"east": {"uv": [12, 7, 11, 6], "texture": "#0", "cullface": "east"},
				"south": {"uv": [11, 7, 12, 6], "texture": "#0"},
				"west": {"uv": [12, 7, 11, 6], "texture": "#0"},
				"up": {"uv": [11, 7, 12, 6], "texture": "#0"},
				"down": {"uv": [11, 6, 12, 7], "texture": "#0"}
			}
		},
		{
			"name": "Element",
			"from": [8.325, 7.6, 7.575],
			"to": [8.475, 7.75, 8.425],
			"rotation": {"angle": 0, "axis": "y", "origin": [-1, 0, 0]},
			"faces": {
				"north": {"uv": [12, 7, 11, 6], "texture": "#0"},
				"east": {"uv": [12, 7, 11, 6], "texture": "#0", "cullface": "east"},
				"south": {"uv": [11, 7, 12, 6], "texture": "#0"},
				"west": {"uv": [12, 7, 11, 6], "texture": "#0"},
				"up": {"uv": [11, 7, 12, 6], "texture": "#0"},
				"down": {"uv": [11, 6, 12, 7], "texture": "#0"}
			}
		},
		{
			"name": "Element",
			"from": [8.625, 7.6, 7.575],
			"to": [8.775, 7.75, 8.425],
			"rotation": {"angle": 0, "axis": "y", "origin": [-1, 0, 0]},
			"faces": {
				"north": {"uv": [12, 7, 11, 6], "texture": "#0"},
				"east": {"uv": [12, 7, 11, 6], "texture": "#0", "cullface": "east"},
				"south": {"uv": [11, 7, 12, 6], "texture": "#0"},
				"west": {"uv": [12, 7, 11, 6], "texture": "#0"},
				"up": {"uv": [11, 7, 12, 6], "texture": "#0"},
				"down": {"uv": [11, 6, 12, 7], "texture": "#0"}
			}
		},
		{
			"name": "Element",
			"from": [8.925, 7.6, 7.575],
			"to": [9.075, 7.75, 8.425],
			"rotation": {"angle": 0, "axis": "y", "origin": [-1, 0, 0]},
			"faces": {
				"north": {"uv": [12, 7, 11, 6], "texture": "#0"},
				"east": {"uv": [12, 7, 11, 6], "texture": "#0", "cullface": "east"},
				"south": {"uv": [11, 7, 12, 6], "texture": "#0"},
				"west": {"uv": [12, 7, 11, 6], "texture": "#0"},
				"up": {"uv": [11, 7, 12, 6], "texture": "#0"},
				"down": {"uv": [11, 6, 12, 7], "texture": "#0"}
			}
		},
		{
			"name": "Element",
			"from": [7.25, 10.5, 7.575],
			"to": [7.4, 10.65, 8.425],
			"rotation": {"angle": 0, "axis": "y", "origin": [-1, 0, 0]},
			"faces": {
				"north": {"uv": [12, 7, 11, 6], "texture": "#0"},
				"east": {"uv": [12, 7, 11, 6], "texture": "#0", "cullface": "east"},
				"south": {"uv": [11, 7, 12, 6], "texture": "#0"},
				"west": {"uv": [12, 7, 11, 6], "texture": "#0"},
				"up": {"uv": [11, 7, 12, 6], "texture": "#0"},
				"down": {"uv": [11, 6, 12, 7], "texture": "#0"}
			}
		},
		{
			"name": "Element",
			"from": [6.95, 10.5, 7.575],
			"to": [7.1, 10.65, 8.425],
			"rotation": {"angle": 0, "axis": "y", "origin": [-1, 0, 0]},
			"faces": {
				"north": {"uv": [12, 7, 11, 6], "texture": "#0"},
				"east": {"uv": [12, 7, 11, 6], "texture": "#0", "cullface": "east"},
				"south": {"uv": [11, 7, 12, 6], "texture": "#0"},
				"west": {"uv": [12, 7, 11, 6], "texture": "#0"},
				"up": {"uv": [11, 7, 12, 6], "texture": "#0"},
				"down": {"uv": [11, 6, 12, 7], "texture": "#0"}
			}
		},
		{
			"name": "Element",
			"from": [6.65, 10.5, 7.575],
			"to": [6.8, 10.65, 8.425],
			"rotation": {"angle": 0, "axis": "y", "origin": [-1, 0, 0]},
			"faces": {
				"north": {"uv": [12, 7, 11, 6], "texture": "#0"},
				"east": {"uv": [12, 7, 11, 6], "texture": "#0", "cullface": "east"},
				"south": {"uv": [11, 7, 12, 6], "texture": "#0"},
				"west": {"uv": [12, 7, 11, 6], "texture": "#0"},
				"up": {"uv": [11, 7, 12, 6], "texture": "#0"},
				"down": {"uv": [11, 6, 12, 7], "texture": "#0"}
			}
		},
		{
			"name": "Element",
			"from": [6.35, 10.5, 7.575],
			"to": [6.5, 10.65, 8.425],
			"rotation": {"angle": 0, "axis": "y", "origin": [-1, 0, 0]},
			"faces": {
				"north": {"uv": [12, 7, 11, 6], "texture": "#0"},
				"east": {"uv": [12, 7, 11, 6], "texture": "#0", "cullface": "east"},
				"south": {"uv": [11, 7, 12, 6], "texture": "#0"},
				"west": {"uv": [12, 7, 11, 6], "texture": "#0"},
				"up": {"uv": [11, 7, 12, 6], "texture": "#0"},
				"down": {"uv": [11, 6, 12, 7], "texture": "#0"}
			}
		},
		{
			"name": "Element",
			"from": [6.05, 10.5, 7.575],
			"to": [6.2, 10.65, 8.425],
			"rotation": {"angle": 0, "axis": "y", "origin": [-1, 0, 0]},
			"faces": {
				"north": {"uv": [12, 7, 11, 6], "texture": "#0"},
				"east": {"uv": [12, 7, 11, 6], "texture": "#0", "cullface": "east"},
				"south": {"uv": [11, 7, 12, 6], "texture": "#0"},
				"west": {"uv": [12, 7, 11, 6], "texture": "#0"},
				"up": {"uv": [11, 7, 12, 6], "texture": "#0"},
				"down": {"uv": [11, 6, 12, 7], "texture": "#0"}
			}
		},
		{
			"name": "Element",
			"from": [5.75, 10.5, 7.575],
			"to": [5.9, 10.65, 8.425],
			"rotation": {"angle": 0, "axis": "y", "origin": [-1, 0, 0]},
			"faces": {
				"north": {"uv": [12, 7, 11, 6], "texture": "#0"},
				"east": {"uv": [12, 7, 11, 6], "texture": "#0", "cullface": "east"},
				"south": {"uv": [11, 7, 12, 6], "texture": "#0"},
				"west": {"uv": [12, 7, 11, 6], "texture": "#0"},
				"up": {"uv": [11, 7, 12, 6], "texture": "#0"},
				"down": {"uv": [11, 6, 12, 7], "texture": "#0"}
			}
		},
		{
			"name": "Element",
			"from": [16.85, 10.5, 7.575],
			"to": [17, 10.65, 8.425],
			"rotation": {"angle": 0, "axis": "y", "origin": [-1, 0, 0]},
			"faces": {
				"north": {"uv": [12, 7, 11, 6], "texture": "#0"},
				"east": {"uv": [12, 7, 11, 6], "texture": "#0", "cullface": "east"},
				"south": {"uv": [11, 7, 12, 6], "texture": "#0"},
				"west": {"uv": [12, 7, 11, 6], "texture": "#0"},
				"up": {"uv": [11, 7, 12, 6], "texture": "#0"},
				"down": {"uv": [11, 6, 12, 7], "texture": "#0"}
			}
		},
		{
			"name": "Element",
			"from": [16.55, 10.5, 7.575],
			"to": [16.7, 10.65, 8.425],
			"rotation": {"angle": 0, "axis": "y", "origin": [-1, 0, 0]},
			"faces": {
				"north": {"uv": [12, 7, 11, 6], "texture": "#0"},
				"east": {"uv": [12, 7, 11, 6], "texture": "#0", "cullface": "east"},
				"south": {"uv": [11, 7, 12, 6], "texture": "#0"},
				"west": {"uv": [12, 7, 11, 6], "texture": "#0"},
				"up": {"uv": [11, 7, 12, 6], "texture": "#0"},
				"down": {"uv": [11, 6, 12, 7], "texture": "#0"}
			}
		},
		{
			"name": "Element",
			"from": [16.25, 10.5, 7.575],
			"to": [16.4, 10.65, 8.425],
			"rotation": {"angle": 0, "axis": "y", "origin": [-1, 0, 0]},
			"faces": {
				"north": {"uv": [12, 7, 11, 6], "texture": "#0"},
				"east": {"uv": [12, 7, 11, 6], "texture": "#0", "cullface": "east"},
				"south": {"uv": [11, 7, 12, 6], "texture": "#0"},
				"west": {"uv": [12, 7, 11, 6], "texture": "#0"},
				"up": {"uv": [11, 7, 12, 6], "texture": "#0"},
				"down": {"uv": [11, 6, 12, 7], "texture": "#0"}
			}
		},
		{
			"name": "Element",
			"from": [15.95, 10.5, 7.575],
			"to": [16.1, 10.65, 8.425],
			"rotation": {"angle": 0, "axis": "y", "origin": [-1, 0, 0]},
			"faces": {
				"north": {"uv": [12, 7, 11, 6], "texture": "#0"},
				"east": {"uv": [12, 7, 11, 6], "texture": "#0", "cullface": "east"},
				"south": {"uv": [11, 7, 12, 6], "texture": "#0"},
				"west": {"uv": [12, 7, 11, 6], "texture": "#0"},
				"up": {"uv": [11, 7, 12, 6], "texture": "#0"},
				"down": {"uv": [11, 6, 12, 7], "texture": "#0"}
			}
		},
		{
			"name": "Element",
			"from": [17.75, 10.5, 7.575],
			"to": [17.9, 10.65, 8.425],
			"rotation": {"angle": 0, "axis": "y", "origin": [-1, 0, 0]},
			"faces": {
				"north": {"uv": [12, 7, 11, 6], "texture": "#0"},
				"east": {"uv": [12, 7, 11, 6], "texture": "#0", "cullface": "east"},
				"south": {"uv": [11, 7, 12, 6], "texture": "#0"},
				"west": {"uv": [12, 7, 11, 6], "texture": "#0"},
				"up": {"uv": [11, 7, 12, 6], "texture": "#0"},
				"down": {"uv": [11, 6, 12, 7], "texture": "#0"}
			}
		},
		{
			"name": "Element",
			"from": [18.075, 10.5, 7.575],
			"to": [18.8, 10.65, 8.425],
			"rotation": {"angle": 0, "axis": "y", "origin": [-1, 0, 0]},
			"faces": {
				"north": {"uv": [12, 7, 11, 6], "texture": "#0"},
				"east": {"uv": [12, 7, 11, 6], "texture": "#0", "cullface": "east"},
				"south": {"uv": [11, 7, 12, 6], "texture": "#0"},
				"west": {"uv": [12, 7, 11, 6], "texture": "#0"},
				"up": {"uv": [11, 7, 12, 6], "texture": "#0"},
				"down": {"uv": [11, 6, 12, 7], "texture": "#0"}
			}
		},
		{
			"name": "Element",
			"from": [17.45, 10.5, 7.575],
			"to": [17.6, 10.65, 8.425],
			"rotation": {"angle": 0, "axis": "y", "origin": [-1, 0, 0]},
			"faces": {
				"north": {"uv": [12, 7, 11, 6], "texture": "#0"},
				"east": {"uv": [12, 7, 11, 6], "texture": "#0", "cullface": "east"},
				"south": {"uv": [11, 7, 12, 6], "texture": "#0"},
				"west": {"uv": [12, 7, 11, 6], "texture": "#0"},
				"up": {"uv": [11, 7, 12, 6], "texture": "#0"},
				"down": {"uv": [11, 6, 12, 7], "texture": "#0"}
			}
		},
		{
			"name": "Element",
			"from": [17.15, 10.5, 7.575],
			"to": [17.3, 10.65, 8.425],
			"rotation": {"angle": 0, "axis": "y", "origin": [-1, 0, 0]},
			"faces": {
				"north": {"uv": [12, 7, 11, 6], "texture": "#0"},
				"east": {"uv": [12, 7, 11, 6], "texture": "#0", "cullface": "east"},
				"south": {"uv": [11, 7, 12, 6], "texture": "#0"},
				"west": {"uv": [12, 7, 11, 6], "texture": "#0"},
				"up": {"uv": [11, 7, 12, 6], "texture": "#0"},
				"down": {"uv": [11, 6, 12, 7], "texture": "#0"}
			}
		},
		{
			"name": "Element",
			"from": [15.65, 10.5, 7.575],
			"to": [15.8, 10.65, 8.425],
			"rotation": {"angle": 0, "axis": "y", "origin": [-1, 0, 0]},
			"faces": {
				"north": {"uv": [12, 7, 11, 6], "texture": "#0"},
				"east": {"uv": [12, 7, 11, 6], "texture": "#0", "cullface": "east"},
				"south": {"uv": [11, 7, 12, 6], "texture": "#0"},
				"west": {"uv": [12, 7, 11, 6], "texture": "#0"},
				"up": {"uv": [11, 7, 12, 6], "texture": "#0"},
				"down": {"uv": [11, 6, 12, 7], "texture": "#0"}
			}
		},
		{
			"name": "Element",
			"from": [15.35, 10.5, 7.575],
			"to": [15.5, 10.65, 8.425],
			"rotation": {"angle": 0, "axis": "y", "origin": [-1, 0, 0]},
			"faces": {
				"north": {"uv": [12, 7, 11, 6], "texture": "#0"},
				"east": {"uv": [12, 7, 11, 6], "texture": "#0", "cullface": "east"},
				"south": {"uv": [11, 7, 12, 6], "texture": "#0"},
				"west": {"uv": [12, 7, 11, 6], "texture": "#0"},
				"up": {"uv": [11, 7, 12, 6], "texture": "#0"},
				"down": {"uv": [11, 6, 12, 7], "texture": "#0"}
			}
		},
		{
			"name": "Element",
			"from": [15.05, 10.5, 7.575],
			"to": [15.2, 10.65, 8.425],
			"rotation": {"angle": 0, "axis": "y", "origin": [-1, 0, 0]},
			"faces": {
				"north": {"uv": [12, 7, 11, 6], "texture": "#0"},
				"east": {"uv": [12, 7, 11, 6], "texture": "#0", "cullface": "east"},
				"south": {"uv": [11, 7, 12, 6], "texture": "#0"},
				"west": {"uv": [12, 7, 11, 6], "texture": "#0"},
				"up": {"uv": [11, 7, 12, 6], "texture": "#0"},
				"down": {"uv": [11, 6, 12, 7], "texture": "#0"}
			}
		},
		{
			"name": "Element",
			"from": [14.75, 10.5, 7.575],
			"to": [14.9, 10.65, 8.425],
			"rotation": {"angle": 0, "axis": "y", "origin": [-1, 0, 0]},
			"faces": {
				"north": {"uv": [12, 7, 11, 6], "texture": "#0"},
				"east": {"uv": [12, 7, 11, 6], "texture": "#0", "cullface": "east"},
				"south": {"uv": [11, 7, 12, 6], "texture": "#0"},
				"west": {"uv": [12, 7, 11, 6], "texture": "#0"},
				"up": {"uv": [11, 7, 12, 6], "texture": "#0"},
				"down": {"uv": [11, 6, 12, 7], "texture": "#0"}
			}
		},
		{
			"name": "Element",
			"from": [14.45, 10.5, 7.575],
			"to": [14.6, 10.65, 8.425],
			"rotation": {"angle": 0, "axis": "y", "origin": [-1, 0, 0]},
			"faces": {
				"north": {"uv": [12, 7, 11, 6], "texture": "#0"},
				"east": {"uv": [12, 7, 11, 6], "texture": "#0", "cullface": "east"},
				"south": {"uv": [11, 7, 12, 6], "texture": "#0"},
				"west": {"uv": [12, 7, 11, 6], "texture": "#0"},
				"up": {"uv": [11, 7, 12, 6], "texture": "#0"},
				"down": {"uv": [11, 6, 12, 7], "texture": "#0"}
			}
		},
		{
			"name": "Element",
			"from": [14.15, 10.5, 7.575],
			"to": [14.3, 10.65, 8.425],
			"rotation": {"angle": 0, "axis": "y", "origin": [-1, 0, 0]},
			"faces": {
				"north": {"uv": [12, 7, 11, 6], "texture": "#0"},
				"east": {"uv": [12, 7, 11, 6], "texture": "#0", "cullface": "east"},
				"south": {"uv": [11, 7, 12, 6], "texture": "#0"},
				"west": {"uv": [12, 7, 11, 6], "texture": "#0"},
				"up": {"uv": [11, 7, 12, 6], "texture": "#0"},
				"down": {"uv": [11, 6, 12, 7], "texture": "#0"}
			}
		},
		{
			"name": "Element",
			"from": [13.85, 10.5, 7.575],
			"to": [14, 10.65, 8.425],
			"rotation": {"angle": 0, "axis": "y", "origin": [-1, 0, 0]},
			"faces": {
				"north": {"uv": [12, 7, 11, 6], "texture": "#0"},
				"east": {"uv": [12, 7, 11, 6], "texture": "#0", "cullface": "east"},
				"south": {"uv": [11, 7, 12, 6], "texture": "#0"},
				"west": {"uv": [12, 7, 11, 6], "texture": "#0"},
				"up": {"uv": [11, 7, 12, 6], "texture": "#0"},
				"down": {"uv": [11, 6, 12, 7], "texture": "#0"}
			}
		},
		{
			"name": "Element",
			"from": [13.55, 10.5, 7.575],
			"to": [13.7, 10.65, 8.425],
			"rotation": {"angle": 0, "axis": "y", "origin": [-1, 0, 0]},
			"faces": {
				"north": {"uv": [12, 7, 11, 6], "texture": "#0"},
				"east": {"uv": [12, 7, 11, 6], "texture": "#0", "cullface": "east"},
				"south": {"uv": [11, 7, 12, 6], "texture": "#0"},
				"west": {"uv": [12, 7, 11, 6], "texture": "#0"},
				"up": {"uv": [11, 7, 12, 6], "texture": "#0"},
				"down": {"uv": [11, 6, 12, 7], "texture": "#0"}
			}
		},
		{
			"name": "Element",
			"from": [13.25, 10.5, 7.575],
			"to": [13.4, 10.65, 8.425],
			"rotation": {"angle": 0, "axis": "y", "origin": [-1, 0, 0]},
			"faces": {
				"north": {"uv": [12, 7, 11, 6], "texture": "#0"},
				"east": {"uv": [12, 7, 11, 6], "texture": "#0", "cullface": "east"},
				"south": {"uv": [11, 7, 12, 6], "texture": "#0"},
				"west": {"uv": [12, 7, 11, 6], "texture": "#0"},
				"up": {"uv": [11, 7, 12, 6], "texture": "#0"},
				"down": {"uv": [11, 6, 12, 7], "texture": "#0"}
			}
		},
		{
			"name": "Element",
			"from": [12.95, 10.5, 7.575],
			"to": [13.1, 10.65, 8.425],
			"rotation": {"angle": 0, "axis": "y", "origin": [-1, 0, 0]},
			"faces": {
				"north": {"uv": [12, 7, 11, 6], "texture": "#0"},
				"east": {"uv": [12, 7, 11, 6], "texture": "#0", "cullface": "east"},
				"south": {"uv": [11, 7, 12, 6], "texture": "#0"},
				"west": {"uv": [12, 7, 11, 6], "texture": "#0"},
				"up": {"uv": [11, 7, 12, 6], "texture": "#0"},
				"down": {"uv": [11, 6, 12, 7], "texture": "#0"}
			}
		},
		{
			"name": "Element",
			"from": [12.65, 10.5, 7.575],
			"to": [12.8, 10.65, 8.425],
			"rotation": {"angle": 0, "axis": "y", "origin": [-1, 0, 0]},
			"faces": {
				"north": {"uv": [12, 7, 11, 6], "texture": "#0"},
				"east": {"uv": [12, 7, 11, 6], "texture": "#0", "cullface": "east"},
				"south": {"uv": [11, 7, 12, 6], "texture": "#0"},
				"west": {"uv": [12, 7, 11, 6], "texture": "#0"},
				"up": {"uv": [11, 7, 12, 6], "texture": "#0"},
				"down": {"uv": [11, 6, 12, 7], "texture": "#0"}
			}
		},
		{
			"name": "Element",
			"from": [12.35, 10.5, 7.575],
			"to": [12.5, 10.65, 8.425],
			"rotation": {"angle": 0, "axis": "y", "origin": [-1, 0, 0]},
			"faces": {
				"north": {"uv": [12, 7, 11, 6], "texture": "#0"},
				"east": {"uv": [12, 7, 11, 6], "texture": "#0", "cullface": "east"},
				"south": {"uv": [11, 7, 12, 6], "texture": "#0"},
				"west": {"uv": [12, 7, 11, 6], "texture": "#0"},
				"up": {"uv": [11, 7, 12, 6], "texture": "#0"},
				"down": {"uv": [11, 6, 12, 7], "texture": "#0"}
			}
		},
		{
			"name": "Element",
			"from": [12.05, 10.5, 7.575],
			"to": [12.2, 10.65, 8.425],
			"rotation": {"angle": 0, "axis": "y", "origin": [-1, 0, 0]},
			"faces": {
				"north": {"uv": [12, 7, 11, 6], "texture": "#0"},
				"east": {"uv": [12, 7, 11, 6], "texture": "#0", "cullface": "east"},
				"south": {"uv": [11, 7, 12, 6], "texture": "#0"},
				"west": {"uv": [12, 7, 11, 6], "texture": "#0"},
				"up": {"uv": [11, 7, 12, 6], "texture": "#0"},
				"down": {"uv": [11, 6, 12, 7], "texture": "#0"}
			}
		},
		{
			"name": "Element",
			"from": [11.75, 10.5, 7.575],
			"to": [11.9, 10.65, 8.425],
			"rotation": {"angle": 0, "axis": "y", "origin": [-1, 0, 0]},
			"faces": {
				"north": {"uv": [12, 7, 11, 6], "texture": "#0"},
				"east": {"uv": [12, 7, 11, 6], "texture": "#0", "cullface": "east"},
				"south": {"uv": [11, 7, 12, 6], "texture": "#0"},
				"west": {"uv": [12, 7, 11, 6], "texture": "#0"},
				"up": {"uv": [11, 7, 12, 6], "texture": "#0"},
				"down": {"uv": [11, 6, 12, 7], "texture": "#0"}
			}
		},
		{
			"name": "Element",
			"from": [11.45, 10.5, 7.575],
			"to": [11.6, 10.65, 8.425],
			"rotation": {"angle": 0, "axis": "y", "origin": [-1, 0, 0]},
			"faces": {
				"north": {"uv": [12, 7, 11, 6], "texture": "#0"},
				"east": {"uv": [12, 7, 11, 6], "texture": "#0", "cullface": "east"},
				"south": {"uv": [11, 7, 12, 6], "texture": "#0"},
				"west": {"uv": [12, 7, 11, 6], "texture": "#0"},
				"up": {"uv": [11, 7, 12, 6], "texture": "#0"},
				"down": {"uv": [11, 6, 12, 7], "texture": "#0"}
			}
		},
		{
			"name": "Element",
			"from": [2.75, 10.5, 7.575],
			"to": [2.9, 10.65, 8.425],
			"rotation": {"angle": 0, "axis": "y", "origin": [-1, 0, 0]},
			"faces": {
				"north": {"uv": [12, 7, 11, 6], "texture": "#0"},
				"east": {"uv": [12, 7, 11, 6], "texture": "#0", "cullface": "east"},
				"south": {"uv": [11, 7, 12, 6], "texture": "#0"},
				"west": {"uv": [12, 7, 11, 6], "texture": "#0"},
				"up": {"uv": [11, 7, 12, 6], "texture": "#0"},
				"down": {"uv": [11, 6, 12, 7], "texture": "#0"}
			}
		},
		{
			"name": "Element",
			"from": [4.85, 10.5, 7.575],
			"to": [5, 10.65, 8.425],
			"rotation": {"angle": 0, "axis": "y", "origin": [-1, 0, 0]},
			"faces": {
				"north": {"uv": [12, 7, 11, 6], "texture": "#0"},
				"east": {"uv": [12, 7, 11, 6], "texture": "#0", "cullface": "east"},
				"south": {"uv": [11, 7, 12, 6], "texture": "#0"},
				"west": {"uv": [12, 7, 11, 6], "texture": "#0"},
				"up": {"uv": [11, 7, 12, 6], "texture": "#0"},
				"down": {"uv": [11, 6, 12, 7], "texture": "#0"}
			}
		},
		{
			"name": "Element",
			"from": [5.15, 10.5, 7.575],
			"to": [5.3, 10.65, 8.425],
			"rotation": {"angle": 0, "axis": "y", "origin": [-1, 0, 0]},
			"faces": {
				"north": {"uv": [12, 7, 11, 6], "texture": "#0"},
				"east": {"uv": [12, 7, 11, 6], "texture": "#0", "cullface": "east"},
				"south": {"uv": [11, 7, 12, 6], "texture": "#0"},
				"west": {"uv": [12, 7, 11, 6], "texture": "#0"},
				"up": {"uv": [11, 7, 12, 6], "texture": "#0"},
				"down": {"uv": [11, 6, 12, 7], "texture": "#0"}
			}
		},
		{
			"name": "Element",
			"from": [5.45, 10.5, 7.575],
			"to": [5.6, 10.65, 8.425],
			"rotation": {"angle": 0, "axis": "y", "origin": [-1, 0, 0]},
			"faces": {
				"north": {"uv": [12, 7, 11, 6], "texture": "#0"},
				"east": {"uv": [12, 7, 11, 6], "texture": "#0", "cullface": "east"},
				"south": {"uv": [11, 7, 12, 6], "texture": "#0"},
				"west": {"uv": [12, 7, 11, 6], "texture": "#0"},
				"up": {"uv": [11, 7, 12, 6], "texture": "#0"},
				"down": {"uv": [11, 6, 12, 7], "texture": "#0"}
			}
		},
		{
			"name": "Element",
			"from": [3.95, 10.5, 7.575],
			"to": [4.1, 10.65, 8.425],
			"rotation": {"angle": 0, "axis": "y", "origin": [-1, 0, 0]},
			"faces": {
				"north": {"uv": [12, 7, 11, 6], "texture": "#0"},
				"east": {"uv": [12, 7, 11, 6], "texture": "#0", "cullface": "east"},
				"south": {"uv": [11, 7, 12, 6], "texture": "#0"},
				"west": {"uv": [12, 7, 11, 6], "texture": "#0"},
				"up": {"uv": [11, 7, 12, 6], "texture": "#0"},
				"down": {"uv": [11, 6, 12, 7], "texture": "#0"}
			}
		},
		{
			"name": "Element",
			"from": [4.25, 10.5, 7.575],
			"to": [4.4, 10.65, 8.425],
			"rotation": {"angle": 0, "axis": "y", "origin": [-1, 0, 0]},
			"faces": {
				"north": {"uv": [12, 7, 11, 6], "texture": "#0"},
				"east": {"uv": [12, 7, 11, 6], "texture": "#0", "cullface": "east"},
				"south": {"uv": [11, 7, 12, 6], "texture": "#0"},
				"west": {"uv": [12, 7, 11, 6], "texture": "#0"},
				"up": {"uv": [11, 7, 12, 6], "texture": "#0"},
				"down": {"uv": [11, 6, 12, 7], "texture": "#0"}
			}
		},
		{
			"name": "Element",
			"from": [4.55, 10.5, 7.575],
			"to": [4.7, 10.65, 8.425],
			"rotation": {"angle": 0, "axis": "y", "origin": [-1, 0, 0]},
			"faces": {
				"north": {"uv": [12, 7, 11, 6], "texture": "#0"},
				"east": {"uv": [12, 7, 11, 6], "texture": "#0", "cullface": "east"},
				"south": {"uv": [11, 7, 12, 6], "texture": "#0"},
				"west": {"uv": [12, 7, 11, 6], "texture": "#0"},
				"up": {"uv": [11, 7, 12, 6], "texture": "#0"},
				"down": {"uv": [11, 6, 12, 7], "texture": "#0"}
			}
		},
		{
			"name": "Element",
			"from": [2.45, 10.5, 7.575],
			"to": [2.6, 10.65, 8.425],
			"rotation": {"angle": 0, "axis": "y", "origin": [-1, 0, 0]},
			"faces": {
				"north": {"uv": [12, 7, 11, 6], "texture": "#0"},
				"east": {"uv": [12, 7, 11, 6], "texture": "#0", "cullface": "east"},
				"south": {"uv": [11, 7, 12, 6], "texture": "#0"},
				"west": {"uv": [12, 7, 11, 6], "texture": "#0"},
				"up": {"uv": [11, 7, 12, 6], "texture": "#0"},
				"down": {"uv": [11, 6, 12, 7], "texture": "#0"}
			}
		},
		{
			"name": "Element",
			"from": [3.65, 10.5, 7.575],
			"to": [3.8, 10.65, 8.425],
			"rotation": {"angle": 0, "axis": "y", "origin": [-1, 0, 0]},
			"faces": {
				"north": {"uv": [12, 7, 11, 6], "texture": "#0"},
				"east": {"uv": [12, 7, 11, 6], "texture": "#0", "cullface": "east"},
				"south": {"uv": [11, 7, 12, 6], "texture": "#0"},
				"west": {"uv": [12, 7, 11, 6], "texture": "#0"},
				"up": {"uv": [11, 7, 12, 6], "texture": "#0"},
				"down": {"uv": [11, 6, 12, 7], "texture": "#0"}
			}
		},
		{
			"name": "Element",
			"from": [3.35, 10.5, 7.575],
			"to": [3.5, 10.65, 8.425],
			"rotation": {"angle": 0, "axis": "y", "origin": [-1, 0, 0]},
			"faces": {
				"north": {"uv": [12, 7, 11, 6], "texture": "#0"},
				"east": {"uv": [12, 7, 11, 6], "texture": "#0", "cullface": "east"},
				"south": {"uv": [11, 7, 12, 6], "texture": "#0"},
				"west": {"uv": [12, 7, 11, 6], "texture": "#0"},
				"up": {"uv": [11, 7, 12, 6], "texture": "#0"},
				"down": {"uv": [11, 6, 12, 7], "texture": "#0"}
			}
		},
		{
			"name": "Element",
			"from": [3.05, 10.5, 7.575],
			"to": [3.2, 10.65, 8.425],
			"rotation": {"angle": 0, "axis": "y", "origin": [-1, 0, 0]},
			"faces": {
				"north": {"uv": [12, 7, 11, 6], "texture": "#0"},
				"east": {"uv": [12, 7, 11, 6], "texture": "#0", "cullface": "east"},
				"south": {"uv": [11, 7, 12, 6], "texture": "#0"},
				"west": {"uv": [12, 7, 11, 6], "texture": "#0"},
				"up": {"uv": [11, 7, 12, 6], "texture": "#0"},
				"down": {"uv": [11, 6, 12, 7], "texture": "#0"}
			}
		},
		{
			"name": "Element",
			"from": [2.45, 9.75, 7.5],
			"to": [18.8, 10.5, 8.5],
			"rotation": {"angle": 0, "axis": "y", "origin": [1, -0.25, 0]},
			"faces": {
				"north": {"uv": [10, 6, 13, 8], "texture": "#0"},
				"east": {"uv": [10, 6, 13, 8], "texture": "#0", "cullface": "east"},
				"south": {"uv": [10, 6, 13, 8], "texture": "#0"},
				"west": {"uv": [10, 6, 13, 8], "texture": "#0"},
				"up": {"uv": [10, 6, 13, 8], "texture": "#0"},
				"down": {"uv": [13, 8, 10, 6], "texture": "#0"}
			}
		},
		{
			"name": "Element",
			"from": [2.45, 8, 7.45],
			"to": [26.5, 8.5, 8.525],
			"rotation": {"angle": 0, "axis": "y", "origin": [1, -0.25, 0]},
			"faces": {
				"north": {"uv": [10, 6, 13, 8], "texture": "#0"},
				"east": {"uv": [10, 6, 13, 8], "texture": "#0", "cullface": "east"},
				"south": {"uv": [10, 6, 13, 8], "texture": "#0"},
				"west": {"uv": [10, 6, 13, 8], "texture": "#0"},
				"up": {"uv": [10, 6, 13, 8], "texture": "#0"},
				"down": {"uv": [13, 8, 10, 6], "texture": "#0"}
			}
		},
		{
			"name": "Element",
			"from": [5.325, 7.75, 7.45],
			"to": [9.075, 8, 8.525],
			"rotation": {"angle": 0, "axis": "y", "origin": [1, -0.25, 0]},
			"faces": {
				"north": {"uv": [10, 6, 13, 8], "texture": "#0"},
				"east": {"uv": [10, 6, 13, 8], "texture": "#0", "cullface": "east"},
				"south": {"uv": [10, 6, 13, 8], "texture": "#0"},
				"west": {"uv": [10, 6, 13, 8], "texture": "#0"},
				"up": {"uv": [10, 6, 13, 8], "texture": "#0"},
				"down": {"uv": [13, 8, 10, 6], "texture": "#0"}
			}
		},
		{
			"name": "Element",
			"from": [12.25, 10.5, 7.75],
			"to": [12.75, 11.5, 8.25],
			"rotation": {"angle": 0, "axis": "y", "origin": [1, 0, 0]},
			"faces": {
				"north": {"uv": [0, 16, 3, 14], "texture": "#0"},
				"east": {"uv": [0, 16, 3, 14], "texture": "#0"},
				"south": {"uv": [0, 16, 3, 14], "texture": "#0"},
				"west": {"uv": [0, 16, 3, 14], "texture": "#0"}
			}
		},
		{
			"name": "Element",
			"from": [12, 10.5, 7.5],
			"to": [15.75, 10.75, 8.5],
			"rotation": {"angle": 0, "axis": "y", "origin": [1, 0, 0]},
			"faces": {
				"north": {"uv": [0, 16, 3, 14], "texture": "#0"},
				"east": {"uv": [0, 16, 3, 14], "texture": "#0"},
				"south": {"uv": [0, 16, 3, 14], "texture": "#0"},
				"west": {"uv": [0, 16, 3, 14], "texture": "#0"},
				"up": {"uv": [0, 14, 3, 16], "texture": "#0"}
			}
		},
		{
			"name": "Element",
			"from": [15, 10.5, 7.75],
			"to": [15.5, 11.5, 8.25],
			"rotation": {"angle": 0, "axis": "y", "origin": [1, 0, 0]},
			"faces": {
				"north": {"uv": [0, 16, 3, 14], "texture": "#0"},
				"east": {"uv": [0, 16, 3, 14], "texture": "#0"},
				"south": {"uv": [0, 16, 3, 14], "texture": "#0"},
				"west": {"uv": [0, 16, 3, 14], "texture": "#0"}
			}
		},
		{
			"name": "Element",
			"from": [12.25, 11.5, 8.5],
			"to": [12.75, 13, 8.775],
			"rotation": {"angle": 0, "axis": "y", "origin": [1, 0, 0]},
			"faces": {
				"north": {"uv": [0, 16, 3, 14], "texture": "#0"},
				"east": {"uv": [0, 16, 3, 14], "texture": "#0"},
				"south": {"uv": [0, 16, 3, 14], "texture": "#0"},
				"west": {"uv": [0, 16, 3, 14], "texture": "#0"},
				"up": {"uv": [0, 16, 3, 14], "texture": "#0"},
				"down": {"uv": [0, 16, 3, 14], "texture": "#0"}
			}
		},
		{
			"name": "Element",
			"from": [12.25, 11.5, 7.225],
			"to": [12.75, 13, 7.5],
			"rotation": {"angle": 0, "axis": "y", "origin": [1, 0, 0]},
			"faces": {
				"north": {"uv": [0, 16, 3, 14], "texture": "#0"},
				"east": {"uv": [0, 16, 3, 14], "texture": "#0"},
				"south": {"uv": [0, 16, 3, 14], "texture": "#0"},
				"west": {"uv": [0, 16, 3, 14], "texture": "#0"},
				"up": {"uv": [0, 16, 3, 14], "texture": "#0"},
				"down": {"uv": [0, 16, 3, 14], "texture": "#0"}
			}
		},
		{
			"name": "Element",
			"from": [15, 11.5, 7.225],
			"to": [15.5, 13, 7.5],
			"rotation": {"angle": 0, "axis": "y", "origin": [1, 0, 0]},
			"faces": {
				"north": {"uv": [0, 16, 3, 14], "texture": "#0"},
				"east": {"uv": [0, 16, 3, 14], "texture": "#0"},
				"south": {"uv": [0, 16, 3, 14], "texture": "#0"},
				"west": {"uv": [0, 16, 3, 14], "texture": "#0"},
				"up": {"uv": [0, 16, 3, 14], "texture": "#0"},
				"down": {"uv": [0, 16, 3, 14], "texture": "#0"}
			}
		},
		{
			"name": "Element",
			"from": [13.5, 11.75, 8.75],
			"to": [14.5, 12.75, 9.5],
			"rotation": {"angle": 0, "axis": "y", "origin": [1, 0, 0]},
			"faces": {
				"east": {"uv": [0, 16, 3, 14], "texture": "#0"},
				"south": {"uv": [0, 16, 3, 14], "texture": "#0"},
				"west": {"uv": [0, 16, 3, 14], "texture": "#0"},
				"up": {"uv": [0, 16, 3, 14], "texture": "#0"},
				"down": {"uv": [3, 16, 0, 14], "texture": "#0"}
			}
		},
		{
			"name": "Element",
			"from": [13.5, 13, 7.5],
			"to": [14.5, 13.75, 8.5],
			"rotation": {"angle": 0, "axis": "y", "origin": [1, 0, 0]},
			"faces": {
				"north": {"uv": [0, 16, 3, 14], "texture": "#0"},
				"east": {"uv": [0, 16, 3, 14], "texture": "#0"},
				"south": {"uv": [0, 16, 3, 14], "texture": "#0"},
				"west": {"uv": [0, 16, 3, 14], "texture": "#0"},
				"up": {"uv": [0, 16, 3, 14], "texture": "#0"}
			}
		},
		{
			"from": [10.75, 11.5, 7.5],
			"to": [17, 11.75, 8.5],
			"rotation": {"angle": 0, "axis": "y", "origin": [1, 0, 0]},
			"faces": {
				"north": {"uv": [0, 16, 3, 14], "texture": "#0", "cullface": "east"},
				"south": {"uv": [0, 16, 3, 14], "texture": "#0", "cullface": "east"},
				"up": {"uv": [0, 16, 3, 14], "texture": "#0", "cullface": "east"},
				"down": {"uv": [3, 16, 0, 14], "texture": "#0", "cullface": "east"}
			}
		},
		{
			"from": [10.5, 11.75, 8.5],
			"to": [17.5, 12.75, 8.75],
			"rotation": {"angle": 0, "axis": "y", "origin": [1, 0, 0]},
			"faces": {
				"north": {"uv": [0, 16, 3, 14], "texture": "#0", "cullface": "east"},
				"east": {"uv": [0, 16, 3, 14], "texture": "#0", "cullface": "east"},
				"south": {"uv": [0, 16, 3, 14], "texture": "#0", "cullface": "east"},
				"west": {"uv": [0, 16, 3, 14], "texture": "#0", "cullface": "east"},
				"up": {"uv": [0, 16, 3, 14], "texture": "#0", "cullface": "east"},
				"down": {"uv": [3, 16, 0, 14], "texture": "#0", "cullface": "east"}
			}
		},
		{
			"from": [10.75, 12.75, 7.5],
			"to": [17, 13, 8.5],
			"rotation": {"angle": 0, "axis": "y", "origin": [1, 0, 0]},
			"faces": {
				"north": {"uv": [0, 16, 3, 14], "texture": "#0", "cullface": "east"},
				"south": {"uv": [0, 16, 3, 14], "texture": "#0", "cullface": "east"},
				"up": {"uv": [0, 16, 3, 14], "texture": "#0", "cullface": "east"},
				"down": {"uv": [3, 16, 0, 14], "texture": "#0", "cullface": "east"}
			}
		},
		{
			"from": [10.5, 11.75, 7.25],
			"to": [17.5, 12.75, 7.5],
			"rotation": {"angle": 0, "axis": "y", "origin": [1, 0, 0]},
			"faces": {
				"north": {"uv": [0, 16, 3, 14], "texture": "#0", "cullface": "east"},
				"east": {"uv": [0, 16, 3, 14], "texture": "#0", "cullface": "east"},
				"south": {"uv": [0, 16, 3, 14], "texture": "#0", "cullface": "east"},
				"west": {"uv": [0, 16, 3, 14], "texture": "#0", "cullface": "east"},
				"up": {"uv": [0, 16, 3, 14], "texture": "#0", "cullface": "east"},
				"down": {"uv": [3, 16, 0, 14], "texture": "#0", "cullface": "east"}
			}
		},
		{
			"from": [17, 12.75, 7.25],
			"to": [17.5, 13, 8.75],
			"rotation": {"angle": 0, "axis": "y", "origin": [1, 0, 0]},
			"faces": {
				"north": {"uv": [0, 16, 3, 14], "texture": "#0", "cullface": "east"},
				"east": {"uv": [0, 16, 3, 14], "texture": "#0", "cullface": "east"},
				"south": {"uv": [0, 16, 3, 14], "texture": "#0", "cullface": "east"},
				"west": {"uv": [0, 16, 3, 14], "texture": "#0", "cullface": "east"},
				"up": {"uv": [0, 16, 3, 14], "texture": "#0", "cullface": "east"},
				"down": {"uv": [0, 16, 3, 14], "texture": "#0", "cullface": "east"}
			}
		},
		{
			"from": [17.5, 13, 7.25],
			"to": [19.25, 13.25, 8.75],
			"rotation": {"angle": 0, "axis": "y", "origin": [1, 0, 0]},
			"faces": {
				"north": {"uv": [0, 16, 3, 14], "texture": "#0", "cullface": "east"},
				"east": {"uv": [0, 16, 3, 14], "texture": "#0", "cullface": "east"},
				"south": {"uv": [0, 16, 3, 14], "texture": "#0", "cullface": "east"},
				"west": {"uv": [0, 16, 3, 14], "texture": "#0", "cullface": "east"},
				"up": {"uv": [0, 16, 3, 14], "texture": "#0", "cullface": "east"},
				"down": {"uv": [0, 16, 3, 14], "texture": "#0", "cullface": "east"}
			}
		},
		{
			"from": [17, 11.5, 7.25],
			"to": [17.5, 11.75, 8.75],
			"rotation": {"angle": 0, "axis": "y", "origin": [1, 0, 0]},
			"faces": {
				"north": {"uv": [0, 16, 3, 14], "texture": "#0", "cullface": "east"},
				"east": {"uv": [0, 16, 3, 14], "texture": "#0", "cullface": "east"},
				"south": {"uv": [0, 16, 3, 14], "texture": "#0", "cullface": "east"},
				"west": {"uv": [0, 16, 3, 14], "texture": "#0", "cullface": "east"},
				"up": {"uv": [0, 16, 3, 14], "texture": "#0", "cullface": "east"},
				"down": {"uv": [0, 16, 3, 14], "texture": "#0", "cullface": "east"}
			}
		},
		{
			"from": [17.5, 11.25, 7.25],
			"to": [19.25, 11.5, 8.75],
			"rotation": {"angle": 0, "axis": "y", "origin": [1, 0, 0]},
			"faces": {
				"north": {"uv": [0, 16, 3, 14], "texture": "#0", "cullface": "east"},
				"east": {"uv": [0, 16, 3, 14], "texture": "#0", "cullface": "east"},
				"south": {"uv": [0, 16, 3, 14], "texture": "#0", "cullface": "east"},
				"west": {"uv": [0, 16, 3, 14], "texture": "#0", "cullface": "east"},
				"up": {"uv": [0, 16, 3, 14], "texture": "#0", "cullface": "east"},
				"down": {"uv": [0, 16, 3, 14], "texture": "#0", "cullface": "east"}
			}
		},
		{
			"from": [17.5, 11.5, 8.75],
			"to": [19.25, 13, 9],
			"rotation": {"angle": 0, "axis": "y", "origin": [1, 0, 0]},
			"faces": {
				"north": {"uv": [0, 16, 3, 14], "texture": "#0", "cullface": "east"},
				"east": {"uv": [0, 16, 3, 14], "texture": "#0", "cullface": "east"},
				"south": {"uv": [0, 16, 3, 14], "texture": "#0", "cullface": "east"},
				"west": {"uv": [0, 16, 3, 14], "texture": "#0", "cullface": "east"},
				"up": {"uv": [0, 16, 3, 14], "texture": "#0", "cullface": "east"},
				"down": {"uv": [0, 16, 3, 14], "texture": "#0", "cullface": "east"}
			}
		},
		{
			"from": [17.5, 11.5, 7],
			"to": [19.25, 13, 7.25],
			"rotation": {"angle": 0, "axis": "y", "origin": [1, 0, 0]},
			"faces": {
				"north": {"uv": [0, 16, 3, 14], "texture": "#0", "cullface": "east"},
				"east": {"uv": [0, 16, 3, 14], "texture": "#0", "cullface": "east"},
				"south": {"uv": [0, 16, 3, 14], "texture": "#0", "cullface": "east"},
				"west": {"uv": [0, 16, 3, 14], "texture": "#0", "cullface": "east"},
				"up": {"uv": [0, 16, 3, 14], "texture": "#0", "cullface": "east"},
				"down": {"uv": [0, 16, 3, 14], "texture": "#0", "cullface": "east"}
			}
		},
		{
			"from": [17.5, 12.75, 7.25],
			"to": [19.25, 13, 7.5],
			"rotation": {"angle": 0, "axis": "y", "origin": [1, 0, 0]},
			"faces": {
				"east": {"uv": [0, 16, 3, 14], "texture": "#0", "cullface": "east"},
				"south": {"uv": [0, 16, 3, 14], "texture": "#0", "cullface": "east"},
				"down": {"uv": [0, 16, 3, 14], "texture": "#0", "cullface": "east"}
			}
		},
		{
			"from": [17.5, 12.75, 8.5],
			"to": [19.25, 13, 8.75],
			"rotation": {"angle": 0, "axis": "y", "origin": [1, 0, 0]},
			"faces": {
				"north": {"uv": [0, 16, 3, 14], "texture": "#0", "cullface": "east"},
				"east": {"uv": [0, 16, 3, 14], "texture": "#0", "cullface": "east"},
				"down": {"uv": [0, 16, 3, 14], "texture": "#0", "cullface": "east"}
			}
		},
		{
			"from": [17.5, 11.5, 7.25],
			"to": [19.25, 11.75, 7.5],
			"rotation": {"angle": 0, "axis": "y", "origin": [1, 0, 0]},
			"faces": {
				"east": {"uv": [0, 16, 3, 14], "texture": "#0", "cullface": "east"},
				"south": {"uv": [0, 16, 3, 14], "texture": "#0", "cullface": "east"},
				"up": {"uv": [0, 16, 3, 14], "texture": "#0", "cullface": "east"}
			}
		},
		{
			"from": [17.5, 11.5, 8.5],
			"to": [19.25, 11.75, 8.75],
			"rotation": {"angle": 0, "axis": "y", "origin": [1, 0, 0]},
			"faces": {
				"north": {"uv": [0, 16, 3, 14], "texture": "#0", "cullface": "east"},
				"east": {"uv": [0, 16, 3, 14], "texture": "#0", "cullface": "east"},
				"up": {"uv": [0, 16, 3, 14], "texture": "#0", "cullface": "east"}
			}
		},
		{
			"from": [10.5, 12.75, 7.25],
			"to": [10.75, 13, 8.75],
			"rotation": {"angle": 0, "axis": "y", "origin": [1, 0, 0]},
			"faces": {
				"north": {"uv": [0, 16, 3, 14], "texture": "#0"},
				"east": {"uv": [0, 16, 3, 14], "texture": "#0"},
				"south": {"uv": [0, 16, 3, 14], "texture": "#0"},
				"west": {"uv": [0, 16, 3, 14], "texture": "#0"},
				"up": {"uv": [0, 16, 3, 14], "texture": "#0"},
				"down": {"uv": [0, 16, 3, 14], "texture": "#0"}
			}
		},
		{
			"from": [10.5, 11.5, 7.25],
			"to": [10.75, 11.75, 8.75],
			"rotation": {"angle": 0, "axis": "y", "origin": [1, 0, 0]},
			"faces": {
				"north": {"uv": [0, 16, 3, 14], "texture": "#0"},
				"east": {"uv": [0, 16, 3, 14], "texture": "#0"},
				"south": {"uv": [0, 16, 3, 14], "texture": "#0"},
				"west": {"uv": [0, 16, 3, 14], "texture": "#0"},
				"up": {"uv": [0, 16, 3, 14], "texture": "#0"},
				"down": {"uv": [0, 16, 3, 14], "texture": "#0"}
			}
		},
		{
			"from": [10, 13, 7.25],
			"to": [10.5, 13.25, 8.75],
			"rotation": {"angle": 0, "axis": "y", "origin": [1, 0, 0]},
			"faces": {
				"north": {"uv": [0, 16, 3, 14], "texture": "#0"},
				"east": {"uv": [0, 16, 3, 14], "texture": "#0"},
				"south": {"uv": [0, 16, 3, 14], "texture": "#0"},
				"up": {"uv": [0, 16, 3, 14], "texture": "#0"},
				"down": {"uv": [0, 16, 3, 14], "texture": "#0"}
			}
		},
		{
			"from": [9.75, 11.5, 7],
			"to": [10.5, 13, 7.25],
			"rotation": {"angle": 0, "axis": "y", "origin": [1, 0, 0]},
			"faces": {
				"north": {"uv": [0, 16, 3, 14], "texture": "#0"},
				"east": {"uv": [0, 16, 3, 14], "texture": "#0"},
				"south": {"uv": [0, 16, 3, 14], "texture": "#0"},
				"west": {"uv": [0, 16, 3, 14], "texture": "#0"},
				"up": {"uv": [0, 16, 3, 14], "texture": "#0"},
				"down": {"uv": [0, 16, 3, 14], "texture": "#0"}
			}
		},
		{
			"from": [10, 11.25, 7.25],
			"to": [10.5, 11.5, 8.75],
			"rotation": {"angle": 0, "axis": "y", "origin": [1, 0, 0]},
			"faces": {
				"north": {"uv": [0, 16, 3, 14], "texture": "#0"},
				"east": {"uv": [0, 16, 3, 14], "texture": "#0"},
				"south": {"uv": [0, 16, 3, 14], "texture": "#0"},
				"up": {"uv": [0, 16, 3, 14], "texture": "#0"},
				"down": {"uv": [0, 16, 3, 14], "texture": "#0"}
			}
		},
		{
			"from": [9.75, 11.5, 8.75],
			"to": [10.5, 13, 9],
			"rotation": {"angle": 0, "axis": "y", "origin": [1, 0, 0]},
			"faces": {
				"north": {"uv": [0, 16, 3, 14], "texture": "#0"},
				"east": {"uv": [0, 16, 3, 14], "texture": "#0"},
				"south": {"uv": [0, 16, 3, 14], "texture": "#0"},
				"west": {"uv": [0, 16, 3, 14], "texture": "#0"},
				"up": {"uv": [0, 16, 3, 14], "texture": "#0"},
				"down": {"uv": [0, 16, 3, 14], "texture": "#0"}
			}
		},
		{
			"from": [9.75, 13, 7],
			"to": [10, 13.25, 9],
			"rotation": {"angle": 0, "axis": "y", "origin": [1, 0, 0]},
			"faces": {
				"north": {"uv": [0, 16, 3, 14], "texture": "#0"},
				"east": {"uv": [0, 16, 3, 14], "texture": "#0"},
				"south": {"uv": [0, 16, 3, 14], "texture": "#0"},
				"west": {"uv": [0, 16, 3, 14], "texture": "#0"},
				"up": {"uv": [0, 16, 3, 14], "texture": "#0"},
				"down": {"uv": [0, 16, 3, 14], "texture": "#0"}
			}
		},
		{
			"from": [9.75, 11.25, 7],
			"to": [10, 11.5, 9],
			"rotation": {"angle": 0, "axis": "y", "origin": [1, 0, 0]},
			"faces": {
				"north": {"uv": [0, 16, 3, 14], "texture": "#0"},
				"east": {"uv": [0, 16, 3, 14], "texture": "#0"},
				"south": {"uv": [0, 16, 3, 14], "texture": "#0"},
				"west": {"uv": [0, 16, 3, 14], "texture": "#0"},
				"up": {"uv": [0, 16, 3, 14], "texture": "#0"},
				"down": {"uv": [0, 16, 3, 14], "texture": "#0"}
			}
		},
		{
			"from": [6, 13.25, 7],
			"to": [9.75, 13.5, 9],
			"rotation": {"angle": 0, "axis": "y", "origin": [1, 0, 0]},
			"faces": {
				"north": {"uv": [0, 16, 3, 14], "texture": "#0"},
				"east": {"uv": [0, 16, 3, 14], "texture": "#0"},
				"south": {"uv": [0, 16, 3, 14], "texture": "#0"},
				"west": {"uv": [0, 16, 3, 14], "texture": "#0"},
				"up": {"uv": [0, 16, 3, 14], "texture": "#0"},
				"down": {"uv": [0, 16, 3, 14], "texture": "#0"}
			}
		},
		{
			"from": [6, 11.25, 9],
			"to": [9.75, 13.25, 9.25],
			"rotation": {"angle": 0, "axis": "y", "origin": [1, 0, 0]},
			"faces": {
				"north": {"uv": [0, 16, 3, 14], "texture": "#0"},
				"east": {"uv": [0, 16, 3, 14], "texture": "#0"},
				"south": {"uv": [0, 16, 3, 14], "texture": "#0"},
				"west": {"uv": [0, 16, 3, 14], "texture": "#0"},
				"up": {"uv": [0, 16, 3, 14], "texture": "#0"},
				"down": {"uv": [0, 16, 3, 14], "texture": "#0"}
			}
		},
		{
			"from": [6, 11, 7],
			"to": [9.75, 11.25, 9],
			"rotation": {"angle": 0, "axis": "y", "origin": [1, 0, 0]},
			"faces": {
				"north": {"uv": [0, 16, 3, 14], "texture": "#0"},
				"east": {"uv": [0, 16, 3, 14], "texture": "#0"},
				"south": {"uv": [0, 16, 3, 14], "texture": "#0"},
				"west": {"uv": [0, 16, 3, 14], "texture": "#0"},
				"up": {"uv": [0, 16, 3, 14], "texture": "#0"},
				"down": {"uv": [0, 16, 3, 14], "texture": "#0"}
			}
		},
		{
			"from": [6, 11.25, 6.75],
			"to": [9.75, 13.25, 7],
			"rotation": {"angle": 0, "axis": "y", "origin": [1, 0, 0]},
			"faces": {
				"north": {"uv": [0, 16, 3, 14], "texture": "#0"},
				"east": {"uv": [0, 16, 3, 14], "texture": "#0"},
				"south": {"uv": [0, 16, 3, 14], "texture": "#0"},
				"west": {"uv": [0, 16, 3, 14], "texture": "#0"},
				"up": {"uv": [0, 16, 3, 14], "texture": "#0"},
				"down": {"uv": [0, 16, 3, 14], "texture": "#0"}
			}
		},
		{
			"name": "Element",
			"from": [15, 11.5, 8.5],
			"to": [15.5, 13, 8.775],
			"rotation": {"angle": 0, "axis": "y", "origin": [1, 0, 0]},
			"faces": {
				"north": {"uv": [0, 16, 3, 14], "texture": "#0"},
				"east": {"uv": [0, 16, 3, 14], "texture": "#0"},
				"south": {"uv": [0, 16, 3, 14], "texture": "#0"},
				"west": {"uv": [0, 16, 3, 14], "texture": "#0"},
				"up": {"uv": [0, 16, 3, 14], "texture": "#0"},
				"down": {"uv": [0, 16, 3, 14], "texture": "#0"}
			}
		}
	],
	"gui_light": "front",
	"display": {
		"thirdperson_righthand": {
			"rotation": [0, -90, 0],
			"translation": [0, 0.5, -6.5],
			"scale": [0.69805, 0.95, 0.95]
		},
		"thirdperson_lefthand": {
			"rotation": [0, 90, 0],
			"translation": [0, 0.5, -6.5],
			"scale": [0.69805, 0.95, 0.95]
		},
		"firstperson_righthand": {
			"rotation": [0, -90, 0],
			"translation": [0, 2, -8.25],
			"scale": [1.02, 1.03, 1.01]
		},
		"firstperson_lefthand": {
			"rotation": [0, 90, 0],
			"translation": [0, 2, -8.25],
			"scale": [1.02, 1.03, 1.01]
		},
		"ground": {
			"translation": [-0.75, 1.25, 0]
		},
		"gui": {
			"rotation": [0, 0, -45],
			"translation": [-0.75, 0, 0],
			"scale": [0.55, 0.55, 0.5]
		},
		"fixed": {
			"rotation": [0, 180, -45],
			"translation": [1.15, 0.15, -1.5],
			"scale": [0.96, 0.96, 0.96]
		}
	}
}