{
	"credit": "Made by SrDarmith - YouTube: Mainclay",
	"textures": {
		"texture": "itemm/door_wood_lower",
		"particle": "itemm/anvil_1",
		"anvil 1": "itemm/anvil_1"
	},
	"elements": [
		{
			"from": [7.5, 8.15, 7.425],
			"to": [7.75, 9.65, 9.075],
			"rotation": {"angle": 0, "axis": "y", "origin": [-2, -0.25, 0.25]},
			"faces": {
				"north": {"uv": [2, 14, 3, 13], "texture": "#anvil 1"},
				"east": {"uv": [3, 14, 2, 13], "texture": "#anvil 1"},
				"south": {"uv": [3, 14, 2, 13], "texture": "#anvil 1"},
				"west": {"uv": [3, 14, 2, 13], "texture": "#anvil 1", "cullface": "west"},
				"up": {"uv": [3, 14, 2, 13], "texture": "#anvil 1"},
				"down": {"uv": [2, 13, 3, 14], "texture": "#anvil 1"}
			}
		},
		{
			"from": [11.25, 7.4, 7.675],
			"to": [11.5, 9.9, 8.825],
			"rotation": {"angle": 0, "axis": "y", "origin": [-2, -0.25, 0.25]},
			"faces": {
				"north": {"uv": [2, 14, 3, 13], "texture": "#anvil 1"},
				"east": {"uv": [3, 14, 2, 13], "texture": "#anvil 1"},
				"south": {"uv": [3, 14, 2, 13], "texture": "#anvil 1"},
				"west": {"uv": [3, 14, 2, 13], "texture": "#anvil 1", "cullface": "west"},
				"up": {"uv": [3, 14, 2, 13], "texture": "#anvil 1"},
				"down": {"uv": [2, 13, 3, 14], "texture": "#anvil 1"}
			}
		},
		{
			"from": [11.25, 7.65, 7.425],
			"to": [11.5, 9.65, 9.075],
			"rotation": {"angle": 0, "axis": "y", "origin": [-2, -0.25, 0.25]},
			"faces": {
				"north": {"uv": [2, 14, 3, 13], "texture": "#anvil 1"},
				"east": {"uv": [3, 14, 2, 13], "texture": "#anvil 1"},
				"south": {"uv": [3, 14, 2, 13], "texture": "#anvil 1"},
				"west": {"uv": [3, 14, 2, 13], "texture": "#anvil 1", "cullface": "west"},
				"up": {"uv": [3, 14, 2, 13], "texture": "#anvil 1"},
				"down": {"uv": [2, 13, 3, 14], "texture": "#anvil 1"}
			}
		},
		{
			"from": [10, 7.65, 7.425],
			"to": [11.25, 9.65, 9.075],
			"rotation": {"angle": 0, "axis": "y", "origin": [-2, -0.25, 0.25]},
			"faces": {
				"north": {"uv": [1, 16, 0, 15], "texture": "#anvil 1"},
				"south": {"uv": [1, 16, 0, 15], "texture": "#anvil 1"},
				"west": {"uv": [0, 15, 1, 16], "texture": "#anvil 1"},
				"up": {"uv": [1, 16, 0, 15], "texture": "#anvil 1"},
				"down": {"uv": [1, 16, 0, 15], "texture": "#anvil 1"}
			}
		},
		{
			"from": [8.75, 7.65, 7.675],
			"to": [10, 9.9, 8.825],
			"rotation": {"angle": 0, "axis": "y", "origin": [-2, -0.25, 0.25]},
			"faces": {
				"north": {"uv": [1, 16, 0, 15], "texture": "#anvil 1"},
				"south": {"uv": [1, 16, 0, 15], "texture": "#anvil 1"},
				"west": {"uv": [0, 15, 1, 16], "texture": "#anvil 1"},
				"up": {"uv": [1, 16, 0, 15], "texture": "#anvil 1"},
				"down": {"uv": [1, 16, 0, 15], "texture": "#anvil 1"}
			}
		},
		{
			"from": [8.75, 7.9, 7.425],
			"to": [10, 9.65, 9.075],
			"rotation": {"angle": 0, "axis": "y", "origin": [-2, -0.25, 0.25]},
			"faces": {
				"north": {"uv": [1, 16, 0, 15], "texture": "#anvil 1"},
				"south": {"uv": [1, 16, 0, 15], "texture": "#anvil 1"},
				"west": {"uv": [0, 15, 1, 16], "texture": "#anvil 1"},
				"up": {"uv": [1, 16, 0, 15], "texture": "#anvil 1"},
				"down": {"uv": [1, 16, 0, 15], "texture": "#anvil 1"}
			}
		},
		{
			"from": [7.75, 7.9, 7.675],
			"to": [8.75, 9.9, 8.825],
			"rotation": {"angle": 0, "axis": "y", "origin": [-2, -0.25, 0.25]},
			"faces": {
				"north": {"uv": [1, 16, 0, 15], "texture": "#anvil 1"},
				"south": {"uv": [1, 16, 0, 15], "texture": "#anvil 1"},
				"up": {"uv": [1, 16, 0, 15], "texture": "#anvil 1"},
				"down": {"uv": [1, 16, 0, 15], "texture": "#anvil 1"}
			}
		},
		{
			"from": [7.75, 8.15, 7.425],
			"to": [8.75, 9.65, 9.075],
			"rotation": {"angle": 0, "axis": "y", "origin": [-2, -0.25, 0.25]},
			"faces": {
				"north": {"uv": [1, 16, 0, 15], "texture": "#anvil 1"},
				"south": {"uv": [1, 16, 0, 15], "texture": "#anvil 1"},
				"up": {"uv": [1, 16, 0, 15], "texture": "#anvil 1"},
				"down": {"uv": [1, 16, 0, 15], "texture": "#anvil 1"}
			}
		},
		{
			"from": [7.5, 7.9, 7.675],
			"to": [7.75, 9.9, 8.825],
			"rotation": {"angle": 0, "axis": "y", "origin": [-2, -0.25, 0.25]},
			"faces": {
				"north": {"uv": [2, 14, 3, 13], "texture": "#anvil 1"},
				"east": {"uv": [3, 14, 2, 13], "texture": "#anvil 1"},
				"south": {"uv": [3, 14, 2, 13], "texture": "#anvil 1"},
				"west": {"uv": [3, 14, 2, 13], "texture": "#anvil 1", "cullface": "west"},
				"up": {"uv": [3, 14, 2, 13], "texture": "#anvil 1"},
				"down": {"uv": [2, 13, 3, 14], "texture": "#anvil 1"}
			}
		},
		{
			"from": [5.75, 9.7, 7.75],
			"to": [7.5, 10.025, 8.75],
			"rotation": {"angle": 0, "axis": "y", "origin": [-2, -0.25, 0.25]},
			"faces": {
				"north": {"uv": [0, 16, 2, 14], "texture": "#anvil 1"},
				"east": {"uv": [0, 16, 2, 14], "texture": "#anvil 1"},
				"south": {"uv": [0, 16, 2, 14], "texture": "#anvil 1"},
				"west": {"uv": [0, 16, 2, 14], "texture": "#anvil 1"},
				"up": {"uv": [0, 16, 2, 14], "texture": "#anvil 1"},
				"down": {"uv": [2, 16, 0, 14], "texture": "#anvil 1"}
			}
		},
		{
			"from": [7.25, 10.025, 8.4],
			"to": [7.5, 10.2, 8.75],
			"rotation": {"angle": 0, "axis": "y", "origin": [-2, -0.25, 0.25]},
			"faces": {
				"north": {"uv": [0, 16, 2, 14], "texture": "#anvil 1"},
				"east": {"uv": [0, 16, 2, 14], "texture": "#anvil 1"},
				"south": {"uv": [0, 16, 2, 14], "texture": "#anvil 1"},
				"west": {"uv": [0, 16, 2, 14], "texture": "#anvil 1"},
				"up": {"uv": [0, 16, 2, 14], "texture": "#anvil 1"},
				"down": {"uv": [2, 16, 0, 14], "texture": "#anvil 1"}
			}
		},
		{
			"from": [-2.25, 9.7, 7.75],
			"to": [-1.75, 10.25, 7.9],
			"rotation": {"angle": 0, "axis": "y", "origin": [-2, -0.25, 0.25]},
			"faces": {
				"north": {"uv": [0, 16, 2, 14], "texture": "#anvil 1"},
				"east": {"uv": [0, 16, 2, 14], "texture": "#anvil 1"},
				"south": {"uv": [0, 16, 2, 14], "texture": "#anvil 1"},
				"west": {"uv": [0, 16, 2, 14], "texture": "#anvil 1"},
				"up": {"uv": [0, 16, 2, 14], "texture": "#anvil 1"},
				"down": {"uv": [2, 16, 0, 14], "texture": "#anvil 1"}
			}
		},
		{
			"from": [-2.125, 9.7, 8.2],
			"to": [-1.875, 10.05, 8.3],
			"rotation": {"angle": 0, "axis": "y", "origin": [-2, -0.25, 0.25]},
			"faces": {
				"north": {"uv": [0, 16, 2, 14], "texture": "#anvil 1"},
				"east": {"uv": [0, 16, 2, 14], "texture": "#anvil 1"},
				"south": {"uv": [0, 16, 2, 14], "texture": "#anvil 1"},
				"west": {"uv": [0, 16, 2, 14], "texture": "#anvil 1"},
				"up": {"uv": [0, 16, 2, 14], "texture": "#anvil 1"},
				"down": {"uv": [2, 16, 0, 14], "texture": "#anvil 1"}
			}
		},
		{
			"from": [-2.25, 9.7, 8.6],
			"to": [-1.75, 10.25, 8.75],
			"rotation": {"angle": 0, "axis": "y", "origin": [-2, -0.25, 0.25]},
			"faces": {
				"north": {"uv": [0, 16, 2, 14], "texture": "#anvil 1"},
				"east": {"uv": [0, 16, 2, 14], "texture": "#anvil 1"},
				"south": {"uv": [0, 16, 2, 14], "texture": "#anvil 1"},
				"west": {"uv": [0, 16, 2, 14], "texture": "#anvil 1"},
				"up": {"uv": [0, 16, 2, 14], "texture": "#anvil 1"},
				"down": {"uv": [2, 16, 0, 14], "texture": "#anvil 1"}
			}
		},
		{
			"from": [7.25, 10.025, 7.75],
			"to": [7.5, 10.2, 8.1],
			"rotation": {"angle": 0, "axis": "y", "origin": [-2, -0.25, 0.25]},
			"faces": {
				"north": {"uv": [0, 16, 2, 14], "texture": "#anvil 1"},
				"east": {"uv": [0, 16, 2, 14], "texture": "#anvil 1"},
				"south": {"uv": [0, 16, 2, 14], "texture": "#anvil 1"},
				"west": {"uv": [0, 16, 2, 14], "texture": "#anvil 1"},
				"up": {"uv": [0, 16, 2, 14], "texture": "#anvil 1"},
				"down": {"uv": [2, 16, 0, 14], "texture": "#anvil 1"}
			}
		},
		{
			"from": [10, 7.4, 7.675],
			"to": [11.25, 9.9, 8.825],
			"rotation": {"angle": 0, "axis": "y", "origin": [-2, -0.25, 0.25]},
			"faces": {
				"north": {"uv": [1, 16, 0, 15], "texture": "#anvil 1"},
				"south": {"uv": [1, 16, 0, 15], "texture": "#anvil 1"},
				"west": {"uv": [0, 15, 1, 16], "texture": "#anvil 1"},
				"up": {"uv": [1, 16, 0, 15], "texture": "#anvil 1"},
				"down": {"uv": [1, 16, 0, 15], "texture": "#anvil 1"}
			}
		},
		{
			"from": [11.65, 8.975, 7.65],
			"to": [14.25, 9.45, 7.825],
			"rotation": {"angle": 0, "axis": "y", "origin": [-2, -0.25, 0.25]},
			"faces": {
				"north": {"uv": [16, 12, 15, 11], "texture": "#anvil 1", "cullface": "east"},
				"east": {"uv": [16, 12, 15, 11], "texture": "#anvil 1", "cullface": "east"},
				"south": {"uv": [15, 12, 16, 11], "texture": "#anvil 1", "cullface": "east"},
				"up": {"uv": [15, 12, 16, 11], "texture": "#anvil 1", "cullface": "east"},
				"down": {"uv": [15, 11, 16, 12], "texture": "#anvil 1", "cullface": "east"}
			}
		},
		{
			"from": [11.5, 9, 7.675],
			"to": [17.8, 9.425, 8.825],
			"rotation": {"angle": 0, "axis": "y", "origin": [-2, -0.25, 0.25]},
			"faces": {
				"north": {"uv": [7, 13, 3, 12], "texture": "#anvil 1", "cullface": "east"},
				"east": {"uv": [7, 13, 3, 12], "texture": "#anvil 1", "cullface": "east"},
				"south": {"uv": [3, 13, 7, 12], "texture": "#anvil 1", "cullface": "east"},
				"up": {"uv": [3, 13, 7, 12], "texture": "#anvil 1", "cullface": "east"},
				"down": {"uv": [3, 12, 7, 13], "texture": "#anvil 1", "cullface": "east"}
			}
		},
		{
			"from": [11.5, 9.3, 7.925],
			"to": [17.6, 9.825, 8.575],
			"rotation": {"angle": 0, "axis": "y", "origin": [-2, -0.25, 0.25]},
			"faces": {
				"north": {"uv": [7, 12, 3, 11], "texture": "#anvil 1", "cullface": "east"},
				"east": {"uv": [7, 12, 3, 11], "texture": "#anvil 1", "cullface": "east"},
				"south": {"uv": [3, 12, 7, 11], "texture": "#anvil 1", "cullface": "east"},
				"up": {"uv": [3, 12, 7, 11], "texture": "#anvil 1", "cullface": "east"}
			}
		},
		{
			"from": [11.65, 8.5, 7.475],
			"to": [14.25, 9.025, 8.075],
			"rotation": {"angle": 0, "axis": "y", "origin": [-2, -0.25, 0.25]},
			"faces": {
				"north": {"uv": [16, 12, 15, 11], "texture": "#anvil 1", "cullface": "east"},
				"east": {"uv": [16, 12, 15, 11], "texture": "#anvil 1", "cullface": "east"},
				"south": {"uv": [15, 12, 16, 11], "texture": "#anvil 1", "cullface": "east"},
				"west": {"uv": [16, 12, 15, 11], "texture": "#anvil 1", "cullface": "east"},
				"up": {"uv": [15, 12, 16, 11], "texture": "#anvil 1", "cullface": "east"},
				"down": {"uv": [15, 11, 16, 12], "texture": "#anvil 1", "cullface": "east"}
			}
		},
		{
			"from": [11.5, 7.75, 7.5],
			"to": [18, 9, 9],
			"rotation": {"angle": 0, "axis": "y", "origin": [-2, -0.25, 0.25]},
			"faces": {
				"north": {"uv": [7, 14, 2, 11], "rotation": 180, "texture": "#anvil 1", "cullface": "east"},
				"east": {"uv": [7, 14, 2, 11], "texture": "#anvil 1", "cullface": "east"},
				"south": {"uv": [2, 14, 7, 11], "rotation": 180, "texture": "#anvil 1", "cullface": "east"},
				"west": {"uv": [7, 14, 2, 11], "texture": "#anvil 1", "cullface": "east"},
				"up": {"uv": [2, 14, 7, 11], "texture": "#anvil 1", "cullface": "east"},
				"down": {"uv": [2, 11, 7, 14], "texture": "#anvil 1", "cullface": "east"}
			}
		},
		{
			"from": [11.5, 7.05, 7.5],
			"to": [14.25, 7.75, 9],
			"rotation": {"angle": 0, "axis": "y", "origin": [-2, -0.25, 0.25]},
			"faces": {
				"north": {"uv": [6, 14, 2, 13], "texture": "#anvil 1"},
				"east": {"uv": [6, 14, 2, 13], "texture": "#anvil 1"},
				"south": {"uv": [6, 14, 2, 13], "texture": "#anvil 1"},
				"west": {"uv": [6, 14, 2, 13], "texture": "#anvil 1"},
				"down": {"uv": [2, 13, 6, 14], "texture": "#anvil 1"}
			}
		},
		{
			"from": [14.125, 6.75, 7.75],
			"to": [14.375, 8, 8.75],
			"rotation": {"angle": 0, "axis": "y", "origin": [-2, -0.5, 0.25]},
			"faces": {
				"north": {"uv": [0, 8, 0.25, 9], "texture": "#anvil 1"},
				"east": {"uv": [7.5, 8, 8.5, 9], "texture": "#anvil 1", "cullface": "east"},
				"south": {"uv": [15.75, 8, 16, 9], "texture": "#anvil 1"},
				"west": {"uv": [7.5, 8, 8.5, 9], "texture": "#anvil 1"},
				"down": {"uv": [0.25, 8.5, 0, 7.5], "texture": "#anvil 1"}
			}
		},
		{
			"from": [16.125, 6.55, 7.75],
			"to": [16.425, 8, 8.75],
			"rotation": {"angle": 0, "axis": "y", "origin": [-2, -0.5, 0.25]},
			"faces": {
				"north": {"uv": [0, 8, 0.25, 9], "texture": "#anvil 1"},
				"east": {"uv": [7.5, 8, 8.5, 9], "texture": "#anvil 1", "cullface": "east"},
				"south": {"uv": [15.75, 8, 16, 9], "texture": "#anvil 1"},
				"west": {"uv": [7.5, 8, 8.5, 9], "texture": "#anvil 1"},
				"down": {"uv": [0.25, 8.5, 0, 7.5], "texture": "#anvil 1"}
			}
		},
		{
			"from": [14.25, 6.55, 7.75],
			"to": [16.125, 6.75, 8.75],
			"rotation": {"angle": 0, "axis": "y", "origin": [-2, -0.5, 0.25]},
			"faces": {
				"north": {"uv": [0, 9, 1, 9.25], "texture": "#anvil 1", "cullface": "east"},
				"east": {"uv": [7.5, 9, 8.5, 9.25], "texture": "#anvil 1", "cullface": "east"},
				"south": {"uv": [16, 9, 15, 9.25], "texture": "#anvil 1", "cullface": "east"},
				"west": {"uv": [7.5, 9, 8.5, 9.25], "texture": "#anvil 1", "cullface": "east"},
				"up": {"uv": [16, 7.5, 15, 8.5], "texture": "#anvil 1", "cullface": "east"},
				"down": {"uv": [0, 8.5, 1, 7.5], "texture": "#anvil 1", "cullface": "east"}
			}
		},
		{
			"from": [16.2, 7, 7.575],
			"to": [18, 7.75, 8.925],
			"rotation": {"angle": 0, "axis": "y", "origin": [-1.9, -0.25, 0.25]},
			"faces": {
				"north": {"uv": [8, 9, 5, 8], "rotation": 90, "texture": "#texture", "cullface": "east"},
				"east": {"uv": [8, 9, 5, 8], "rotation": 90, "texture": "#texture", "cullface": "east"},
				"south": {"uv": [8, 9, 5, 8], "rotation": 90, "texture": "#texture", "cullface": "east"},
				"west": {"uv": [8, 9, 5, 8], "rotation": 90, "texture": "#texture", "cullface": "east"},
				"down": {"uv": [8, 9, 5, 8], "rotation": 90, "texture": "#texture", "cullface": "east"}
			}
		},
		{
			"from": [15.525, 6.975, 8],
			"to": [15.775, 8.225, 8.5],
			"rotation": {"angle": -22.5, "axis": "z", "origin": [15.25, 8, 8]},
			"faces": {
				"north": {"uv": [0, 12, 1, 13.25], "texture": "#anvil 1", "cullface": "east"},
				"east": {"uv": [7.5, 12, 8.5, 13.25], "texture": "#anvil 1", "cullface": "east"},
				"south": {"uv": [16, 12, 15, 13.25], "texture": "#anvil 1", "cullface": "east"},
				"west": {"uv": [7.5, 12, 8.5, 13.25], "texture": "#anvil 1", "cullface": "east"},
				"up": {"uv": [16, 7.5, 15, 8.5], "texture": "#anvil 1", "cullface": "east"}
			}
		},
		{
			"from": [12.5, 6.8, 7.5],
			"to": [14.25, 7.05, 9],
			"rotation": {"angle": 0, "axis": "y", "origin": [-2, -0.25, 0.25]},
			"faces": {
				"north": {"uv": [6, 15, 2, 14], "texture": "#anvil 1"},
				"east": {"uv": [6, 15, 2, 14], "texture": "#anvil 1"},
				"south": {"uv": [6, 15, 2, 14], "texture": "#anvil 1"},
				"west": {"uv": [6, 15, 2, 14], "texture": "#anvil 1"},
				"down": {"uv": [2, 14, 6, 15], "texture": "#anvil 1"}
			}
		},
		{
			"from": [13.5, 6.55, 7.5],
			"to": [14.25, 6.8, 9],
			"rotation": {"angle": 0, "axis": "y", "origin": [-2, -0.25, 0.25]},
			"faces": {
				"north": {"uv": [4, 16, 0, 15], "texture": "#anvil 1"},
				"east": {"uv": [4, 16, 0, 15], "texture": "#anvil 1"},
				"south": {"uv": [4, 16, 0, 15], "texture": "#anvil 1"},
				"west": {"uv": [4, 16, 0, 15], "texture": "#anvil 1"},
				"down": {"uv": [0, 15, 4, 16], "texture": "#anvil 1"}
			}
		},
		{
			"from": [16.1, 4.8, 7.575],
			"to": [17.85, 7, 8.925],
			"rotation": {"angle": 22.5, "axis": "z", "origin": [16.1, 7.25, 7.5]},
			"faces": {
				"north": {"uv": [7.85, 10, 5, 8], "rotation": 270, "texture": "#texture", "cullface": "east"},
				"east": {"uv": [7.85, 10, 5, 8], "rotation": 270, "texture": "#texture", "cullface": "east"},
				"south": {"uv": [7.85, 10, 5, 8], "rotation": 270, "texture": "#texture", "cullface": "east"},
				"west": {"uv": [7.85, 10, 5, 8], "rotation": 270, "texture": "#texture", "cullface": "east"},
				"up": {"uv": [7.85, 10, 5, 8], "rotation": 270, "texture": "#texture", "cullface": "east"},
				"down": {"uv": [7.85, 10, 5, 8], "rotation": 270, "texture": "#texture", "cullface": "east"}
			}
		},
		{
			"from": [16.925, 4.9, 7.575],
			"to": [18.65, 5.675, 8.925],
			"rotation": {"angle": 0, "axis": "z", "origin": [16.1, 7.25, 7.5]},
			"faces": {
				"north": {"uv": [7.85, 10, 5, 8], "rotation": 270, "texture": "#texture", "cullface": "east"},
				"east": {"uv": [7.85, 10, 5, 8], "rotation": 270, "texture": "#texture", "cullface": "east"},
				"south": {"uv": [7.85, 10, 5, 8], "rotation": 270, "texture": "#texture", "cullface": "east"},
				"west": {"uv": [7.85, 10, 5, 8], "rotation": 270, "texture": "#texture", "cullface": "east"},
				"up": {"uv": [7.85, 10, 5, 8], "rotation": 270, "texture": "#texture", "cullface": "east"},
				"down": {"uv": [7.85, 10, 5, 8], "rotation": 270, "texture": "#texture", "cullface": "east"}
			}
		},
		{
			"from": [18, 8.25, 7.575],
			"to": [25.75, 8.75, 8.925],
			"rotation": {"angle": 0, "axis": "y", "origin": [-1.9, -0.25, 0.25]},
			"faces": {
				"north": {"uv": [1, 1, 9.25, 1.75], "texture": "#texture", "cullface": "east"},
				"south": {"uv": [6.75, 1, 15, 1.75], "texture": "#texture", "cullface": "east"},
				"west": {"uv": [7.25, 1, 8.75, 1.75], "texture": "#texture", "cullface": "east"},
				"up": {"uv": [6.75, 7.25, 15, 8.75], "texture": "#texture", "cullface": "east"},
				"down": {"uv": [9.25, 8.75, 1, 7.25], "texture": "#texture", "cullface": "east"}
			}
		},
		{
			"from": [18, 8.75, 7.575],
			"to": [19.75, 9, 8.925],
			"rotation": {"angle": 0, "axis": "y", "origin": [-1.9, -0.25, 0.25]},
			"faces": {
				"north": {"uv": [5, 8, 7, 7], "texture": "#texture", "cullface": "east"},
				"east": {"uv": [7, 8, 5, 7], "texture": "#texture"},
				"south": {"uv": [5, 8, 7, 7], "texture": "#texture", "cullface": "east"},
				"west": {"uv": [5, 8, 7, 7], "texture": "#texture", "cullface": "east"},
				"up": {"uv": [5, 8, 7, 7], "texture": "#texture", "cullface": "east"},
				"down": {"uv": [5, 8, 7, 7], "texture": "#texture", "cullface": "east"}
			}
		},
		{
			"from": [18, 8, 7.575],
			"to": [18.75, 8.25, 8.925],
			"rotation": {"angle": 0, "axis": "y", "origin": [-1.9, -0.25, 0.25]},
			"faces": {
				"north": {"uv": [8.5, 1.75, 9.25, 2], "texture": "#texture", "cullface": "east"},
				"east": {"uv": [7.25, 1.75, 8.75, 2], "texture": "#texture", "cullface": "east"},
				"south": {"uv": [6.75, 1.75, 7.5, 2], "texture": "#texture", "cullface": "east"},
				"down": {"uv": [9.25, 8.75, 8.5, 7.25], "texture": "#texture", "cullface": "east"}
			}
		},
		{
			"from": [18.4, 5.75, 7.6],
			"to": [18.75, 6, 8.9],
			"rotation": {"angle": 0, "axis": "y", "origin": [-1.9, 0, 0.25]},
			"faces": {
				"north": {"uv": [7, 10, 6, 9], "texture": "#texture", "cullface": "east"},
				"east": {"uv": [7, 9, 6, 8], "texture": "#texture", "cullface": "east"},
				"south": {"uv": [7, 9, 6, 8], "texture": "#texture", "cullface": "east"},
				"up": {"uv": [7, 9, 6, 8], "texture": "#texture"},
				"down": {"uv": [6, 8, 7, 9], "texture": "#texture", "cullface": "east"}
			}
		},
		{
			"from": [18, 7.5, 7.575],
			"to": [18.25, 8, 8.925],
			"rotation": {"angle": 0, "axis": "y", "origin": [-1.9, -0.25, 0.25]},
			"faces": {
				"north": {"uv": [9, 2, 9.25, 2.5], "texture": "#texture", "cullface": "east"},
				"east": {"uv": [7.25, 2, 8.75, 2.5], "texture": "#texture", "cullface": "east"},
				"south": {"uv": [6.75, 2, 7, 2.5], "texture": "#texture", "cullface": "east"},
				"down": {"uv": [9.25, 8.75, 9, 7.25], "texture": "#texture", "cullface": "east"}
			}
		},
		{
			"from": [18, 5.25, 7.6],
			"to": [20.25, 5.75, 8.9],
			"rotation": {"angle": 0, "axis": "y", "origin": [-1.9, 0, 0.25]},
			"faces": {
				"north": {"uv": [6.5, 4.25, 9.25, 4.75], "texture": "#texture", "cullface": "east"},
				"east": {"uv": [7.25, 4.25, 8.75, 4.75], "texture": "#texture", "cullface": "east"},
				"south": {"uv": [6.75, 4.25, 9.5, 4.75], "texture": "#texture", "cullface": "east"},
				"west": {"uv": [7.25, 4.25, 8.75, 4.75], "texture": "#texture", "cullface": "east"},
				"up": {"uv": [6.75, 7.25, 9.5, 8.75], "texture": "#texture", "cullface": "east"},
				"down": {"uv": [9.25, 8.75, 6.5, 7.25], "texture": "#texture", "cullface": "east"}
			}
		},
		{
			"from": [20.25, 5.25, 7.575],
			"to": [23.5, 5.75, 8.925],
			"rotation": {"angle": 0, "axis": "y", "origin": [-1.9, 0, 0.25]},
			"faces": {
				"north": {"uv": [3.75, 4.5, 6.5, 5], "texture": "#texture", "cullface": "east"},
				"east": {"uv": [7.25, 4.5, 8.75, 5], "texture": "#texture", "cullface": "east"},
				"south": {"uv": [9.5, 4.5, 12.25, 5], "texture": "#texture", "cullface": "east"},
				"west": {"uv": [7.25, 4.5, 8.75, 5], "texture": "#texture", "cullface": "east"},
				"up": {"uv": [9.5, 7.25, 12.25, 8.75], "texture": "#texture", "cullface": "east"},
				"down": {"uv": [6.5, 8.75, 3.75, 7.25], "texture": "#texture", "cullface": "east"}
			}
		},
		{
			"from": [25.75, 5.25, 7.575],
			"to": [26, 8.75, 8.925],
			"rotation": {"angle": 0, "axis": "y", "origin": [-1.9, 0, 0.25]},
			"faces": {
				"north": {"uv": [4, 13, 3, 14], "texture": "#anvil 1", "cullface": "east"},
				"east": {"uv": [4, 13, 3, 14], "texture": "#anvil 1", "cullface": "east"},
				"south": {"uv": [4, 13, 3, 14], "texture": "#anvil 1", "cullface": "east"},
				"west": {"uv": [4, 13, 3, 14], "texture": "#anvil 1", "cullface": "east"},
				"up": {"uv": [4, 14, 3, 13], "texture": "#anvil 1", "cullface": "east"},
				"down": {"uv": [4, 13, 3, 14], "texture": "#anvil 1", "cullface": "east"}
			}
		},
		{
			"from": [23.5, 5.25, 7.575],
			"to": [25.75, 5.5, 8.925],
			"rotation": {"angle": 0, "axis": "y", "origin": [-1.9, 0, 0.25]},
			"faces": {
				"north": {"uv": [1, 4.75, 3.75, 5.25], "texture": "#texture", "cullface": "east"},
				"south": {"uv": [12.25, 4.75, 15, 5.25], "texture": "#texture", "cullface": "east"},
				"west": {"uv": [7.25, 4.75, 8.75, 5.25], "texture": "#texture", "cullface": "east"},
				"up": {"uv": [12.25, 7.25, 15, 8.75], "texture": "#texture", "cullface": "east"},
				"down": {"uv": [3.75, 8.75, 1, 7.25], "texture": "#texture", "cullface": "east"}
			}
		},
		{
			"from": [21, 5.75, 7.825],
			"to": [22.25, 8.25, 8.675],
			"rotation": {"angle": 0, "axis": "y", "origin": [-1.9, 0, 0.25]},
			"faces": {
				"north": {"uv": [3.25, 1.75, 5, 4.75], "texture": "#texture", "cullface": "east"},
				"east": {"uv": [7.25, 1.75, 8.75, 4.75], "texture": "#texture", "cullface": "east"},
				"south": {"uv": [11, 1.75, 12.75, 4.75], "texture": "#texture", "cullface": "east"},
				"west": {"uv": [7.25, 1.75, 8.75, 4.75], "texture": "#texture", "cullface": "east"},
				"down": {"uv": [5, 8.75, 3.25, 7.25], "texture": "#texture", "cullface": "east"}
			}
		},
		{
			"from": [11.025, 4.25, 7.775],
			"to": [13.4, 5, 8.725],
			"rotation": {"angle": 0, "axis": "y", "origin": [-2, -1, 0.25]},
			"faces": {
				"north": {"uv": [0, 15.3, 6.5, 15.8], "texture": "#anvil 1", "cullface": "east"},
				"east": {"uv": [6.2, 15.2, 6.7, 15.9], "texture": "#anvil 1", "cullface": "east"},
				"south": {"uv": [6.8, 15.2, 0.1, 15.9], "texture": "#anvil 1", "cullface": "east"},
				"west": {"uv": [1, 0, 2, 1], "texture": "#anvil 1"},
				"up": {"uv": [1, 0, 2, 1], "texture": "#anvil 1"},
				"down": {"uv": [6.1, 16, 6.8, 15.2], "texture": "#anvil 1", "cullface": "east"}
			}
		},
		{
			"from": [12.175, 4, 7.775],
			"to": [13.4, 4.25, 8.725],
			"rotation": {"angle": 0, "axis": "y", "origin": [-2, -1, 0.25]},
			"faces": {
				"north": {"uv": [0, 15.3, 2.875, 15.8], "texture": "#anvil 1", "cullface": "east"},
				"east": {"uv": [6.2, 15.2, 6.7, 15.9], "texture": "#anvil 1", "cullface": "east"},
				"south": {"uv": [2.8, 15.2, 0.1, 15.9], "texture": "#anvil 1", "cullface": "east"},
				"west": {"uv": [1, 0, 2, 1], "texture": "#anvil 1"},
				"up": {"uv": [1, 0, 2, 1], "texture": "#anvil 1"},
				"down": {"uv": [6.1, 16, 6.8, 15.2], "texture": "#anvil 1", "cullface": "east"}
			}
		},
		{
			"from": [11.3, 5, 7.775],
			"to": [13.75, 6, 8.725],
			"rotation": {"angle": 0, "axis": "y", "origin": [-2, -1, 0.25]},
			"faces": {
				"north": {"uv": [0, 15.3, 6.5, 15.8], "texture": "#anvil 1", "cullface": "east"},
				"east": {"uv": [6.2, 15.2, 6.7, 15.9], "texture": "#anvil 1", "cullface": "east"},
				"south": {"uv": [6.8, 15.2, 0.1, 15.9], "texture": "#anvil 1", "cullface": "east"},
				"west": {"uv": [1, 0, 2, 1], "texture": "#anvil 1"},
				"up": {"uv": [1, 0, 2, 1], "texture": "#anvil 1"},
				"down": {"uv": [6.1, 16, 6.8, 15.2], "texture": "#anvil 1", "cullface": "east"}
			}
		},
		{
			"from": [11.6, 6, 7.775],
			"to": [14.075, 7.75, 8.725],
			"rotation": {"angle": 0, "axis": "y", "origin": [-2, -1, 0.25]},
			"faces": {
				"north": {"uv": [0, 15.3, 6.5, 15.8], "texture": "#anvil 1", "cullface": "east"},
				"east": {"uv": [6.2, 15.2, 6.7, 15.9], "texture": "#anvil 1", "cullface": "east"},
				"south": {"uv": [6.8, 15.2, 0.1, 15.9], "texture": "#anvil 1", "cullface": "east"},
				"west": {"uv": [1, 0, 2, 1], "texture": "#anvil 1"},
				"up": {"uv": [1, 0, 2, 1], "texture": "#anvil 1"},
				"down": {"uv": [6.1, 16, 6.8, 15.2], "texture": "#anvil 1", "cullface": "east"}
			}
		},
		{
			"from": [25, 5.5, 7.575],
			"to": [25.75, 8.25, 8.925],
			"rotation": {"angle": 0, "axis": "y", "origin": [-1.9, 0, 0.25]},
			"faces": {
				"north": {"uv": [1, 1.75, 1.75, 4.75], "texture": "#texture", "cullface": "east"},
				"south": {"uv": [14.25, 1.75, 15, 4.75], "texture": "#texture", "cullface": "east"},
				"west": {"uv": [7.25, 1.75, 8.75, 4.75], "texture": "#texture", "cullface": "east"}
			}
		},
		{
			"from": [23.5, 5.5, 7.575],
			"to": [25, 5.75, 8.925],
			"rotation": {"angle": 0, "axis": "y", "origin": [-1.9, 0, 0.25]},
			"faces": {
				"north": {"uv": [1.75, 4, 3.25, 4.75], "texture": "#texture", "cullface": "east"},
				"south": {"uv": [12.75, 4, 14.25, 4.75], "texture": "#texture", "cullface": "east"},
				"west": {"uv": [1, 0, 2, 1], "texture": "#texture"},
				"up": {"uv": [12.75, 7.25, 14.25, 8.75], "texture": "#texture", "cullface": "east"}
			}
		},
		{
			"from": [22.25, 5.75, 7.825],
			"to": [22.5, 6, 8.675],
			"rotation": {"angle": 0, "axis": "y", "origin": [-1.9, 0, 0.25]},
			"faces": {
				"north": {"uv": [3, 3.75, 3.25, 4], "texture": "#texture", "cullface": "east"},
				"east": {"uv": [7.25, 3.75, 8.75, 4], "texture": "#texture", "cullface": "east"},
				"south": {"uv": [12.75, 3.75, 13, 4], "texture": "#texture", "cullface": "east"},
				"up": {"uv": [12.75, 7.25, 13, 8.75], "texture": "#texture", "cullface": "east"}
			}
		},
		{
			"from": [20.75, 5.75, 7.825],
			"to": [21, 6, 8.675],
			"rotation": {"angle": 0, "axis": "y", "origin": [-1.9, 0, 0.25]},
			"faces": {
				"north": {"uv": [5, 4.25, 5.25, 4.5], "texture": "#texture", "cullface": "east"},
				"south": {"uv": [10.75, 4.25, 11, 4.5], "texture": "#texture", "cullface": "east"},
				"west": {"uv": [7.25, 4.25, 8.75, 4.5], "texture": "#texture", "cullface": "east"},
				"up": {"uv": [10.75, 7.25, 11, 8.75], "texture": "#texture", "cullface": "east"}
			}
		},
		{
			"from": [22.25, 8, 7.825],
			"to": [22.5, 8.25, 8.675],
			"rotation": {"angle": 0, "axis": "y", "origin": [-1.9, -0.25, 0.25]},
			"faces": {
				"north": {"uv": [3, 2.25, 3.25, 2.5], "texture": "#texture", "cullface": "east"},
				"east": {"uv": [7.25, 2.25, 8.75, 2.5], "texture": "#texture", "cullface": "east"},
				"south": {"uv": [12.75, 2.25, 13, 2.5], "texture": "#texture", "cullface": "east"},
				"down": {"uv": [3.25, 8.75, 3, 7.25], "texture": "#texture", "cullface": "east"}
			}
		},
		{
			"from": [20.75, 8, 7.825],
			"to": [21, 8.25, 8.675],
			"rotation": {"angle": 0, "axis": "y", "origin": [-1.9, -0.25, 0.25]},
			"faces": {
				"north": {"uv": [5, 1.75, 5.25, 2], "texture": "#texture", "cullface": "east"},
				"south": {"uv": [10.75, 1.75, 11, 2], "texture": "#texture", "cullface": "east"},
				"west": {"uv": [7.25, 1.75, 8.75, 2], "texture": "#texture", "cullface": "east"},
				"down": {"uv": [5.25, 8.75, 5, 7.25], "texture": "#texture", "cullface": "east"}
			}
		},
		{
			"from": [24.75, 8, 7.575],
			"to": [25, 8.25, 8.925],
			"rotation": {"angle": 0, "axis": "y", "origin": [-1.9, -0.25, 0.25]},
			"faces": {
				"north": {"uv": [1.75, 2.25, 2, 2.5], "texture": "#texture", "cullface": "east"},
				"south": {"uv": [14, 2.25, 14.25, 2.5], "texture": "#texture", "cullface": "east"},
				"west": {"uv": [7.25, 2.25, 8.75, 2.5], "texture": "#texture", "cullface": "east"},
				"down": {"uv": [2, 8.75, 1.75, 7.25], "texture": "#texture", "cullface": "east"}
			}
		},
		{
			"from": [24.75, 5.75, 7.575],
			"to": [25, 6, 8.925],
			"rotation": {"angle": 0, "axis": "y", "origin": [-1.9, 0, 0.25]},
			"faces": {
				"north": {"uv": [1.75, 3.75, 2, 4], "texture": "#texture", "cullface": "east"},
				"south": {"uv": [14, 3.75, 14.25, 4], "texture": "#texture", "cullface": "east"},
				"west": {"uv": [7.25, 3.75, 8.75, 4], "texture": "#texture", "cullface": "east"},
				"up": {"uv": [14, 7.25, 14.25, 8.75], "texture": "#texture", "cullface": "east"}
			}
		},
		{
			"from": [12, 8.25, 9],
			"to": [12.75, 10.5, 9.25],
			"faces": {
				"north": {"uv": [12, 8, 10, 6], "texture": "#anvil 1"},
				"east": {"uv": [12, 8, 10, 6], "texture": "#anvil 1"},
				"south": {"uv": [12, 8, 10, 6], "texture": "#anvil 1"},
				"west": {"uv": [12, 8, 10, 6], "texture": "#anvil 1"},
				"up": {"uv": [10, 6, 12, 7], "texture": "#anvil 1"},
				"down": {"uv": [12, 8, 10, 6], "texture": "#anvil 1"}
			}
		},
		{
			"from": [12.75, 8.25, 9],
			"to": [14.5, 9, 9.25],
			"faces": {
				"north": {"uv": [12, 7, 9, 6], "texture": "#anvil 1"},
				"east": {"uv": [12, 7, 9, 6], "texture": "#anvil 1"},
				"south": {"uv": [9, 7, 12, 6], "texture": "#anvil 1"},
				"west": {"uv": [12, 7, 9, 6], "texture": "#anvil 1"},
				"up": {"uv": [12, 7, 9, 6], "texture": "#anvil 1"},
				"down": {"uv": [12, 7, 9, 6], "texture": "#anvil 1"}
			}
		},
		{
			"from": [12, 10.5, 8],
			"to": [15.25, 10.75, 8.75],
			"faces": {
				"north": {"uv": [12, 7, 9, 6], "texture": "#anvil 1"},
				"east": {"uv": [12, 7, 9, 6], "texture": "#anvil 1"},
				"south": {"uv": [9, 7, 12, 6], "texture": "#anvil 1"},
				"west": {"uv": [12, 7, 9, 6], "texture": "#anvil 1"},
				"up": {"uv": [12, 7, 9, 6], "texture": "#anvil 1"},
				"down": {"uv": [12, 7, 9, 6], "texture": "#anvil 1"}
			}
		},
		{
			"from": [12, 10.25, 8.75],
			"to": [12.75, 10.75, 9],
			"faces": {
				"north": {"uv": [12, 7, 9, 6], "texture": "#anvil 1"},
				"east": {"uv": [12, 7, 9, 6], "texture": "#anvil 1"},
				"south": {"uv": [9, 7, 12, 6], "texture": "#anvil 1"},
				"west": {"uv": [12, 7, 9, 6], "texture": "#anvil 1"},
				"up": {"uv": [12, 7, 9, 6], "texture": "#anvil 1"},
				"down": {"uv": [12, 7, 9, 6], "texture": "#anvil 1"}
			}
		},
		{
			"from": [14.5, 10.25, 8.75],
			"to": [15.25, 10.75, 9],
			"faces": {
				"north": {"uv": [12, 7, 9, 6], "texture": "#anvil 1"},
				"east": {"uv": [12, 7, 9, 6], "texture": "#anvil 1"},
				"south": {"uv": [9, 7, 12, 6], "texture": "#anvil 1"},
				"west": {"uv": [12, 7, 9, 6], "texture": "#anvil 1"},
				"up": {"uv": [12, 7, 9, 6], "texture": "#anvil 1"},
				"down": {"uv": [12, 7, 9, 6], "texture": "#anvil 1"}
			}
		},
		{
			"from": [14.5, 8.25, 9],
			"to": [15.25, 10.5, 9.25],
			"faces": {
				"north": {"uv": [12, 8, 10, 6], "texture": "#anvil 1"},
				"east": {"uv": [12, 8, 10, 6], "texture": "#anvil 1"},
				"south": {"uv": [12, 7, 10, 5], "texture": "#anvil 1"},
				"west": {"uv": [12, 8, 10, 6], "texture": "#anvil 1"},
				"up": {"uv": [10, 6, 12, 7], "texture": "#anvil 1"},
				"down": {"uv": [12, 8, 10, 6], "texture": "#anvil 1"}
			}
		},
		{
			"from": [11.75, 10.75, 7.75],
			"to": [15.5, 11.25, 9],
			"faces": {
				"north": {"uv": [4, 8, 2, 6], "texture": "#anvil 1"},
				"east": {"uv": [3, 8, 2, 7], "texture": "#anvil 1"},
				"south": {"uv": [4, 8, 2, 6], "texture": "#anvil 1"},
				"west": {"uv": [3, 8, 2, 7], "texture": "#anvil 1"},
				"up": {"uv": [4, 8, 2, 6], "texture": "#anvil 1"},
				"down": {"uv": [2, 8, 4, 6], "texture": "#anvil 1"}
			}
		},
		{
			"from": [11.75, 12, 7.75],
			"to": [15.5, 12.5, 9],
			"faces": {
				"north": {"uv": [4, 8, 2, 6], "texture": "#anvil 1"},
				"east": {"uv": [3, 8, 2, 7], "texture": "#anvil 1"},
				"south": {"uv": [4, 8, 2, 6], "texture": "#anvil 1"},
				"west": {"uv": [3, 8, 2, 7], "texture": "#anvil 1"},
				"up": {"uv": [4, 8, 2, 6], "texture": "#anvil 1"},
				"down": {"uv": [2, 8, 4, 6], "texture": "#anvil 1"}
			}
		},
		{
			"from": [13.25, 12.4, 8],
			"to": [14, 12.9, 8.75],
			"faces": {
				"north": {"uv": [12, 6, 10, 4], "texture": "#anvil 1"},
				"east": {"uv": [12, 6, 10, 4], "texture": "#anvil 1"},
				"south": {"uv": [12, 6, 10, 4], "texture": "#anvil 1"},
				"west": {"uv": [12, 6, 10, 4], "texture": "#anvil 1"},
				"up": {"uv": [12, 6, 10, 4], "texture": "#anvil 1"},
				"down": {"uv": [10, 6, 12, 4], "texture": "#anvil 1"}
			}
		},
		{
			"from": [13.25, 11.25, 7.075],
			"to": [14, 12, 7.575],
			"faces": {
				"north": {"uv": [12, 6, 10, 4], "rotation": 180, "texture": "#anvil 1"},
				"east": {"uv": [12, 6, 10, 4], "rotation": 90, "texture": "#anvil 1"},
				"south": {"uv": [10, 6, 12, 4], "texture": "#anvil 1"},
				"west": {"uv": [12, 6, 10, 4], "rotation": 270, "texture": "#anvil 1"},
				"up": {"uv": [12, 6, 10, 4], "texture": "#anvil 1"},
				"down": {"uv": [12, 6, 10, 4], "rotation": 180, "texture": "#anvil 1"}
			}
		},
		{
			"from": [11.75, 11, 8.75],
			"to": [15.5, 12.25, 9.25],
			"faces": {
				"north": {"uv": [4, 8, 2, 6], "texture": "#anvil 1"},
				"east": {"uv": [3, 8, 2, 7], "texture": "#anvil 1"},
				"south": {"uv": [4, 8, 2, 6], "texture": "#anvil 1"},
				"west": {"uv": [3, 8, 2, 7], "texture": "#anvil 1"},
				"up": {"uv": [4, 8, 2, 6], "texture": "#anvil 1"},
				"down": {"uv": [2, 8, 4, 6], "texture": "#anvil 1"}
			}
		},
		{
			"from": [11.75, 11, 7.5],
			"to": [15.5, 12.25, 8],
			"faces": {
				"north": {"uv": [4, 8, 2, 6], "texture": "#anvil 1"},
				"east": {"uv": [3, 8, 2, 7], "texture": "#anvil 1"},
				"south": {"uv": [4, 8, 2, 6], "texture": "#anvil 1"},
				"west": {"uv": [3, 8, 2, 7], "texture": "#anvil 1"},
				"up": {"uv": [4, 8, 2, 6], "texture": "#anvil 1"},
				"down": {"uv": [2, 8, 4, 6], "texture": "#anvil 1"}
			}
		},
		{
			"from": [9.75, 11.25, 8.75],
			"to": [17.25, 12, 9],
			"faces": {
				"north": {"uv": [4, 8, 2, 6], "texture": "#anvil 1", "cullface": "east"},
				"south": {"uv": [4, 8, 2, 6], "texture": "#anvil 1", "cullface": "east"},
				"west": {"uv": [4, 8, 2, 6], "texture": "#anvil 1", "cullface": "east"},
				"up": {"uv": [4, 8, 2, 6], "texture": "#anvil 1", "cullface": "east"},
				"down": {"uv": [2, 8, 4, 6], "texture": "#anvil 1", "cullface": "east"}
			}
		},
		{
			"from": [-2.5, 8.15, 7.725],
			"to": [7.5, 8.7, 8.775],
			"rotation": {"angle": 0, "axis": "y", "origin": [-2, 0, 0.25]},
			"faces": {
				"north": {"uv": [4, 8, 2, 6], "texture": "#anvil 1", "cullface": "east"},
				"south": {"uv": [4, 8, 2, 6], "texture": "#anvil 1", "cullface": "east"},
				"west": {"uv": [4, 8, 2, 6], "texture": "#anvil 1", "cullface": "east"},
				"up": {"uv": [4, 8, 2, 6], "texture": "#anvil 1", "cullface": "east"},
				"down": {"uv": [2, 8, 4, 6], "texture": "#anvil 1", "cullface": "east"}
			}
		},
		{
			"from": [-2.5, 9.15, 7.725],
			"to": [7.5, 9.7, 8.775],
			"rotation": {"angle": 0, "axis": "y", "origin": [-2, 0, 0.25]},
			"faces": {
				"north": {"uv": [4, 8, 2, 6], "texture": "#anvil 1", "cullface": "east"},
				"south": {"uv": [4, 8, 2, 6], "texture": "#anvil 1", "cullface": "east"},
				"west": {"uv": [4, 8, 2, 6], "texture": "#anvil 1", "cullface": "east"},
				"up": {"uv": [4, 8, 2, 6], "texture": "#anvil 1", "cullface": "east"},
				"down": {"uv": [2, 8, 4, 6], "texture": "#anvil 1", "cullface": "east"}
			}
		},
		{
			"from": [-2.5, 8.4, 7.475],
			"to": [7.5, 9.45, 8.025],
			"rotation": {"angle": 0, "axis": "y", "origin": [-2, 0, 0.25]},
			"faces": {
				"north": {"uv": [4, 8, 2, 6], "texture": "#anvil 1", "cullface": "east"},
				"south": {"uv": [4, 8, 2, 6], "texture": "#anvil 1", "cullface": "east"},
				"west": {"uv": [4, 8, 2, 6], "texture": "#anvil 1", "cullface": "east"},
				"up": {"uv": [4, 8, 2, 6], "texture": "#anvil 1", "cullface": "east"},
				"down": {"uv": [2, 8, 4, 6], "texture": "#anvil 1", "cullface": "east"}
			}
		},
		{
			"from": [-2.5, 8.4, 8.475],
			"to": [7.5, 9.45, 9.025],
			"rotation": {"angle": 0, "axis": "y", "origin": [-2, 0, 0.25]},
			"faces": {
				"north": {"uv": [4, 8, 2, 6], "texture": "#anvil 1", "cullface": "east"},
				"south": {"uv": [4, 8, 2, 6], "texture": "#anvil 1", "cullface": "east"},
				"west": {"uv": [4, 8, 2, 6], "texture": "#anvil 1", "cullface": "east"},
				"up": {"uv": [4, 8, 2, 6], "texture": "#anvil 1", "cullface": "east"},
				"down": {"uv": [2, 8, 4, 6], "texture": "#anvil 1", "cullface": "east"}
			}
		},
		{
			"from": [-1, 8.125, 7.7],
			"to": [3.75, 8.725, 8.8],
			"rotation": {"angle": 0, "axis": "y", "origin": [-2, 0, 0.25]},
			"faces": {
				"north": {"uv": [2, 16, 0, 14], "texture": "#anvil 1", "cullface": "east"},
				"east": {"uv": [0, 14, 2, 16], "texture": "#anvil 1"},
				"south": {"uv": [2, 16, 0, 14], "texture": "#anvil 1", "cullface": "east"},
				"west": {"uv": [2, 16, 0, 14], "texture": "#anvil 1", "cullface": "east"},
				"up": {"uv": [2, 16, 0, 14], "texture": "#anvil 1", "cullface": "east"},
				"down": {"uv": [0, 16, 2, 14], "texture": "#anvil 1", "cullface": "east"}
			}
		},
		{
			"from": [-1, 9.125, 7.7],
			"to": [3.75, 9.725, 8.8],
			"rotation": {"angle": 0, "axis": "y", "origin": [-2, 0, 0.25]},
			"faces": {
				"north": {"uv": [2, 16, 0, 14], "texture": "#anvil 1", "cullface": "east"},
				"east": {"uv": [0, 14, 2, 16], "texture": "#anvil 1"},
				"south": {"uv": [2, 16, 0, 14], "texture": "#anvil 1", "cullface": "east"},
				"west": {"uv": [2, 16, 0, 14], "texture": "#anvil 1", "cullface": "east"},
				"up": {"uv": [2, 16, 0, 14], "texture": "#anvil 1", "cullface": "east"},
				"down": {"uv": [0, 16, 2, 14], "texture": "#anvil 1", "cullface": "east"}
			}
		},
		{
			"from": [-1, 8.375, 7.45],
			"to": [3.75, 9.475, 8.05],
			"rotation": {"angle": 0, "axis": "y", "origin": [-2, 0, 0.25]},
			"faces": {
				"north": {"uv": [2, 16, 0, 14], "texture": "#anvil 1", "cullface": "east"},
				"east": {"uv": [0, 14, 2, 16], "texture": "#anvil 1"},
				"south": {"uv": [2, 16, 0, 14], "texture": "#anvil 1", "cullface": "east"},
				"west": {"uv": [2, 16, 0, 14], "texture": "#anvil 1", "cullface": "east"},
				"up": {"uv": [2, 16, 0, 14], "texture": "#anvil 1", "cullface": "east"},
				"down": {"uv": [0, 16, 2, 14], "texture": "#anvil 1", "cullface": "east"}
			}
		},
		{
			"from": [-1, 8.375, 8.45],
			"to": [3.75, 9.475, 9.05],
			"rotation": {"angle": 0, "axis": "y", "origin": [-2, 0, 0.25]},
			"faces": {
				"north": {"uv": [2, 16, 0, 14], "texture": "#anvil 1", "cullface": "east"},
				"east": {"uv": [0, 14, 2, 16], "texture": "#anvil 1"},
				"south": {"uv": [2, 16, 0, 14], "texture": "#anvil 1", "cullface": "east"},
				"west": {"uv": [2, 16, 0, 14], "texture": "#anvil 1", "cullface": "east"},
				"up": {"uv": [2, 16, 0, 14], "texture": "#anvil 1", "cullface": "east"},
				"down": {"uv": [0, 16, 2, 14], "texture": "#anvil 1", "cullface": "east"}
			}
		},
		{
			"from": [19.25, 10.925, 7.95],
			"to": [19.75, 11.25, 8.8],
			"faces": {
				"north": {"uv": [4, 13, 2, 11], "texture": "#anvil 1", "cullface": "east"},
				"south": {"uv": [4, 13, 2, 11], "texture": "#anvil 1", "cullface": "east"},
				"west": {"uv": [4, 13, 2, 11], "texture": "#anvil 1", "cullface": "east"},
				"up": {"uv": [4, 13, 2, 11], "texture": "#anvil 1", "cullface": "east"},
				"down": {"uv": [2, 13, 4, 11], "texture": "#anvil 1", "cullface": "east"}
			}
		},
		{
			"from": [19.25, 12, 7.95],
			"to": [19.75, 12.325, 8.8],
			"faces": {
				"north": {"uv": [4, 13, 2, 11], "texture": "#anvil 1", "cullface": "east"},
				"south": {"uv": [4, 13, 2, 11], "texture": "#anvil 1", "cullface": "east"},
				"west": {"uv": [4, 13, 2, 11], "texture": "#anvil 1", "cullface": "east"},
				"up": {"uv": [4, 13, 2, 11], "texture": "#anvil 1", "cullface": "east"},
				"down": {"uv": [2, 13, 4, 11], "texture": "#anvil 1", "cullface": "east"}
			}
		},
		{
			"from": [19.25, 11.2, 7.675],
			"to": [19.75, 12.05, 8],
			"faces": {
				"north": {"uv": [4, 13, 2, 11], "texture": "#anvil 1", "cullface": "east"},
				"south": {"uv": [4, 13, 2, 11], "texture": "#anvil 1", "cullface": "east"},
				"west": {"uv": [4, 13, 2, 11], "texture": "#anvil 1", "cullface": "east"},
				"up": {"uv": [4, 13, 2, 11], "texture": "#anvil 1", "cullface": "east"},
				"down": {"uv": [2, 13, 4, 11], "texture": "#anvil 1", "cullface": "east"}
			}
		},
		{
			"from": [19.25, 11.2, 8.75],
			"to": [19.75, 12.05, 9.075],
			"faces": {
				"north": {"uv": [4, 13, 2, 11], "texture": "#anvil 1", "cullface": "east"},
				"south": {"uv": [4, 13, 2, 11], "texture": "#anvil 1", "cullface": "east"},
				"west": {"uv": [4, 13, 2, 11], "texture": "#anvil 1", "cullface": "east"},
				"up": {"uv": [4, 13, 2, 11], "texture": "#anvil 1", "cullface": "east"},
				"down": {"uv": [2, 13, 4, 11], "texture": "#anvil 1", "cullface": "east"}
			}
		},
		{
			"from": [9.75, 11.25, 7.75],
			"to": [17.25, 12, 8],
			"faces": {
				"north": {"uv": [4, 8, 2, 6], "texture": "#anvil 1", "cullface": "east"},
				"south": {"uv": [4, 8, 2, 6], "texture": "#anvil 1", "cullface": "east"},
				"west": {"uv": [4, 8, 2, 6], "texture": "#anvil 1", "cullface": "east"},
				"up": {"uv": [4, 8, 2, 6], "texture": "#anvil 1", "cullface": "east"},
				"down": {"uv": [2, 8, 4, 6], "texture": "#anvil 1", "cullface": "east"}
			}
		},
		{
			"from": [9.75, 12, 8],
			"to": [17.25, 12.25, 8.75],
			"faces": {
				"north": {"uv": [4, 8, 2, 6], "texture": "#anvil 1", "cullface": "east"},
				"south": {"uv": [4, 8, 2, 6], "texture": "#anvil 1", "cullface": "east"},
				"west": {"uv": [4, 8, 2, 6], "texture": "#anvil 1", "cullface": "east"},
				"up": {"uv": [4, 8, 2, 6], "texture": "#anvil 1", "cullface": "east"},
				"down": {"uv": [2, 8, 4, 6], "texture": "#anvil 1", "cullface": "east"}
			}
		},
		{
			"from": [9.75, 11, 8],
			"to": [17.25, 11.25, 8.75],
			"faces": {
				"north": {"uv": [4, 8, 2, 6], "texture": "#anvil 1", "cullface": "east"},
				"south": {"uv": [4, 8, 2, 6], "texture": "#anvil 1", "cullface": "east"},
				"west": {"uv": [4, 8, 2, 6], "texture": "#anvil 1", "cullface": "east"},
				"up": {"uv": [4, 8, 2, 6], "texture": "#anvil 1", "cullface": "east"},
				"down": {"uv": [2, 8, 4, 6], "texture": "#anvil 1", "cullface": "east"}
			}
		},
		{
			"from": [17.25, 11, 8.75],
			"to": [19.25, 12.25, 9.25],
			"faces": {
				"north": {"uv": [3, 16, 0, 14], "texture": "#anvil 1", "cullface": "east"},
				"east": {"uv": [1, 16, 0, 15], "texture": "#anvil 1", "cullface": "east"},
				"south": {"uv": [0, 16, 3, 14], "texture": "#anvil 1", "cullface": "east"},
				"west": {"uv": [1, 16, 0, 15], "texture": "#anvil 1", "cullface": "east"},
				"up": {"uv": [0, 16, 3, 14], "texture": "#anvil 1", "cullface": "east"},
				"down": {"uv": [3, 16, 0, 14], "texture": "#anvil 1", "cullface": "east"}
			}
		},
		{
			"from": [17.25, 12, 7.75],
			"to": [19.25, 12.5, 9],
			"faces": {
				"north": {"uv": [3, 16, 0, 14], "texture": "#anvil 1", "cullface": "east"},
				"east": {"uv": [1, 16, 0, 15], "texture": "#anvil 1", "cullface": "east"},
				"south": {"uv": [0, 16, 3, 14], "texture": "#anvil 1", "cullface": "east"},
				"west": {"uv": [1, 16, 0, 15], "texture": "#anvil 1", "cullface": "east"},
				"up": {"uv": [0, 16, 3, 14], "texture": "#anvil 1", "cullface": "east"},
				"down": {"uv": [3, 16, 0, 14], "texture": "#anvil 1", "cullface": "east"}
			}
		},
		{
			"from": [17.25, 10.75, 7.75],
			"to": [19.25, 11.25, 9],
			"faces": {
				"north": {"uv": [3, 16, 0, 14], "texture": "#anvil 1", "cullface": "east"},
				"east": {"uv": [1, 16, 0, 15], "texture": "#anvil 1", "cullface": "east"},
				"south": {"uv": [0, 16, 3, 14], "texture": "#anvil 1", "cullface": "east"},
				"west": {"uv": [1, 16, 0, 15], "texture": "#anvil 1", "cullface": "east"},
				"up": {"uv": [0, 16, 3, 14], "texture": "#anvil 1", "cullface": "east"},
				"down": {"uv": [3, 16, 0, 14], "texture": "#anvil 1", "cullface": "east"}
			}
		},
		{
			"from": [17.25, 11, 7.5],
			"to": [19.25, 12.25, 8],
			"faces": {
				"north": {"uv": [3, 16, 0, 14], "texture": "#anvil 1", "cullface": "east"},
				"east": {"uv": [1, 16, 0, 15], "texture": "#anvil 1", "cullface": "east"},
				"south": {"uv": [0, 16, 3, 14], "texture": "#anvil 1", "cullface": "east"},
				"west": {"uv": [1, 16, 0, 15], "texture": "#anvil 1", "cullface": "east"},
				"up": {"uv": [0, 16, 3, 14], "texture": "#anvil 1", "cullface": "east"},
				"down": {"uv": [3, 16, 0, 14], "texture": "#anvil 1", "cullface": "east"}
			}
		},
		{
			"from": [19.75, 10.75, 7.75],
			"to": [20, 11.25, 9],
			"faces": {
				"north": {"uv": [3, 16, 0, 14], "texture": "#anvil 1", "cullface": "east"},
				"east": {"uv": [1, 16, 0, 15], "texture": "#anvil 1", "cullface": "east"},
				"south": {"uv": [0, 16, 3, 14], "texture": "#anvil 1", "cullface": "east"},
				"west": {"uv": [1, 16, 0, 15], "texture": "#anvil 1", "cullface": "east"},
				"up": {"uv": [0, 16, 3, 14], "texture": "#anvil 1", "cullface": "east"},
				"down": {"uv": [3, 16, 0, 14], "texture": "#anvil 1", "cullface": "east"}
			}
		},
		{
			"from": [19.75, 12, 7.75],
			"to": [20, 12.5, 9],
			"faces": {
				"north": {"uv": [3, 16, 0, 14], "texture": "#anvil 1", "cullface": "east"},
				"east": {"uv": [1, 16, 0, 15], "texture": "#anvil 1", "cullface": "east"},
				"south": {"uv": [0, 16, 3, 14], "texture": "#anvil 1", "cullface": "east"},
				"west": {"uv": [1, 16, 0, 15], "texture": "#anvil 1", "cullface": "east"},
				"up": {"uv": [0, 16, 3, 14], "texture": "#anvil 1", "cullface": "east"},
				"down": {"uv": [3, 16, 0, 14], "texture": "#anvil 1", "cullface": "east"}
			}
		},
		{
			"from": [19.75, 11, 8.75],
			"to": [20, 12.25, 9.25],
			"faces": {
				"north": {"uv": [3, 16, 0, 14], "texture": "#anvil 1", "cullface": "east"},
				"east": {"uv": [1, 16, 0, 15], "texture": "#anvil 1", "cullface": "east"},
				"south": {"uv": [0, 16, 3, 14], "texture": "#anvil 1", "cullface": "east"},
				"west": {"uv": [1, 16, 0, 15], "texture": "#anvil 1", "cullface": "east"},
				"up": {"uv": [0, 16, 3, 14], "texture": "#anvil 1", "cullface": "east"},
				"down": {"uv": [3, 16, 0, 14], "texture": "#anvil 1", "cullface": "east"}
			}
		},
		{
			"from": [19.75, 11, 7.5],
			"to": [20, 12.25, 8],
			"faces": {
				"north": {"uv": [3, 16, 0, 14], "texture": "#anvil 1", "cullface": "east"},
				"east": {"uv": [1, 16, 0, 15], "texture": "#anvil 1", "cullface": "east"},
				"south": {"uv": [0, 16, 3, 14], "texture": "#anvil 1", "cullface": "east"},
				"west": {"uv": [1, 16, 0, 15], "texture": "#anvil 1", "cullface": "east"},
				"up": {"uv": [0, 16, 3, 14], "texture": "#anvil 1", "cullface": "east"},
				"down": {"uv": [3, 16, 0, 14], "texture": "#anvil 1", "cullface": "east"}
			}
		}
	],
	"gui_light": "front",
	"display": {
		"thirdperson_righthand": {
			"rotation": [0, -90, 0],
			"translation": [0.25, 0.75, -6.25],
			"scale": [0.95, 0.95, 0.95]
		},
		"thirdperson_lefthand": {
			"rotation": [0, 90, 0],
			"translation": [0.25, 0.75, -6.25],
			"scale": [0.95, 0.95, 0.95]
		},
		"firstperson_righthand": {
			"rotation": [0, -90, 0],
			"translation": [0.5, 2.25, -8.25],
			"scale": [1.01, 1.03, 1.01]
		},
		"firstperson_lefthand": {
			"rotation": [0, 90, 0],
			"translation": [0, 2.25, -8.25],
			"scale": [1.01, 1.03, 1.01]
		},
		"ground": {
			"translation": [-3.75, 0.25, 0],
			"scale": [0.98, 0.98, 0.98]
		},
		"gui": {
			"rotation": [0, 0, -45],
			"translation": [-1.75, 1.75, 0],
			"scale": [0.65, 0.65, 0.58]
		},
		"head": {
			"translation": [-4, 0, 0]
		},
		"fixed": {
			"rotation": [0, 180, -45],
			"translation": [2.75, 3, 0],
			"scale": [1.02, 1.02, 1.02]
		}
	}
}