{
	"credit": "Made by SrDarmith - YouTube: Mainclay",
	"textures": {
		"particle": "itemm/anvil_1",
		"texture": "itemm/anvil_1"
	},
	"elements": [
		{
			"from": [-7, 8.95, 7.5],
			"to": [7, 9.45, 7.75],
			"rotation": {"angle": 0, "axis": "y", "origin": [0.5, 0, 0]},
			"faces": {
				"north": {"uv": [1.75, 6.25, 15, 6.75], "texture": "#texture", "cullface": "west"},
				"east": {"uv": [8.25, 6.25, 8.5, 6.75], "texture": "#texture", "cullface": "west"},
				"south": {"uv": [1, 6.25, 14.25, 6.75], "texture": "#texture", "cullface": "west"},
				"west": {"uv": [7.5, 6.25, 7.75, 6.75], "texture": "#texture", "cullface": "west"},
				"up": {"uv": [1, 7.5, 14.25, 7.75], "texture": "#texture", "cullface": "west"},
				"down": {"uv": [15, 7.75, 1.75, 7.5], "texture": "#texture", "cullface": "west"}
			}
		},
		{
			"from": [-5.25, 8.625, 7.675],
			"to": [-4.5, 9.025, 8.325],
			"rotation": {"angle": 0, "axis": "y", "origin": [0.5, 0, 0]},
			"faces": {
				"north": {"uv": [5, 16, 4, 15], "texture": "#texture", "cullface": "west"},
				"east": {"uv": [5, 16, 4, 15], "texture": "#texture"},
				"south": {"uv": [5, 16, 4, 15], "texture": "#texture", "cullface": "west"},
				"west": {"uv": [5, 16, 4, 15], "texture": "#texture", "cullface": "west"},
				"up": {"uv": [5, 16, 4, 15], "texture": "#texture", "cullface": "west"},
				"down": {"uv": [4, 15, 5, 16], "texture": "#texture", "cullface": "west"}
			}
		},
		{
			"from": [-5.25, 9.375, 7.675],
			"to": [-4.5, 9.775, 8.325],
			"rotation": {"angle": 0, "axis": "y", "origin": [0.5, 0, 0]},
			"faces": {
				"north": {"uv": [5, 16, 4, 15], "texture": "#texture", "cullface": "west"},
				"east": {"uv": [5, 16, 4, 15], "texture": "#texture"},
				"south": {"uv": [5, 16, 4, 15], "texture": "#texture", "cullface": "west"},
				"west": {"uv": [5, 16, 4, 15], "texture": "#texture", "cullface": "west"},
				"up": {"uv": [5, 16, 4, 15], "texture": "#texture", "cullface": "west"},
				"down": {"uv": [4, 15, 5, 16], "texture": "#texture", "cullface": "west"}
			}
		},
		{
			"from": [-0.5, 8.875, 7.425],
			"to": [0.25, 9.525, 7.825],
			"faces": {
				"north": {"uv": [5, 16, 4, 15], "texture": "#texture", "cullface": "west"},
				"east": {"uv": [5, 16, 4, 15], "texture": "#texture", "cullface": "west"},
				"south": {"uv": [5, 16, 4, 15], "texture": "#texture", "cullface": "west"},
				"west": {"uv": [5, 16, 4, 15], "texture": "#texture", "cullface": "west"},
				"up": {"uv": [5, 16, 4, 15], "texture": "#texture", "cullface": "west"},
				"down": {"uv": [4, 15, 5, 16], "texture": "#texture", "cullface": "west"}
			}
		},
		{
			"from": [-0.5, 7.925, 7.675],
			"to": [0.25, 9.025, 8.325],
			"faces": {
				"north": {"uv": [5, 16, 4, 15], "texture": "#texture", "cullface": "west"},
				"east": {"uv": [5, 16, 4, 15], "texture": "#texture"},
				"south": {"uv": [5, 16, 4, 15], "texture": "#texture", "cullface": "west"},
				"west": {"uv": [5, 16, 4, 15], "texture": "#texture", "cullface": "west"},
				"up": {"uv": [5, 16, 4, 15], "texture": "#texture", "cullface": "west"},
				"down": {"uv": [4, 15, 5, 16], "texture": "#texture", "cullface": "west"}
			}
		},
		{
			"from": [-0.5, 8.875, 8.175],
			"to": [0.25, 9.525, 8.575],
			"faces": {
				"north": {"uv": [5, 16, 4, 15], "texture": "#texture", "cullface": "west"},
				"east": {"uv": [5, 16, 4, 15], "texture": "#texture", "cullface": "west"},
				"south": {"uv": [5, 16, 4, 15], "texture": "#texture", "cullface": "west"},
				"west": {"uv": [5, 16, 4, 15], "texture": "#texture", "cullface": "west"},
				"up": {"uv": [5, 16, 4, 15], "texture": "#texture", "cullface": "west"},
				"down": {"uv": [4, 15, 5, 16], "texture": "#texture", "cullface": "west"}
			}
		},
		{
			"from": [-0.5, 9.375, 7.675],
			"to": [0.25, 9.775, 8.325],
			"faces": {
				"north": {"uv": [5, 16, 4, 15], "texture": "#texture", "cullface": "west"},
				"east": {"uv": [5, 16, 4, 15], "texture": "#texture"},
				"south": {"uv": [5, 16, 4, 15], "texture": "#texture", "cullface": "west"},
				"west": {"uv": [5, 16, 4, 15], "texture": "#texture", "cullface": "west"},
				"up": {"uv": [5, 16, 4, 15], "texture": "#texture", "cullface": "west"},
				"down": {"uv": [4, 15, 5, 16], "texture": "#texture", "cullface": "west"}
			}
		},
		{
			"from": [-5.25, 8.875, 8.175],
			"to": [-4.5, 9.525, 8.575],
			"rotation": {"angle": 0, "axis": "y", "origin": [0.5, 0, 0]},
			"faces": {
				"north": {"uv": [5, 16, 4, 15], "texture": "#texture", "cullface": "west"},
				"east": {"uv": [5, 16, 4, 15], "texture": "#texture", "cullface": "west"},
				"south": {"uv": [5, 16, 4, 15], "texture": "#texture", "cullface": "west"},
				"west": {"uv": [5, 16, 4, 15], "texture": "#texture", "cullface": "west"},
				"up": {"uv": [5, 16, 4, 15], "texture": "#texture", "cullface": "west"},
				"down": {"uv": [4, 15, 5, 16], "texture": "#texture", "cullface": "west"}
			}
		},
		{
			"from": [-5.25, 8.875, 7.425],
			"to": [-4.5, 9.525, 7.825],
			"rotation": {"angle": 0, "axis": "y", "origin": [0.5, 0, 0]},
			"faces": {
				"north": {"uv": [5, 16, 4, 15], "texture": "#texture", "cullface": "west"},
				"east": {"uv": [5, 16, 4, 15], "texture": "#texture", "cullface": "west"},
				"south": {"uv": [5, 16, 4, 15], "texture": "#texture", "cullface": "west"},
				"west": {"uv": [5, 16, 4, 15], "texture": "#texture", "cullface": "west"},
				"up": {"uv": [5, 16, 4, 15], "texture": "#texture", "cullface": "west"},
				"down": {"uv": [4, 15, 5, 16], "texture": "#texture", "cullface": "west"}
			}
		},
		{
			"from": [-7, 8.95, 8.25],
			"to": [7, 9.45, 8.5],
			"rotation": {"angle": 0, "axis": "y", "origin": [0.5, 0, 0]},
			"faces": {
				"north": {"uv": [1.75, 6.25, 15, 6.75], "texture": "#texture", "cullface": "west"},
				"east": {"uv": [7.5, 6.25, 7.75, 6.75], "texture": "#texture", "cullface": "west"},
				"south": {"uv": [1, 6.25, 14.25, 6.75], "texture": "#texture", "cullface": "west"},
				"west": {"uv": [8.25, 6.25, 8.5, 6.75], "texture": "#texture", "cullface": "west"},
				"up": {"uv": [1, 8.25, 14.25, 8.5], "texture": "#texture", "cullface": "west"},
				"down": {"uv": [15, 8.5, 1.75, 8.25], "texture": "#texture", "cullface": "west"}
			}
		},
		{
			"from": [-7, 9.45, 7.75],
			"to": [7, 9.7, 8.25],
			"rotation": {"angle": 0, "axis": "y", "origin": [0.5, 0, 0]},
			"faces": {
				"north": {"uv": [2, 6, 15, 6.25], "texture": "#texture", "cullface": "west"},
				"east": {"uv": [0, 0, 1, 1], "texture": "#texture"},
				"south": {"uv": [1, 6, 14, 6.25], "texture": "#texture", "cullface": "west"},
				"west": {"uv": [7.75, 6, 8.25, 6.25], "texture": "#texture", "cullface": "west"},
				"up": {"uv": [1, 7.75, 14, 8.25], "texture": "#texture", "cullface": "west"},
				"down": {"uv": [15, 8.25, 2, 7.75], "texture": "#texture", "cullface": "west"}
			}
		},
		{
			"from": [-7, 8.7, 7.75],
			"to": [7, 8.95, 8.25],
			"rotation": {"angle": 0, "axis": "y", "origin": [0.5, 0, 0]},
			"faces": {
				"north": {"uv": [1.75, 6.75, 15, 7], "texture": "#texture", "cullface": "west"},
				"east": {"uv": [0, 0, 1, 1], "texture": "#texture"},
				"south": {"uv": [1, 6.75, 14.25, 7], "texture": "#texture", "cullface": "west"},
				"west": {"uv": [7.75, 6.75, 8.25, 7], "texture": "#texture", "cullface": "west"},
				"up": {"uv": [1, 7.75, 14.25, 8.25], "texture": "#texture", "cullface": "west"},
				"down": {"uv": [15, 8.25, 1.75, 7.75], "texture": "#texture", "cullface": "west"}
			}
		},
		{
			"from": [-1, 8, 7.75],
			"to": [1.25, 8.5, 8.25],
			"faces": {
				"north": {"uv": [1.75, 6.75, 6, 7], "texture": "#texture", "cullface": "west"},
				"east": {"uv": [0, 0, 1, 1], "texture": "#texture"},
				"south": {"uv": [1, 6.75, 5.25, 7], "texture": "#texture", "cullface": "west"},
				"west": {"uv": [7.75, 6.75, 8.25, 7], "texture": "#texture", "cullface": "west"},
				"up": {"uv": [1, 7.75, 5.25, 8.25], "texture": "#texture", "cullface": "west"},
				"down": {"uv": [6, 8.25, 1.75, 7.75], "texture": "#texture", "cullface": "west"}
			}
		},
		{
			"from": [-5.125, 9.875, 7.975],
			"to": [-4.625, 10.225, 8.025],
			"rotation": {"angle": 0, "axis": "y", "origin": [0.525, 0, 0]},
			"faces": {
				"north": {"uv": [16, 5.5, 16, 5.75], "texture": "#texture", "cullface": "west"},
				"east": {"uv": [7.875, 5.5, 8.125, 5.75], "texture": "#texture", "cullface": "west"},
				"south": {"uv": [0, 5.5, 0, 5.75], "texture": "#texture", "cullface": "west"},
				"west": {"uv": [7.875, 5.5, 8.125, 5.75], "texture": "#texture", "cullface": "west"},
				"up": {"uv": [0, 7.875, 0, 8.125], "texture": "#texture", "cullface": "west"}
			}
		},
		{
			"from": [-5.125, 12.275, 3.675],
			"to": [-4.625, 12.675, 3.725],
			"rotation": {"angle": 22.5, "axis": "x", "origin": [0.525, 0, 0]},
			"faces": {
				"north": {"uv": [16, 5.5, 16, 5.75], "texture": "#texture", "cullface": "west"},
				"east": {"uv": [7.875, 5.5, 8.125, 5.75], "texture": "#texture", "cullface": "west"},
				"south": {"uv": [0, 5.5, 0, 5.75], "texture": "#texture", "cullface": "west"},
				"west": {"uv": [7.875, 5.5, 8.125, 5.75], "texture": "#texture", "cullface": "west"},
				"up": {"uv": [0, 7.875, 0, 8.125], "texture": "#texture", "cullface": "west"}
			}
		},
		{
			"from": [-5.125, 6.15, 11.05],
			"to": [-4.625, 6.55, 11.1],
			"rotation": {"angle": -22.5, "axis": "x", "origin": [0.525, 0, 0]},
			"faces": {
				"north": {"uv": [16, 5.5, 16, 5.75], "texture": "#texture", "cullface": "west"},
				"east": {"uv": [7.875, 5.5, 8.125, 5.75], "texture": "#texture", "cullface": "west"},
				"south": {"uv": [0, 5.5, 0, 5.75], "texture": "#texture", "cullface": "west"},
				"west": {"uv": [7.875, 5.5, 8.125, 5.75], "texture": "#texture", "cullface": "west"},
				"up": {"uv": [0, 7.875, 0, 8.125], "texture": "#texture", "cullface": "west"}
			}
		},
		{
			"from": [1.75, 7.5, 7.35],
			"to": [9.5, 7.75, 8.65],
			"faces": {
				"north": {"uv": [16, 12, 15, 11], "texture": "#texture"},
				"south": {"uv": [16, 12, 15, 11], "texture": "#texture"},
				"west": {"uv": [16, 12, 15, 11], "texture": "#texture"},
				"down": {"uv": [15, 11, 16, 12], "texture": "#texture"}
			}
		},
		{
			"from": [9.25, 7.25, 7.1],
			"to": [15.25, 7.5, 8.9],
			"faces": {
				"north": {"uv": [16, 12, 15, 11], "texture": "#texture"},
				"south": {"uv": [16, 12, 15, 11], "texture": "#texture"},
				"west": {"uv": [16, 12, 15, 11], "texture": "#texture"},
				"down": {"uv": [15, 11, 16, 12], "texture": "#texture"}
			}
		},
		{
			"from": [9.8, 5.75, 7.775],
			"to": [12.25, 7.5, 8.725],
			"rotation": {"angle": 0, "axis": "y", "origin": [-1.75, -1, 0.25]},
			"faces": {
				"north": {"uv": [0, 15.3, 6.5, 15.8], "texture": "#texture", "cullface": "east"},
				"east": {"uv": [6.2, 15.2, 6.7, 15.9], "texture": "#texture", "cullface": "east"},
				"south": {"uv": [6.8, 15.2, 0.1, 15.9], "texture": "#texture", "cullface": "east"},
				"west": {"uv": [1, 0, 2, 1], "texture": "#texture"},
				"up": {"uv": [1, 0, 2, 1], "texture": "#texture"},
				"down": {"uv": [6.1, 16, 6.8, 15.2], "texture": "#texture", "cullface": "east"}
			}
		},
		{
			"from": [10.675, 4, 7.775],
			"to": [11.9, 4.25, 8.725],
			"rotation": {"angle": 0, "axis": "y", "origin": [-1.75, -1, 0.25]},
			"faces": {
				"north": {"uv": [0, 15.3, 2.875, 15.8], "texture": "#texture", "cullface": "east"},
				"east": {"uv": [6.2, 15.2, 6.7, 15.9], "texture": "#texture", "cullface": "east"},
				"south": {"uv": [2.8, 15.2, 0.1, 15.9], "texture": "#texture", "cullface": "east"},
				"west": {"uv": [1, 0, 2, 1], "texture": "#texture"},
				"up": {"uv": [1, 0, 2, 1], "texture": "#texture"},
				"down": {"uv": [6.1, 16, 6.8, 15.2], "texture": "#texture", "cullface": "east"}
			}
		},
		{
			"from": [9.525, 4.25, 7.775],
			"to": [11.9, 5.75, 8.725],
			"rotation": {"angle": 0, "axis": "y", "origin": [-1.75, -1, 0.25]},
			"faces": {
				"north": {"uv": [0, 15.3, 6.5, 15.8], "texture": "#texture", "cullface": "east"},
				"east": {"uv": [6.2, 15.2, 6.7, 15.9], "texture": "#texture", "cullface": "east"},
				"south": {"uv": [6.8, 15.2, 0.1, 15.9], "texture": "#texture", "cullface": "east"},
				"west": {"uv": [1, 0, 2, 1], "texture": "#texture"},
				"up": {"uv": [1, 0, 2, 1], "texture": "#texture"},
				"down": {"uv": [6.1, 16, 6.8, 15.2], "texture": "#texture", "cullface": "east"}
			}
		},
		{
			"from": [1.25, 9, 7.25],
			"to": [15.825, 9.45, 8.75],
			"faces": {
				"north": {"uv": [5.75, 4.5, 13.75, 5], "texture": "#texture"},
				"east": {"uv": [5, 5, 8, 6], "texture": "#texture"},
				"south": {"uv": [4.25, 4.5, 12.25, 5], "texture": "#texture"},
				"west": {"uv": [8.25, 4.5, 9.75, 5], "texture": "#texture"},
				"up": {"uv": [4.25, 5.25, 12.25, 6.75], "texture": "#texture"},
				"down": {"uv": [5, 5, 8, 6], "texture": "#texture"}
			}
		},
		{
			"from": [1.25, 9.425, 7.5],
			"to": [10.75, 9.85, 8.5],
			"faces": {
				"north": {"uv": [5.75, 4.5, 13.75, 5], "texture": "#texture"},
				"east": {"uv": [5, 5, 8, 6], "texture": "#texture"},
				"south": {"uv": [4.25, 4.5, 12.25, 5], "texture": "#texture"},
				"west": {"uv": [8.25, 4.5, 9.75, 5], "texture": "#texture"},
				"up": {"uv": [4.25, 5.25, 12.25, 6.75], "texture": "#texture"},
				"down": {"uv": [5, 5, 8, 6], "texture": "#texture"}
			}
		},
		{
			"from": [10.75, 9.425, 7.5],
			"to": [14, 9.55, 8.5],
			"faces": {
				"north": {"uv": [2, 14, 0, 16], "texture": "#texture"},
				"east": {"uv": [2, 14, 0, 16], "texture": "#texture"},
				"south": {"uv": [2, 14, 0, 16], "texture": "#texture"},
				"west": {"uv": [2, 14, 0, 16], "texture": "#texture"},
				"up": {"uv": [2, 14, 0, 16], "texture": "#texture"},
				"down": {"uv": [2, 14, 0, 16], "texture": "#texture"}
			}
		},
		{
			"from": [13.875, 9.45, 7.5],
			"to": [15, 9.8, 8.5],
			"faces": {
				"north": {"uv": [9, 7, 7, 5], "texture": "#texture"},
				"east": {"uv": [9, 7, 7, 5], "texture": "#texture"},
				"south": {"uv": [9, 7, 7, 5], "texture": "#texture"},
				"west": {"uv": [9, 7, 7, 5], "texture": "#texture"},
				"up": {"uv": [9, 7, 7, 5], "texture": "#texture"},
				"down": {"uv": [9, 7, 7, 5], "texture": "#texture"}
			}
		},
		{
			"from": [14.5, 9.8, 7.5],
			"to": [15, 10.275, 7.65],
			"faces": {
				"north": {"uv": [9, 7, 7, 5], "texture": "#texture"},
				"east": {"uv": [9, 7, 7, 5], "texture": "#texture"},
				"south": {"uv": [9, 7, 7, 5], "texture": "#texture"},
				"west": {"uv": [9, 7, 7, 5], "texture": "#texture"},
				"up": {"uv": [9, 7, 7, 5], "texture": "#texture"},
				"down": {"uv": [9, 7, 7, 5], "texture": "#texture"}
			}
		},
		{
			"from": [14.5, 9.8, 8.35],
			"to": [15, 10.275, 8.5],
			"faces": {
				"north": {"uv": [9, 7, 7, 5], "texture": "#texture"},
				"east": {"uv": [9, 7, 7, 5], "texture": "#texture"},
				"south": {"uv": [9, 7, 7, 5], "texture": "#texture"},
				"west": {"uv": [9, 7, 7, 5], "texture": "#texture"},
				"up": {"uv": [9, 7, 7, 5], "texture": "#texture"},
				"down": {"uv": [9, 7, 7, 5], "texture": "#texture"}
			}
		},
		{
			"from": [14, 9.8, 7.5],
			"to": [14.5, 10.025, 7.65],
			"faces": {
				"north": {"uv": [9, 7, 7, 5], "texture": "#texture"},
				"east": {"uv": [9, 7, 7, 5], "texture": "#texture"},
				"south": {"uv": [9, 7, 7, 5], "texture": "#texture"},
				"west": {"uv": [9, 7, 7, 5], "texture": "#texture"},
				"up": {"uv": [9, 7, 7, 5], "texture": "#texture"},
				"down": {"uv": [9, 7, 7, 5], "texture": "#texture"}
			}
		},
		{
			"from": [14, 9.8, 8.35],
			"to": [14.5, 10.025, 8.5],
			"faces": {
				"north": {"uv": [9, 7, 7, 5], "texture": "#texture"},
				"east": {"uv": [9, 7, 7, 5], "texture": "#texture"},
				"south": {"uv": [9, 7, 7, 5], "texture": "#texture"},
				"west": {"uv": [9, 7, 7, 5], "texture": "#texture"},
				"up": {"uv": [9, 7, 7, 5], "texture": "#texture"},
				"down": {"uv": [9, 7, 7, 5], "texture": "#texture"}
			}
		},
		{
			"from": [14.6, 9.8, 7.925],
			"to": [14.925, 10.025, 8.075],
			"faces": {
				"north": {"uv": [9, 7, 7, 5], "texture": "#texture"},
				"east": {"uv": [9, 7, 7, 5], "texture": "#texture"},
				"south": {"uv": [9, 7, 7, 5], "texture": "#texture"},
				"west": {"uv": [9, 7, 7, 5], "texture": "#texture"},
				"up": {"uv": [9, 7, 7, 5], "texture": "#texture"},
				"down": {"uv": [9, 7, 7, 5], "texture": "#texture"}
			}
		},
		{
			"from": [14.6, 10.025, 7.85],
			"to": [14.925, 10.125, 8.15],
			"faces": {
				"north": {"uv": [9, 7, 7, 5], "texture": "#texture"},
				"east": {"uv": [9, 7, 7, 5], "texture": "#texture"},
				"south": {"uv": [9, 7, 7, 5], "texture": "#texture"},
				"west": {"uv": [9, 7, 7, 5], "texture": "#texture"},
				"up": {"uv": [9, 7, 7, 5], "texture": "#texture"},
				"down": {"uv": [9, 7, 7, 5], "texture": "#texture"}
			}
		},
		{
			"from": [14.6, 10.375, 7.85],
			"to": [14.925, 10.475, 8.15],
			"faces": {
				"north": {"uv": [9, 7, 7, 5], "texture": "#texture"},
				"east": {"uv": [9, 7, 7, 5], "texture": "#texture"},
				"south": {"uv": [9, 7, 7, 5], "texture": "#texture"},
				"west": {"uv": [9, 7, 7, 5], "texture": "#texture"},
				"up": {"uv": [9, 7, 7, 5], "texture": "#texture"},
				"down": {"uv": [9, 7, 7, 5], "texture": "#texture"}
			}
		},
		{
			"from": [14.6, 10.125, 8.15],
			"to": [14.925, 10.375, 8.25],
			"faces": {
				"north": {"uv": [9, 7, 7, 5], "texture": "#texture"},
				"east": {"uv": [9, 7, 7, 5], "texture": "#texture"},
				"south": {"uv": [9, 7, 7, 5], "texture": "#texture"},
				"west": {"uv": [9, 7, 7, 5], "texture": "#texture"},
				"up": {"uv": [9, 7, 7, 5], "texture": "#texture"},
				"down": {"uv": [9, 7, 7, 5], "texture": "#texture"}
			}
		},
		{
			"from": [14.6, 10.125, 7.75],
			"to": [14.925, 10.375, 7.85],
			"faces": {
				"north": {"uv": [9, 7, 7, 5], "texture": "#texture"},
				"east": {"uv": [9, 7, 7, 5], "texture": "#texture"},
				"south": {"uv": [9, 7, 7, 5], "texture": "#texture"},
				"west": {"uv": [9, 7, 7, 5], "texture": "#texture"},
				"up": {"uv": [9, 7, 7, 5], "texture": "#texture"},
				"down": {"uv": [9, 7, 7, 5], "texture": "#texture"}
			}
		},
		{
			"from": [14.625, 9.725, 7.35],
			"to": [14.875, 9.975, 8.65],
			"faces": {
				"north": {"uv": [9, 7, 7, 5], "texture": "#texture"},
				"east": {"uv": [9, 7, 7, 5], "texture": "#texture"},
				"south": {"uv": [9, 7, 7, 5], "texture": "#texture"},
				"west": {"uv": [9, 7, 7, 5], "texture": "#texture"},
				"up": {"uv": [9, 7, 7, 5], "texture": "#texture"},
				"down": {"uv": [9, 7, 7, 5], "texture": "#texture"}
			}
		},
		{
			"from": [9.5, 7.5, 7.1],
			"to": [15.25, 9, 8.9],
			"faces": {
				"north": {"uv": [16, 12, 15, 11], "texture": "#texture"},
				"east": {"uv": [15, 11, 16, 12], "texture": "#texture"},
				"south": {"uv": [16, 12, 15, 11], "texture": "#texture"},
				"west": {"uv": [16, 12, 15, 11], "texture": "#texture"},
				"up": {"uv": [16, 12, 15, 11], "texture": "#texture"},
				"down": {"uv": [15, 11, 16, 12], "texture": "#texture"}
			}
		},
		{
			"from": [1.25, 7.75, 7.1],
			"to": [9.5, 9, 8.9],
			"faces": {
				"north": {"uv": [16, 12, 15, 11], "texture": "#texture"},
				"east": {"uv": [15, 11, 16, 12], "texture": "#texture"},
				"south": {"uv": [16, 12, 15, 11], "texture": "#texture"},
				"west": {"uv": [16, 12, 15, 11], "texture": "#texture"},
				"up": {"uv": [16, 12, 15, 11], "texture": "#texture"},
				"down": {"uv": [15, 11, 16, 12], "texture": "#texture"}
			}
		},
		{
			"from": [15.25, 7.25, 7.1],
			"to": [16, 9, 8.9],
			"faces": {
				"north": {"uv": [16, 12, 15, 11], "texture": "#texture"},
				"east": {"uv": [16, 12, 15, 11], "texture": "#texture", "cullface": "east"},
				"south": {"uv": [16, 12, 15, 11], "texture": "#texture"},
				"west": {"uv": [16, 12, 15, 11], "texture": "#texture"},
				"up": {"uv": [15, 12, 16, 11], "texture": "#texture"},
				"down": {"uv": [15, 11, 16, 12], "texture": "#texture"}
			}
		},
		{
			"from": [16.05, 7.5, 7.175],
			"to": [18.25, 9.2, 8.825],
			"rotation": {"angle": -22.5, "axis": "z", "origin": [15.5, 9.25, 7.25]},
			"faces": {
				"north": {"uv": [16, 12, 15, 11], "texture": "#texture", "cullface": "east"},
				"east": {"uv": [16, 12, 15, 11], "texture": "#texture", "cullface": "east"},
				"south": {"uv": [16, 12, 15, 11], "texture": "#texture", "cullface": "east"},
				"west": {"uv": [16, 12, 15, 11], "texture": "#texture", "cullface": "east"},
				"up": {"uv": [16, 12, 15, 11], "texture": "#texture", "cullface": "east"},
				"down": {"uv": [16, 12, 15, 11], "texture": "#texture", "cullface": "east"}
			}
		},
		{
			"from": [17.375, 6.5, 7.25],
			"to": [24.625, 8.25, 8.75],
			"rotation": {"angle": 0, "axis": "y", "origin": [-0.375, 0.25, 0]},
			"faces": {
				"north": {"uv": [16, 12, 15, 11], "texture": "#texture", "cullface": "east"},
				"south": {"uv": [16, 12, 15, 11], "texture": "#texture", "cullface": "east"},
				"west": {"uv": [16, 12, 15, 11], "texture": "#texture", "cullface": "east"},
				"up": {"uv": [16, 12, 15, 11], "texture": "#texture", "cullface": "east"},
				"down": {"uv": [16, 12, 15, 11], "texture": "#texture", "cullface": "east"}
			}
		},
		{
			"from": [17.125, 4.75, 7.5],
			"to": [18.875, 7.5, 8.5],
			"rotation": {"angle": 22.5, "axis": "z", "origin": [17.125, 7.5, 7.5]},
			"faces": {
				"north": {"uv": [16, 12, 15, 11], "texture": "#texture", "cullface": "east"},
				"east": {"uv": [16, 12, 15, 11], "texture": "#texture", "cullface": "east"},
				"south": {"uv": [16, 12, 15, 11], "texture": "#texture", "cullface": "east"},
				"west": {"uv": [16, 12, 15, 11], "texture": "#texture", "cullface": "east"},
				"up": {"uv": [16, 12, 15, 11], "texture": "#texture", "cullface": "east"},
				"down": {"uv": [16, 12, 15, 11], "texture": "#texture", "cullface": "east"}
			}
		},
		{
			"from": [18.625, 8.25, 7.5],
			"to": [24.625, 8.5, 8.5],
			"rotation": {"angle": 0, "axis": "y", "origin": [-0.375, 0.25, 0]},
			"faces": {
				"north": {"uv": [16, 12, 15, 11], "texture": "#texture", "cullface": "east"},
				"south": {"uv": [15, 12, 16, 11], "texture": "#texture", "cullface": "east"},
				"west": {"uv": [16, 12, 15, 11], "texture": "#texture", "cullface": "east"},
				"up": {"uv": [15, 12, 16, 11], "texture": "#texture", "cullface": "east"}
			}
		},
		{
			"from": [24.625, 4.75, 7.25],
			"to": [24.875, 8.25, 8.75],
			"rotation": {"angle": 0, "axis": "y", "origin": [-0.375, 0.25, 0]},
			"faces": {
				"north": {"uv": [2, 14, 3, 13], "texture": "#texture", "cullface": "east"},
				"east": {"uv": [2, 14, 3, 13], "texture": "#texture", "cullface": "east"},
				"south": {"uv": [2, 14, 3, 13], "texture": "#texture", "cullface": "east"},
				"west": {"uv": [2, 14, 3, 13], "texture": "#texture", "cullface": "east"},
				"up": {"uv": [2, 14, 3, 13], "texture": "#texture", "cullface": "east"},
				"down": {"uv": [2, 13, 3, 14], "texture": "#texture", "cullface": "east"}
			}
		},
		{
			"from": [18.875, 6.25, 7.25],
			"to": [24.625, 6.5, 8.75],
			"rotation": {"angle": 0, "axis": "y", "origin": [-0.375, 0.25, 0]},
			"faces": {
				"north": {"uv": [16, 12, 15, 11], "texture": "#texture", "cullface": "east"},
				"south": {"uv": [16, 12, 15, 11], "texture": "#texture", "cullface": "east"},
				"west": {"uv": [16, 12, 15, 11], "texture": "#texture", "cullface": "east"},
				"down": {"uv": [16, 12, 15, 11], "texture": "#texture", "cullface": "east"}
			}
		},
		{
			"from": [19.125, 6, 7.25],
			"to": [24.625, 6.25, 8.75],
			"rotation": {"angle": 0, "axis": "y", "origin": [-0.375, 0.25, 0]},
			"faces": {
				"north": {"uv": [16, 12, 15, 11], "texture": "#texture", "cullface": "east"},
				"south": {"uv": [16, 12, 15, 11], "texture": "#texture", "cullface": "east"},
				"west": {"uv": [16, 12, 15, 11], "texture": "#texture", "cullface": "east"},
				"down": {"uv": [16, 12, 15, 11], "texture": "#texture", "cullface": "east"}
			}
		},
		{
			"from": [19.375, 5.75, 7.25],
			"to": [24.625, 6, 8.75],
			"rotation": {"angle": 0, "axis": "y", "origin": [-0.375, 0.25, 0]},
			"faces": {
				"north": {"uv": [16, 12, 15, 11], "texture": "#texture", "cullface": "east"},
				"south": {"uv": [16, 12, 15, 11], "texture": "#texture", "cullface": "east"},
				"west": {"uv": [16, 12, 15, 11], "texture": "#texture", "cullface": "east"},
				"down": {"uv": [16, 12, 15, 11], "texture": "#texture", "cullface": "east"}
			}
		},
		{
			"from": [19.625, 5.5, 7.25],
			"to": [24.625, 5.75, 8.75],
			"rotation": {"angle": 0, "axis": "y", "origin": [-0.375, 0.25, 0]},
			"faces": {
				"north": {"uv": [16, 12, 15, 11], "texture": "#texture", "cullface": "east"},
				"south": {"uv": [16, 12, 15, 11], "texture": "#texture", "cullface": "east"},
				"west": {"uv": [16, 12, 15, 11], "texture": "#texture", "cullface": "east"},
				"down": {"uv": [16, 12, 15, 11], "texture": "#texture", "cullface": "east"}
			}
		},
		{
			"from": [24.625, 4.25, 7.5],
			"to": [24.875, 8.5, 8.5],
			"rotation": {"angle": 0, "axis": "y", "origin": [-0.375, 0.25, 0]},
			"faces": {
				"north": {"uv": [2, 14, 3, 13], "texture": "#texture", "cullface": "east"},
				"east": {"uv": [2, 14, 3, 13], "texture": "#texture", "cullface": "east"},
				"south": {"uv": [2, 14, 3, 13], "texture": "#texture", "cullface": "east"},
				"west": {"uv": [2, 14, 3, 13], "texture": "#texture", "cullface": "east"},
				"up": {"uv": [2, 14, 3, 13], "texture": "#texture", "cullface": "east"}
			}
		},
		{
			"from": [20.125, 5.25, 7.25],
			"to": [24.625, 5.5, 8.75],
			"rotation": {"angle": 0, "axis": "y", "origin": [-0.375, 0.25, 0]},
			"faces": {
				"north": {"uv": [16, 12, 15, 11], "texture": "#texture", "cullface": "east"},
				"south": {"uv": [16, 12, 15, 11], "texture": "#texture", "cullface": "east"},
				"west": {"uv": [16, 12, 15, 11], "texture": "#texture", "cullface": "east"},
				"down": {"uv": [15, 11, 16, 12], "texture": "#texture", "cullface": "east"}
			}
		},
		{
			"from": [20.875, 5, 7.25],
			"to": [24.625, 5.25, 8.75],
			"rotation": {"angle": 0, "axis": "y", "origin": [-0.375, 0.25, 0]},
			"faces": {
				"north": {"uv": [16, 12, 15, 11], "texture": "#texture", "cullface": "east"},
				"south": {"uv": [16, 12, 15, 11], "texture": "#texture", "cullface": "east"},
				"west": {"uv": [16, 12, 15, 11], "texture": "#texture", "cullface": "east"},
				"down": {"uv": [15, 11, 16, 12], "texture": "#texture", "cullface": "east"}
			}
		},
		{
			"from": [21.875, 4.75, 7.35],
			"to": [24.625, 5, 8.65],
			"rotation": {"angle": 0, "axis": "y", "origin": [-0.375, 0.25, 0]},
			"faces": {
				"north": {"uv": [16, 12, 15, 11], "texture": "#texture", "cullface": "east"},
				"south": {"uv": [16, 12, 15, 11], "texture": "#texture", "cullface": "east"},
				"west": {"uv": [16, 12, 15, 11], "texture": "#texture", "cullface": "east"},
				"down": {"uv": [15, 11, 16, 12], "texture": "#texture", "cullface": "east"}
			}
		},
		{
			"from": [22.875, 4.5, 7.475],
			"to": [24.625, 4.75, 8.525],
			"rotation": {"angle": 0, "axis": "y", "origin": [-0.375, 0.25, 0]},
			"faces": {
				"north": {"uv": [16, 12, 15, 11], "texture": "#texture", "cullface": "east"},
				"south": {"uv": [16, 12, 15, 11], "texture": "#texture", "cullface": "east"},
				"west": {"uv": [16, 12, 15, 11], "texture": "#texture", "cullface": "east"},
				"down": {"uv": [15, 11, 16, 12], "texture": "#texture", "cullface": "east"}
			}
		},
		{
			"from": [23.875, 4.25, 7.6],
			"to": [24.625, 4.5, 8.4],
			"rotation": {"angle": 0, "axis": "y", "origin": [-0.375, 0.25, 0]},
			"faces": {
				"north": {"uv": [16, 12, 15, 11], "texture": "#texture", "cullface": "east"},
				"south": {"uv": [16, 12, 15, 11], "texture": "#texture", "cullface": "east"},
				"west": {"uv": [16, 12, 15, 11], "texture": "#texture", "cullface": "east"},
				"down": {"uv": [15, 11, 16, 12], "texture": "#texture", "cullface": "east"}
			}
		},
		{
			"from": [14, 6.15, 7.5],
			"to": [14.25, 6.4, 8.5],
			"rotation": {"angle": 0, "axis": "y", "origin": [0.25, 0.075, 0]},
			"faces": {
				"north": {"uv": [2.25, 9.75, 2.5, 10], "texture": "#texture"},
				"east": {"uv": [7.5, 9.75, 8.5, 10], "texture": "#texture"},
				"south": {"uv": [13.5, 9.75, 13.75, 10], "texture": "#texture"},
				"up": {"uv": [13.5, 7.5, 13.75, 8.5], "texture": "#texture"}
			}
		},
		{
			"from": [13.75, 6.15, 7.5],
			"to": [14, 7.4, 8.5],
			"rotation": {"angle": 0, "axis": "y", "origin": [0.25, 0.075, 0]},
			"faces": {
				"north": {"uv": [2.5, 8.75, 2.75, 10], "texture": "#texture"},
				"east": {"uv": [7.5, 8.75, 8.5, 10], "texture": "#texture"},
				"south": {"uv": [13.25, 8.75, 13.5, 10], "texture": "#texture"},
				"west": {"uv": [7.5, 8.75, 8.5, 10], "texture": "#texture"},
				"down": {"uv": [2.75, 8.5, 2.5, 7.5], "texture": "#texture"}
			}
		},
		{
			"from": [14, 5.9, 7.5],
			"to": [15.5, 6.15, 8.5],
			"rotation": {"angle": 0, "axis": "y", "origin": [0.25, 0.075, 0]},
			"faces": {
				"north": {"uv": [0.75, 10, 2.5, 10.25], "texture": "#texture"},
				"east": {"uv": [7.5, 10, 8.5, 10.25], "texture": "#texture"},
				"south": {"uv": [13.5, 10, 15.25, 10.25], "texture": "#texture"},
				"west": {"uv": [7.5, 10, 8.5, 10.25], "texture": "#texture"},
				"up": {"uv": [13.5, 7.5, 15.25, 8.5], "texture": "#texture"},
				"down": {"uv": [2.5, 8.5, 0.75, 7.5], "texture": "#texture"}
			}
		},
		{
			"from": [15.5, 6.15, 7.5],
			"to": [15.75, 7.4, 8.5],
			"rotation": {"angle": 0, "axis": "y", "origin": [0.25, 0.075, 0]},
			"faces": {
				"north": {"uv": [0.5, 9, 0.75, 10], "texture": "#texture"},
				"east": {"uv": [7.5, 9, 8.5, 10], "texture": "#texture"},
				"south": {"uv": [15.25, 9, 15.5, 10], "texture": "#texture"},
				"west": {"uv": [7.5, 9, 8.5, 10], "texture": "#texture"},
				"down": {"uv": [0.75, 8.5, 0.5, 7.5], "texture": "#texture"}
			}
		},
		{
			"from": [15, 6.575, 7.75],
			"to": [15.25, 7.825, 8.25],
			"rotation": {"angle": -22.5, "axis": "z", "origin": [14.75, 7.575, 7.75]},
			"faces": {
				"north": {"uv": [0.75, 2, 1.25, 3.25], "texture": "#texture"},
				"east": {"uv": [7.75, 2, 8.25, 3.25], "texture": "#texture"},
				"south": {"uv": [14.75, 2, 15.25, 3.25], "texture": "#texture"},
				"west": {"uv": [7.75, 2, 8.25, 3.25], "texture": "#texture"},
				"down": {"uv": [1.25, 8.25, 0.75, 7.75], "texture": "#texture"}
			}
		},
		{
			"from": [-5.25, 9.7, 7.85],
			"to": [-4.5, 9.95, 8.15],
			"rotation": {"angle": 0, "axis": "y", "origin": [0.5, 0, 0]},
			"faces": {
				"north": {"uv": [16, 5.75, 16, 6], "texture": "#texture", "cullface": "west"},
				"east": {"uv": [7.75, 5.75, 8.25, 6], "texture": "#texture", "cullface": "west"},
				"south": {"uv": [0, 5.75, 0, 6], "texture": "#texture", "cullface": "west"},
				"west": {"uv": [7.75, 5.75, 8.25, 6], "texture": "#texture", "cullface": "west"},
				"up": {"uv": [0, 7.75, 0, 8.25], "texture": "#texture", "cullface": "west"}
			}
		},
		{
			"from": [15.25, 6.15, 7.5],
			"to": [15.5, 6.4, 8.5],
			"rotation": {"angle": 0, "axis": "y", "origin": [0.25, 0.075, 0]},
			"faces": {
				"north": {"uv": [0.75, 9.75, 1, 10], "texture": "#texture"},
				"south": {"uv": [15, 9.75, 15.25, 10], "texture": "#texture"},
				"west": {"uv": [7.5, 9.75, 8.5, 10], "texture": "#texture"},
				"up": {"uv": [15, 7.5, 15.25, 8.5], "texture": "#texture"}
			}
		}
	],
	"gui_light": "front",
	"display": {
		"thirdperson_righthand": {
			"rotation": [0, -90, 0],
			"translation": [0, 0.75, -5.75],
			"scale": [0.9, 0.93, 0.9]
		},
		"thirdperson_lefthand": {
			"rotation": [0, 90, 0],
			"translation": [0, 0.75, -5.75],
			"scale": [0.9, 0.93, 0.9]
		},
		"firstperson_righthand": {
			"rotation": [0, -90, 0],
			"translation": [0, 3, -6],
			"scale": [1.02, 1.05, 1.02]
		},
		"firstperson_lefthand": {
			"rotation": [0, 90, 0],
			"translation": [0, 3, -6],
			"scale": [1.02, 1.05, 1.02]
		},
		"ground": {
			"translation": [-0.25, 0.25, 0],
			"scale": [0.95, 0.95, 0.95]
		},
		"gui": {
			"rotation": [0, 0, -45],
			"translation": [-0.5, 0.75, 0],
			"scale": [0.6, 0.6, 0.8]
		},
		"fixed": {
			"rotation": [0, 180, -45],
			"translation": [1.25, 1.4, -1.1]
		}
	}
}