{
	"credit": "Made by SrDarmith - YouTube: Mainclay",
	"textures": {
		"2": "itemm/door_wood_lower",
		"particle": "itemm/anvil_1",
		"texture": "itemm/anvil_1"
	},
	"elements": [
		{
			"from": [-8.25, 7.175, 6.75],
			"to": [-6.5, 8.675, 8.5],
			"faces": {
				"north": {"uv": [16, 7.5, 15, 8.75], "texture": "#texture", "cullface": "west"},
				"south": {"uv": [0, 7.5, 1, 8.75], "texture": "#texture", "cullface": "west"},
				"west": {"uv": [6.75, 7.5, 8.5, 8.75], "texture": "#texture", "cullface": "west"},
				"up": {"uv": [0, 6.75, 1, 8.5], "texture": "#texture", "cullface": "west"},
				"down": {"uv": [16, 8.5, 15, 6.75], "texture": "#texture", "cullface": "west"}
			}
		},
		{
			"from": [-0.5, 6.75, 7],
			"to": [16.25, 7, 8.25],
			"faces": {
				"north": {"uv": [0, 9, 16, 9.25], "texture": "#2"},
				"east": {"uv": [7.75, 9, 9, 9.25], "texture": "#2"},
				"south": {"uv": [0, 9, 16, 9.25], "texture": "#2"},
				"west": {"uv": [7, 9, 8.25, 9.25], "texture": "#2"},
				"down": {"uv": [16, 8.25, 0, 7], "texture": "#2"}
			}
		},
		{
			"from": [-6.5, 8.5, 7],
			"to": [10.5, 8.925, 8.25],
			"faces": {
				"north": {"uv": [5.5, 7.25, 16, 7.5], "texture": "#2", "cullface": "west"},
				"east": {"uv": [7.75, 7.25, 9, 7.5], "texture": "#2", "cullface": "west"},
				"south": {"uv": [0, 7.25, 10.5, 7.5], "texture": "#2", "cullface": "west"},
				"up": {"uv": [0, 7, 10.5, 8.25], "texture": "#2", "cullface": "west"}
			}
		},
		{
			"from": [-6.5, 7, 6.75],
			"to": [16.75, 8.25, 8.5],
			"faces": {
				"north": {"uv": [0, 7.75, 16, 9], "texture": "#2"},
				"east": {"uv": [7.5, 7.75, 9.25, 9], "texture": "#2"},
				"south": {"uv": [0, 7.75, 16, 9], "texture": "#2"},
				"west": {"uv": [6.75, 7.75, 8.5, 9], "texture": "#2"},
				"up": {"uv": [0, 6.75, 16, 8.5], "texture": "#2"},
				"down": {"uv": [16, 8.5, 0, 6.75], "texture": "#2"}
			}
		},
		{
			"from": [0.75, 6.5, 6.9],
			"to": [1.25, 9, 8.35],
			"faces": {
				"north": {"uv": [15, 7, 16, 9.5], "texture": "#texture", "cullface": "west"},
				"east": {"uv": [7.5, 7, 9.25, 9.5], "texture": "#texture", "cullface": "west"},
				"south": {"uv": [1, 7, 0, 9.5], "texture": "#texture", "cullface": "west"},
				"west": {"uv": [6.75, 7, 8.5, 9.5], "texture": "#texture", "cullface": "west"},
				"up": {"uv": [1, 6.75, 0, 8.5], "texture": "#texture", "cullface": "west"},
				"down": {"uv": [15, 8.5, 16, 6.75], "texture": "#texture", "cullface": "west"}
			}
		},
		{
			"from": [16.75, 6.325, 6.7375],
			"to": [17.25, 8.25, 8.5125],
			"rotation": {"angle": -22.5, "axis": "z", "origin": [16.75, 8.25, 6.4375]},
			"faces": {
				"north": {"uv": [0, 7.5, 1, 9.5], "texture": "#texture", "cullface": "east"},
				"east": {"uv": [7.5, 7.5, 9.25, 9.5], "texture": "#texture", "cullface": "east"},
				"south": {"uv": [16, 7.5, 15, 9.5], "texture": "#texture", "cullface": "east"},
				"west": {"uv": [6.75, 7.5, 8.5, 9.5], "texture": "#texture", "cullface": "east"},
				"up": {"uv": [16, 6.75, 15, 8.5], "texture": "#texture", "cullface": "east"},
				"down": {"uv": [0, 8.5, 1, 6.75], "texture": "#texture", "cullface": "east"}
			}
		},
		{
			"from": [5.75, 6.5, 7.25],
			"to": [16.25, 6.75, 8],
			"faces": {
				"north": {"uv": [0.25, 9.25, 16, 9.5], "texture": "#2", "cullface": "east"},
				"east": {"uv": [7.25, 9.25, 8, 9.5], "texture": "#2", "cullface": "east"},
				"south": {"uv": [0.25, 9.25, 16, 9.5], "texture": "#2", "cullface": "east"},
				"west": {"uv": [7.25, 9.25, 8, 9.5], "texture": "#2", "cullface": "east"},
				"down": {"uv": [0.25, 7.25, 16, 8], "texture": "#2", "cullface": "east"}
			}
		},
		{
			"from": [-8.25, 8.425, 7],
			"to": [-6.5, 8.925, 8.25],
			"faces": {
				"north": {"uv": [0.25, 9.5, 2.75, 10.5], "texture": "#texture", "cullface": "west"},
				"south": {"uv": [13.25, 9.5, 15.75, 10.5], "texture": "#texture", "cullface": "west"},
				"west": {"uv": [7.25, 9.5, 8, 10.5], "texture": "#texture", "cullface": "west"},
				"up": {"uv": [13.25, 7.25, 15.75, 8], "texture": "#texture", "cullface": "west"}
			}
		},
		{
			"from": [16.125, 8.4, 7],
			"to": [16.375, 8.65, 7.25],
			"faces": {
				"north": {"uv": [1.75, 7.25, 5.5, 7.5], "texture": "#texture"},
				"east": {"uv": [10, 7, 11, 8], "texture": "#texture"},
				"south": {"uv": [10.5, 7.25, 14.25, 7.5], "texture": "#texture"},
				"west": {"uv": [10, 7, 11, 8], "texture": "#texture"},
				"up": {"uv": [10.5, 7.25, 14.25, 8], "texture": "#texture"},
				"down": {"uv": [5.5, 8, 1.75, 7.25], "texture": "#texture"}
			}
		},
		{
			"from": [10.5, 8.5, 7.25],
			"to": [16.5, 8.75, 8],
			"faces": {
				"north": {"uv": [1.75, 7.25, 5.5, 7.5], "texture": "#texture"},
				"east": {"uv": [2, 7, 3, 8], "texture": "#texture"},
				"south": {"uv": [10.5, 7.25, 14.25, 7.5], "texture": "#texture"},
				"west": {"uv": [2, 7, 3, 8], "texture": "#texture"},
				"up": {"uv": [10.5, 7.25, 14.25, 8], "texture": "#texture"},
				"down": {"uv": [5.5, 8, 1.75, 7.25], "texture": "#texture"}
			}
		},
		{
			"from": [14.25, 8.5, 7],
			"to": [16, 9, 8.25],
			"faces": {
				"north": {"uv": [0, 7, 1.75, 7.5], "texture": "#texture"},
				"east": {"uv": [7.75, 7, 9, 7.5], "texture": "#texture", "cullface": "east"},
				"south": {"uv": [14.25, 7, 16, 7.5], "texture": "#texture"},
				"west": {"uv": [7, 7, 8.25, 7.5], "texture": "#texture"},
				"up": {"uv": [14.25, 7, 16, 8.25], "texture": "#texture"}
			}
		},
		{
			"from": [-9, 7.625, 8],
			"to": [-8.25, 9.4, 8.25],
			"faces": {
				"north": {"uv": [16, 6.75, 15, 8.5], "texture": "#texture", "cullface": "west"},
				"east": {"uv": [7.75, 6.75, 8, 8.5], "texture": "#texture", "cullface": "west"},
				"south": {"uv": [0, 6.75, 1, 8.5], "texture": "#texture", "cullface": "west"},
				"west": {"uv": [8, 6.75, 8.25, 8.5], "texture": "#texture", "cullface": "west"},
				"up": {"uv": [0, 8, 1, 8.25], "texture": "#texture", "cullface": "west"}
			}
		},
		{
			"from": [-9, 8.9, 7.5],
			"to": [-8.75, 9.4, 7.75],
			"faces": {
				"north": {"uv": [0.25, 6.75, 0.5, 7], "texture": "#texture"},
				"east": {"uv": [8.25, 6.75, 8.5, 7], "texture": "#texture"},
				"south": {"uv": [15.5, 6.75, 15.75, 7], "texture": "#texture"},
				"west": {"uv": [7.5, 6.75, 7.75, 7], "texture": "#texture"},
				"up": {"uv": [15.5, 7.5, 15.75, 7.75], "texture": "#texture"}
			}
		},
		{
			"from": [15.4, 9, 7.8],
			"to": [15.65, 9.25, 8.05],
			"faces": {
				"north": {"uv": [0.25, 6.75, 0.5, 7], "texture": "#texture"},
				"east": {"uv": [8.25, 6.75, 8.5, 7], "texture": "#texture"},
				"south": {"uv": [15.5, 6.75, 15.75, 7], "texture": "#texture"},
				"west": {"uv": [7.5, 6.75, 7.75, 7], "texture": "#texture"},
				"up": {"uv": [15.5, 7.5, 15.75, 7.75], "texture": "#texture"}
			}
		},
		{
			"from": [15.4, 9, 7.2],
			"to": [15.65, 9.25, 7.45],
			"faces": {
				"north": {"uv": [0.25, 6.75, 0.5, 7], "texture": "#texture"},
				"east": {"uv": [8.25, 6.75, 8.5, 7], "texture": "#texture"},
				"south": {"uv": [15.5, 6.75, 15.75, 7], "texture": "#texture"},
				"west": {"uv": [7.5, 6.75, 7.75, 7], "texture": "#texture"},
				"up": {"uv": [15.5, 7.5, 15.75, 7.75], "texture": "#texture"}
			}
		},
		{
			"from": [-9, 7.625, 7],
			"to": [-8.25, 9.4, 7.25],
			"faces": {
				"north": {"uv": [16, 6.75, 15, 8.5], "texture": "#texture", "cullface": "west"},
				"east": {"uv": [8.75, 6.75, 9, 8.5], "texture": "#texture", "cullface": "west"},
				"south": {"uv": [0, 6.75, 1, 8.5], "texture": "#texture", "cullface": "west"},
				"west": {"uv": [7, 6.75, 7.25, 8.5], "texture": "#texture", "cullface": "west"},
				"up": {"uv": [0, 7, 1, 7.25], "texture": "#texture", "cullface": "west"},
				"down": {"uv": [16, 7.25, 15, 7], "texture": "#texture", "cullface": "west"}
			}
		},
		{
			"from": [-9, 8.65, 7.25],
			"to": [-8.25, 8.9, 8],
			"faces": {
				"west": {"uv": [7.25, 7.25, 8, 7.5], "texture": "#texture", "cullface": "west"},
				"up": {"uv": [0, 7.25, 0, 8], "texture": "#texture", "cullface": "west"}
			}
		},
		{
			"from": [0.75, 6.75, 6.65],
			"to": [1.25, 8.75, 8.6],
			"faces": {
				"north": {"uv": [15, 7.25, 16, 9.25], "texture": "#texture", "cullface": "west"},
				"east": {"uv": [7.25, 7.25, 9.5, 9.25], "texture": "#texture", "cullface": "west"},
				"south": {"uv": [1, 7.25, 0, 9.25], "texture": "#texture", "cullface": "west"},
				"west": {"uv": [6.5, 7.25, 8.75, 9.25], "texture": "#texture", "cullface": "west"},
				"up": {"uv": [1, 6.5, 0, 8.75], "texture": "#texture", "cullface": "west"},
				"down": {"uv": [15, 8.75, 16, 6.5], "texture": "#texture", "cullface": "west"}
			}
		},
		{
			"from": [-6.5, 8.25, 6.75],
			"to": [10.75, 8.675, 8.5],
			"faces": {
				"north": {"uv": [5.25, 7.5, 16, 7.75], "texture": "#2", "cullface": "west"},
				"east": {"uv": [7.5, 7.5, 9.25, 7.75], "texture": "#2", "cullface": "west"},
				"south": {"uv": [0, 7.5, 10.75, 7.75], "texture": "#2", "cullface": "west"},
				"up": {"uv": [0, 6.75, 10.75, 8.5], "texture": "#2", "cullface": "west"}
			}
		},
		{
			"from": [10.75, 8.25, 7],
			"to": [16.75, 8.5, 8.25],
			"faces": {
				"north": {"uv": [0, 7.5, 5.25, 7.75], "texture": "#texture", "cullface": "east"},
				"east": {"uv": [7.75, 7.5, 9, 7.75], "texture": "#texture", "cullface": "east"},
				"south": {"uv": [10.75, 7.5, 16, 7.75], "texture": "#texture", "cullface": "east"},
				"up": {"uv": [10.75, 7, 16, 8.25], "texture": "#texture", "cullface": "east"}
			}
		},
		{
			"from": [16.125, 8.475, 5.075],
			"to": [16.375, 8.725, 6.325],
			"rotation": {"angle": -45, "axis": "x", "origin": [16.25, 9.5, 6.75]},
			"faces": {
				"north": {"uv": [16, 7, 15, 8], "rotation": 180, "texture": "#texture", "cullface": "east"},
				"east": {"uv": [8, 3.75, 9, 4.75], "rotation": 90, "texture": "#texture", "cullface": "east"},
				"west": {"uv": [7, 3.75, 8, 4.75], "rotation": 270, "texture": "#texture", "cullface": "east"},
				"up": {"uv": [16, 3.75, 15, 4.75], "texture": "#texture", "cullface": "east"},
				"down": {"uv": [0, 3.75, 1, 4.75], "rotation": 180, "texture": "#texture", "cullface": "east"}
			}
		},
		{
			"from": [15.875, 8.325, 4.525],
			"to": [16.625, 8.875, 5.075],
			"rotation": {"angle": -45, "axis": "x", "origin": [16.25, 10, 6.5]},
			"faces": {
				"north": {"uv": [0, 5, 1, 6], "texture": "#texture", "cullface": "east"},
				"east": {"uv": [8.25, 5, 9.25, 6], "texture": "#texture", "cullface": "east"},
				"south": {"uv": [16, 5, 15, 6], "texture": "#texture", "cullface": "east"},
				"west": {"uv": [6.75, 5, 7.75, 6], "texture": "#texture", "cullface": "east"},
				"up": {"uv": [16, 6.75, 15, 7.75], "texture": "#texture", "cullface": "east"},
				"down": {"uv": [0, 7.75, 1, 6.75], "texture": "#texture", "cullface": "east"}
			}
		},
		{
			"from": [15.625, 5.825, 7.3],
			"to": [15.875, 7.075, 7.7],
			"rotation": {"angle": -22.5, "axis": "z", "origin": [15.55, 7, 7.75]},
			"faces": {
				"north": {"uv": [0, 12, 1, 13.25], "texture": "#texture", "cullface": "east"},
				"east": {"uv": [7.5, 12, 8.5, 13.25], "texture": "#texture", "cullface": "east"},
				"south": {"uv": [16, 12, 15, 13.25], "texture": "#texture", "cullface": "east"},
				"west": {"uv": [7.5, 12, 8.5, 13.25], "texture": "#texture", "cullface": "east"},
				"up": {"uv": [16, 7.5, 15, 8.5], "texture": "#texture", "cullface": "east"},
				"down": {"uv": [8, 12, 9, 13], "texture": "#texture"}
			}
		},
		{
			"from": [15.55, 5.5, 7.3],
			"to": [16.05, 5.75, 7.95],
			"rotation": {"angle": 0, "axis": "y", "origin": [-1.7, -1.5, 0]},
			"faces": {
				"north": {"uv": [1, 8.75, 0, 9], "texture": "#texture", "cullface": "east"},
				"east": {"uv": [0, 8, 1, 9], "texture": "#texture"},
				"south": {"uv": [15, 8.75, 16, 9], "texture": "#texture", "cullface": "east"},
				"west": {"uv": [7.5, 8.75, 8.5, 9], "texture": "#texture", "cullface": "east"},
				"up": {"uv": [15, 7.5, 16, 8.5], "texture": "#texture", "cullface": "east"},
				"down": {"uv": [1, 8.5, 0, 7.5], "texture": "#texture", "cullface": "east"}
			}
		},
		{
			"from": [15.8, 5.75, 7.3],
			"to": [16.05, 6.75, 7.95],
			"rotation": {"angle": 0, "axis": "y", "origin": [-1.7, -1.5, 0]},
			"faces": {
				"north": {"uv": [1, 8.5, 0, 8.75], "texture": "#texture", "cullface": "east"},
				"east": {"uv": [0, 8, 1, 9], "texture": "#texture"},
				"south": {"uv": [15, 8.5, 16, 8.75], "texture": "#texture", "cullface": "east"},
				"west": {"uv": [7.5, 8.5, 8.5, 8.75], "texture": "#texture", "cullface": "east"},
				"up": {"uv": [15, 7.5, 16, 8.5], "texture": "#texture", "cullface": "east"}
			}
		},
		{
			"from": [14.3, 5.25, 7.3],
			"to": [15.8, 5.5, 7.95],
			"rotation": {"angle": 0, "axis": "y", "origin": [-1.7, -1.5, 0]},
			"faces": {
				"north": {"uv": [1, 9, 0, 9.25], "texture": "#texture", "cullface": "east"},
				"east": {"uv": [7.5, 9, 8.5, 9.25], "texture": "#texture", "cullface": "east"},
				"south": {"uv": [15, 9, 16, 9.25], "texture": "#texture", "cullface": "east"},
				"west": {"uv": [7.5, 9, 8.5, 9.25], "texture": "#texture", "cullface": "east"},
				"up": {"uv": [15, 7.5, 16, 8.5], "texture": "#texture", "cullface": "east"},
				"down": {"uv": [1, 8.5, 0, 7.5], "texture": "#texture", "cullface": "east"}
			}
		},
		{
			"from": [14.3, 5.5, 7.3],
			"to": [14.55, 5.75, 7.95],
			"rotation": {"angle": 0, "axis": "y", "origin": [-1.7, -1.5, 0]},
			"faces": {
				"north": {"uv": [1, 8.75, 0, 9], "texture": "#texture", "cullface": "east"},
				"east": {"uv": [7.5, 8.75, 8.5, 9], "texture": "#texture", "cullface": "east"},
				"south": {"uv": [15, 8.75, 16, 9], "texture": "#texture", "cullface": "east"},
				"up": {"uv": [15, 7.5, 16, 8.5], "texture": "#texture", "cullface": "east"}
			}
		},
		{
			"from": [14.05, 5.5, 7.3],
			"to": [14.3, 6.75, 7.95],
			"rotation": {"angle": 0, "axis": "y", "origin": [-1.7, -1.5, 0]},
			"faces": {
				"north": {"uv": [1, 8, 0.25, 9], "texture": "#texture"},
				"east": {"uv": [7.5, 8, 8.5, 9], "texture": "#texture", "cullface": "east"},
				"south": {"uv": [14.75, 8, 16, 9], "texture": "#texture"},
				"west": {"uv": [7.5, 8, 8.5, 9], "texture": "#texture"},
				"down": {"uv": [0.25, 8.5, 1, 7.5], "texture": "#texture"}
			}
		},
		{
			"from": [24.75, 3.425, 6.875],
			"to": [25, 3.675, 8.375],
			"rotation": {"angle": 0, "axis": "y", "origin": [-0.75, -0.325, -0.375]},
			"faces": {
				"north": {"uv": [1, 12.25, 2.25, 12.5], "texture": "#2", "cullface": "east"},
				"east": {"uv": [1, 0, 2, 1], "texture": "#2"},
				"south": {"uv": [13.75, 12.25, 15, 12.5], "texture": "#2", "cullface": "east"},
				"west": {"uv": [7.25, 12.25, 8.75, 12.5], "texture": "#2", "cullface": "east"},
				"down": {"uv": [2.25, 8.75, 1, 7.25], "texture": "#2", "cullface": "east"}
			}
		},
		{
			"from": [23.75, 3.675, 6.875],
			"to": [25, 3.925, 8.375],
			"rotation": {"angle": 0, "axis": "y", "origin": [-0.75, -0.325, -0.375]},
			"faces": {
				"north": {"uv": [1, 12, 3, 12.25], "texture": "#2", "cullface": "east"},
				"east": {"uv": [1, 0, 2, 1], "texture": "#2"},
				"south": {"uv": [13, 12, 15, 12.25], "texture": "#2", "cullface": "east"},
				"west": {"uv": [7.25, 12, 8.75, 12.25], "texture": "#2", "cullface": "east"},
				"down": {"uv": [3, 8.75, 1, 7.25], "texture": "#2", "cullface": "east"}
			}
		},
		{
			"from": [22.75, 3.925, 6.875],
			"to": [25, 4.175, 8.375],
			"rotation": {"angle": 0, "axis": "y", "origin": [-0.75, -0.325, -0.375]},
			"faces": {
				"north": {"uv": [1, 11.75, 3.75, 12], "texture": "#2", "cullface": "east"},
				"east": {"uv": [1, 0, 2, 1], "texture": "#2"},
				"south": {"uv": [12.25, 11.75, 15, 12], "texture": "#2", "cullface": "east"},
				"west": {"uv": [7.25, 11.75, 8.75, 12], "texture": "#2", "cullface": "east"},
				"down": {"uv": [3.75, 8.75, 1, 7.25], "texture": "#2", "cullface": "east"}
			}
		},
		{
			"from": [21.75, 4.175, 6.875],
			"to": [25, 4.425, 8.375],
			"rotation": {"angle": 0, "axis": "y", "origin": [-0.75, -0.325, -0.375]},
			"faces": {
				"north": {"uv": [1, 11.5, 4.5, 11.75], "texture": "#2", "cullface": "east"},
				"east": {"uv": [1, 0, 2, 1], "texture": "#2"},
				"south": {"uv": [11.5, 11.5, 15, 11.75], "texture": "#2", "cullface": "east"},
				"west": {"uv": [7.25, 11.5, 8.75, 11.75], "texture": "#2", "cullface": "east"},
				"down": {"uv": [4.5, 8.75, 1, 7.25], "texture": "#2", "cullface": "east"}
			}
		},
		{
			"from": [20.75, 4.425, 6.875],
			"to": [25, 4.675, 8.375],
			"rotation": {"angle": 0, "axis": "y", "origin": [-0.75, -0.325, -0.375]},
			"faces": {
				"north": {"uv": [1, 11.25, 5.25, 11.5], "texture": "#2", "cullface": "east"},
				"east": {"uv": [1, 0, 2, 1], "texture": "#2"},
				"south": {"uv": [10.75, 11.25, 15, 11.5], "texture": "#2", "cullface": "east"},
				"west": {"uv": [7.25, 11.25, 8.75, 11.5], "texture": "#2", "cullface": "east"},
				"down": {"uv": [5.25, 8.75, 1, 7.25], "texture": "#2", "cullface": "east"}
			}
		},
		{
			"from": [19.75, 4.675, 6.875],
			"to": [25, 4.925, 8.375],
			"rotation": {"angle": 0, "axis": "y", "origin": [-0.75, -0.325, -0.375]},
			"faces": {
				"north": {"uv": [1, 11, 5.75, 11.25], "texture": "#2", "cullface": "east"},
				"east": {"uv": [1, 0, 2, 1], "texture": "#2"},
				"south": {"uv": [10.25, 11, 15, 11.25], "texture": "#2", "cullface": "east"},
				"west": {"uv": [7.25, 11, 8.75, 11.25], "texture": "#2", "cullface": "east"},
				"down": {"uv": [5.75, 8.75, 1, 7.25], "texture": "#2", "cullface": "east"}
			}
		},
		{
			"from": [19.25, 4.925, 6.875],
			"to": [25, 5.175, 8.375],
			"rotation": {"angle": 0, "axis": "y", "origin": [-0.75, -0.325, -0.375]},
			"faces": {
				"north": {"uv": [9.25, 10.75, 14.25, 11], "texture": "#2", "cullface": "east"},
				"east": {"uv": [1, 0, 2, 1], "texture": "#2"},
				"south": {"uv": [10, 10.75, 15, 11], "texture": "#2", "cullface": "east"},
				"west": {"uv": [7.25, 10.75, 8.75, 11], "texture": "#2", "cullface": "east"},
				"down": {"uv": [10, 7.25, 15, 8.75], "texture": "#2", "cullface": "east"}
			}
		},
		{
			"from": [19, 5.175, 6.875],
			"to": [25, 5.425, 8.375],
			"rotation": {"angle": 0, "axis": "y", "origin": [-0.75, -0.325, -0.375]},
			"faces": {
				"north": {"uv": [9.25, 10.5, 14.5, 10.75], "texture": "#2", "cullface": "east"},
				"east": {"uv": [1, 0, 2, 1], "texture": "#2"},
				"south": {"uv": [9.75, 10.5, 15, 10.75], "texture": "#2", "cullface": "east"},
				"west": {"uv": [7.25, 10.5, 8.75, 10.75], "texture": "#2", "cullface": "east"},
				"down": {"uv": [9.75, 7.25, 15, 8.75], "texture": "#2", "cullface": "east"}
			}
		},
		{
			"from": [18.75, 5.425, 6.875],
			"to": [25, 5.675, 8.375],
			"rotation": {"angle": 0, "axis": "y", "origin": [-0.75, -0.325, -0.375]},
			"faces": {
				"north": {"uv": [9.25, 10.25, 14.75, 10.5], "texture": "#2", "cullface": "east"},
				"east": {"uv": [1, 0, 2, 1], "texture": "#2"},
				"south": {"uv": [9.5, 10.25, 15, 10.5], "texture": "#2", "cullface": "east"},
				"west": {"uv": [7.25, 10.25, 8.75, 10.5], "texture": "#2", "cullface": "east"},
				"down": {"uv": [9.5, 7.25, 15, 8.75], "texture": "#2", "cullface": "east"}
			}
		},
		{
			"from": [18.5, 5.675, 6.875],
			"to": [25, 5.925, 8.375],
			"rotation": {"angle": 0, "axis": "y", "origin": [-0.75, -0.325, -0.375]},
			"faces": {
				"north": {"uv": [9.25, 10, 15, 10.25], "texture": "#2", "cullface": "east"},
				"east": {"uv": [1, 0, 2, 1], "texture": "#2"},
				"south": {"uv": [9.25, 10, 15, 10.25], "texture": "#2", "cullface": "east"},
				"west": {"uv": [7.25, 10, 8.75, 10.25], "texture": "#2", "cullface": "east"},
				"down": {"uv": [9.25, 7.25, 15, 8.75], "texture": "#2", "cullface": "east"}
			}
		},
		{
			"from": [17.75, 4.075, 7.125],
			"to": [19, 5.8, 8.125],
			"rotation": {"angle": 22.5, "axis": "z", "origin": [16.75, 6.925, 7.125]},
			"faces": {
				"north": {"uv": [11, 9.75, 12.5, 12.25], "texture": "#2", "cullface": "east"},
				"east": {"uv": [7.5, 9.75, 8.5, 12.25], "texture": "#2", "cullface": "east"},
				"south": {"uv": [11, 9.75, 12.5, 12.25], "texture": "#2", "cullface": "east"},
				"west": {"uv": [7.5, 9.75, 8.5, 12.25], "texture": "#2", "cullface": "east"},
				"up": {"uv": [11, 7.5, 12.5, 8.5], "texture": "#2", "cullface": "east"},
				"down": {"uv": [11, 7.5, 12.5, 8.5], "texture": "#2", "cullface": "east"}
			}
		},
		{
			"from": [18, 5.925, 6.875],
			"to": [25, 7.175, 8.375],
			"rotation": {"angle": 0, "axis": "y", "origin": [-0.75, -0.325, -0.375]},
			"faces": {
				"north": {"uv": [9, 5, 15, 6.75], "texture": "#2", "cullface": "east"},
				"east": {"uv": [1, 0, 2, 1], "texture": "#2"},
				"south": {"uv": [1, 0, 7, 1.75], "texture": "#2", "cullface": "east"},
				"west": {"uv": [1, 0, 2.5, 1.75], "texture": "#2", "cullface": "east"},
				"up": {"uv": [1, 0, 7, 1.5], "texture": "#2", "cullface": "east"},
				"down": {"uv": [1, 0, 7, 1.5], "texture": "#2", "cullface": "east"}
			}
		},
		{
			"from": [25, 3.425, 6.875],
			"to": [25.25, 7.175, 8.375],
			"rotation": {"angle": 0, "axis": "y", "origin": [-0.75, -0.325, -0.375]},
			"faces": {
				"north": {"uv": [9, 5, 15, 6.75], "texture": "#texture", "cullface": "east"},
				"east": {"uv": [1, 0, 2, 1], "texture": "#texture"},
				"south": {"uv": [1, 0, 7, 1.75], "texture": "#texture", "cullface": "east"},
				"west": {"uv": [1, 0, 2.5, 1.75], "texture": "#texture", "cullface": "east"},
				"up": {"uv": [1, 0, 7, 1.5], "texture": "#texture", "cullface": "east"},
				"down": {"uv": [1, 0, 7, 1.5], "texture": "#texture", "cullface": "east"}
			}
		},
		{
			"from": [16.9822, 7.3, 6.875],
			"to": [20.4572, 8.9, 8.375],
			"rotation": {"angle": -22.5, "axis": "z", "origin": [14.7322, 9.225, 6.875]},
			"faces": {
				"north": {"uv": [11.75, 5, 15, 6.75], "texture": "#2", "cullface": "east"},
				"east": {"uv": [7.25, 6.75, 8.75, 8.5], "texture": "#2", "cullface": "east"},
				"south": {"uv": [11.75, 5, 15, 6.75], "texture": "#2", "cullface": "east"},
				"west": {"uv": [7.25, 6.75, 8.75, 8.5], "texture": "#2", "cullface": "east"},
				"up": {"uv": [11.75, 0, 15, 1.5], "texture": "#2", "cullface": "east"},
				"down": {"uv": [11.75, 0, 15, 1.5], "texture": "#2", "cullface": "east"}
			}
		},
		{
			"from": [-10.75, 7.7, 7.375],
			"to": [-3.25, 7.95, 7.875],
			"faces": {
				"north": {"uv": [14.5, 7.5, 16, 7.75], "texture": "#texture", "cullface": "west"},
				"south": {"uv": [0, 7.5, 1.5, 7.75], "texture": "#texture", "cullface": "west"},
				"west": {"uv": [7.75, 7.5, 8.25, 7.75], "texture": "#texture", "cullface": "west"},
				"up": {"uv": [0, 7.75, 1.5, 8.25], "texture": "#texture", "cullface": "west"},
				"down": {"uv": [16, 8.25, 14.5, 7.75], "texture": "#texture", "cullface": "west"}
			}
		},
		{
			"from": [-10.75, 7.875, 7.8],
			"to": [-3.25, 8.375, 8.05],
			"faces": {
				"north": {"uv": [14.5, 7, 16, 7.5], "texture": "#texture", "cullface": "west"},
				"south": {"uv": [0, 7, 1.5, 7.5], "texture": "#texture", "cullface": "west"},
				"west": {"uv": [8.25, 7, 8.5, 7.5], "texture": "#texture", "cullface": "west"},
				"up": {"uv": [0, 8.25, 1.5, 8.5], "texture": "#texture", "cullface": "west"},
				"down": {"uv": [16, 8.5, 14.5, 8.25], "texture": "#texture", "cullface": "west"}
			}
		},
		{
			"from": [-10.75, 7.875, 7.2],
			"to": [-3.25, 8.375, 7.45],
			"faces": {
				"north": {"uv": [14.5, 7, 16, 7.5], "texture": "#texture", "cullface": "west"},
				"south": {"uv": [0, 7, 1.5, 7.5], "texture": "#texture", "cullface": "west"},
				"west": {"uv": [7.5, 7, 7.75, 7.5], "texture": "#texture", "cullface": "west"},
				"up": {"uv": [0, 7.5, 1.5, 7.75], "texture": "#texture", "cullface": "west"},
				"down": {"uv": [16, 7.75, 14.5, 7.5], "texture": "#texture", "cullface": "west"}
			}
		},
		{
			"from": [-10.75, 8.3, 7.375],
			"to": [-3.25, 8.55, 7.875],
			"faces": {
				"north": {"uv": [14.5, 6.75, 16, 7], "texture": "#texture", "cullface": "west"},
				"south": {"uv": [0, 6.75, 1.5, 7], "texture": "#texture", "cullface": "west"},
				"west": {"uv": [7.75, 6.75, 8.25, 7], "texture": "#texture", "cullface": "west"},
				"up": {"uv": [0, 7.75, 1.5, 8.25], "texture": "#texture", "cullface": "west"},
				"down": {"uv": [16, 8.25, 14.5, 7.75], "texture": "#texture", "cullface": "west"}
			}
		},
		{
			"from": [10.75, 5.75, 7.3],
			"to": [14, 6.75, 7.975],
			"faces": {
				"north": {"uv": [2, 9.25, 5.5, 10.25], "texture": "#texture"},
				"east": {"uv": [7.75, 9.25, 9, 10.25], "texture": "#texture"},
				"south": {"uv": [10.5, 9.25, 14, 10.25], "texture": "#texture"},
				"west": {"uv": [7, 9.25, 8.25, 10.25], "texture": "#texture"},
				"down": {"uv": [5.5, 8.25, 2, 7], "texture": "#texture"}
			}
		},
		{
			"from": [11.5, 5.5, 7.3],
			"to": [14, 5.75, 7.975],
			"faces": {
				"north": {"uv": [2, 10.25, 4.75, 10.5], "texture": "#texture"},
				"east": {"uv": [7.75, 10.25, 9, 10.5], "texture": "#texture"},
				"south": {"uv": [11.25, 10.25, 14, 10.5], "texture": "#texture"},
				"west": {"uv": [7, 10.25, 8.25, 10.5], "texture": "#texture"},
				"down": {"uv": [4.75, 8.25, 2, 7], "texture": "#texture"}
			}
		},
		{
			"from": [12.25, 5.25, 7.3],
			"to": [14, 5.5, 7.975],
			"faces": {
				"north": {"uv": [2, 10.5, 4, 10.75], "texture": "#texture"},
				"east": {"uv": [7.75, 10.5, 9, 10.75], "texture": "#texture"},
				"south": {"uv": [12, 10.5, 14, 10.75], "texture": "#texture"},
				"west": {"uv": [7, 10.5, 8.25, 10.75], "texture": "#texture"},
				"down": {"uv": [4, 8.25, 2, 7], "texture": "#texture"}
			}
		},
		{
			"from": [13, 5, 7.3],
			"to": [14, 5.25, 7.975],
			"faces": {
				"north": {"uv": [2, 10.75, 3.25, 11], "texture": "#texture"},
				"east": {"uv": [7.75, 10.75, 9, 11], "texture": "#texture"},
				"south": {"uv": [12.75, 10.75, 14, 11], "texture": "#texture"},
				"west": {"uv": [7, 10.75, 8.25, 11], "texture": "#texture"},
				"down": {"uv": [3.25, 8.25, 2, 7], "texture": "#texture"}
			}
		}
	],
	"gui_light": "front",
	"display": {
		"thirdperson_righthand": {
			"rotation": [0, -90, 0],
			"translation": [-0.5, 1.5, -4.75],
			"scale": [0.67, 0.94, 0.94]
		},
		"thirdperson_lefthand": {
			"rotation": [0, 90, 0],
			"translation": [-0.5, 1.5, -4.75],
			"scale": [0.67, 0.94, 0.94]
		},
		"firstperson_righthand": {
			"rotation": [0, -90, 0],
			"translation": [0, 3, -7.25]
		},
		"firstperson_lefthand": {
			"rotation": [0, 90, 0],
			"translation": [0.75, 3, -7.25]
		},
		"ground": {
			"translation": [1, 0.5, 0],
			"scale": [0.98, 0.98, 0.98]
		},
		"gui": {
			"rotation": [0, 0, -45],
			"translation": [0.5, 0.5, 0],
			"scale": [0.55, 0.57, 0.61]
		},
		"fixed": {
			"rotation": [0, 180, -45],
			"translation": [-0.5, 0.5, 0],
			"scale": [0.96, 0.96, 0.96]
		}
	}
}