{
	"credit": "Made by SrDarmith - YouTube: Mainclay",
	"textures": {
		"0": "itemm/stonebrick",
		"1": "itemm/hardened_clay_stained_red",
		"2": "itemm/orange",
		"3": "itemm/red",
		"4": "itemm/yellow",
		"5": "itemm/anvil_1",
		"particle": "itemm/stonebrick"
	},
	"elements": [
		{
			"name": "Element",
			"from": [22.25, 3.75, 7.5],
			"to": [23.75, 8.5, 8.5],
			"rotation": {"angle": 22.5, "axis": "z", "origin": [21, -7.5, 7.5]},
			"faces": {
				"north": {"uv": [13.5, 6, 14.5, 9.75], "texture": "#5"},
				"east": {"uv": [13.5, 6, 14.5, 9.75], "texture": "#5"},
				"south": {"uv": [13.5, 6, 14.5, 9.75], "texture": "#5"},
				"west": {"uv": [13.5, 6, 14.5, 9.75], "texture": "#5"},
				"up": {"uv": [13.5, 5.5, 14.5, 6.5], "texture": "#5"},
				"down": {"uv": [13.5, 5.5, 14.5, 6.5], "texture": "#5"}
			}
		},
		{
			"name": "Element",
			"from": [22.25, 7.75, 7],
			"to": [23.75, 8.5, 9],
			"rotation": {"angle": 22.5, "axis": "z", "origin": [21, -7.5, 7.5]},
			"faces": {
				"north": {"uv": [5, 16, 4, 15], "texture": "#5"},
				"east": {"uv": [5, 16, 4, 15], "texture": "#5"},
				"south": {"uv": [5, 16, 4, 15], "texture": "#5"},
				"west": {"uv": [5, 16, 4, 15], "texture": "#5"},
				"up": {"uv": [5, 16, 4, 15], "texture": "#5"},
				"down": {"uv": [5, 16, 4, 15], "texture": "#5"}
			}
		},
		{
			"name": "Element",
			"from": [22, 7.75, 7.25],
			"to": [24, 8.5, 8.75],
			"rotation": {"angle": 22.5, "axis": "z", "origin": [21, -7.5, 7.5]},
			"faces": {
				"north": {"uv": [5, 16, 4, 15], "texture": "#5"},
				"east": {"uv": [5, 16, 4, 15], "texture": "#5"},
				"south": {"uv": [5, 16, 4, 15], "texture": "#5"},
				"west": {"uv": [5, 16, 4, 15], "texture": "#5"},
				"up": {"uv": [5, 16, 4, 15], "texture": "#5"},
				"down": {"uv": [5, 16, 4, 15], "texture": "#5"}
			}
		},
		{
			"name": "Element",
			"from": [22.325, 3.25, 7.075],
			"to": [23.675, 3.75, 8.925],
			"rotation": {"angle": 22.5, "axis": "z", "origin": [21, -7.5, 7.5]},
			"faces": {
				"north": {"uv": [5, 16, 4, 15], "texture": "#5"},
				"east": {"uv": [5, 16, 4, 15], "texture": "#5"},
				"south": {"uv": [5, 16, 4, 15], "texture": "#5"},
				"west": {"uv": [5, 16, 4, 15], "texture": "#5"},
				"up": {"uv": [5, 16, 4, 15], "texture": "#5"},
				"down": {"uv": [5, 16, 4, 15], "texture": "#5"}
			}
		},
		{
			"name": "Element",
			"from": [22.075, 3.25, 7.325],
			"to": [23.925, 3.75, 8.675],
			"rotation": {"angle": 22.5, "axis": "z", "origin": [21, -7.5, 7.5]},
			"faces": {
				"north": {"uv": [5, 16, 4, 15], "texture": "#5"},
				"east": {"uv": [5, 16, 4, 15], "texture": "#5"},
				"south": {"uv": [5, 16, 4, 15], "texture": "#5"},
				"west": {"uv": [5, 16, 4, 15], "texture": "#5"},
				"up": {"uv": [5, 16, 4, 15], "texture": "#5"},
				"down": {"uv": [5, 16, 4, 15], "texture": "#5"}
			}
		},
		{
			"name": "Element",
			"from": [22.5, 8.5, 7.25],
			"to": [23.5, 10.95, 8.75],
			"rotation": {"angle": 22.5, "axis": "z", "origin": [21, -7.5, 7.5]},
			"faces": {
				"north": {"uv": [13.5, 6.25, 14.5, 10], "texture": "#0"},
				"east": {"uv": [13.5, 6.25, 14.5, 10], "texture": "#0"},
				"south": {"uv": [13.5, 6.25, 14.5, 10], "texture": "#0"},
				"west": {"uv": [13.5, 6.25, 14.5, 10], "texture": "#0"},
				"up": {"uv": [13.5, 5.5, 14.5, 6.5], "texture": "#0"},
				"down": {"uv": [13.5, 5.5, 14.5, 6.5], "texture": "#0"}
			}
		},
		{
			"name": "Element",
			"from": [22.25, 8.5, 7.5],
			"to": [23.75, 10.95, 8.5],
			"rotation": {"angle": 22.5, "axis": "z", "origin": [21, -7.5, 7.5]},
			"faces": {
				"north": {"uv": [13.5, 6.25, 14.5, 10], "texture": "#0"},
				"east": {"uv": [13.5, 6.25, 14.5, 10], "texture": "#0"},
				"south": {"uv": [13.5, 6.25, 14.5, 10], "texture": "#0"},
				"west": {"uv": [13.5, 6.25, 14.5, 10], "texture": "#0"},
				"up": {"uv": [13.5, 5.5, 14.5, 6.5], "texture": "#0"},
				"down": {"uv": [13.5, 5.5, 14.5, 6.5], "texture": "#0"}
			}
		},
		{
			"name": "Element",
			"from": [-4.5, 10.325, 7.325],
			"to": [25.25, 11.175, 8.675],
			"rotation": {"angle": 0, "axis": "z", "origin": [21.75, -7.5, 7.5]},
			"faces": {
				"north": {"uv": [13.5, 6.25, 14.5, 10], "rotation": 90, "texture": "#0"},
				"east": {"uv": [13.5, 5.5, 14.5, 6.5], "rotation": 270, "texture": "#0"},
				"south": {"uv": [13.5, 6.25, 14.5, 10], "rotation": 270, "texture": "#0"},
				"west": {"uv": [13.5, 5.5, 14.5, 6.5], "rotation": 270, "texture": "#0"},
				"up": {"uv": [13.5, 6.25, 14.5, 10], "rotation": 270, "texture": "#0"},
				"down": {"uv": [13.5, 6.25, 14.5, 10], "rotation": 270, "texture": "#0"}
			}
		},
		{
			"name": "Element",
			"from": [-4.5, 10.075, 7.575],
			"to": [25.25, 11.425, 8.425],
			"rotation": {"angle": 0, "axis": "z", "origin": [21.75, -7.5, 7.5]},
			"faces": {
				"north": {"uv": [13.5, 6.25, 14.5, 10], "rotation": 90, "texture": "#0"},
				"east": {"uv": [13.5, 5.5, 14.5, 6.5], "rotation": 270, "texture": "#0"},
				"south": {"uv": [13.5, 6.25, 14.5, 10], "rotation": 270, "texture": "#0"},
				"west": {"uv": [13.5, 5.5, 14.5, 6.5], "rotation": 270, "texture": "#0"},
				"up": {"uv": [13.5, 6.25, 14.5, 10], "rotation": 270, "texture": "#0"},
				"down": {"uv": [13.5, 6.25, 14.5, 10], "rotation": 270, "texture": "#0"}
			}
		},
		{
			"name": "Element",
			"from": [-8.75, 9.825, 8.5],
			"to": [-4.5, 11.675, 9.175],
			"rotation": {"angle": 0, "axis": "y", "origin": [21.75, -7.5, 7.5]},
			"faces": {
				"north": {"uv": [15, 12, 16, 8.25], "rotation": 90, "texture": "#0"},
				"east": {"uv": [15, 7.5, 16, 8.5], "rotation": 270, "texture": "#0"},
				"south": {"uv": [16, 12, 15, 8.25], "rotation": 270, "texture": "#0"},
				"west": {"uv": [15, 6.1, 16, 6.85], "rotation": 270, "texture": "#0"},
				"up": {"uv": [16, 12, 15, 8.25], "rotation": 270, "texture": "#0"},
				"down": {"uv": [15, 12, 16, 8.25], "rotation": 270, "texture": "#0"}
			}
		},
		{
			"name": "Element",
			"from": [-8.75, 9.825, 6.825],
			"to": [-4.5, 11.675, 7.5],
			"rotation": {"angle": 0, "axis": "y", "origin": [21.75, -7.5, 7.5]},
			"faces": {
				"north": {"uv": [15, 12, 16, 8.25], "rotation": 90, "texture": "#0"},
				"east": {"uv": [15, 7.5, 16, 8.5], "rotation": 270, "texture": "#0"},
				"south": {"uv": [16, 12, 15, 8.25], "rotation": 270, "texture": "#0"},
				"west": {"uv": [15, 6.1, 16, 6.85], "rotation": 270, "texture": "#0"},
				"up": {"uv": [16, 12, 15, 8.25], "rotation": 270, "texture": "#0"},
				"down": {"uv": [15, 12, 16, 8.25], "rotation": 270, "texture": "#0"}
			}
		},
		{
			"name": "Element",
			"from": [-8.75, 9.575, 7.075],
			"to": [-4.5, 10.25, 8.925],
			"rotation": {"angle": 0, "axis": "y", "origin": [21.75, -7.5, 7.5]},
			"faces": {
				"north": {"uv": [15, 12, 16, 8.25], "rotation": 90, "texture": "#0"},
				"east": {"uv": [15, 7.5, 16, 8.5], "rotation": 270, "texture": "#0"},
				"south": {"uv": [16, 12, 15, 8.25], "rotation": 270, "texture": "#0"},
				"west": {"uv": [15, 6.1, 16, 6.85], "rotation": 270, "texture": "#0"},
				"up": {"uv": [16, 12, 15, 8.25], "rotation": 270, "texture": "#0"},
				"down": {"uv": [15, 12, 16, 8.25], "rotation": 270, "texture": "#0"}
			}
		},
		{
			"name": "Element",
			"from": [-8.75, 11.25, 7.075],
			"to": [-4.5, 11.925, 8.925],
			"rotation": {"angle": 0, "axis": "y", "origin": [21.75, -7.5, 7.5]},
			"faces": {
				"north": {"uv": [15, 12, 16, 8.25], "rotation": 90, "texture": "#0"},
				"east": {"uv": [15, 7.5, 16, 8.5], "rotation": 270, "texture": "#0"},
				"south": {"uv": [16, 12, 15, 8.25], "rotation": 270, "texture": "#0"},
				"west": {"uv": [15, 6.1, 16, 6.85], "rotation": 270, "texture": "#0"},
				"up": {"uv": [16, 12, 15, 8.25], "rotation": 270, "texture": "#0"},
				"down": {"uv": [15, 12, 16, 8.25], "rotation": 270, "texture": "#0"}
			}
		},
		{
			"name": "Element",
			"from": [-1.5, 7.8, 7.3],
			"to": [8.5, 8.7, 8.7],
			"rotation": {"angle": 0, "axis": "y", "origin": [21.75, -7.5, 7.5]},
			"faces": {
				"north": {"uv": [13.5, 6.25, 14.5, 10], "rotation": 90, "texture": "#5"},
				"east": {"uv": [13.5, 5.5, 14.5, 6.5], "rotation": 270, "texture": "#5"},
				"south": {"uv": [13.5, 6.25, 14.5, 10], "rotation": 270, "texture": "#5"},
				"west": {"uv": [13.5, 5.5, 14.5, 6.5], "rotation": 270, "texture": "#5"},
				"up": {"uv": [13.5, 6.25, 14.5, 10], "rotation": 270, "texture": "#5"},
				"down": {"uv": [13.5, 6.25, 14.5, 10], "rotation": 270, "texture": "#5"}
			}
		},
		{
			"name": "Element",
			"from": [-1.5, 7.55, 7.55],
			"to": [8.5, 8.95, 8.45],
			"rotation": {"angle": 0, "axis": "y", "origin": [21.75, -7.5, 7.5]},
			"faces": {
				"north": {"uv": [13.5, 6.25, 14.5, 10], "rotation": 90, "texture": "#5"},
				"east": {"uv": [13.5, 5.5, 14.5, 6.5], "rotation": 270, "texture": "#5"},
				"south": {"uv": [13.5, 6.25, 14.5, 10], "rotation": 270, "texture": "#5"},
				"west": {"uv": [13.5, 5.5, 14.5, 6.5], "rotation": 270, "texture": "#5"},
				"up": {"uv": [13.5, 6.25, 14.5, 10], "rotation": 270, "texture": "#5"},
				"down": {"uv": [13.5, 6.25, 14.5, 10], "rotation": 270, "texture": "#5"}
			}
		},
		{
			"name": "Element",
			"from": [-2.75, 7.825, 7.325],
			"to": [10.075, 8.675, 8.675],
			"rotation": {"angle": 0, "axis": "y", "origin": [21.75, -7.5, 7.5]},
			"faces": {
				"north": {"uv": [13.5, 6.25, 14.5, 10], "rotation": 90, "texture": "#0"},
				"east": {"uv": [13.5, 5.5, 14.5, 6.5], "rotation": 270, "texture": "#0"},
				"south": {"uv": [13.5, 6.25, 14.5, 10], "rotation": 270, "texture": "#0"},
				"west": {"uv": [13.5, 5.5, 14.5, 6.5], "rotation": 270, "texture": "#0"},
				"up": {"uv": [13.5, 6.25, 14.5, 10], "rotation": 270, "texture": "#0"},
				"down": {"uv": [13.5, 6.25, 14.5, 10], "rotation": 270, "texture": "#0"}
			}
		},
		{
			"name": "Element",
			"from": [-2.75, 7.575, 7.575],
			"to": [9.825, 8.925, 8.425],
			"rotation": {"angle": 0, "axis": "y", "origin": [21.75, -7.5, 7.5]},
			"faces": {
				"north": {"uv": [13.5, 6.25, 14.5, 10], "rotation": 90, "texture": "#0"},
				"east": {"uv": [13.5, 5.5, 14.5, 6.5], "rotation": 270, "texture": "#0"},
				"south": {"uv": [13.5, 6.25, 14.5, 10], "rotation": 270, "texture": "#0"},
				"west": {"uv": [13.5, 5.5, 14.5, 6.5], "rotation": 270, "texture": "#0"},
				"up": {"uv": [13.5, 6.25, 14.5, 10], "rotation": 270, "texture": "#0"},
				"down": {"uv": [13.5, 6.25, 14.5, 10], "rotation": 270, "texture": "#0"}
			}
		},
		{
			"name": "Element",
			"from": [13.5, 10.15, 7.15],
			"to": [19.5, 11.325, 8.825],
			"rotation": {"angle": 0, "axis": "y", "origin": [21, -7.5, 7.5]},
			"faces": {
				"north": {"uv": [13.5, 6.25, 14.5, 10], "rotation": 90, "texture": "#0"},
				"east": {"uv": [13.5, 5.5, 14.5, 6.5], "rotation": 270, "texture": "#0"},
				"south": {"uv": [13.5, 6.25, 14.5, 10], "rotation": 270, "texture": "#0"},
				"west": {"uv": [13.5, 5.5, 14.5, 6.5], "rotation": 270, "texture": "#0"},
				"up": {"uv": [13.5, 6.25, 14.5, 10], "rotation": 270, "texture": "#0"},
				"down": {"uv": [13.5, 6.25, 14.5, 10], "rotation": 270, "texture": "#0"}
			}
		},
		{
			"name": "Element",
			"from": [13.5, 9.9, 7.4],
			"to": [19.5, 11.575, 8.575],
			"rotation": {"angle": 0, "axis": "y", "origin": [21, -7.5, 7.5]},
			"faces": {
				"north": {"uv": [13.5, 6.25, 14.5, 10], "rotation": 90, "texture": "#0"},
				"east": {"uv": [13.5, 5.5, 14.5, 6.5], "rotation": 270, "texture": "#0"},
				"south": {"uv": [13.5, 6.25, 14.5, 10], "rotation": 270, "texture": "#0"},
				"west": {"uv": [13.5, 5.5, 14.5, 6.5], "rotation": 270, "texture": "#0"},
				"up": {"uv": [13.5, 6.25, 14.5, 10], "rotation": 270, "texture": "#0"},
				"down": {"uv": [13.5, 6.25, 14.5, 10], "rotation": 270, "texture": "#0"}
			}
		},
		{
			"name": "Element",
			"from": [-4.5, 10.15, 7.15],
			"to": [-2.75, 11.325, 8.825],
			"rotation": {"angle": 0, "axis": "y", "origin": [21.75, -7.5, 7.5]},
			"faces": {
				"north": {"uv": [13.5, 6.25, 14.5, 10], "rotation": 90, "texture": "#0"},
				"east": {"uv": [13.5, 5.5, 14.5, 6.5], "rotation": 270, "texture": "#0"},
				"south": {"uv": [13.5, 6.25, 14.5, 10], "rotation": 270, "texture": "#0"},
				"west": {"uv": [13.5, 5.5, 14.5, 6.5], "rotation": 270, "texture": "#0"},
				"up": {"uv": [13.5, 6.25, 14.5, 10], "rotation": 270, "texture": "#0"},
				"down": {"uv": [13.5, 6.25, 14.5, 10], "rotation": 270, "texture": "#0"}
			}
		},
		{
			"name": "Element",
			"from": [-4.5, 7.4, 7.4],
			"to": [-2.75, 9.075, 8.575],
			"rotation": {"angle": 0, "axis": "y", "origin": [21.75, -7.5, 7.5]},
			"faces": {
				"north": {"uv": [13.5, 6.25, 14.5, 10], "rotation": 90, "texture": "#0"},
				"east": {"uv": [13.5, 5.5, 14.5, 6.5], "rotation": 270, "texture": "#0"},
				"south": {"uv": [13.5, 6.25, 14.5, 10], "rotation": 270, "texture": "#0"},
				"west": {"uv": [13.5, 5.5, 14.5, 6.5], "rotation": 270, "texture": "#0"},
				"up": {"uv": [13.5, 6.25, 14.5, 10], "rotation": 270, "texture": "#0"},
				"down": {"uv": [13.5, 6.25, 14.5, 10], "rotation": 270, "texture": "#0"}
			}
		},
		{
			"name": "Element",
			"from": [-4.5, 7.65, 7.15],
			"to": [-2.75, 8.825, 8.825],
			"rotation": {"angle": 0, "axis": "y", "origin": [21.75, -7.5, 7.5]},
			"faces": {
				"north": {"uv": [13.5, 6.25, 14.5, 10], "rotation": 90, "texture": "#0"},
				"east": {"uv": [13.5, 5.5, 14.5, 6.5], "rotation": 270, "texture": "#0"},
				"south": {"uv": [13.5, 6.25, 14.5, 10], "rotation": 270, "texture": "#0"},
				"west": {"uv": [13.5, 5.5, 14.5, 6.5], "rotation": 270, "texture": "#0"},
				"up": {"uv": [13.5, 6.25, 14.5, 10], "rotation": 270, "texture": "#0"},
				"down": {"uv": [13.5, 6.25, 14.5, 10], "rotation": 270, "texture": "#0"}
			}
		},
		{
			"name": "Element",
			"from": [-4.5, 8.9, 7.65],
			"to": [-2.75, 10.075, 8.325],
			"rotation": {"angle": 0, "axis": "y", "origin": [21.75, -7.5, 7.5]},
			"faces": {
				"north": {"uv": [13.5, 6.25, 14.5, 10], "rotation": 90, "texture": "#0"},
				"east": {"uv": [13.5, 5.5, 14.5, 6.5], "rotation": 270, "texture": "#0"},
				"south": {"uv": [13.5, 6.25, 14.5, 10], "rotation": 270, "texture": "#0"},
				"west": {"uv": [13.5, 5.5, 14.5, 6.5], "rotation": 270, "texture": "#0"},
				"up": {"uv": [13.5, 6.25, 14.5, 10], "rotation": 270, "texture": "#0"},
				"down": {"uv": [13.5, 6.25, 14.5, 10], "rotation": 270, "texture": "#0"}
			}
		},
		{
			"name": "Element",
			"from": [-4.5, 9.9, 7.4],
			"to": [-2.75, 11.575, 8.575],
			"rotation": {"angle": 0, "axis": "y", "origin": [21.75, -7.5, 7.5]},
			"faces": {
				"north": {"uv": [13.5, 6.25, 14.5, 10], "rotation": 90, "texture": "#0"},
				"east": {"uv": [13.5, 5.5, 14.5, 6.5], "rotation": 270, "texture": "#0"},
				"south": {"uv": [13.5, 6.25, 14.5, 10], "rotation": 270, "texture": "#0"},
				"west": {"uv": [13.5, 5.5, 14.5, 6.5], "rotation": 270, "texture": "#0"},
				"up": {"uv": [13.5, 6.25, 14.5, 10], "rotation": 270, "texture": "#0"},
				"down": {"uv": [13.5, 6.25, 14.5, 10], "rotation": 270, "texture": "#0"}
			}
		},
		{
			"name": "Element",
			"from": [-9.5, 7.725, 7.225],
			"to": [-4.5, 8.775, 7.575],
			"rotation": {"angle": 0, "axis": "y", "origin": [21.75, -7.5, 7.5]},
			"faces": {
				"north": {"uv": [9.25, 15, 5.5, 16], "rotation": 180, "texture": "#0"},
				"east": {"uv": [6.5, 15, 5.5, 16], "texture": "#0"},
				"south": {"uv": [9.25, 15, 5.5, 16], "texture": "#0"},
				"west": {"uv": [15, 8.2, 16, 9], "rotation": 270, "texture": "#0"},
				"up": {"uv": [9.25, 15, 5.5, 16], "texture": "#0"},
				"down": {"uv": [9.25, 15, 5.5, 16], "texture": "#0"}
			}
		},
		{
			"name": "Element",
			"from": [-9.5, 8.675, 7.475],
			"to": [-4.5, 9.025, 8.525],
			"rotation": {"angle": 0, "axis": "y", "origin": [21.75, -7.5, 7.5]},
			"faces": {
				"north": {"uv": [9.25, 15, 5.5, 16], "rotation": 180, "texture": "#0"},
				"east": {"uv": [6.5, 15, 5.5, 16], "texture": "#0"},
				"south": {"uv": [9.25, 15, 5.5, 16], "texture": "#0"},
				"west": {"uv": [15, 8.2, 16, 9], "rotation": 270, "texture": "#0"},
				"up": {"uv": [9.25, 15, 5.5, 16], "texture": "#0"},
				"down": {"uv": [9.25, 15, 5.5, 16], "texture": "#0"}
			}
		},
		{
			"name": "Element",
			"from": [-9.5, 7.725, 8.425],
			"to": [-4.5, 8.775, 8.775],
			"rotation": {"angle": 0, "axis": "y", "origin": [21.75, -7.5, 7.5]},
			"faces": {
				"north": {"uv": [9.25, 15, 5.5, 16], "rotation": 180, "texture": "#0"},
				"east": {"uv": [6.5, 15, 5.5, 16], "texture": "#0"},
				"south": {"uv": [9.25, 15, 5.5, 16], "texture": "#0"},
				"west": {"uv": [15, 8.2, 16, 9], "rotation": 270, "texture": "#0"},
				"up": {"uv": [9.25, 15, 5.5, 16], "texture": "#0"},
				"down": {"uv": [9.25, 15, 5.5, 16], "texture": "#0"}
			}
		},
		{
			"name": "Element",
			"from": [-9.5, 7.475, 7.475],
			"to": [-4.5, 7.825, 8.525],
			"rotation": {"angle": 0, "axis": "y", "origin": [21.75, -7.5, 7.5]},
			"faces": {
				"north": {"uv": [9.25, 15, 5.5, 16], "rotation": 180, "texture": "#0"},
				"east": {"uv": [6.5, 15, 5.5, 16], "texture": "#0"},
				"south": {"uv": [9.25, 15, 5.5, 16], "texture": "#0"},
				"west": {"uv": [15, 8.2, 16, 9], "rotation": 270, "texture": "#0"},
				"up": {"uv": [9.25, 15, 5.5, 16], "texture": "#0"},
				"down": {"uv": [9.25, 15, 5.5, 16], "texture": "#0"}
			}
		},
		{
			"name": "Element",
			"from": [21.25, 6.075, 7.325],
			"to": [25.25, 6.925, 8.675],
			"rotation": {"angle": 0, "axis": "y", "origin": [21, -7.5, 7.5]},
			"faces": {
				"north": {"uv": [13.5, 6.25, 14.5, 10], "rotation": 90, "texture": "#0"},
				"east": {"uv": [13.5, 5.5, 14.5, 6.5], "rotation": 270, "texture": "#0"},
				"south": {"uv": [13.5, 6.25, 14.5, 10], "rotation": 270, "texture": "#0"},
				"west": {"uv": [13.5, 5.5, 14.5, 6.5], "rotation": 270, "texture": "#0"},
				"up": {"uv": [13.5, 6.25, 14.5, 10], "rotation": 270, "texture": "#0"},
				"down": {"uv": [13.5, 6.25, 14.5, 10], "rotation": 270, "texture": "#0"}
			}
		},
		{
			"name": "Element",
			"from": [21.25, 5.825, 7.575],
			"to": [25.25, 7.175, 8.425],
			"rotation": {"angle": 0, "axis": "y", "origin": [21, -7.5, 7.5]},
			"faces": {
				"north": {"uv": [13.5, 6.25, 14.5, 10], "rotation": 90, "texture": "#0"},
				"east": {"uv": [13.5, 5.5, 14.5, 6.5], "rotation": 270, "texture": "#0"},
				"south": {"uv": [13.5, 6.25, 14.5, 10], "rotation": 270, "texture": "#0"},
				"west": {"uv": [13.5, 5.5, 14.5, 6.5], "rotation": 270, "texture": "#0"},
				"up": {"uv": [13.5, 6.25, 14.5, 10], "rotation": 270, "texture": "#0"},
				"down": {"uv": [13.5, 6.25, 14.5, 10], "rotation": 270, "texture": "#0"}
			}
		},
		{
			"name": "Element",
			"from": [25.075, 6.75, 7.325],
			"to": [25.925, 10.5, 8.675],
			"rotation": {"angle": 0, "axis": "z", "origin": [21, -7.5, 7.5]},
			"faces": {
				"north": {"uv": [13.5, 6.25, 14.5, 10], "texture": "#0"},
				"east": {"uv": [13.5, 6.25, 14.5, 10], "texture": "#0"},
				"south": {"uv": [13.5, 6.25, 14.5, 10], "texture": "#0"},
				"west": {"uv": [13.5, 6.25, 14.5, 10], "texture": "#0"},
				"up": {"uv": [13.5, 5.5, 14.5, 6.5], "texture": "#0"},
				"down": {"uv": [13.5, 5.5, 14.5, 6.5], "texture": "#0"}
			}
		},
		{
			"name": "Element",
			"from": [24.825, 6.75, 7.575],
			"to": [26.175, 10.5, 8.425],
			"rotation": {"angle": 0, "axis": "z", "origin": [21, -7.5, 7.5]},
			"faces": {
				"north": {"uv": [13.5, 6.25, 14.5, 10], "texture": "#0"},
				"east": {"uv": [13.5, 6.25, 14.5, 10], "texture": "#0"},
				"south": {"uv": [13.5, 6.25, 14.5, 10], "texture": "#0"},
				"west": {"uv": [13.5, 6.25, 14.5, 10], "texture": "#0"},
				"up": {"uv": [13.5, 5.5, 14.5, 6.5], "texture": "#0"},
				"down": {"uv": [13.5, 5.5, 14.5, 6.5], "texture": "#0"}
			}
		},
		{
			"name": "Element",
			"from": [25.075, 6.25, 7.575],
			"to": [25.675, 11, 8.425],
			"rotation": {"angle": 0, "axis": "y", "origin": [21, -7.5, 7.5]},
			"faces": {
				"north": {"uv": [13.5, 6.25, 14.5, 10], "texture": "#0"},
				"east": {"uv": [13.5, 6.25, 14.5, 10], "texture": "#0"},
				"south": {"uv": [13.5, 6.25, 14.5, 10], "texture": "#0"},
				"west": {"uv": [13.5, 6.25, 14.5, 10], "texture": "#0"},
				"up": {"uv": [13.5, 5.5, 14.5, 6.5], "texture": "#0"},
				"down": {"uv": [13.5, 5.5, 14.5, 6.5], "texture": "#0"}
			}
		},
		{
			"name": "Element",
			"from": [10.075, 6.5, 7.325],
			"to": [10.925, 10.5, 8.675],
			"rotation": {"angle": 0, "axis": "y", "origin": [21.25, -7.5, 7.5]},
			"faces": {
				"north": {"uv": [13.5, 6.25, 14.5, 10], "texture": "#0"},
				"east": {"uv": [13.5, 6.25, 14.5, 10], "texture": "#0"},
				"south": {"uv": [13.5, 6.25, 14.5, 10], "texture": "#0"},
				"west": {"uv": [13.5, 6.25, 14.5, 10], "texture": "#0"},
				"up": {"uv": [13.5, 5.5, 14.5, 6.5], "texture": "#0"},
				"down": {"uv": [13.5, 5.5, 14.5, 6.5], "texture": "#0"}
			}
		},
		{
			"name": "Element",
			"from": [9.825, 6.5, 7.575],
			"to": [11.175, 10.5, 8.425],
			"rotation": {"angle": 0, "axis": "y", "origin": [21.25, -7.5, 7.5]},
			"faces": {
				"north": {"uv": [13.5, 6.25, 14.5, 10], "texture": "#0"},
				"east": {"uv": [13.5, 6.25, 14.5, 10], "texture": "#0"},
				"south": {"uv": [13.5, 6.25, 14.5, 10], "texture": "#0"},
				"west": {"uv": [13.5, 6.25, 14.5, 10], "texture": "#0"},
				"up": {"uv": [13.5, 5.5, 14.5, 6.5], "texture": "#0"},
				"down": {"uv": [13.5, 5.5, 14.5, 6.5], "texture": "#0"}
			}
		},
		{
			"name": "Element",
			"from": [20.75, 8.75, 7.625],
			"to": [22.5, 9.75, 8.375],
			"rotation": {"angle": 22.5, "axis": "z", "origin": [21, -7.5, 7.5]},
			"faces": {
				"north": {"uv": [13.5, 6.25, 14.5, 8], "texture": "#0"},
				"east": {"uv": [13.5, 6.25, 14.5, 8], "texture": "#0"},
				"south": {"uv": [13.5, 6.25, 14.5, 8], "texture": "#0"},
				"west": {"uv": [13.5, 6.25, 14.5, 8], "texture": "#0"},
				"up": {"uv": [13.5, 5.5, 14.5, 6.5], "texture": "#0"},
				"down": {"uv": [13.5, 5.5, 14.5, 6.5], "texture": "#0"}
			}
		},
		{
			"name": "Element",
			"from": [20.25, 4.25, 7.625],
			"to": [20.75, 9.25, 8.375],
			"rotation": {"angle": 22.5, "axis": "z", "origin": [21, -7.5, 7.5]},
			"faces": {
				"north": {"uv": [13.5, 6.25, 14.5, 10], "texture": "#0"},
				"east": {"uv": [13.5, 6.25, 14.5, 10], "texture": "#0"},
				"south": {"uv": [13.5, 6.25, 14.5, 10], "texture": "#0"},
				"west": {"uv": [13.5, 6.25, 14.5, 10], "texture": "#0"},
				"up": {"uv": [13.5, 5.5, 14.5, 6.5], "texture": "#0"},
				"down": {"uv": [13.5, 5.5, 14.5, 6.5], "texture": "#0"}
			}
		},
		{
			"name": "Element",
			"from": [20, 4.25, 7.625],
			"to": [20.25, 4.75, 8.375],
			"rotation": {"angle": 22.5, "axis": "z", "origin": [21, -7.5, 7.5]},
			"faces": {
				"north": {"uv": [13.5, 6.25, 14.5, 10], "texture": "#0"},
				"east": {"uv": [13.5, 6.25, 14.5, 10], "texture": "#0"},
				"south": {"uv": [13.5, 6.25, 14.5, 10], "texture": "#0"},
				"west": {"uv": [13.5, 6.25, 14.5, 10], "texture": "#0"},
				"up": {"uv": [13.5, 5.5, 14.5, 6.5], "texture": "#0"},
				"down": {"uv": [13.5, 5.5, 14.5, 6.5], "texture": "#0"}
			}
		},
		{
			"name": "Element",
			"from": [22.5, 3.75, 7.25],
			"to": [23.5, 8.5, 8.75],
			"rotation": {"angle": 22.5, "axis": "z", "origin": [21, -7.5, 7.5]},
			"faces": {
				"north": {"uv": [13.5, 6, 14.5, 9.75], "texture": "#5"},
				"east": {"uv": [13.5, 6, 14.5, 9.75], "texture": "#5"},
				"south": {"uv": [13.5, 6, 14.5, 9.75], "texture": "#5"},
				"west": {"uv": [13.5, 6, 14.5, 9.75], "texture": "#5"},
				"up": {"uv": [13.5, 5.5, 14.5, 6.5], "texture": "#5"},
				"down": {"uv": [13.5, 5.5, 14.5, 6.5], "texture": "#5"}
			}
		},
		{
			"name": "Element",
			"from": [9.75, 6.25, 7.25],
			"to": [11.25, 6.75, 8.75],
			"rotation": {"angle": 0, "axis": "z", "origin": [8.5, -15.5, 0]},
			"faces": {
				"north": {"uv": [16, 7.75, 15, 9.25], "rotation": 270, "texture": "#5"},
				"east": {"uv": [0, 7.25, 1, 8.75], "rotation": 90, "texture": "#5"},
				"south": {"uv": [0, 7.75, 1, 9.25], "rotation": 90, "texture": "#5"},
				"west": {"uv": [16, 8.75, 15, 7.25], "rotation": 90, "texture": "#5"},
				"up": {"uv": [7.25, 7.75, 8.75, 9.25], "rotation": 90, "texture": "#5", "cullface": "west"}
			}
		},
		{
			"name": "Element",
			"from": [8.75, 0.75, 6.75],
			"to": [12.25, 6, 9.25],
			"rotation": {"angle": 0, "axis": "z", "origin": [8.5, -15.5, 0]},
			"faces": {
				"north": {"uv": [15, 7.5, 16, 9.5], "rotation": 270, "texture": "#1"},
				"east": {"uv": [0, 7.25, 1, 8.75], "rotation": 90, "texture": "#1"},
				"south": {"uv": [0, 7.5, 1, 9.5], "rotation": 90, "texture": "#1"},
				"west": {"uv": [16, 8.75, 15, 7.25], "rotation": 90, "texture": "#1"},
				"up": {"uv": [7.25, 7.5, 8.75, 9.5], "rotation": 90, "texture": "#1", "cullface": "west"},
				"down": {"uv": [0, 8, 1, 9], "rotation": 90, "texture": "#1"}
			}
		},
		{
			"name": "Element",
			"from": [8.5, 0.75, 7.5],
			"to": [12.5, 6, 8.5],
			"rotation": {"angle": 0, "axis": "y", "origin": [8.5, -15.5, 0]},
			"faces": {
				"north": {"uv": [15, 7.5, 16, 9.5], "rotation": 270, "texture": "#1"},
				"east": {"uv": [0, 7.25, 1, 8.75], "rotation": 90, "texture": "#1"},
				"south": {"uv": [0, 7.5, 1, 9.5], "rotation": 90, "texture": "#1"},
				"west": {"uv": [16, 8.75, 15, 7.25], "rotation": 90, "texture": "#1"},
				"up": {"uv": [7.25, 7.5, 8.75, 9.5], "rotation": 90, "texture": "#1", "cullface": "west"},
				"down": {"uv": [0, 8, 1, 9], "rotation": 90, "texture": "#1"}
			}
		},
		{
			"name": "Element",
			"from": [9.25, 6, 6.75],
			"to": [11.75, 6.25, 9.25],
			"rotation": {"angle": 0, "axis": "y", "origin": [8.5, -15.5, 0]},
			"faces": {
				"north": {"uv": [15, 7.5, 16, 9.5], "rotation": 270, "texture": "#1"},
				"east": {"uv": [0, 7.25, 1, 8.75], "rotation": 90, "texture": "#1"},
				"south": {"uv": [0, 7.5, 1, 9.5], "rotation": 90, "texture": "#1"},
				"west": {"uv": [16, 8.75, 15, 7.25], "rotation": 90, "texture": "#1"},
				"up": {"uv": [7.25, 7.5, 8.75, 9.5], "rotation": 90, "texture": "#1", "cullface": "west"},
				"down": {"uv": [0, 0, 0, 0], "rotation": 90, "texture": "#1"}
			}
		},
		{
			"name": "Element",
			"from": [9.25, 0.25, 6.75],
			"to": [11.75, 0.75, 9.25],
			"rotation": {"angle": 0, "axis": "y", "origin": [8.5, -15.5, 0]},
			"faces": {
				"north": {"uv": [15, 7.5, 16, 9.5], "rotation": 270, "texture": "#5"},
				"east": {"uv": [0, 7.25, 1, 8.75], "rotation": 90, "texture": "#5"},
				"south": {"uv": [0, 7.5, 1, 9.5], "rotation": 90, "texture": "#5"},
				"west": {"uv": [16, 8.75, 15, 7.25], "rotation": 90, "texture": "#5"},
				"up": {"uv": [7.25, 7.5, 8.75, 9.5], "rotation": 90, "texture": "#5", "cullface": "west"},
				"down": {"uv": [7, 8, 8, 9], "rotation": 90, "texture": "#5"}
			}
		},
		{
			"name": "Element",
			"from": [9, 0.25, 7.25],
			"to": [12, 0.75, 8.75],
			"rotation": {"angle": 0, "axis": "y", "origin": [8.5, -15.5, 0]},
			"faces": {
				"north": {"uv": [15, 7.5, 16, 9.5], "rotation": 270, "texture": "#5"},
				"east": {"uv": [0, 7.25, 1, 8.75], "rotation": 90, "texture": "#5"},
				"south": {"uv": [0, 7.5, 1, 9.5], "rotation": 90, "texture": "#5"},
				"west": {"uv": [16, 8.75, 15, 7.25], "rotation": 90, "texture": "#5"},
				"up": {"uv": [7.25, 7.5, 8.75, 9.5], "rotation": 90, "texture": "#5", "cullface": "west"},
				"down": {"uv": [7, 8, 8, 9], "rotation": 90, "texture": "#5"}
			}
		},
		{
			"name": "Element",
			"from": [9.75, 0.25, 6.5],
			"to": [11.25, 0.75, 9.5],
			"rotation": {"angle": 0, "axis": "y", "origin": [8.5, -15.5, 0]},
			"faces": {
				"north": {"uv": [15, 7.5, 16, 9.5], "rotation": 270, "texture": "#5"},
				"east": {"uv": [0, 7.25, 1, 8.75], "rotation": 90, "texture": "#5"},
				"south": {"uv": [0, 7.5, 1, 9.5], "rotation": 90, "texture": "#5"},
				"west": {"uv": [16, 8.75, 15, 7.25], "rotation": 90, "texture": "#5"},
				"up": {"uv": [7.25, 7.5, 8.75, 9.5], "rotation": 90, "texture": "#5", "cullface": "west"},
				"down": {"uv": [7, 8, 8, 9], "rotation": 90, "texture": "#5"}
			}
		},
		{
			"name": "Element",
			"from": [9.25, 0.75, 6.25],
			"to": [11.75, 6, 9.75],
			"rotation": {"angle": 0, "axis": "z", "origin": [8.5, -15.5, 0]},
			"faces": {
				"north": {"uv": [8, 7.75, 16, 9.25], "rotation": 270, "texture": "#1"},
				"east": {"uv": [0, 7, 8, 9], "rotation": 90, "texture": "#1"},
				"south": {"uv": [0, 7.75, 8, 9.25], "rotation": 90, "texture": "#1"},
				"west": {"uv": [16, 9, 8, 7], "rotation": 90, "texture": "#1"},
				"up": {"uv": [7, 7.75, 9, 9.25], "rotation": 90, "texture": "#1", "cullface": "west"},
				"down": {"uv": [7, 7.75, 9, 9.25], "rotation": 90, "texture": "#1"}
			}
		},
		{
			"name": "Element",
			"from": [10, 0.75, 6],
			"to": [11, 6, 10],
			"rotation": {"angle": 0, "axis": "y", "origin": [8.5, -15.5, 0]},
			"faces": {
				"north": {"uv": [8, 7.75, 16, 9.25], "rotation": 270, "texture": "#1"},
				"east": {"uv": [0, 7, 8, 9], "rotation": 90, "texture": "#1"},
				"south": {"uv": [0, 7.75, 8, 9.25], "rotation": 90, "texture": "#1"},
				"west": {"uv": [16, 9, 8, 7], "rotation": 90, "texture": "#1"},
				"up": {"uv": [7, 7.75, 9, 9.25], "rotation": 90, "texture": "#1", "cullface": "west"},
				"down": {"uv": [7, 7.75, 9, 9.25], "rotation": 90, "texture": "#1"}
			}
		},
		{
			"name": "Element",
			"from": [20.5, 8.25, 7],
			"to": [24.75, 9.75, 9],
			"rotation": {"angle": 0, "axis": "y", "origin": [5.25, -15.5, 0]},
			"faces": {
				"north": {"uv": [8, 7.75, 16, 9.25], "texture": "#1"},
				"east": {"uv": [15, 15, 16, 16], "texture": "#1"},
				"south": {"uv": [0, 7.75, 8, 9.25], "texture": "#1"},
				"west": {"uv": [7, 7.75, 9, 9.25], "texture": "#1", "cullface": "west"},
				"up": {"uv": [0, 7, 8, 9], "texture": "#1"},
				"down": {"uv": [16, 9, 8, 7], "texture": "#1"}
			}
		},
		{
			"name": "Element",
			"from": [22, 8.175, 6.925],
			"to": [23.25, 9.825, 9.1],
			"rotation": {"angle": 0, "axis": "y", "origin": [5.25, -15.5, 0]},
			"faces": {
				"north": {"uv": [8, 7.75, 12, 9.25], "texture": "#5"},
				"east": {"uv": [15, 15, 16, 16], "texture": "#5"},
				"south": {"uv": [0, 7.75, 4, 9.25], "texture": "#5"},
				"west": {"uv": [7, 7.75, 5, 9.25], "texture": "#5", "cullface": "west"},
				"up": {"uv": [0, 7, 4, 9], "texture": "#5"},
				"down": {"uv": [12, 9, 8, 7], "texture": "#5"}
			}
		},
		{
			"name": "Element",
			"from": [22, 7.925, 7.125],
			"to": [23.25, 10.5, 8.9],
			"rotation": {"angle": 0, "axis": "y", "origin": [5.25, -15.5, 0]},
			"faces": {
				"north": {"uv": [8, 7.75, 12, 9.25], "texture": "#5"},
				"east": {"uv": [15, 15, 16, 16], "texture": "#5"},
				"south": {"uv": [0, 7.75, 4, 9.25], "texture": "#5"},
				"west": {"uv": [7, 7.75, 5, 9.25], "texture": "#5", "cullface": "west"},
				"up": {"uv": [0, 7, 4, 9], "texture": "#5"},
				"down": {"uv": [12, 9, 8, 7], "texture": "#5"}
			}
		},
		{
			"name": "Element",
			"from": [22, 10.425, 7.25],
			"to": [23.25, 11.25, 8.75],
			"rotation": {"angle": 0, "axis": "y", "origin": [5.25, -15.5, 0]},
			"faces": {
				"north": {"uv": [8, 7.75, 12, 9.25], "texture": "#5"},
				"east": {"uv": [15, 15, 16, 16], "texture": "#5"},
				"south": {"uv": [0, 7.75, 4, 9.25], "texture": "#5"},
				"west": {"uv": [7, 7.75, 5, 9.25], "texture": "#5", "cullface": "west"},
				"up": {"uv": [0, 7, 4, 9], "texture": "#5"},
				"down": {"uv": [12, 9, 8, 7], "texture": "#5"}
			}
		},
		{
			"name": "Element",
			"from": [22, 11.175, 7.5],
			"to": [23.25, 11.5, 8.5],
			"rotation": {"angle": 0, "axis": "y", "origin": [5.25, -15.5, 0]},
			"faces": {
				"north": {"uv": [8, 7.75, 12, 9.25], "texture": "#5"},
				"east": {"uv": [15, 15, 16, 16], "texture": "#5"},
				"south": {"uv": [0, 7.75, 4, 9.25], "texture": "#5"},
				"west": {"uv": [7, 7.75, 5, 9.25], "texture": "#5", "cullface": "west"},
				"up": {"uv": [0, 7, 4, 9], "texture": "#5"},
				"down": {"uv": [12, 9, 8, 7], "texture": "#5"}
			}
		},
		{
			"name": "Element",
			"from": [20.25, 8.25, 7.25],
			"to": [20.5, 9.75, 8.75],
			"rotation": {"angle": 0, "axis": "y", "origin": [5.25, -15.5, 0]},
			"faces": {
				"north": {"uv": [6, 16, 7, 15], "texture": "#5"},
				"east": {"uv": [7, 16, 6, 15], "texture": "#5"},
				"south": {"uv": [7, 16, 6, 15], "texture": "#5"},
				"west": {"uv": [7, 16, 6, 15], "texture": "#5", "cullface": "west"},
				"up": {"uv": [7, 16, 6, 15], "texture": "#5"},
				"down": {"uv": [6, 15, 7, 16], "texture": "#5"}
			}
		},
		{
			"name": "Element",
			"from": [20, 8.5, 7.5],
			"to": [20.25, 9.5, 8.5],
			"rotation": {"angle": 0, "axis": "y", "origin": [5.25, -15.5, 0]},
			"faces": {
				"north": {"uv": [6, 16, 7, 15], "texture": "#5"},
				"east": {"uv": [7, 16, 6, 15], "texture": "#5"},
				"south": {"uv": [7, 16, 6, 15], "texture": "#5"},
				"west": {"uv": [7, 16, 6, 15], "texture": "#5", "cullface": "west"},
				"up": {"uv": [7, 16, 6, 15], "texture": "#5"},
				"down": {"uv": [6, 15, 7, 16], "texture": "#5"}
			}
		},
		{
			"name": "Element",
			"from": [19.75, 8.75, 7.75],
			"to": [20, 9.25, 8.25],
			"rotation": {"angle": 0, "axis": "y", "origin": [5.25, -15.5, 0]},
			"faces": {
				"north": {"uv": [6, 16, 7, 15], "texture": "#5"},
				"east": {"uv": [7, 16, 6, 15], "texture": "#5"},
				"south": {"uv": [7, 16, 6, 15], "texture": "#5"},
				"west": {"uv": [7, 16, 6, 15], "texture": "#5", "cullface": "west"},
				"up": {"uv": [7, 16, 6, 15], "texture": "#5"},
				"down": {"uv": [6, 15, 7, 16], "texture": "#5"}
			}
		},
		{
			"name": "Element",
			"from": [20.5, 8, 7.25],
			"to": [24.75, 10, 8.75],
			"rotation": {"angle": 0, "axis": "y", "origin": [5.25, -15.5, 0]},
			"faces": {
				"north": {"uv": [15, 7.5, 16, 9.5], "texture": "#1"},
				"east": {"uv": [15, 15, 16, 16], "texture": "#1"},
				"south": {"uv": [0, 7.5, 1, 9.5], "texture": "#1"},
				"west": {"uv": [7.25, 7.5, 8.75, 9.5], "texture": "#1", "cullface": "west"},
				"up": {"uv": [0, 7.25, 1, 8.75], "texture": "#1"},
				"down": {"uv": [16, 8.75, 15, 7.25], "texture": "#1"}
			}
		},
		{
			"name": "1",
			"from": [-0.375, 12.775, 7.35],
			"to": [0.925, 13.15, 8.65],
			"rotation": {"angle": 22.5, "axis": "z", "origin": [6, -15.5, 0]},
			"faces": {
				"north": {"uv": [13, 3, 13.8, 3.2], "texture": "#3"},
				"east": {"uv": [13, 2, 13.8, 2.2], "texture": "#3"},
				"south": {"uv": [13, 1, 13.8, 1.2], "texture": "#3"},
				"west": {"uv": [12, 0, 12.8, 0.2], "texture": "#3"},
				"up": {"uv": [13, 1, 13.8, 1.8], "texture": "#3"},
				"down": {"uv": [13, 2, 13.8, 2.8], "texture": "#3"}
			}
		},
		{
			"name": "Cube",
			"from": [0.025, 12.625, 7.725],
			"to": [0.65, 13.45, 8.275],
			"rotation": {"angle": 22.5, "axis": "z", "origin": [6, -15.5, 0]},
			"faces": {
				"north": {"uv": [13, 3, 13.8, 3.2], "texture": "#3"},
				"east": {"uv": [13, 2, 13.8, 2.2], "texture": "#3"},
				"south": {"uv": [13, 1, 13.8, 1.2], "texture": "#3"},
				"west": {"uv": [12, 0, 12.8, 0.2], "texture": "#3"},
				"up": {"uv": [13, 1, 13.8, 1.8], "texture": "#3"},
				"down": {"uv": [13, 2, 13.8, 2.8], "texture": "#3"}
			}
		},
		{
			"name": "Cube",
			"from": [-0.225, 12.575, 7.475],
			"to": [0.825, 13.3, 8.525],
			"rotation": {"angle": 22.5, "axis": "z", "origin": [6, -15.5, 0]},
			"faces": {
				"north": {"uv": [13, 3, 13.8, 3.2], "texture": "#3"},
				"east": {"uv": [13, 2, 13.8, 2.2], "texture": "#3"},
				"south": {"uv": [13, 1, 13.8, 1.2], "texture": "#3"},
				"west": {"uv": [12, 0, 12.8, 0.2], "texture": "#3"},
				"up": {"uv": [13, 1, 13.8, 1.8], "texture": "#3"},
				"down": {"uv": [13, 2, 13.8, 2.8], "texture": "#3"}
			}
		},
		{
			"name": "Cube",
			"from": [-0.025, 12.425, 7.7],
			"to": [0.65, 12.575, 8.3],
			"rotation": {"angle": 22.5, "axis": "z", "origin": [6, -15.5, 0]},
			"faces": {
				"north": {"uv": [13, 3, 13.8, 3.2], "texture": "#3"},
				"east": {"uv": [13, 2, 13.8, 2.2], "texture": "#3"},
				"south": {"uv": [13, 1, 13.8, 1.2], "texture": "#3"},
				"west": {"uv": [12, 0, 12.8, 0.2], "texture": "#3"},
				"up": {"uv": [13, 1, 13.8, 1.8], "texture": "#3"},
				"down": {"uv": [13, 2, 13.8, 2.8], "texture": "#3"}
			}
		},
		{
			"name": "2",
			"from": [-0.25, 13.075, 7.45],
			"to": [0.85, 13.325, 8.55],
			"rotation": {"angle": 22.5, "axis": "z", "origin": [6, -15.5, 0]},
			"faces": {
				"north": {"uv": [13, 3, 13.8, 3.2], "texture": "#2"},
				"east": {"uv": [13, 2, 13.8, 2.2], "texture": "#2"},
				"south": {"uv": [13, 1, 13.8, 1.2], "texture": "#2"},
				"west": {"uv": [12, 0, 12.8, 0.2], "texture": "#2"},
				"up": {"uv": [13, 1, 13.8, 1.8], "texture": "#2"},
				"down": {"uv": [13, 2, 13.8, 2.8], "texture": "#2"}
			}
		},
		{
			"name": "Cube",
			"from": [-0.1, 12.875, 7.55],
			"to": [0.8, 13.55, 8.45],
			"rotation": {"angle": 22.5, "axis": "z", "origin": [6, -15.5, 0]},
			"faces": {
				"north": {"uv": [13, 3, 13.8, 3.2], "texture": "#2"},
				"east": {"uv": [13, 2, 13.8, 2.2], "texture": "#2"},
				"south": {"uv": [13, 1, 13.8, 1.2], "texture": "#2"},
				"west": {"uv": [12, 0, 12.8, 0.2], "texture": "#2"},
				"up": {"uv": [13, 1, 13.8, 1.8], "texture": "#2"},
				"down": {"uv": [13, 2, 13.8, 2.8], "texture": "#2"}
			}
		},
		{
			"name": "Cube",
			"from": [0.1, 13.425, 7.7],
			"to": [0.75, 13.775, 8.3],
			"rotation": {"angle": 22.5, "axis": "z", "origin": [6, -15.5, 0]},
			"faces": {
				"north": {"uv": [13, 3, 13.8, 3.2], "texture": "#2"},
				"east": {"uv": [13, 2, 13.8, 2.2], "texture": "#2"},
				"south": {"uv": [13, 1, 13.8, 1.2], "texture": "#2"},
				"west": {"uv": [12, 0, 12.8, 0.2], "texture": "#2"},
				"up": {"uv": [13, 1, 13.8, 1.8], "texture": "#2"},
				"down": {"uv": [13, 2, 13.8, 2.8], "texture": "#2"}
			}
		},
		{
			"name": "3",
			"from": [0.375, 13.175, 7.85],
			"to": [0.675, 13.975, 8.15],
			"rotation": {"angle": 22.5, "axis": "z", "origin": [6, -15.5, 0]},
			"faces": {
				"north": {"uv": [13, 3, 13.8, 3.2], "texture": "#4"},
				"east": {"uv": [13, 2, 13.8, 2.2], "texture": "#4"},
				"south": {"uv": [13, 1, 13.8, 1.2], "texture": "#4"},
				"west": {"uv": [12, 0, 12.8, 0.2], "texture": "#4"},
				"up": {"uv": [13, 1, 13.8, 1.8], "texture": "#4"},
				"down": {"uv": [13, 2, 13.8, 2.8], "texture": "#4"}
			}
		},
		{
			"name": "3",
			"from": [0.275, 13.075, 7.775],
			"to": [0.725, 13.7, 8.225],
			"rotation": {"angle": 22.5, "axis": "z", "origin": [6, -15.5, 0]},
			"faces": {
				"north": {"uv": [13, 3, 13.8, 3.2], "texture": "#4"},
				"east": {"uv": [13, 2, 13.8, 2.2], "texture": "#4"},
				"south": {"uv": [13, 1, 13.8, 1.2], "texture": "#4"},
				"west": {"uv": [12, 0, 12.8, 0.2], "texture": "#4"},
				"up": {"uv": [13, 1, 13.8, 1.8], "texture": "#4"},
				"down": {"uv": [13, 2, 13.8, 2.8], "texture": "#4"}
			}
		},
		{
			"name": "3",
			"from": [0.375, 13.175, 7.85],
			"to": [0.675, 13.925, 8.15],
			"rotation": {"angle": 22.5, "axis": "z", "origin": [6, -15.5, 0]},
			"faces": {
				"north": {"uv": [13, 3, 13.8, 3.2], "texture": "#2"},
				"east": {"uv": [13, 2, 13.8, 2.2], "texture": "#2"},
				"south": {"uv": [13, 1, 13.8, 1.2], "texture": "#2"},
				"west": {"uv": [12, 0, 12.8, 0.2], "texture": "#2"},
				"up": {"uv": [13, 1, 13.8, 1.8], "texture": "#2"},
				"down": {"uv": [13, 2, 13.8, 2.8], "texture": "#2"}
			}
		}
	],
	"gui_light": "front",
	"display": {
		"thirdperson_righthand": {
			"rotation": [0, -90, 0],
			"translation": [0, 0, -5.25],
			"scale": [0.63, 0.84, 0.84]
		},
		"thirdperson_lefthand": {
			"rotation": [0, 90, 0],
			"translation": [0, 0, -5.25],
			"scale": [0.63, 0.84, 0.84]
		},
		"firstperson_righthand": {
			"rotation": [0, -90, 0],
			"translation": [0, 1, -7.5],
			"scale": [0.93, 0.93, 0.93]
		},
		"firstperson_lefthand": {
			"rotation": [0, 90, 0],
			"translation": [0, 1, -7.5],
			"scale": [0.93, 0.93, 0.93]
		},
		"ground": {
			"translation": [-0.5, 2, 0],
			"scale": [0.78, 0.78, 0.78]
		},
		"gui": {
			"rotation": [0, 0, -45],
			"translation": [-0.25, -0.25, 0],
			"scale": [0.53, 0.53, 0.9]
		},
		"fixed": {
			"rotation": [0, 180, -45],
			"translation": [0.75, 0, 0],
			"scale": [0.84, 0.84, 0.84]
		}
	}
}