{
	"credit": "Made by SrDarmith - YouTube: Mainclay",
	"textures": {
		"0": "itemm/barrel1",
		"1": "itemm/anvil_1",
		"2": "itemm/barrel2"
	},
	"elements": [
		{
			"name": "Element",
			"from": [-7.75, 8.75, 8.5],
			"to": [8, 9, 9],
			"faces": {
				"north": {"uv": [15, 0, 16, 1.25], "texture": "#0"},
				"south": {"uv": [15, 0, 16, 1.25], "texture": "#0"},
				"west": {"uv": [15, 0, 16, 1.25], "texture": "#0", "cullface": "west"},
				"up": {"uv": [15, 0, 16, 1.25], "texture": "#0"},
				"down": {"uv": [15, 0, 16, 1.25], "texture": "#0"}
			}
		},
		{
			"name": "Element",
			"from": [-7.75, 8.25, 8.25],
			"to": [8, 8.75, 8.5],
			"faces": {
				"north": {"uv": [15, 0, 16, 1.25], "texture": "#0"},
				"south": {"uv": [15, 0, 16, 1.25], "texture": "#0"},
				"west": {"uv": [15, 0, 16, 1.25], "texture": "#0", "cullface": "west"},
				"up": {"uv": [15, 0, 16, 1.25], "texture": "#0"},
				"down": {"uv": [15, 0, 16, 1.25], "texture": "#0"}
			}
		},
		{
			"name": "Element",
			"from": [-7.75, 8.25, 7],
			"to": [8, 8.75, 7.25],
			"faces": {
				"north": {"uv": [15, 0, 16, 1.25], "texture": "#0"},
				"south": {"uv": [15, 0, 16, 1.25], "texture": "#0"},
				"west": {"uv": [15, 0, 16, 1.25], "texture": "#0", "cullface": "west"},
				"up": {"uv": [15, 0, 16, 1.25], "texture": "#0"},
				"down": {"uv": [15, 0, 16, 1.25], "texture": "#0"}
			}
		},
		{
			"name": "Element",
			"from": [-7.75, 8.75, 7.25],
			"to": [8, 9, 7.75],
			"faces": {
				"north": {"uv": [15, 0, 16, 1.25], "texture": "#0"},
				"south": {"uv": [15, 0, 16, 1.25], "texture": "#0"},
				"west": {"uv": [15, 0, 16, 1.25], "texture": "#0", "cullface": "west"},
				"up": {"uv": [15, 0, 16, 1.25], "texture": "#0"},
				"down": {"uv": [15, 0, 16, 1.25], "texture": "#0"}
			}
		},
		{
			"name": "Element",
			"from": [-7.75, 7, 6.25],
			"to": [8, 7.5, 6.5],
			"faces": {
				"north": {"uv": [15, 0, 16, 1.25], "texture": "#0"},
				"south": {"uv": [15, 0, 16, 1.25], "texture": "#0"},
				"west": {"uv": [15, 0, 16, 1.25], "texture": "#0", "cullface": "west"},
				"up": {"uv": [15, 0, 16, 1.25], "texture": "#0"},
				"down": {"uv": [15, 0, 16, 1.25], "texture": "#0"}
			}
		},
		{
			"name": "Element",
			"from": [-7.75, 6.75, 6.5],
			"to": [8, 7, 7],
			"faces": {
				"north": {"uv": [15, 0, 16, 1.25], "texture": "#0"},
				"south": {"uv": [15, 0, 16, 1.25], "texture": "#0"},
				"west": {"uv": [15, 0, 16, 1.25], "texture": "#0", "cullface": "west"},
				"up": {"uv": [15, 0, 16, 1.25], "texture": "#0"},
				"down": {"uv": [15, 0, 16, 1.25], "texture": "#0"}
			}
		},
		{
			"name": "Element",
			"from": [-7.75, 6.25, 7.25],
			"to": [8, 6.5, 7.75],
			"faces": {
				"north": {"uv": [15, 0, 16, 1.25], "texture": "#0"},
				"south": {"uv": [15, 0, 16, 1.25], "texture": "#0"},
				"west": {"uv": [15, 0, 16, 1.25], "texture": "#0", "cullface": "west"},
				"up": {"uv": [15, 0, 16, 1.25], "texture": "#0"},
				"down": {"uv": [15, 0, 16, 1.25], "texture": "#0"}
			}
		},
		{
			"name": "Element",
			"from": [-7.75, 5.75, 7],
			"to": [8, 6.25, 7.25],
			"faces": {
				"north": {"uv": [15, 0, 16, 1.25], "texture": "#0"},
				"south": {"uv": [15, 0, 16, 1.25], "texture": "#0"},
				"west": {"uv": [15, 0, 16, 1.25], "texture": "#0", "cullface": "west"},
				"up": {"uv": [15, 0, 16, 1.25], "texture": "#0"},
				"down": {"uv": [15, 0, 16, 1.25], "texture": "#0"}
			}
		},
		{
			"name": "Element",
			"from": [-7.75, 6.25, 8.5],
			"to": [8, 6.5, 9],
			"faces": {
				"north": {"uv": [15, 0, 16, 1.25], "texture": "#0"},
				"south": {"uv": [15, 0, 16, 1.25], "texture": "#0"},
				"west": {"uv": [15, 0, 16, 1.25], "texture": "#0", "cullface": "west"},
				"up": {"uv": [15, 0, 16, 1.25], "texture": "#0"},
				"down": {"uv": [15, 0, 16, 1.25], "texture": "#0"}
			}
		},
		{
			"name": "Element",
			"from": [-7.75, 5.75, 8.25],
			"to": [8, 6.25, 8.5],
			"faces": {
				"north": {"uv": [8, 9.75, 16, 10.25], "texture": "#0"},
				"south": {"uv": [0, 9.75, 8, 10.25], "texture": "#0"},
				"west": {"uv": [8.25, 9.75, 8.5, 10.25], "texture": "#0", "cullface": "west"},
				"up": {"uv": [0, 8.25, 8, 8.5], "texture": "#0"},
				"down": {"uv": [16, 8.5, 8, 8.25], "texture": "#0"}
			}
		},
		{
			"name": "Element",
			"from": [-7.75, 7.5, 9.25],
			"to": [8, 7.75, 9.75],
			"faces": {
				"north": {"uv": [15, 0, 16, 1.25], "texture": "#0"},
				"south": {"uv": [15, 0, 16, 1.25], "texture": "#0"},
				"west": {"uv": [15, 0, 16, 1.25], "texture": "#0", "cullface": "west"},
				"up": {"uv": [15, 0, 16, 1.25], "texture": "#0"},
				"down": {"uv": [15, 0, 16, 1.25], "texture": "#0"}
			}
		},
		{
			"name": "Element",
			"from": [-7.75, 7, 9],
			"to": [8, 7.5, 9.25],
			"faces": {
				"north": {"uv": [15, 0, 16, 1.25], "texture": "#0"},
				"south": {"uv": [15, 0, 16, 1.25], "texture": "#0"},
				"west": {"uv": [15, 0, 16, 1.25], "texture": "#0", "cullface": "west"},
				"up": {"uv": [15, 0, 16, 1.25], "texture": "#0"},
				"down": {"uv": [15, 0, 16, 1.25], "texture": "#0"}
			}
		},
		{
			"name": "!",
			"from": [4.75, 5.25, 6.75],
			"to": [5.75, 9.25, 9.5],
			"faces": {
				"north": {"uv": [10.25, 6.75, 11.25, 10.75], "texture": "#1"},
				"east": {"uv": [6.5, 6.75, 9.25, 10.75], "texture": "#1"},
				"south": {"uv": [4.75, 6.75, 5.75, 10.75], "texture": "#1"},
				"west": {"uv": [6.75, 6.75, 9.5, 10.75], "texture": "#1"},
				"up": {"uv": [4.75, 6.75, 5.75, 9.5], "texture": "#1"},
				"down": {"uv": [11.25, 9.5, 10.25, 6.75], "texture": "#1"}
			}
		},
		{
			"name": "Element",
			"from": [4.75, 6.25, 6],
			"to": [5.75, 8.25, 10.25],
			"faces": {
				"north": {"uv": [10.25, 7.75, 11.25, 9.75], "texture": "#1"},
				"east": {"uv": [5.75, 7.75, 10, 9.75], "texture": "#1"},
				"south": {"uv": [4.75, 7.75, 5.75, 9.75], "texture": "#1"},
				"west": {"uv": [6, 7.75, 10.25, 9.75], "texture": "#1"},
				"up": {"uv": [4.75, 6, 5.75, 10.25], "texture": "#1"},
				"down": {"uv": [11.25, 10.25, 10.25, 6], "texture": "#1"}
			}
		},
		{
			"name": "Element",
			"from": [-6.75, 5.75, 6.25],
			"to": [-5.75, 8.75, 10],
			"faces": {
				"north": {"uv": [16, 7.25, 16, 10.25], "texture": "#1"},
				"east": {"uv": [6, 7.25, 9.75, 10.25], "texture": "#1"},
				"south": {"uv": [0, 7.25, 0, 10.25], "texture": "#1"},
				"west": {"uv": [6.25, 7.25, 10, 10.25], "texture": "#1", "cullface": "west"},
				"up": {"uv": [0, 6.25, 0, 10], "texture": "#1"},
				"down": {"uv": [16, 10, 16, 6.25], "texture": "#1"}
			}
		},
		{
			"name": "Element",
			"from": [2.25, 5.25, 6.75],
			"to": [3.25, 9.25, 9.5],
			"faces": {
				"north": {"uv": [16, 6.75, 16, 10.75], "texture": "#1"},
				"east": {"uv": [6.5, 6.75, 9.25, 10.75], "texture": "#1"},
				"south": {"uv": [0, 6.75, 0, 10.75], "texture": "#1"},
				"west": {"uv": [6.75, 6.75, 9.5, 10.75], "texture": "#1", "cullface": "west"},
				"up": {"uv": [0, 6.75, 0, 9.5], "texture": "#1"},
				"down": {"uv": [16, 9.5, 16, 6.75], "texture": "#1"}
			}
		},
		{
			"name": "Element",
			"from": [2.25, 6.25, 6],
			"to": [3.25, 8.25, 10.25],
			"faces": {
				"north": {"uv": [16, 7.75, 16, 9.75], "texture": "#1"},
				"east": {"uv": [5.75, 7.75, 10, 9.75], "texture": "#1"},
				"south": {"uv": [0, 7.75, 0, 9.75], "texture": "#1"},
				"west": {"uv": [6, 7.75, 10.25, 9.75], "texture": "#1", "cullface": "west"},
				"up": {"uv": [0, 6, 0, 10.25], "texture": "#1"},
				"down": {"uv": [16, 10.25, 16, 6], "texture": "#1"}
			}
		},
		{
			"name": "Element",
			"from": [2.25, 5, 7.25],
			"to": [3.25, 9.5, 9],
			"faces": {
				"north": {"uv": [16, 6.5, 16, 11], "texture": "#1"},
				"east": {"uv": [7, 6.5, 8.75, 11], "texture": "#1"},
				"south": {"uv": [0, 6.5, 0, 11], "texture": "#1"},
				"west": {"uv": [7.25, 6.5, 9, 11], "texture": "#1", "cullface": "west"},
				"up": {"uv": [0, 7.25, 0, 9], "texture": "#1"},
				"down": {"uv": [16, 9, 16, 7.25], "texture": "#1"}
			}
		},
		{
			"name": "Element",
			"from": [2.25, 5.5, 6.5],
			"to": [3.25, 9, 9.75],
			"faces": {
				"north": {"uv": [16, 7, 16, 10.5], "texture": "#1"},
				"east": {"uv": [6.25, 7, 9.5, 10.5], "texture": "#1"},
				"south": {"uv": [0, 7, 0, 10.5], "texture": "#1"},
				"west": {"uv": [6.5, 7, 9.75, 10.5], "texture": "#1", "cullface": "west"},
				"up": {"uv": [0, 6.5, 0, 9.75], "texture": "#1"},
				"down": {"uv": [16, 9.75, 16, 6.5], "texture": "#1"}
			}
		},
		{
			"name": "Element",
			"from": [2.25, 5.75, 6.25],
			"to": [3.25, 8.75, 10],
			"faces": {
				"north": {"uv": [16, 7.25, 16, 10.25], "texture": "#1"},
				"east": {"uv": [6, 7.25, 9.75, 10.25], "texture": "#1"},
				"south": {"uv": [0, 7.25, 0, 10.25], "texture": "#1"},
				"west": {"uv": [6.25, 7.25, 10, 10.25], "texture": "#1", "cullface": "west"},
				"up": {"uv": [0, 6.25, 0, 10], "texture": "#1"},
				"down": {"uv": [16, 10, 16, 6.25], "texture": "#1"}
			}
		},
		{
			"name": "Element",
			"from": [-6.75, 5.5, 6.5],
			"to": [-5.75, 9, 9.75],
			"faces": {
				"north": {"uv": [16, 7, 16, 10.5], "texture": "#1"},
				"east": {"uv": [6.25, 7, 9.5, 10.5], "texture": "#1"},
				"south": {"uv": [0, 7, 0, 10.5], "texture": "#1"},
				"west": {"uv": [6.5, 7, 9.75, 10.5], "texture": "#1", "cullface": "west"},
				"up": {"uv": [0, 6.5, 0, 9.75], "texture": "#1"},
				"down": {"uv": [16, 9.75, 16, 6.5], "texture": "#1"}
			}
		},
		{
			"name": "Element",
			"from": [-6.75, 5, 7.25],
			"to": [-5.75, 9.5, 9],
			"faces": {
				"north": {"uv": [16, 6.5, 16, 11], "texture": "#1"},
				"east": {"uv": [7, 6.5, 8.75, 11], "texture": "#1"},
				"south": {"uv": [0, 6.5, 0, 11], "texture": "#1"},
				"west": {"uv": [7.25, 6.5, 9, 11], "texture": "#1", "cullface": "west"},
				"up": {"uv": [0, 7.25, 0, 9], "texture": "#1"},
				"down": {"uv": [16, 9, 16, 7.25], "texture": "#1"}
			}
		},
		{
			"name": "Element",
			"from": [-7.75, 5.5, 7.25],
			"to": [8, 5.75, 7.75],
			"faces": {
				"north": {"uv": [8, 10.25, 16, 10.5], "texture": "#1"},
				"south": {"uv": [0, 10.25, 8, 10.5], "texture": "#1"},
				"west": {"uv": [7.25, 10.25, 7.75, 10.5], "texture": "#1", "cullface": "west"},
				"up": {"uv": [0, 7.25, 8, 7.75], "texture": "#1"},
				"down": {"uv": [16, 7.75, 8, 7.25], "texture": "#1"}
			}
		},
		{
			"name": "Element",
			"from": [-7.75, 5.5, 8.5],
			"to": [8, 5.75, 9],
			"faces": {
				"north": {"uv": [8, 10.25, 16, 10.5], "texture": "#1"},
				"south": {"uv": [0, 10.25, 8, 10.5], "texture": "#1"},
				"west": {"uv": [8.5, 10.25, 9, 10.5], "texture": "#1", "cullface": "west"},
				"up": {"uv": [0, 8.5, 8, 9], "texture": "#1"},
				"down": {"uv": [16, 9, 8, 8.5], "texture": "#1"}
			}
		},
		{
			"name": "Element",
			"from": [-7.75, 6.75, 9.25],
			"to": [8, 7, 9.75],
			"faces": {
				"north": {"uv": [8, 9, 16, 9.25], "texture": "#1"},
				"south": {"uv": [0, 9, 8, 9.25], "texture": "#1"},
				"west": {"uv": [9.25, 9, 9.75, 9.25], "texture": "#1", "cullface": "west"},
				"up": {"uv": [0, 9.25, 8, 9.75], "texture": "#1"},
				"down": {"uv": [16, 9.75, 8, 9.25], "texture": "#1"}
			}
		},
		{
			"name": "Element",
			"from": [-7.75, 7.5, 6.5],
			"to": [8, 7.75, 7],
			"faces": {
				"north": {"uv": [8, 8.25, 16, 8.5], "texture": "#1"},
				"south": {"uv": [0, 8.25, 8, 8.5], "texture": "#1"},
				"west": {"uv": [6.5, 8.25, 7, 8.5], "texture": "#1", "cullface": "west"},
				"up": {"uv": [0, 6.5, 8, 7], "texture": "#1"},
				"down": {"uv": [16, 7, 8, 6.5], "texture": "#1"}
			}
		},
		{
			"name": "Element",
			"from": [-7.75, 8, 8.5],
			"to": [8, 8.25, 9],
			"faces": {
				"north": {"uv": [8, 7.75, 16, 8], "texture": "#1"},
				"south": {"uv": [0, 7.75, 8, 8], "texture": "#1"},
				"west": {"uv": [8.5, 7.75, 9, 8], "texture": "#1", "cullface": "west"},
				"up": {"uv": [0, 8.5, 8, 9], "texture": "#1"},
				"down": {"uv": [16, 9, 8, 8.5], "texture": "#1"}
			}
		},
		{
			"name": "Element",
			"from": [-7.75, 8.25, 7.65],
			"to": [8, 8.75, 7.9],
			"faces": {
				"north": {"uv": [8, 7.25, 16, 7.75], "texture": "#1"},
				"south": {"uv": [0, 7.25, 8, 7.75], "texture": "#1"},
				"west": {"uv": [7.75, 7.25, 8, 7.75], "texture": "#1", "cullface": "west"},
				"up": {"uv": [0, 7.75, 8, 8], "texture": "#1"},
				"down": {"uv": [16, 8, 8, 7.75], "texture": "#1"}
			}
		},
		{
			"name": "Element",
			"from": [-7.75, 8, 7.25],
			"to": [8, 8.25, 7.75],
			"faces": {
				"north": {"uv": [8, 7.75, 16, 8], "texture": "#1"},
				"south": {"uv": [0, 7.75, 8, 8], "texture": "#1"},
				"west": {"uv": [7.25, 7.75, 7.75, 8], "texture": "#1", "cullface": "west"},
				"up": {"uv": [0, 7.25, 8, 7.75], "texture": "#1"},
				"down": {"uv": [16, 7.75, 8, 7.25], "texture": "#1"}
			}
		},
		{
			"name": "!",
			"from": [-7.75, 7, 9.75],
			"to": [8, 7.5, 10],
			"faces": {
				"north": {"uv": [15, 0, 16, 1.25], "texture": "#0"},
				"south": {"uv": [15, 0, 16, 1.25], "texture": "#0"},
				"west": {"uv": [15, 0, 16, 1.25], "texture": "#0", "cullface": "west"},
				"up": {"uv": [15, 0, 16, 1.25], "texture": "#0"},
				"down": {"uv": [15, 0, 16, 1.25], "texture": "#0"}
			}
		},
		{
			"name": "Element",
			"from": [-7.75, 5.75, 9],
			"to": [8, 6.25, 9.25],
			"faces": {
				"north": {"uv": [15, 0, 16, 1.25], "texture": "#0"},
				"south": {"uv": [15, 0, 16, 1.25], "texture": "#0"},
				"west": {"uv": [15, 0, 16, 1.25], "texture": "#0", "cullface": "west"},
				"up": {"uv": [15, 0, 16, 1.25], "texture": "#0"},
				"down": {"uv": [15, 0, 16, 1.25], "texture": "#0"}
			}
		},
		{
			"name": "Element",
			"from": [-7.75, 5.75, 7.75],
			"to": [8, 6.25, 8],
			"faces": {
				"north": {"uv": [15, 0, 16, 1.25], "texture": "#0"},
				"south": {"uv": [15, 0, 16, 1.25], "texture": "#0"},
				"west": {"uv": [15, 0, 16, 1.25], "texture": "#0", "cullface": "west"},
				"up": {"uv": [15, 0, 16, 1.25], "texture": "#0"},
				"down": {"uv": [15, 0, 16, 1.25], "texture": "#0"}
			}
		},
		{
			"name": "Element",
			"from": [-7.75, 7, 7],
			"to": [8, 7.5, 7.25],
			"faces": {
				"north": {"uv": [15, 0, 16, 1.25], "texture": "#0"},
				"south": {"uv": [15, 0, 16, 1.25], "texture": "#0"},
				"west": {"uv": [15, 0, 16, 1.25], "texture": "#0", "cullface": "west"},
				"up": {"uv": [15, 0, 16, 1.25], "texture": "#0"},
				"down": {"uv": [15, 0, 16, 1.25], "texture": "#0"}
			}
		},
		{
			"name": "Element",
			"from": [-7.75, 8.25, 9],
			"to": [8, 8.75, 9.25],
			"faces": {
				"north": {"uv": [15, 0, 16, 1.25], "texture": "#0"},
				"south": {"uv": [15, 0, 16, 1.25], "texture": "#0"},
				"west": {"uv": [15, 0, 16, 1.25], "texture": "#0", "cullface": "west"},
				"up": {"uv": [15, 0, 16, 1.25], "texture": "#0"},
				"down": {"uv": [15, 0, 16, 1.25], "texture": "#0"}
			}
		},
		{
			"name": "!",
			"from": [4.75, 5, 7.25],
			"to": [5.75, 9.5, 9],
			"faces": {
				"north": {"uv": [10.25, 6.5, 11.25, 11], "texture": "#1"},
				"east": {"uv": [7, 6.5, 8.75, 11], "texture": "#1"},
				"south": {"uv": [4.75, 6.5, 5.75, 11], "texture": "#1"},
				"west": {"uv": [7.25, 6.5, 9, 11], "texture": "#1"},
				"up": {"uv": [4.75, 7.25, 5.75, 9], "texture": "#1"},
				"down": {"uv": [11.25, 9, 10.25, 7.25], "texture": "#1"}
			}
		},
		{
			"name": "Element",
			"from": [4.75, 5.5, 6.5],
			"to": [5.75, 9, 9.75],
			"faces": {
				"north": {"uv": [10.25, 7, 11.25, 10.5], "texture": "#1"},
				"east": {"uv": [6.25, 7, 9.5, 10.5], "texture": "#1"},
				"south": {"uv": [4.75, 7, 5.75, 10.5], "texture": "#1"},
				"west": {"uv": [6.5, 7, 9.75, 10.5], "texture": "#1"},
				"up": {"uv": [4.75, 6.5, 5.75, 9.75], "texture": "#1"},
				"down": {"uv": [11.25, 9.75, 10.25, 6.5], "texture": "#1"}
			}
		},
		{
			"name": "Element",
			"from": [4.75, 5.75, 6.25],
			"to": [5.75, 8.75, 10],
			"faces": {
				"north": {"uv": [10.25, 7.25, 11.25, 10.25], "texture": "#1"},
				"east": {"uv": [6, 7.25, 9.75, 10.25], "texture": "#1"},
				"south": {"uv": [4.75, 7.25, 5.75, 10.25], "texture": "#1"},
				"west": {"uv": [6.25, 7.25, 10, 10.25], "texture": "#1"},
				"up": {"uv": [4.75, 6.25, 5.75, 10], "texture": "#1"},
				"down": {"uv": [11.25, 10, 10.25, 6.25], "texture": "#1"}
			}
		},
		{
			"name": "Element",
			"from": [-6.75, 6.25, 6],
			"to": [-5.75, 8.25, 10.25],
			"faces": {
				"north": {"uv": [16, 7.75, 16, 9.75], "texture": "#1"},
				"east": {"uv": [5.75, 7.75, 10, 9.75], "texture": "#1"},
				"south": {"uv": [0, 7.75, 0, 9.75], "texture": "#1"},
				"west": {"uv": [6, 7.75, 10.25, 9.75], "texture": "#1", "cullface": "west"},
				"up": {"uv": [0, 6, 0, 10.25], "texture": "#1"},
				"down": {"uv": [16, 10.25, 16, 6], "texture": "#1"}
			}
		},
		{
			"name": "Element",
			"from": [-6.75, 5.25, 6.75],
			"to": [-5.75, 9.25, 9.5],
			"faces": {
				"north": {"uv": [16, 6.75, 16, 10.75], "texture": "#1"},
				"east": {"uv": [6.5, 6.75, 9.25, 10.75], "texture": "#1"},
				"south": {"uv": [0, 6.75, 0, 10.75], "texture": "#1"},
				"west": {"uv": [6.75, 6.75, 9.5, 10.75], "texture": "#1", "cullface": "west"},
				"up": {"uv": [0, 6.75, 0, 9.5], "texture": "#1"},
				"down": {"uv": [16, 9.5, 16, 6.75], "texture": "#1"}
			}
		},
		{
			"name": "Element",
			"from": [8, 5.25, 5.75],
			"to": [15, 9.25, 10.5],
			"faces": {
				"north": {"uv": [1, 6.75, 8, 10.75], "texture": "#1"},
				"east": {"uv": [5.5, 6.75, 10.25, 10.75], "texture": "#1"},
				"south": {"uv": [8, 6.75, 15, 10.75], "texture": "#1"},
				"west": {"uv": [5.75, 6.75, 10.5, 10.75], "texture": "#1"},
				"up": {"uv": [8, 5.75, 15, 10.5], "texture": "#1"},
				"down": {"uv": [8, 10.5, 1, 5.75], "texture": "#1"}
			}
		},
		{
			"name": "Element",
			"from": [8.25, 8.75, 9.75],
			"to": [9.5, 10.5, 10.75],
			"faces": {
				"north": {"uv": [6.5, 5.5, 7.75, 7.25], "texture": "#1"},
				"east": {"uv": [5.25, 5.5, 6.25, 7.25], "texture": "#1"},
				"south": {"uv": [8.25, 5.5, 9.5, 7.25], "texture": "#1"},
				"west": {"uv": [9.75, 5.5, 10.75, 7.25], "texture": "#1"},
				"up": {"uv": [8.25, 9.75, 9.5, 10.75], "texture": "#1"},
				"down": {"uv": [7.75, 10.75, 6.5, 9.75], "texture": "#1"}
			}
		},
		{
			"name": "Element",
			"from": [8.25, 8.75, 5.5],
			"to": [9.5, 10.5, 6.5],
			"faces": {
				"north": {"uv": [6.5, 5.5, 7.75, 7.25], "texture": "#1"},
				"east": {"uv": [9.5, 5.5, 10.5, 7.25], "texture": "#1"},
				"south": {"uv": [8.25, 5.5, 9.5, 7.25], "texture": "#1"},
				"west": {"uv": [5.5, 5.5, 6.5, 7.25], "texture": "#1"},
				"up": {"uv": [8.25, 5.5, 9.5, 6.5], "texture": "#1"},
				"down": {"uv": [7.75, 6.5, 6.5, 5.5], "texture": "#1"}
			}
		},
		{
			"name": "Element",
			"from": [8.25, 10.75, 6.75],
			"to": [9.5, 11.75, 9.5],
			"faces": {
				"north": {"uv": [6.5, 4.25, 7.75, 5.25], "texture": "#1"},
				"east": {"uv": [6.5, 4.25, 9.25, 5.25], "texture": "#1"},
				"south": {"uv": [8.25, 4.25, 9.5, 5.25], "texture": "#1"},
				"west": {"uv": [6.75, 4.25, 9.5, 5.25], "texture": "#1"},
				"up": {"uv": [8.25, 6.75, 9.5, 9.5], "texture": "#1"},
				"down": {"uv": [7.75, 9.5, 6.5, 6.75], "texture": "#1"}
			}
		},
		{
			"name": "Element",
			"from": [8.25, 10.25, 9.5],
			"to": [9.5, 11.5, 10.25],
			"faces": {
				"north": {"uv": [6.5, 4.5, 7.75, 5.75], "texture": "#1"},
				"east": {"uv": [5.75, 4.5, 6.5, 5.75], "texture": "#1"},
				"south": {"uv": [8.25, 4.5, 9.5, 5.75], "texture": "#1"},
				"west": {"uv": [9.5, 4.5, 10.25, 5.75], "texture": "#1"},
				"up": {"uv": [8.25, 9.5, 9.5, 10.25], "texture": "#1"},
				"down": {"uv": [7.75, 10.25, 6.5, 9.5], "texture": "#1"}
			}
		},
		{
			"name": "Element",
			"from": [8.25, 10.25, 6],
			"to": [9.5, 11.5, 6.75],
			"faces": {
				"north": {"uv": [6.5, 4.5, 7.75, 5.75], "texture": "#1"},
				"east": {"uv": [9.25, 4.5, 10, 5.75], "texture": "#1"},
				"south": {"uv": [8.25, 4.5, 9.5, 5.75], "texture": "#1"},
				"west": {"uv": [6, 4.5, 6.75, 5.75], "texture": "#1"},
				"up": {"uv": [8.25, 6, 9.5, 6.75], "texture": "#1"},
				"down": {"uv": [7.75, 6.75, 6.5, 6], "texture": "#1"}
			}
		},
		{
			"name": "Element",
			"from": [8.25, 10.5, 9.25],
			"to": [9.5, 11.25, 10.5],
			"faces": {
				"north": {"uv": [6.5, 4.75, 7.75, 5.5], "texture": "#1"},
				"east": {"uv": [5.5, 4.75, 6.75, 5.5], "texture": "#1"},
				"south": {"uv": [8.25, 4.75, 9.5, 5.5], "texture": "#1"},
				"west": {"uv": [9.25, 4.75, 10.5, 5.5], "texture": "#1"},
				"up": {"uv": [8.25, 9.25, 9.5, 10.5], "texture": "#1"},
				"down": {"uv": [7.75, 10.5, 6.5, 9.25], "texture": "#1"}
			}
		},
		{
			"name": "Element",
			"from": [8.25, 10.5, 5.75],
			"to": [9.5, 11.25, 7],
			"faces": {
				"north": {"uv": [6.5, 4.75, 7.75, 5.5], "texture": "#1"},
				"east": {"uv": [9, 4.75, 10.25, 5.5], "texture": "#1"},
				"south": {"uv": [8.25, 4.75, 9.5, 5.5], "texture": "#1"},
				"west": {"uv": [5.75, 4.75, 7, 5.5], "texture": "#1"},
				"up": {"uv": [8.25, 5.75, 9.5, 7], "texture": "#1"},
				"down": {"uv": [7.75, 7, 6.5, 5.75], "texture": "#1"}
			}
		},
		{
			"name": "Element",
			"from": [15, 5.5, 6],
			"to": [16.5, 9.5, 10.25],
			"faces": {
				"north": {"uv": [0, 6.5, 1, 10.5], "texture": "#1"},
				"east": {"uv": [5.75, 6.5, 10, 10.5], "texture": "#1", "cullface": "east"},
				"south": {"uv": [15, 6.5, 16, 10.5], "texture": "#1"},
				"west": {"uv": [6, 6.5, 10.25, 10.5], "texture": "#1"},
				"up": {"uv": [15, 6, 16, 10.25], "texture": "#1"},
				"down": {"uv": [1, 10.25, 0, 6], "texture": "#1"}
			}
		},
		{
			"name": "Element",
			"from": [16.5, 5.75, 6.25],
			"to": [17.5, 9.5, 10],
			"faces": {
				"north": {"uv": [0, 6.5, 0, 10.25], "texture": "#1"},
				"east": {"uv": [6, 6.5, 9.75, 10.25], "texture": "#1", "cullface": "east"},
				"south": {"uv": [16, 6.5, 16, 10.25], "texture": "#1"},
				"up": {"uv": [16, 6.25, 16, 10], "texture": "#1"},
				"down": {"uv": [0, 10, 0, 6.25], "texture": "#1"}
			}
		},
		{
			"name": "Element",
			"from": [17.5, 6, 6.5],
			"to": [18, 9.5, 9.75],
			"faces": {
				"north": {"uv": [0, 6.5, 0, 10], "texture": "#1"},
				"east": {"uv": [6.25, 6.5, 9.5, 10], "texture": "#1", "cullface": "east"},
				"south": {"uv": [16, 6.5, 16, 10], "texture": "#1"},
				"up": {"uv": [16, 6.5, 16, 9.75], "texture": "#1"},
				"down": {"uv": [0, 9.75, 0, 6.5], "texture": "#1"}
			}
		},
		{
			"name": "Element",
			"from": [18, 6.5, 7],
			"to": [18.25, 9.5, 9.5],
			"faces": {
				"north": {"uv": [0, 6.5, 0, 9.5], "texture": "#1"},
				"east": {"uv": [6.5, 6.5, 9, 9.5], "texture": "#1", "cullface": "east"},
				"south": {"uv": [16, 6.5, 16, 9.5], "texture": "#1"},
				"up": {"uv": [16, 7, 16, 9.5], "texture": "#1"},
				"down": {"uv": [0, 9.5, 0, 7], "texture": "#1"}
			}
		},
		{
			"name": "Element",
			"from": [21.15, 6.4, 7.45],
			"to": [22.15, 10.15, 8.55],
			"rotation": {"angle": 0, "axis": "z", "origin": [18.05, 12, 7.25]},
			"faces": {
				"north": {"uv": [7, 0, 8.5, 3.5], "texture": "#1"},
				"east": {"uv": [7.5, 0, 8.5, 3.5], "texture": "#1", "cullface": "east"},
				"south": {"uv": [7.5, 0, 9, 3.5], "texture": "#1"},
				"west": {"uv": [7.5, 0, 8.5, 3.5], "texture": "#1"},
				"up": {"uv": [7.5, 7.5, 9, 8.5], "texture": "#1"},
				"down": {"uv": [8.5, 8.5, 7, 7.5], "texture": "#1"}
			}
		},
		{
			"name": "Element",
			"from": [21.35, 10.15, 7.65],
			"to": [21.95, 10.45, 8.35],
			"rotation": {"angle": 0, "axis": "z", "origin": [18.05, 12, 7.25]},
			"faces": {
				"north": {"uv": [7, 0, 8.5, 3.5], "texture": "#1"},
				"east": {"uv": [7.5, 0, 8.5, 3.5], "texture": "#1", "cullface": "east"},
				"south": {"uv": [7.5, 0, 9, 3.5], "texture": "#1"},
				"west": {"uv": [7.5, 0, 8.5, 3.5], "texture": "#1"},
				"up": {"uv": [7.5, 7.5, 9, 8.5], "texture": "#1"},
				"down": {"uv": [8.5, 8.5, 7, 7.5], "texture": "#1"}
			}
		},
		{
			"name": "Element",
			"from": [18, 6.4, 7.45],
			"to": [21.15, 7.4, 8.55],
			"rotation": {"angle": 0, "axis": "z", "origin": [18.05, 12, 7.25]},
			"faces": {
				"north": {"uv": [7, 0, 8.5, 3.5], "rotation": 270, "texture": "#1"},
				"east": {"uv": [7.5, 7.5, 9, 8.5], "rotation": 90, "texture": "#1"},
				"south": {"uv": [7.5, 0, 9, 3.5], "rotation": 90, "texture": "#1"},
				"west": {"uv": [8.5, 8.5, 7, 7.5], "rotation": 90, "texture": "#1"},
				"up": {"uv": [7.5, 0, 8.5, 3.5], "rotation": 90, "texture": "#1"},
				"down": {"uv": [7.5, 0, 8.5, 3.5], "rotation": 90, "texture": "#1", "cullface": "east"}
			}
		},
		{
			"name": "Element",
			"from": [10.25, 7.25, 10.5],
			"to": [13.5, 8.25, 11],
			"faces": {
				"east": {"uv": [5, 7.75, 5.5, 8.75], "texture": "#1"},
				"west": {"uv": [10.5, 7.75, 11, 8.75], "texture": "#1"},
				"up": {"uv": [10.25, 10.5, 13.5, 11], "texture": "#1"},
				"down": {"uv": [5.75, 11, 2.5, 10.5], "texture": "#1"}
			}
		},
		{
			"name": "Element",
			"from": [9.5, 4.25, 11],
			"to": [14.25, 8.75, 12.75],
			"faces": {
				"north": {"uv": [1.75, 7.25, 6.5, 11.75], "texture": "#1"},
				"east": {"uv": [3.25, 7.25, 5, 11.75], "texture": "#1"},
				"south": {"uv": [9.5, 7.25, 14.25, 11.75], "texture": "#1"},
				"west": {"uv": [11, 7.25, 12.75, 11.75], "texture": "#1"},
				"up": {"uv": [9.5, 11, 14.25, 12.75], "texture": "#1"},
				"down": {"uv": [6.5, 12.75, 1.75, 11], "texture": "#1"}
			}
		},
		{
			"name": "Element",
			"from": [9.75, 4.25, 12.75],
			"to": [14, 8.5, 13.5],
			"faces": {
				"east": {"uv": [2.5, 7.5, 3.25, 11.75], "texture": "#1"},
				"south": {"uv": [9.75, 7.5, 14, 11.75], "texture": "#1"},
				"west": {"uv": [12.75, 7.5, 13.5, 11.75], "texture": "#1"},
				"up": {"uv": [9.75, 12.75, 14, 13.5], "texture": "#1"},
				"down": {"uv": [6.25, 13.5, 2, 12.75], "texture": "#1"}
			}
		},
		{
			"name": "Element",
			"from": [10.25, 4.25, 13.5],
			"to": [13.5, 8.25, 13.75],
			"faces": {
				"east": {"uv": [2.25, 7.75, 2.5, 11.75], "texture": "#1"},
				"south": {"uv": [10.25, 7.75, 13.5, 11.75], "texture": "#1"},
				"west": {"uv": [13.5, 7.75, 13.75, 11.75], "texture": "#1"},
				"up": {"uv": [10.25, 13.5, 13.5, 13.75], "texture": "#1"},
				"down": {"uv": [5.75, 13.75, 2.5, 13.5], "texture": "#1"}
			}
		},
		{
			"name": "Cube",
			"from": [-7.75, 8.1, 6.45],
			"to": [8, 8.35, 6.95],
			"faces": {
				"north": {"uv": [15, 0, 16, 1.25], "texture": "#2"},
				"south": {"uv": [15, 0, 16, 1.25], "texture": "#2"},
				"west": {"uv": [15, 0, 16, 1.25], "texture": "#2", "cullface": "west"},
				"up": {"uv": [15, 0, 16, 1.25], "texture": "#2"},
				"down": {"uv": [15, 0, 16, 1.25], "texture": "#2"}
			}
		},
		{
			"name": "Cube",
			"from": [-7.75, 8.1, 9.25],
			"to": [8, 8.35, 9.75],
			"faces": {
				"north": {"uv": [15, 0, 16, 1.25], "texture": "#2"},
				"south": {"uv": [15, 0, 16, 1.25], "texture": "#2"},
				"west": {"uv": [15, 0, 16, 1.25], "texture": "#2", "cullface": "west"},
				"up": {"uv": [15, 0, 16, 1.25], "texture": "#2"},
				"down": {"uv": [15, 0, 16, 1.25], "texture": "#2"}
			}
		},
		{
			"name": "Cube",
			"from": [-7.75, 7.4, 6.45],
			"to": [8, 7.65, 6.95],
			"faces": {
				"north": {"uv": [15, 0, 16, 1.25], "texture": "#2"},
				"south": {"uv": [15, 0, 16, 1.25], "texture": "#2"},
				"west": {"uv": [15, 0, 16, 1.25], "texture": "#2", "cullface": "west"},
				"up": {"uv": [15, 0, 16, 1.25], "texture": "#2"},
				"down": {"uv": [16, 7.75, 8, 7.25], "texture": "#2"}
			}
		},
		{
			"name": "Cube",
			"from": [-7.75, 7.65, 6.9],
			"to": [8, 8.15, 7.15],
			"faces": {
				"north": {"uv": [15, 0, 16, 1.25], "texture": "#2"},
				"south": {"uv": [15, 0, 16, 1.25], "texture": "#2"},
				"west": {"uv": [15, 0, 16, 1.25], "texture": "#2", "cullface": "west"},
				"up": {"uv": [15, 0, 16, 1.25], "texture": "#2"},
				"down": {"uv": [15, 0, 16, 1.25], "texture": "#2"}
			}
		},
		{
			"name": "Cube",
			"from": [-7.75, 7.65, 6.2],
			"to": [8, 8.15, 6.45],
			"faces": {
				"north": {"uv": [15, 0, 16, 1.25], "texture": "#2"},
				"south": {"uv": [15, 0, 16, 1.25], "texture": "#2"},
				"west": {"uv": [15, 0, 16, 1.25], "texture": "#2", "cullface": "west"},
				"up": {"uv": [15, 0, 16, 1.25], "texture": "#2"},
				"down": {"uv": [15, 0, 16, 1.25], "texture": "#2"}
			}
		},
		{
			"name": "Cube",
			"from": [-7.75, 7.4, 9.25],
			"to": [8, 7.65, 9.75],
			"faces": {
				"north": {"uv": [15, 0, 16, 1.25], "texture": "#2"},
				"south": {"uv": [15, 0, 16, 1.25], "texture": "#2"},
				"west": {"uv": [15, 0, 16, 1.25], "texture": "#2", "cullface": "west"},
				"up": {"uv": [15, 0, 16, 1.25], "texture": "#2"},
				"down": {"uv": [15, 0, 16, 1.25], "texture": "#2"}
			}
		},
		{
			"name": "Cube",
			"from": [-7.75, 7.65, 9.7],
			"to": [8, 8.15, 9.95],
			"faces": {
				"north": {"uv": [15, 0, 16, 1.25], "texture": "#2"},
				"south": {"uv": [15, 0, 16, 1.25], "texture": "#2"},
				"west": {"uv": [15, 0, 16, 1.25], "texture": "#2", "cullface": "west"},
				"up": {"uv": [15, 0, 16, 1.25], "texture": "#2"},
				"down": {"uv": [15, 0, 16, 1.25], "texture": "#2"}
			}
		},
		{
			"name": "Cube",
			"from": [-7.75, 7.65, 9],
			"to": [8, 8.15, 9.25],
			"faces": {
				"north": {"uv": [15, 0, 16, 1.25], "texture": "#2"},
				"south": {"uv": [15, 0, 16, 1.25], "texture": "#2"},
				"west": {"uv": [15, 0, 16, 1.25], "texture": "#2", "cullface": "west"},
				"up": {"uv": [15, 0, 16, 1.25], "texture": "#2"},
				"down": {"uv": [15, 0, 16, 1.25], "texture": "#2"}
			}
		},
		{
			"name": "Cube",
			"from": [-7.75, 6.1, 6.45],
			"to": [8, 6.35, 6.95],
			"faces": {
				"north": {"uv": [15, 0, 16, 1.25], "texture": "#2"},
				"south": {"uv": [15, 0, 16, 1.25], "texture": "#2"},
				"west": {"uv": [15, 0, 16, 1.25], "texture": "#2", "cullface": "west"},
				"up": {"uv": [15, 0, 16, 1.25], "texture": "#2"},
				"down": {"uv": [15, 0, 16, 1.25], "texture": "#2"}
			}
		},
		{
			"name": "Cube",
			"from": [-7.75, 6.35, 6.9],
			"to": [8, 6.85, 7.15],
			"faces": {
				"north": {"uv": [15, 0, 16, 1.25], "texture": "#2"},
				"south": {"uv": [15, 0, 16, 1.25], "texture": "#2"},
				"west": {"uv": [15, 0, 16, 1.25], "texture": "#2", "cullface": "west"},
				"up": {"uv": [15, 0, 16, 1.25], "texture": "#2"},
				"down": {"uv": [15, 0, 16, 1.25], "texture": "#2"}
			}
		},
		{
			"name": "Cube",
			"from": [-7.75, 6.35, 6.2],
			"to": [8, 6.85, 6.45],
			"faces": {
				"north": {"uv": [15, 0, 16, 1.25], "texture": "#2"},
				"south": {"uv": [15, 0, 16, 1.25], "texture": "#2"},
				"west": {"uv": [15, 0, 16, 1.25], "texture": "#2", "cullface": "west"},
				"up": {"uv": [15, 0, 16, 1.25], "texture": "#2"},
				"down": {"uv": [15, 0, 16, 1.25], "texture": "#2"}
			}
		},
		{
			"name": "Cube",
			"from": [-7.75, 5.75, 8.35],
			"to": [8, 6.25, 8.6],
			"faces": {
				"north": {"uv": [15, 0, 16, 1.25], "texture": "#2"},
				"south": {"uv": [15, 0, 16, 1.25], "texture": "#2"},
				"west": {"uv": [15, 0, 16, 1.25], "texture": "#2", "cullface": "west"},
				"up": {"uv": [15, 0, 16, 1.25], "texture": "#2"},
				"down": {"uv": [15, 0, 16, 1.25], "texture": "#2"}
			}
		},
		{
			"name": "Cube",
			"from": [-7.75, 6.8, 6.45],
			"to": [8, 7.05, 6.95],
			"faces": {
				"north": {"uv": [15, 0, 16, 1.25], "texture": "#2"},
				"south": {"uv": [15, 0, 16, 1.25], "texture": "#2"},
				"west": {"uv": [15, 0, 16, 1.25], "texture": "#2", "cullface": "west"},
				"up": {"uv": [15, 0, 16, 1.25], "texture": "#2"},
				"down": {"uv": [15, 0, 16, 1.25], "texture": "#2"}
			}
		},
		{
			"name": "Cube",
			"from": [-7.75, 6.8, 9.25],
			"to": [8, 7.05, 9.75],
			"faces": {
				"north": {"uv": [15, 0, 16, 1.25], "texture": "#2"},
				"south": {"uv": [15, 0, 16, 1.25], "texture": "#2"},
				"west": {"uv": [15, 0, 16, 1.25], "texture": "#2", "cullface": "west"},
				"up": {"uv": [15, 0, 16, 1.25], "texture": "#2"},
				"down": {"uv": [15, 0, 16, 1.25], "texture": "#2"}
			}
		},
		{
			"name": "Cube",
			"from": [-7.75, 6.1, 9.25],
			"to": [8, 6.35, 9.75],
			"faces": {
				"north": {"uv": [15, 0, 16, 1.25], "texture": "#2"},
				"south": {"uv": [15, 0, 16, 1.25], "texture": "#2"},
				"west": {"uv": [15, 0, 16, 1.25], "texture": "#2", "cullface": "west"},
				"up": {"uv": [15, 0, 16, 1.25], "texture": "#2"},
				"down": {"uv": [15, 0, 16, 1.25], "texture": "#2"}
			}
		},
		{
			"name": "Cube",
			"from": [-7.75, 6.35, 9],
			"to": [8, 6.85, 9.25],
			"faces": {
				"north": {"uv": [15, 0, 16, 1.25], "texture": "#2"},
				"south": {"uv": [15, 0, 16, 1.25], "texture": "#2"},
				"west": {"uv": [15, 0, 16, 1.25], "texture": "#2", "cullface": "west"},
				"up": {"uv": [15, 0, 16, 1.25], "texture": "#2"},
				"down": {"uv": [15, 0, 16, 1.25], "texture": "#2"}
			}
		},
		{
			"name": "Cube",
			"from": [-7.75, 6.35, 9.7],
			"to": [8, 6.85, 9.95],
			"faces": {
				"north": {"uv": [15, 0, 16, 1.25], "texture": "#2"},
				"south": {"uv": [15, 0, 16, 1.25], "texture": "#2"},
				"west": {"uv": [15, 0, 16, 1.25], "texture": "#2", "cullface": "west"},
				"up": {"uv": [15, 0, 16, 1.25], "texture": "#2"},
				"down": {"uv": [15, 0, 16, 1.25], "texture": "#2"}
			}
		},
		{
			"name": "Cube",
			"from": [-7.75, 8.35, 7.7],
			"to": [8, 8.85, 7.95],
			"faces": {
				"north": {"uv": [15, 0, 16, 1.25], "texture": "#2"},
				"south": {"uv": [15, 0, 16, 1.25], "texture": "#2"},
				"west": {"uv": [15, 0, 16, 1.25], "texture": "#2", "cullface": "west"},
				"up": {"uv": [15, 0, 16, 1.25], "texture": "#2"},
				"down": {"uv": [15, 0, 16, 1.25], "texture": "#2"}
			}
		},
		{
			"name": "Cube",
			"from": [-7.75, 8.35, 8.3],
			"to": [8, 8.85, 8.55],
			"faces": {
				"north": {"uv": [15, 0, 16, 1.25], "texture": "#2"},
				"south": {"uv": [15, 0, 16, 1.25], "texture": "#2"},
				"west": {"uv": [15, 0, 16, 1.25], "texture": "#2", "cullface": "west"},
				"up": {"uv": [15, 0, 16, 1.25], "texture": "#2"},
				"down": {"uv": [15, 0, 16, 1.25], "texture": "#2"}
			}
		},
		{
			"name": "Cube",
			"from": [-7.75, 8.8, 7.85],
			"to": [8, 9.05, 8.35],
			"faces": {
				"north": {"uv": [15, 0, 16, 1.25], "texture": "#2"},
				"south": {"uv": [15, 0, 16, 1.25], "texture": "#2"},
				"west": {"uv": [15, 0, 16, 1.25], "texture": "#2", "cullface": "west"},
				"up": {"uv": [15, 0, 16, 1.25], "texture": "#2"},
				"down": {"uv": [15, 0, 16, 1.25], "texture": "#2"}
			}
		},
		{
			"name": "Cube",
			"from": [-7.75, 8.1, 7.85],
			"to": [8, 8.35, 8.35],
			"faces": {
				"north": {"uv": [15, 0, 16, 1.25], "texture": "#2"},
				"south": {"uv": [15, 0, 16, 1.25], "texture": "#2"},
				"west": {"uv": [15, 0, 16, 1.25], "texture": "#2", "cullface": "west"},
				"up": {"uv": [15, 0, 16, 1.25], "texture": "#2"},
				"down": {"uv": [15, 0, 16, 1.25], "texture": "#2"}
			}
		},
		{
			"name": "Cube",
			"from": [-7.75, 5.65, 7.7],
			"to": [8, 6.15, 7.95],
			"faces": {
				"north": {"uv": [15, 0, 16, 1.25], "texture": "#2"},
				"south": {"uv": [15, 0, 16, 1.25], "texture": "#2"},
				"west": {"uv": [15, 0, 16, 1.25], "texture": "#2", "cullface": "west"},
				"up": {"uv": [15, 0, 16, 1.25], "texture": "#2"},
				"down": {"uv": [15, 0, 16, 1.25], "texture": "#2"}
			}
		},
		{
			"name": "Cube",
			"from": [-7.75, 5.65, 8.3],
			"to": [8, 6.15, 8.55],
			"faces": {
				"north": {"uv": [15, 0, 16, 1.25], "texture": "#2"},
				"south": {"uv": [15, 0, 16, 1.25], "texture": "#2"},
				"west": {"uv": [15, 0, 16, 1.25], "texture": "#2", "cullface": "west"},
				"up": {"uv": [15, 0, 16, 1.25], "texture": "#2"},
				"down": {"uv": [15, 0, 16, 1.25], "texture": "#2"}
			}
		},
		{
			"name": "Cube",
			"from": [-7.75, 6.2, 7.85],
			"to": [8, 6.45, 8.35],
			"faces": {
				"north": {"uv": [15, 0, 16, 1.25], "texture": "#2"},
				"south": {"uv": [15, 0, 16, 1.25], "texture": "#2"},
				"west": {"uv": [15, 0, 16, 1.25], "texture": "#2", "cullface": "west"},
				"up": {"uv": [15, 0, 16, 1.25], "texture": "#2"},
				"down": {"uv": [15, 0, 16, 1.25], "texture": "#2"}
			}
		},
		{
			"name": "Cube",
			"from": [-7.75, 5.4, 7.85],
			"to": [8, 5.65, 8.35],
			"faces": {
				"north": {"uv": [15, 0, 16, 1.25], "texture": "#2"},
				"south": {"uv": [15, 0, 16, 1.25], "texture": "#2"},
				"west": {"uv": [15, 0, 16, 1.25], "texture": "#2", "cullface": "west"},
				"up": {"uv": [15, 0, 16, 1.25], "texture": "#2"},
				"down": {"uv": [15, 0, 16, 1.25], "texture": "#2"}
			}
		}
	],
	"display": {
		"thirdperson_righthand": {
			"rotation": [78.75, -90, 0],
			"translation": [0.25, 0.75, -1.5],
			"scale": [1.11, 1.1, 1.1]
		},
		"thirdperson_lefthand": {
			"rotation": [78.75, 90, 0],
			"translation": [0, 0.75, -1.5],
			"scale": [1.11, 1.1, 1.1]
		},
		"firstperson_righthand": {
			"rotation": [0, -90, 0],
			"translation": [0, 1.5, -0.25],
			"scale": [1.18, 1.16, 1.16]
		},
		"firstperson_lefthand": {
			"rotation": [0, 91, 0],
			"translation": [-0.25, 1.5, -0.25],
			"scale": [1.18, 1.16, 1.16]
		},
		"ground": {
			"scale": [1.2, 1.15, 1.15]
		},
		"gui": {
			"rotation": [0, 0, -45],
			"translation": [0.5, -0.25, 0],
			"scale": [0.75, 0.75, 0.78]
		},
		"fixed": {
			"rotation": [0, 180, -45],
			"translation": [-1.25, -0.5, -2.5],
			"scale": [1.36, 1.33, 1.33]
		}
	}
}