{
	"credit": "Made by SrDarmith - YouTube: Mainclay",
	"textures": {
		"particle": "itemm/anvil_1",
		"texture": "itemm/anvil_1"
	},
	"elements": [
		{
			"from": [0.5, 10.775, 7.75],
			"to": [6, 10.975, 8.25],
			"rotation": {"angle": 0, "axis": "y", "origin": [-5.75, 0.25, 0]},
			"faces": {
				"north": {"uv": [12.5, 5, 14, 5.25], "texture": "#texture"},
				"south": {"uv": [2, 5, 3.5, 5.25], "texture": "#texture"},
				"west": {"uv": [7.75, 5, 8.25, 5.25], "texture": "#texture"},
				"up": {"uv": [2, 7.75, 3.5, 8.25], "texture": "#texture"},
				"down": {"uv": [14, 8.25, 12.5, 7.75], "texture": "#texture"}
			}
		},
		{
			"from": [0.5, 10.225, 7.75],
			"to": [6, 10.425, 8.25],
			"rotation": {"angle": 0, "axis": "y", "origin": [-5.75, 0.25, 0]},
			"faces": {
				"north": {"uv": [12.5, 5.75, 14, 6], "texture": "#texture"},
				"south": {"uv": [2, 5.75, 3.5, 6], "texture": "#texture"},
				"west": {"uv": [7.75, 5.75, 8.25, 6], "texture": "#texture"},
				"up": {"uv": [2, 7.75, 3.5, 8.25], "texture": "#texture"},
				"down": {"uv": [14, 8.25, 12.5, 7.75], "texture": "#texture"}
			}
		},
		{
			"from": [0.5, 10.35, 8.175],
			"to": [6, 10.85, 8.375],
			"rotation": {"angle": 0, "axis": "y", "origin": [-5.75, 0.25, 0]},
			"faces": {
				"north": {"uv": [12.5, 5.25, 14, 5.75], "texture": "#texture"},
				"south": {"uv": [2, 5.25, 3.5, 5.75], "texture": "#texture"},
				"west": {"uv": [8.25, 5.25, 8.5, 5.75], "texture": "#texture"},
				"up": {"uv": [2, 8.25, 3.5, 8.5], "texture": "#texture"},
				"down": {"uv": [14, 8.5, 12.5, 8.25], "texture": "#texture"}
			}
		},
		{
			"from": [0.5, 10.35, 7.625],
			"to": [6, 10.85, 7.825],
			"rotation": {"angle": 0, "axis": "y", "origin": [-5.75, 0.25, 0]},
			"faces": {
				"north": {"uv": [12.5, 5.25, 14, 5.75], "texture": "#texture"},
				"south": {"uv": [2, 5.25, 3.5, 5.75], "texture": "#texture"},
				"west": {"uv": [7.5, 5.25, 7.75, 5.75], "texture": "#texture"},
				"up": {"uv": [2, 7.5, 3.5, 7.75], "texture": "#texture"},
				"down": {"uv": [14, 7.75, 12.5, 7.5], "texture": "#texture"}
			}
		},
		{
			"from": [11.5, 2, 7.5],
			"to": [12.875, 6, 8.5],
			"rotation": {"angle": 22.5, "axis": "z", "origin": [0, 0.25, 0]},
			"faces": {
				"north": {"uv": [6.75, 8.25, 8.25, 10.5], "texture": "#texture"},
				"east": {"uv": [7.5, 8.25, 8.5, 10.5], "texture": "#texture"},
				"south": {"uv": [7.75, 8.25, 9.25, 10.5], "texture": "#texture"},
				"west": {"uv": [7.5, 8.25, 8.5, 10.5], "texture": "#texture"},
				"up": {"uv": [7.75, 7.5, 9.25, 8.5], "texture": "#texture"},
				"down": {"uv": [8.25, 8.5, 6.75, 7.5], "texture": "#texture"}
			}
		},
		{
			"from": [9.95, 9.35, 7.5],
			"to": [10.225, 9.5, 8.5],
			"faces": {
				"north": {"uv": [6.75, 8.25, 8.25, 10.5], "texture": "#texture"},
				"east": {"uv": [7.5, 8.25, 8.5, 10.5], "texture": "#texture"},
				"south": {"uv": [7.75, 8.25, 9.25, 10.5], "texture": "#texture"},
				"west": {"uv": [7.5, 8.25, 8.5, 10.5], "texture": "#texture"},
				"up": {"uv": [7.75, 7.5, 9.25, 8.5], "texture": "#texture"},
				"down": {"uv": [8.25, 8.5, 6.75, 7.5], "texture": "#texture"}
			}
		},
		{
			"from": [11.375, 2, 7.5],
			"to": [11.5, 2.125, 8.5],
			"rotation": {"angle": 22.5, "axis": "z", "origin": [0, 0.25, 0]},
			"faces": {
				"north": {"uv": [6.75, 8.25, 8.25, 10.5], "texture": "#texture"},
				"east": {"uv": [7.5, 8.25, 8.5, 10.5], "texture": "#texture"},
				"south": {"uv": [7.75, 8.25, 9.25, 10.5], "texture": "#texture"},
				"west": {"uv": [7.5, 8.25, 8.5, 10.5], "texture": "#texture"},
				"up": {"uv": [7.75, 7.5, 9.25, 8.5], "texture": "#texture"},
				"down": {"uv": [8.25, 8.5, 6.75, 7.5], "texture": "#texture"}
			}
		},
		{
			"from": [6.95, 8.125, 7.75],
			"to": [7.2, 10.025, 8.25],
			"rotation": {"angle": 0, "axis": "y", "origin": [6.5, 9.25, 7.5]},
			"faces": {
				"north": {"uv": [9.5, 7.25, 10.75, 7.5], "rotation": 270, "texture": "#texture"},
				"east": {"uv": [5.25, 7.5, 6.5, 8.5], "rotation": 90, "texture": "#texture"},
				"south": {"uv": [5.25, 7.25, 6.5, 7.5], "rotation": 90, "texture": "#texture"},
				"west": {"uv": [10.75, 8.5, 9.5, 7.5], "rotation": 90, "texture": "#texture"},
				"up": {"uv": [7.5, 7.25, 8.5, 7.5], "rotation": 90, "texture": "#texture"},
				"down": {"uv": [7.5, 7.25, 8.5, 7.5], "rotation": 90, "texture": "#texture"}
			}
		},
		{
			"from": [7.2, 8.375, 7.75],
			"to": [9.25, 8.625, 8.25],
			"rotation": {"angle": 0, "axis": "y", "origin": [1, 0.25, 0]},
			"faces": {
				"north": {"uv": [8.5, 7.75, 9.75, 8], "texture": "#texture"},
				"south": {"uv": [6.25, 7.75, 7.5, 8], "texture": "#texture"},
				"west": {"uv": [7.5, 7.75, 8.5, 8], "texture": "#texture"},
				"up": {"uv": [6.25, 7.5, 7.5, 8.5], "texture": "#texture"},
				"down": {"uv": [9.75, 8.5, 8.5, 7.5], "texture": "#texture"}
			}
		},
		{
			"from": [8.35, 9.025, 7.875],
			"to": [8.6, 10.275, 8.125],
			"rotation": {"angle": -22.5, "axis": "z", "origin": [7.75, 10, 7.75]},
			"faces": {
				"north": {"uv": [8.25, 0, 8.5, 1], "texture": "#texture"},
				"east": {"uv": [7.5, 0, 8.5, 1], "texture": "#texture"},
				"south": {"uv": [7.5, 0, 7.75, 1], "texture": "#texture"},
				"west": {"uv": [7.5, 0, 8.5, 1], "texture": "#texture"},
				"up": {"uv": [7.5, 7.5, 7.75, 8.5], "texture": "#texture"},
				"down": {"uv": [8.5, 8.5, 8.25, 7.5], "texture": "#texture"}
			}
		},
		{
			"from": [6.225, 10.4, 7.325],
			"to": [6.475, 11.65, 7.575],
			"rotation": {"angle": 45, "axis": "x", "origin": [7.75, 9.75, 7.75]},
			"faces": {
				"north": {"uv": [16, 12, 15, 11], "rotation": 180, "texture": "#texture"},
				"east": {"uv": [16, 12, 15, 11], "rotation": 180, "texture": "#texture"},
				"south": {"uv": [16, 12, 15, 11], "rotation": 180, "texture": "#texture"},
				"west": {"uv": [16, 12, 15, 11], "rotation": 180, "texture": "#texture"},
				"up": {"uv": [16, 12, 15, 11], "texture": "#texture"},
				"down": {"uv": [16, 12, 15, 11], "texture": "#texture"}
			}
		},
		{
			"from": [5.6, 4.025, 7.625],
			"to": [6.85, 8.825, 8.375],
			"rotation": {"angle": 0, "axis": "y", "origin": [0, 0.25, 0]},
			"faces": {
				"north": {"uv": [16, 12, 15, 11], "texture": "#texture"},
				"east": {"uv": [16, 12, 15, 11], "texture": "#texture"},
				"south": {"uv": [16, 12, 15, 11], "texture": "#texture"},
				"west": {"uv": [16, 12, 15, 11], "texture": "#texture"},
				"down": {"uv": [16, 12, 15, 11], "texture": "#texture"}
			}
		},
		{
			"from": [4.9, 10.625, 7.95],
			"to": [5.075, 11.35, 8.05],
			"rotation": {"angle": 0, "axis": "y", "origin": [1.25, 3.25, 0]},
			"faces": {
				"north": {"uv": [11.25, 4, 11.75, 4.25], "texture": "#texture"},
				"east": {"uv": [7.875, 4, 8.125, 4.25], "texture": "#texture"},
				"south": {"uv": [4.25, 4, 4.75, 4.25], "texture": "#texture"},
				"west": {"uv": [7.875, 4, 8.125, 4.25], "texture": "#texture"},
				"up": {"uv": [4.25, 7.875, 4.75, 8.125], "texture": "#texture"},
				"down": {"uv": [0, 0, 0, 0], "texture": "#texture"}
			}
		},
		{
			"from": [10, 10.45, 8.2],
			"to": [10.225, 11.45, 8.35],
			"rotation": {"angle": 0, "axis": "y", "origin": [5.325, 14.875, 8.25]},
			"faces": {
				"north": {"uv": [11.25, 4, 12, 4.75], "texture": "#texture"},
				"east": {"uv": [7.5, 4, 7.75, 4.75], "texture": "#texture"},
				"south": {"uv": [4, 4, 4.75, 4.75], "texture": "#texture"},
				"west": {"uv": [0, 0, 0, 0], "texture": "#texture"},
				"up": {"uv": [4, 8.25, 4.75, 8.5], "texture": "#texture"},
				"down": {"uv": [0, 0, 0, 0], "texture": "#texture"}
			}
		},
		{
			"from": [10, 10.45, 7.625],
			"to": [10.225, 11.45, 7.775],
			"rotation": {"angle": 0, "axis": "y", "origin": [5.325, 14.875, 7.5]},
			"faces": {
				"north": {"uv": [11.25, 4, 12, 4.75], "texture": "#texture"},
				"east": {"uv": [8.25, 4, 8.5, 4.75], "texture": "#texture"},
				"south": {"uv": [4, 4, 4.75, 4.75], "texture": "#texture"},
				"west": {"uv": [0, 0, 0, 0], "texture": "#texture"},
				"up": {"uv": [4, 7.5, 4.75, 7.75], "texture": "#texture"},
				"down": {"uv": [0, 0, 0, 0], "texture": "#texture"}
			}
		},
		{
			"from": [4.775, 10.45, 7.625],
			"to": [5.1, 11.45, 7.775],
			"rotation": {"angle": 0, "axis": "y", "origin": [5.325, 14.875, 7.5]},
			"faces": {
				"north": {"uv": [11.25, 4, 12, 4.75], "texture": "#texture"},
				"east": {"uv": [8.25, 4, 8.5, 4.75], "texture": "#texture"},
				"south": {"uv": [4, 4, 4.75, 4.75], "texture": "#texture"},
				"west": {"uv": [0, 0, 0, 0], "texture": "#texture"},
				"up": {"uv": [4, 7.5, 4.75, 7.75], "texture": "#texture"},
				"down": {"uv": [0, 0, 0, 0], "texture": "#texture"}
			}
		},
		{
			"from": [4.775, 10.45, 8.2],
			"to": [5.1, 11.45, 8.35],
			"rotation": {"angle": 0, "axis": "y", "origin": [5.325, 14.875, 8.25]},
			"faces": {
				"north": {"uv": [11.25, 4, 12, 4.75], "texture": "#texture"},
				"east": {"uv": [7.5, 4, 7.75, 4.75], "texture": "#texture"},
				"south": {"uv": [4, 4, 4.75, 4.75], "texture": "#texture"},
				"west": {"uv": [0, 0, 0, 0], "texture": "#texture"},
				"up": {"uv": [4, 8.25, 4.75, 8.5], "texture": "#texture"},
				"down": {"uv": [0, 0, 0, 0], "texture": "#texture"}
			}
		},
		{
			"from": [12.875, 2, 7.6],
			"to": [13, 3.75, 8.4],
			"rotation": {"angle": 22.5, "axis": "z", "origin": [0, 0.25, 0]},
			"faces": {
				"north": {"uv": [12.25, 8.55, 13.75, 8.8], "texture": "#texture"},
				"east": {"uv": [12.8, 7.95, 13.8, 8.8], "texture": "#texture"},
				"south": {"uv": [12.45, 7.55, 13.95, 8.8], "texture": "#texture"},
				"west": {"uv": [12.8, 7.95, 13.8, 8.8], "texture": "#texture"},
				"up": {"uv": [12.85, 7.4, 14.35, 7.6], "texture": "#texture"},
				"down": {"uv": [13.95, 8.6, 12.45, 7.6], "texture": "#texture"}
			}
		},
		{
			"from": [5.5, 8.125, 7.375],
			"to": [6.95, 10.25, 8.625],
			"rotation": {"angle": 0, "axis": "y", "origin": [0.25, 0.5, 0]},
			"faces": {
				"north": {"uv": [9.85, 5.4, 12.85, 4.1], "texture": "#texture"},
				"east": {"uv": [12.35, 5.4, 9.85, 4.1], "texture": "#texture"},
				"south": {"uv": [9.35, 5.4, 12.35, 4.1], "texture": "#texture"},
				"west": {"uv": [12.35, 5.4, 9.85, 4.1], "texture": "#texture"},
				"up": {"uv": [10.15, 5.6, 13.15, 4.25], "texture": "#texture"},
				"down": {"uv": [0, 0, 0, 0], "texture": "#texture"}
			}
		},
		{
			"from": [4.75, 10, 7.225],
			"to": [10.7, 10.75, 8.775],
			"rotation": {"angle": 0, "axis": "y", "origin": [0.25, 0.25, 0]},
			"faces": {
				"north": {"uv": [9.85, 5.4, 12.85, 4.1], "texture": "#texture"},
				"east": {"uv": [12.35, 5.4, 9.85, 4.1], "texture": "#texture"},
				"south": {"uv": [9.35, 5.4, 12.35, 4.1], "texture": "#texture"},
				"west": {"uv": [12.35, 5.4, 9.85, 4.1], "texture": "#texture"},
				"up": {"uv": [10.15, 5.6, 13.15, 4.25], "texture": "#texture"},
				"down": {"uv": [0, 0, 0, 0], "texture": "#texture"}
			}
		},
		{
			"from": [4.75, 9.5, 7.475],
			"to": [10.7, 10, 8.525],
			"rotation": {"angle": 0, "axis": "y", "origin": [0.25, 0.25, 0]},
			"faces": {
				"north": {"uv": [9.85, 5.4, 12.85, 4.1], "texture": "#texture"},
				"east": {"uv": [12.35, 5.4, 9.85, 4.1], "texture": "#texture"},
				"south": {"uv": [9.35, 5.4, 12.35, 4.1], "texture": "#texture"},
				"west": {"uv": [12.35, 5.4, 9.85, 4.1], "texture": "#texture"},
				"up": {"uv": [10.15, 5.6, 13.15, 4.25], "texture": "#texture"},
				"down": {"uv": [0, 0, 0, 0], "texture": "#texture"}
			}
		},
		{
			"from": [10.7, 9.9, 7.475],
			"to": [10.875, 10.825, 8.525],
			"rotation": {"angle": 0, "axis": "y", "origin": [0.25, 0.25, 0]},
			"faces": {
				"north": {"uv": [9.85, 5.4, 12.85, 4.1], "texture": "#texture"},
				"east": {"uv": [12.35, 5.4, 9.85, 4.1], "texture": "#texture"},
				"south": {"uv": [9.35, 5.4, 12.35, 4.1], "texture": "#texture"},
				"west": {"uv": [12.35, 5.4, 9.85, 4.1], "texture": "#texture"},
				"up": {"uv": [10.15, 5.6, 13.15, 4.25], "texture": "#texture"},
				"down": {"uv": [0, 0, 0, 0], "texture": "#texture"}
			}
		},
		{
			"from": [4.75, 10.75, 7.4],
			"to": [10.7, 11, 8.075],
			"rotation": {"angle": 0, "axis": "y", "origin": [0.25, 0.25, 0]},
			"faces": {
				"north": {"uv": [9.85, 5.4, 12.85, 4.1], "texture": "#texture"},
				"east": {"uv": [12.35, 5.4, 9.85, 4.1], "texture": "#texture"},
				"south": {"uv": [9.35, 5.4, 12.35, 4.1], "texture": "#texture"},
				"west": {"uv": [12.35, 5.4, 9.85, 4.1], "texture": "#texture"},
				"up": {"uv": [10.15, 5.6, 13.15, 4.25], "texture": "#texture"},
				"down": {"uv": [0, 0, 0, 0], "texture": "#texture"}
			}
		},
		{
			"from": [8, 10.75, 8.075],
			"to": [10.7, 11, 8.575],
			"rotation": {"angle": 0, "axis": "y", "origin": [0.25, 0.25, 0]},
			"faces": {
				"north": {"uv": [9.85, 5.4, 12.85, 4.1], "texture": "#texture"},
				"east": {"uv": [12.35, 5.4, 9.85, 4.1], "texture": "#texture"},
				"south": {"uv": [9.35, 5.4, 12.35, 4.1], "texture": "#texture"},
				"west": {"uv": [12.35, 5.4, 9.85, 4.1], "texture": "#texture"},
				"up": {"uv": [10.15, 5.6, 13.15, 4.25], "texture": "#texture"},
				"down": {"uv": [0, 0, 0, 0], "texture": "#texture"}
			}
		},
		{
			"from": [6.225, 10.75, 8.075],
			"to": [8, 11, 8.575],
			"rotation": {"angle": 0, "axis": "y", "origin": [0.25, 0.25, 0]},
			"faces": {
				"north": {"uv": [16, 12, 15, 11], "texture": "#texture"},
				"east": {"uv": [16, 12, 15, 11], "texture": "#texture"},
				"south": {"uv": [16, 12, 15, 11], "texture": "#texture"},
				"west": {"uv": [16, 12, 15, 11], "texture": "#texture"},
				"up": {"uv": [16, 12, 15, 11], "texture": "#texture"},
				"down": {"uv": [0, 0, 0, 0], "texture": "#texture"}
			}
		},
		{
			"from": [4.75, 10.75, 8.075],
			"to": [6.2, 11, 8.575],
			"rotation": {"angle": 0, "axis": "y", "origin": [0.25, 0.25, 0]},
			"faces": {
				"north": {"uv": [9.85, 5.4, 12.85, 4.1], "texture": "#texture"},
				"east": {"uv": [12.35, 5.4, 9.85, 4.1], "texture": "#texture"},
				"south": {"uv": [9.35, 5.4, 12.35, 4.1], "texture": "#texture"},
				"west": {"uv": [12.35, 5.4, 9.85, 4.1], "texture": "#texture"},
				"up": {"uv": [10.15, 5.6, 13.15, 4.25], "texture": "#texture"},
				"down": {"uv": [0, 0, 0, 0], "texture": "#texture"}
			}
		},
		{
			"from": [4.75, 11, 7.625],
			"to": [10.7, 11.25, 8.35],
			"rotation": {"angle": 0, "axis": "y", "origin": [0.25, 0.25, 0]},
			"faces": {
				"north": {"uv": [9.85, 5.4, 12.85, 4.1], "texture": "#texture"},
				"east": {"uv": [12.35, 5.4, 9.85, 4.1], "texture": "#texture"},
				"south": {"uv": [9.35, 5.4, 12.35, 4.1], "texture": "#texture"},
				"west": {"uv": [12.35, 5.4, 9.85, 4.1], "texture": "#texture"},
				"up": {"uv": [10.15, 5.6, 13.15, 4.25], "texture": "#texture"},
				"down": {"uv": [0, 0, 0, 0], "texture": "#texture"}
			}
		},
		{
			"from": [0.8, 11, 7.625],
			"to": [4.75, 11.25, 8.35],
			"rotation": {"angle": 0, "axis": "y", "origin": [0.25, 0.25, 0]},
			"faces": {
				"north": {"uv": [6, 15, 1, 12], "texture": "#texture"},
				"east": {"uv": [6, 15, 1, 12], "texture": "#texture"},
				"south": {"uv": [6, 15, 1, 12], "texture": "#texture"},
				"west": {"uv": [6, 15, 1, 12], "texture": "#texture"},
				"up": {"uv": [6, 15, 1, 12], "texture": "#texture"},
				"down": {"uv": [6, 15, 1, 12], "texture": "#texture"}
			}
		},
		{
			"from": [0.8, 9.95, 7.625],
			"to": [4.75, 10.2, 8.35],
			"rotation": {"angle": 0, "axis": "y", "origin": [0.25, 0.25, 0]},
			"faces": {
				"north": {"uv": [6, 15, 1, 12], "texture": "#texture"},
				"east": {"uv": [6, 15, 1, 12], "texture": "#texture"},
				"south": {"uv": [6, 15, 1, 12], "texture": "#texture"},
				"west": {"uv": [6, 15, 1, 12], "texture": "#texture"},
				"up": {"uv": [6, 15, 1, 12], "texture": "#texture"},
				"down": {"uv": [6, 15, 1, 12], "texture": "#texture"}
			}
		},
		{
			"from": [0.8, 10.2, 8.325],
			"to": [4.75, 11, 8.575],
			"rotation": {"angle": 0, "axis": "x", "origin": [0.25, 0.25, 0]},
			"faces": {
				"north": {"uv": [6, 15, 1, 12], "rotation": 180, "texture": "#texture"},
				"east": {"uv": [6, 15, 1, 12], "rotation": 270, "texture": "#texture"},
				"south": {"uv": [6, 15, 1, 12], "texture": "#texture"},
				"west": {"uv": [6, 15, 1, 12], "rotation": 90, "texture": "#texture"},
				"up": {"uv": [6, 15, 1, 12], "rotation": 180, "texture": "#texture"},
				"down": {"uv": [6, 15, 1, 12], "texture": "#texture"}
			}
		},
		{
			"from": [0.8, 10.2, 7.4],
			"to": [4.75, 11, 7.65],
			"rotation": {"angle": 0, "axis": "y", "origin": [0.25, 0.25, 0]},
			"faces": {
				"north": {"uv": [6, 15, 1, 12], "rotation": 180, "texture": "#texture"},
				"east": {"uv": [6, 15, 1, 12], "rotation": 270, "texture": "#texture"},
				"south": {"uv": [6, 15, 1, 12], "texture": "#texture"},
				"west": {"uv": [6, 15, 1, 12], "rotation": 90, "texture": "#texture"},
				"up": {"uv": [6, 15, 1, 12], "rotation": 180, "texture": "#texture"},
				"down": {"uv": [6, 15, 1, 12], "texture": "#texture"}
			}
		}
	],
	"gui_light": "front",
	"display": {
		"thirdperson_righthand": {
			"rotation": [0, -90, 0],
			"translation": [0, -1.25, 1.25]
		},
		"thirdperson_lefthand": {
			"rotation": [0, 90, 0],
			"translation": [0, -1.25, 1.25]
		},
		"firstperson_righthand": {
			"rotation": [0, -90, 0],
			"translation": [0, 1.25, -0.25],
			"scale": [1, 1.02, 1]
		},
		"firstperson_lefthand": {
			"rotation": [0, 90, 0],
			"translation": [0, 1.25, -0.25],
			"scale": [1, 1.02, 1]
		},
		"ground": {
			"translation": [5, 2.75, 0],
			"scale": [1.15, 1.15, 1.15]
		},
		"gui": {
			"rotation": [0, 0, -45],
			"translation": [1.25, -2.75, 0],
			"scale": [0.9, 0.9, 1]
		},
		"head": {
			"translation": [1.25, 0, 0]
		},
		"fixed": {
			"rotation": [0, 180, -45],
			"translation": [-1.95, -3.65, -1.1],
			"scale": [1.35, 1.35, 1.35]
		}
	}
}