{
	"credit": "RPG Model made by Hunajameloni",
	"textures": {
		"texture": "items/rpg"
	},
	"elements": [
		{
			"from": [-13, 13.6875, 4],
			"to": [-9.125, 14.25, 5],
			"rotation": {"angle": 22.5, "axis": "z", "origin": [-13, 14.25, 4]},
			"faces": {
				"north": {"uv": [0, 3.5, 3.75, 4.5], "texture": "#texture"},
				"east": {"uv": [11, 3, 12, 4], "texture": "#texture"},
				"south": {"uv": [12.25, 3, 16, 4], "texture": "#texture"},
				"west": {"uv": [4, 3.5, 5, 4.5], "texture": "#texture"},
				"up": {"uv": [12.25, 3.25, 16, 4.25], "texture": "#texture"},
				"down": {"uv": [3.75, 5, 0, 4], "texture": "#texture"}
			}
		},
		{
			"from": [-6.5, 15.3125, 4],
			"to": [-2.9375, 15.75, 5],
			"rotation": {"angle": -22.5, "axis": "z", "origin": [-6.5, 15.75, 4]},
			"faces": {
				"north": {"uv": [0, 3.5, 3.75, 4.5], "texture": "#texture"},
				"east": {"uv": [11, 3.25, 12, 4.25], "texture": "#texture"},
				"south": {"uv": [12.25, 2.75, 16, 3.75], "texture": "#texture"},
				"west": {"uv": [4, 3.5, 5, 4.5], "texture": "#texture"},
				"up": {"uv": [12, 3, 15.75, 4], "texture": "#texture"},
				"down": {"uv": [3.75, 5, 0, 4], "texture": "#texture"}
			}
		},
		{
			"from": [-9.5, 15.25, 4],
			"to": [-6.5, 15.75, 5],
			"faces": {
				"north": {"uv": [0, 3.5, 3.75, 4.5], "texture": "#texture"},
				"east": {"uv": [11, 3.25, 12, 4.25], "texture": "#texture"},
				"south": {"uv": [12.25, 3.25, 16, 4.25], "texture": "#texture"},
				"west": {"uv": [4, 3.5, 5, 4.5], "texture": "#texture"},
				"up": {"uv": [12, 3, 15.75, 4], "texture": "#texture"},
				"down": {"uv": [3.75, 5, 0, 4], "texture": "#texture"}
			}
		},
		{
			"from": [-9.5, 12.25, 4],
			"to": [-6.5, 12.75, 5],
			"faces": {
				"north": {"uv": [0, 3.5, 3.75, 4.5], "texture": "#texture"},
				"east": {"uv": [11, 3.5, 12, 4.5], "texture": "#texture"},
				"south": {"uv": [12.25, 3.5, 16, 4.5], "texture": "#texture"},
				"west": {"uv": [4, 3.5, 5, 4.5], "texture": "#texture"},
				"up": {"uv": [12.25, 4, 16, 5], "texture": "#texture"},
				"down": {"uv": [3.75, 5, 0, 4], "texture": "#texture"}
			}
		},
		{
			"from": [-6.75, 12.3125, 4],
			"to": [-3.1875, 12.75, 5],
			"rotation": {"angle": 22.5, "axis": "z", "origin": [-6.75, 12.75, 4]},
			"faces": {
				"north": {"uv": [0, 3.5, 3.75, 4.5], "texture": "#texture"},
				"east": {"uv": [11, 3.5, 12, 4.5], "texture": "#texture"},
				"south": {"uv": [12.25, 3.5, 16, 4.5], "texture": "#texture"},
				"west": {"uv": [4, 3.5, 5, 4.5], "texture": "#texture"},
				"up": {"uv": [12.25, 4, 16, 5], "texture": "#texture"},
				"down": {"uv": [3.75, 5, 0, 4], "texture": "#texture"}
			}
		},
		{
			"from": [-12.75, 13.6875, 4],
			"to": [-8.875, 14.25, 5],
			"rotation": {"angle": -22.5, "axis": "z", "origin": [-12.75, 14.25, 4]},
			"faces": {
				"north": {"uv": [0, 3.5, 3.75, 4.5], "texture": "#texture"},
				"east": {"uv": [11, 3.5, 12, 4.5], "texture": "#texture"},
				"south": {"uv": [12.25, 3.5, 16, 4.5], "texture": "#texture"},
				"west": {"uv": [4, 3.5, 5, 4.5], "texture": "#texture"},
				"up": {"uv": [12.25, 4, 16, 5], "texture": "#texture"},
				"down": {"uv": [3.75, 5, 0, 4], "texture": "#texture"}
			}
		},
		{
			"from": [-12.5, 13.5, 4.75],
			"to": [-7.9375, 14.5, 5.1875],
			"rotation": {"angle": -22.5, "axis": "y", "origin": [-12.5, 13.5, 4.75]},
			"faces": {
				"north": {"uv": [16, 6.5, 16, 7.5], "texture": "#texture"},
				"east": {"uv": [3.5, 6, 4.5, 7], "texture": "#texture"},
				"south": {"uv": [0, 6.5, 0, 7.5], "texture": "#texture"},
				"west": {"uv": [3.75, 6.5, 4.75, 7.5], "texture": "#texture"},
				"up": {"uv": [0, 8.75, 0, 9.75], "texture": "#texture"},
				"down": {"uv": [15.5, 10, 15.5, 9], "texture": "#texture"}
			}
		},
		{
			"from": [-7.75, 13.5, 2.25],
			"to": [-3.1875, 14.5, 2.6875],
			"rotation": {"angle": -22.5, "axis": "y", "origin": [-7.75, 13.5, 2.25]},
			"faces": {
				"north": {"uv": [16, 6.5, 16, 7.5], "texture": "#texture"},
				"east": {"uv": [6.25, 6.5, 7.25, 7.5], "texture": "#texture"},
				"south": {"uv": [0, 6.5, 0, 7.5], "texture": "#texture"},
				"west": {"uv": [8.75, 6.5, 9.75, 7.5], "texture": "#texture"},
				"up": {"uv": [0, 8.75, 0, 9.75], "texture": "#texture"},
				"down": {"uv": [13.5, 0.5, 14.5, 2], "texture": "#texture"}
			}
		},
		{
			"from": [-12.75, 13.5, 4],
			"to": [-8.1875, 14.5, 4.4375],
			"rotation": {"angle": 22.5, "axis": "y", "origin": [-12.75, 13.5, 4]},
			"faces": {
				"north": {"uv": [16, 6.5, 16, 7.5], "texture": "#texture"},
				"east": {"uv": [2, 6.5, 3, 7.5], "texture": "#texture"},
				"south": {"uv": [0, 6.5, 0, 7.5], "texture": "#texture"},
				"west": {"uv": [2.25, 6.5, 3.25, 7.5], "texture": "#texture"},
				"up": {"uv": [0, 8.75, 0, 9.75], "texture": "#texture"},
				"down": {"uv": [15.5, 10, 15.5, 9], "texture": "#texture"}
			}
		},
		{
			"from": [-7.75, 13.5, 6.5],
			"to": [-3.1875, 14.5, 6.9375],
			"rotation": {"angle": 22.5, "axis": "y", "origin": [-7.75, 13.5, 6.5]},
			"faces": {
				"north": {"uv": [16, 6.5, 16, 7.5], "texture": "#texture"},
				"east": {"uv": [6.25, 6.5, 7.25, 7.5], "texture": "#texture"},
				"south": {"uv": [0, 6.5, 0, 7.5], "texture": "#texture"},
				"west": {"uv": [8.75, 6.5, 9.75, 7.5], "texture": "#texture"},
				"up": {"uv": [0, 8.75, 0, 9.75], "texture": "#texture"},
				"down": {"uv": [15.5, 9.5, 15.5, 8.5], "texture": "#texture"}
			}
		},
		{
			"from": [-8.75, 13.5, 2.25],
			"to": [-7.5, 14.5, 2.75],
			"faces": {
				"north": {"uv": [16, 6.5, 16, 7.5], "texture": "#texture"},
				"east": {"uv": [6.25, 6.5, 7.25, 7.5], "texture": "#texture"},
				"south": {"uv": [0, 6.5, 0, 7.5], "texture": "#texture"},
				"west": {"uv": [8.75, 6.5, 9.75, 7.5], "texture": "#texture"},
				"up": {"uv": [0, 8.75, 0, 9.75], "texture": "#texture"},
				"down": {"uv": [15.5, 9.5, 15.5, 8.5], "texture": "#texture"}
			}
		},
		{
			"from": [-8.75, 13.5, 6.3125],
			"to": [-7.5, 14.5, 6.8125],
			"faces": {
				"north": {"uv": [16, 6.5, 16, 7.5], "texture": "#texture"},
				"east": {"uv": [6.25, 6.5, 7.25, 7.5], "texture": "#texture"},
				"south": {"uv": [0, 6.5, 0, 7.5], "texture": "#texture"},
				"west": {"uv": [8.75, 6.5, 9.75, 7.5], "texture": "#texture"},
				"up": {"uv": [0, 8.75, 0, 9.75], "texture": "#texture"},
				"down": {"uv": [15.5, 9.5, 15.5, 8.5], "texture": "#texture"}
			}
		},
		{
			"from": [-10, 12.75, 3.25],
			"to": [-5.75, 15.25, 6],
			"faces": {
				"north": {"uv": [16, 0.75, 16, 3.25], "texture": "#texture"},
				"east": {"uv": [10, 0.75, 12.75, 3.25], "texture": "#texture"},
				"south": {"uv": [0, 0.75, 0, 3.25], "texture": "#texture"},
				"west": {"uv": [3.25, 0.75, 6, 3.25], "texture": "#texture"},
				"up": {"uv": [0, 3.25, 0, 6], "texture": "#texture"},
				"down": {"uv": [15.5, 6, 15.5, 3.25], "texture": "#texture"}
			}
		},
		{
			"from": [-11.5, 13.25, 3.75],
			"to": [-10, 14.75, 5.5],
			"faces": {
				"north": {"uv": [16, 1.25, 16, 2.75], "texture": "#texture"},
				"east": {"uv": [10.5, 1.25, 12.25, 2.75], "texture": "#texture"},
				"south": {"uv": [0, 1.25, 0, 2.75], "texture": "#texture"},
				"west": {"uv": [3.75, 1.25, 5.5, 2.75], "texture": "#texture"},
				"up": {"uv": [0, 3.75, 0, 5.5], "texture": "#texture"},
				"down": {"uv": [15.5, 4.5, 15.5, 2.75], "texture": "#texture"}
			}
		},
		{
			"from": [-6.5, 13.25, 3.5],
			"to": [-5, 14.75, 5.75],
			"faces": {
				"north": {"uv": [16, 1.25, 16, 2.75], "texture": "#texture"},
				"east": {"uv": [10.25, 1.25, 12.5, 2.75], "texture": "#texture"},
				"south": {"uv": [0, 1.25, 0, 2.75], "texture": "#texture"},
				"west": {"uv": [3.5, 1.25, 5.75, 2.75], "texture": "#texture"},
				"up": {"uv": [0, 3.5, 0, 5.75], "texture": "#texture"},
				"down": {"uv": [15.5, 6, 15.5, 3.75], "texture": "#texture"}
			}
		},
		{
			"from": [-4, 13.25, 4],
			"to": [-2.5, 14.75, 5.25],
			"faces": {
				"north": {"uv": [16, 1.25, 16, 2.75], "texture": "#texture"},
				"east": {"uv": [10.75, 1.25, 12, 2.75], "texture": "#texture"},
				"south": {"uv": [0, 1.25, 0, 2.75], "texture": "#texture"},
				"west": {"uv": [4, 1.25, 5.25, 2.75], "texture": "#texture"},
				"up": {"uv": [0, 4, 0, 5.25], "texture": "#texture"},
				"down": {"uv": [15.5, 5, 15.5, 3.75], "texture": "#texture"}
			}
		},
		{
			"from": [-2.5, 13, 3.75],
			"to": [7.75, 15, 5.5],
			"faces": {
				"north": {"uv": [6, 5, 14.5, 8], "texture": "#texture"},
				"east": {"uv": [6, 5, 7.75, 8], "texture": "#texture"},
				"south": {"uv": [6, 5, 14.5, 8], "texture": "#texture"},
				"west": {"uv": [6, 5, 7.75, 8], "texture": "#texture"},
				"up": {"uv": [6, 5, 14.5, 5.5], "texture": "#texture"},
				"down": {"uv": [6, 7.5, 14.5, 8], "texture": "#texture"}
			}
		},
		{
			"from": [2.75, 12, 3.75],
			"to": [6.25, 13, 5.5],
			"faces": {
				"north": {"uv": [6, 5, 8.25, 6], "texture": "#texture"},
				"east": {"uv": [6.25, 5.25, 8, 6.25], "texture": "#texture"},
				"south": {"uv": [6, 5, 8.25, 6], "texture": "#texture"},
				"west": {"uv": [6.25, 5.25, 8, 6.25], "texture": "#texture"},
				"up": {"uv": [6, 5, 8.25, 5.5], "texture": "#texture"},
				"down": {"uv": [6, 7.5, 8.25, 8], "texture": "#texture"}
			}
		},
		{
			"from": [5, 9.25, 3.75],
			"to": [6.25, 12, 5.5],
			"faces": {
				"north": {"uv": [6, 5, 14.5, 8], "texture": "#texture"},
				"east": {"uv": [6.25, 5, 14.25, 8], "texture": "#texture"},
				"south": {"uv": [6, 5, 14.5, 8], "texture": "#texture"},
				"west": {"uv": [6.25, 5, 14.25, 8], "texture": "#texture"},
				"up": {"uv": [6.25, 5, 7.75, 5.5], "texture": "#texture"},
				"down": {"uv": [6.5, 7.5, 8, 8], "texture": "#texture"}
			}
		},
		{
			"from": [-2.5, 13.25, 3.5],
			"to": [7.5, 14.75, 5.75],
			"faces": {
				"north": {"uv": [6, 5, 14.5, 8], "texture": "#texture"},
				"east": {"uv": [6, 5, 8.5, 8], "texture": "#texture"},
				"south": {"uv": [6, 5, 14.5, 8], "texture": "#texture"},
				"west": {"uv": [6, 5, 8.5, 8], "texture": "#texture"},
				"up": {"uv": [6, 5, 9.5, 5.5], "texture": "#texture"},
				"down": {"uv": [6, 7.5, 9.5, 8], "texture": "#texture"}
			}
		},
		{
			"from": [7.25, 12.75, 3.75],
			"to": [10.75, 15.25, 5.5],
			"faces": {
				"north": {"uv": [6, 5, 14.5, 8], "texture": "#texture"},
				"east": {"uv": [6, 5, 14.25, 7.75], "texture": "#texture"},
				"south": {"uv": [6, 5, 14.5, 8], "texture": "#texture"},
				"west": {"uv": [6, 5, 14.25, 7.75], "texture": "#texture"},
				"up": {"uv": [6, 5, 14.5, 5.5], "texture": "#texture"},
				"down": {"uv": [6, 7.5, 14.5, 8], "texture": "#texture"}
			}
		},
		{
			"from": [7.25, 13, 3.25],
			"to": [10.75, 15, 6],
			"faces": {
				"north": {"uv": [6, 5, 14.5, 8], "texture": "#texture"},
				"east": {"uv": [6, 5, 8.75, 8], "texture": "#texture"},
				"south": {"uv": [6, 5, 14.5, 8], "texture": "#texture"},
				"west": {"uv": [6, 5, 8.75, 8], "texture": "#texture"},
				"up": {"uv": [6, 5, 9.5, 5.5], "texture": "#texture"},
				"down": {"uv": [6, 7.5, 9.5, 8], "texture": "#texture"}
			}
		},
		{
			"from": [10.75, 12.75, 3.75],
			"to": [16.75, 15.25, 5.5],
			"faces": {
				"north": {"uv": [6.5, 10, 14.5, 13.5], "texture": "#texture"},
				"east": {"uv": [6.5, 10, 14.5, 13.5], "texture": "#texture"},
				"south": {"uv": [6.5, 10, 14.5, 13.5], "texture": "#texture"},
				"west": {"uv": [6.5, 10, 14.5, 13.5], "texture": "#texture"},
				"up": {"uv": [6.5, 10, 12.5, 10.5], "texture": "#texture"},
				"down": {"uv": [6.5, 13, 12.5, 13.5], "texture": "#texture"}
			}
		},
		{
			"from": [10.75, 13, 3.25],
			"to": [16.75, 15, 6],
			"faces": {
				"north": {"uv": [6.5, 10, 14.5, 13.5], "texture": "#texture"},
				"east": {"uv": [6.5, 10, 14.5, 13.5], "texture": "#texture"},
				"south": {"uv": [6.5, 10, 14.5, 13.5], "texture": "#texture"},
				"west": {"uv": [6.5, 10, 14.5, 13.5], "texture": "#texture"},
				"up": {"uv": [6.5, 10, 12.75, 10.5], "texture": "#texture"},
				"down": {"uv": [6.5, 13, 12.75, 13.5], "texture": "#texture"}
			}
		},
		{
			"from": [16.75, 13.25, 3.5],
			"to": [21.25, 14.75, 5.75],
			"faces": {
				"north": {"uv": [6.5, 10, 14.5, 13.5], "texture": "#texture"},
				"east": {"uv": [6.5, 10, 9.5, 13.25], "texture": "#texture"},
				"south": {"uv": [6.5, 10, 14.5, 13.5], "texture": "#texture"},
				"west": {"uv": [6.5, 10, 9.5, 13.25], "texture": "#texture"},
				"up": {"uv": [6.5, 10, 14.5, 10.5], "texture": "#texture"},
				"down": {"uv": [6.5, 13, 14.5, 13.5], "texture": "#texture"}
			}
		},
		{
			"from": [16.75, 13, 3.75],
			"to": [21.5, 15, 5.5],
			"faces": {
				"north": {"uv": [6.5, 10, 14.5, 13.5], "texture": "#texture"},
				"east": {"uv": [6.5, 10, 14.5, 13.5], "texture": "#texture"},
				"south": {"uv": [6.5, 10, 14.5, 13.5], "texture": "#texture"},
				"west": {"uv": [6.5, 10, 14.5, 13.5], "texture": "#texture"},
				"up": {"uv": [6.5, 10, 14.5, 10.5], "texture": "#texture"},
				"down": {"uv": [6.5, 13, 14.5, 13.5], "texture": "#texture"}
			}
		},
		{
			"from": [20.5625, 13.4375, 3.75],
			"to": [23.25, 14.9375, 5.5],
			"rotation": {"angle": 22.5, "axis": "z", "origin": [20.5625, 14.9375, 3.75]},
			"faces": {
				"north": {"uv": [8, 5.5, 8.5, 7], "texture": "#texture"},
				"east": {"uv": [7.25, 5.5, 9, 7], "texture": "#texture"},
				"south": {"uv": [8, 5.5, 8.5, 7], "texture": "#texture"},
				"west": {"uv": [7.25, 5.5, 9, 7], "texture": "#texture"},
				"up": {"uv": [12.5, 5.25, 13, 7], "texture": "#texture"},
				"down": {"uv": [12.5, 5.25, 13, 7], "texture": "#texture"}
			}
		},
		{
			"from": [21.3125, 13, 3.75],
			"to": [24, 14.5, 5.5],
			"rotation": {"angle": -22.5, "axis": "z", "origin": [21.3125, 14.5, 3.75]},
			"faces": {
				"north": {"uv": [6.75, 5.75, 7.25, 7.25], "texture": "#texture"},
				"east": {"uv": [6.75, 5.5, 8.5, 7], "texture": "#texture"},
				"south": {"uv": [6.75, 5.75, 7.25, 7.25], "texture": "#texture"},
				"west": {"uv": [6.75, 5.5, 8.5, 7], "texture": "#texture"},
				"up": {"uv": [8.5, 5.25, 9, 7], "texture": "#texture"},
				"down": {"uv": [8.5, 5.25, 9, 7], "texture": "#texture"}
			}
		},
		{
			"from": [23.25, 11.5, 2.25],
			"to": [25.75, 16, 7],
			"faces": {
				"north": {"uv": [9.25, 5.5, 9.75, 6.75], "texture": "#texture"},
				"east": {"uv": [8, 5.5, 9.75, 7], "texture": "#texture"},
				"south": {"uv": [9.25, 5.5, 9.75, 6.75], "texture": "#texture"},
				"west": {"uv": [8, 5.5, 9.75, 7], "texture": "#texture"},
				"up": {"uv": [12.75, 5.5, 13.25, 6.75], "texture": "#texture"},
				"down": {"uv": [12.75, 5.5, 13.25, 6.75], "texture": "#texture"}
			}
		},
		{
			"from": [22.25, 13.25, 3.25],
			"to": [23.25, 15, 6.25],
			"faces": {
				"north": {"uv": [7, 5.5, 7.5, 7], "texture": "#texture"},
				"east": {"uv": [7, 5.5, 8.75, 7], "texture": "#texture"},
				"south": {"uv": [7, 5.5, 7.5, 7], "texture": "#texture"},
				"west": {"uv": [7, 5.5, 8.75, 7], "texture": "#texture"},
				"up": {"uv": [8.25, 5.25, 8.75, 7], "texture": "#texture"},
				"down": {"uv": [8.25, 5.25, 8.75, 7], "texture": "#texture"}
			}
		},
		{
			"from": [9.25, 10, 3.75],
			"to": [10.5, 12.75, 5.5],
			"faces": {
				"north": {"uv": [6, 5, 14.5, 8], "texture": "#texture"},
				"east": {"uv": [6.75, 5, 8.75, 8], "texture": "#texture"},
				"south": {"uv": [6, 5, 14.5, 8], "texture": "#texture"},
				"west": {"uv": [6.75, 5, 8.75, 8], "texture": "#texture"},
				"up": {"uv": [6.25, 5, 7.5, 5.5], "texture": "#texture"},
				"down": {"uv": [6.5, 7.5, 7.75, 8], "texture": "#texture"}
			}
		}
	],
	"display": {
		"thirdperson_righthand": {
			"rotation": [101, -99, 89],
			"translation": [-4.16, -3.4, 0.8]
		},
		"thirdperson_lefthand": {
			"rotation": [-74, 89, 84],
			"translation": [2.46, -4.35, 0]
		},
		"firstperson_righthand": {
			"rotation": [6, -96, 0],
			"translation": [-6.8, -3.976, 9.83],
			"scale": [1.01, 1.26, 1.23]
		},
		"firstperson_lefthand": {
			"rotation": [7, 79, -4],
			"translation": [-0.047, -2.52, 14.176],
			"scale": [1.01, 1.26, 1.23]
		},
		"ground": {
			"rotation": [-7, -132, -55],
			"translation": [-0.57, -6.99, 2.08],
			"scale": [0.7, 0.7, 0.7]
		},
		"gui": {
			"rotation": [-24, 125, -13],
			"translation": [1.89, -4.35, 0],
			"scale": [0.7, 0.7, 0.7]
		},
		"head": {
			"translation": [0, -4.5, 3.25]
		},
		"fixed": {
			"rotation": [0, 0, -48],
			"translation": [-4.72, -6.61, 3.02]
		}
	}
}