{
	"credit": "Made with Blockbench",
	"textures": {
		"0": "items/vector_black",
		"1": "items/vector_grey",
		"2": "items/vector_lower",
		"3": "items/vector_upper",
		"particle": "items/vector_black"
	},
	"elements": [
		{
			"from": [7.9, 5.475, 0.6],
			"to": [8.1, 5.525, 4.7],
			"faces": {
				"north": {"uv": [0, 0, 0.2, 0.05], "texture": "#0"},
				"east": {"uv": [0, 0, 4.1, 0.05], "texture": "#0"},
				"south": {"uv": [0, 0, 0.2, 0.05], "texture": "#0"},
				"west": {"uv": [0, 0, 4.1, 0.05], "texture": "#0"},
				"up": {"uv": [0, 0, 0.2, 4.1], "texture": "#0"},
				"down": {"uv": [0, 0, 0.2, 4.1], "texture": "#0"}
			}
		},
		{
			"from": [8.1, 5.525, 0.6],
			"to": [8.15, 5.725, 4.7],
			"rotation": {"angle": 0, "axis": "y", "origin": [8.2, 1.65, 2]},
			"faces": {
				"north": {"uv": [0, 0, 0.2, 0.05], "rotation": 270, "texture": "#0"},
				"east": {"uv": [0, 0, 0.2, 4.1], "rotation": 90, "texture": "#0"},
				"south": {"uv": [0, 0, 0.2, 0.05], "rotation": 90, "texture": "#0"},
				"west": {"uv": [0, 0, 0.2, 4.1], "rotation": 90, "texture": "#0"},
				"up": {"uv": [0, 0, 4.1, 0.05], "rotation": 90, "texture": "#0"},
				"down": {"uv": [0, 0, 4.1, 0.05], "rotation": 90, "texture": "#0"}
			}
		},
		{
			"from": [8.15, 5.475, 0.7],
			"to": [8.2, 5.775, 1],
			"rotation": {"angle": 0, "axis": "y", "origin": [8.2, 1.65, 2]},
			"faces": {
				"north": {"uv": [0, 0, 0.3, 0.05], "rotation": 270, "texture": "#0"},
				"east": {"uv": [0, 0, 0.3, 0.3], "rotation": 90, "texture": "#0"},
				"south": {"uv": [0, 0, 0.3, 0.05], "rotation": 90, "texture": "#0"},
				"west": {"uv": [0, 0, 0.3, 0.3], "rotation": 90, "texture": "#0"},
				"up": {"uv": [0, 0, 0.3, 0.05], "rotation": 90, "texture": "#0"},
				"down": {"uv": [0, 0, 0.3, 0.05], "rotation": 90, "texture": "#0"}
			}
		},
		{
			"from": [7.85, 5.775, 0.7],
			"to": [8.15, 5.825, 1],
			"rotation": {"angle": 0, "axis": "y", "origin": [8.175, 5.625, 1.5]},
			"faces": {
				"north": {"uv": [0, 0, 0.3, 0.05], "texture": "#0"},
				"east": {"uv": [0, 0, 0.3, 0.05], "texture": "#0"},
				"south": {"uv": [0, 0, 0.3, 0.05], "texture": "#0"},
				"west": {"uv": [0, 0, 0.3, 0.05], "texture": "#0"},
				"up": {"uv": [0, 0, 0.3, 0.3], "texture": "#0"},
				"down": {"uv": [0, 0, 0.3, 0.3], "texture": "#0"}
			}
		},
		{
			"from": [8.1, 5.725, 0.7],
			"to": [8.15, 5.775, 1],
			"rotation": {"angle": 0, "axis": "y", "origin": [8.125, 5.75, 1.6]},
			"faces": {
				"north": {"uv": [0, 0, 0.05, 0.05], "texture": "#0"},
				"east": {"uv": [0, 0, 0.3, 0.05], "texture": "#0"},
				"south": {"uv": [0, 0, 0.05, 0.05], "texture": "#0"},
				"west": {"uv": [0, 0, 0.3, 0.05], "texture": "#0"},
				"up": {"uv": [0, 0, 0.05, 0.3], "texture": "#0"},
				"down": {"uv": [0, 0, 0.05, 0.3], "texture": "#0"}
			}
		},
		{
			"from": [7.85, 5.725, 0.7],
			"to": [7.9, 5.775, 1],
			"rotation": {"angle": 0, "axis": "y", "origin": [8.125, 5.75, 1.6]},
			"faces": {
				"north": {"uv": [0, 0, 0.05, 0.05], "texture": "#0"},
				"east": {"uv": [0, 0, 0.3, 0.05], "texture": "#0"},
				"south": {"uv": [0, 0, 0.05, 0.05], "texture": "#0"},
				"west": {"uv": [0, 0, 0.3, 0.05], "texture": "#0"},
				"up": {"uv": [0, 0, 0.05, 0.3], "texture": "#0"},
				"down": {"uv": [0, 0, 0.05, 0.3], "texture": "#0"}
			}
		},
		{
			"from": [8.1, 5.475, 0.7],
			"to": [8.15, 5.525, 1],
			"rotation": {"angle": 0, "axis": "y", "origin": [8.125, 5.75, 1.6]},
			"faces": {
				"north": {"uv": [0, 0, 0.05, 0.05], "texture": "#0"},
				"east": {"uv": [0, 0, 0.3, 0.05], "texture": "#0"},
				"south": {"uv": [0, 0, 0.05, 0.05], "texture": "#0"},
				"west": {"uv": [0, 0, 0.3, 0.05], "texture": "#0"},
				"up": {"uv": [0, 0, 0.05, 0.3], "texture": "#0"},
				"down": {"uv": [0, 0, 0.05, 0.3], "texture": "#0"}
			}
		},
		{
			"from": [7.85, 5.475, 0.7],
			"to": [7.9, 5.525, 1],
			"rotation": {"angle": 0, "axis": "y", "origin": [8.125, 5.75, 1.6]},
			"faces": {
				"north": {"uv": [0, 0, 0.05, 0.05], "texture": "#0"},
				"east": {"uv": [0, 0, 0.3, 0.05], "texture": "#0"},
				"south": {"uv": [0, 0, 0.05, 0.05], "texture": "#0"},
				"west": {"uv": [0, 0, 0.3, 0.05], "texture": "#0"},
				"up": {"uv": [0, 0, 0.05, 0.3], "texture": "#0"},
				"down": {"uv": [0, 0, 0.05, 0.3], "texture": "#0"}
			}
		},
		{
			"from": [7.85, 5.425, 0.7],
			"to": [8.15, 5.475, 1],
			"rotation": {"angle": 0, "axis": "y", "origin": [8.175, 5.625, 1.5]},
			"faces": {
				"north": {"uv": [0, 0, 0.3, 0.05], "texture": "#0"},
				"east": {"uv": [0, 0, 0.3, 0.05], "texture": "#0"},
				"south": {"uv": [0, 0, 0.3, 0.05], "texture": "#0"},
				"west": {"uv": [0, 0, 0.3, 0.05], "texture": "#0"},
				"up": {"uv": [0, 0, 0.3, 0.3], "texture": "#0"},
				"down": {"uv": [0, 0, 0.3, 0.3], "texture": "#0"}
			}
		},
		{
			"from": [7.9, 5.425, 0.2],
			"to": [8.1, 5.475, 0.7],
			"rotation": {"angle": 0, "axis": "y", "origin": [8.175, 5.625, 1.5]},
			"faces": {
				"north": {"uv": [0, 0, 0.2, 0.05], "texture": "#0"},
				"east": {"uv": [0, 0, 0.5, 0.05], "texture": "#0"},
				"south": {"uv": [0, 0, 0.2, 0.05], "texture": "#0"},
				"west": {"uv": [0, 0, 0.5, 0.05], "texture": "#0"},
				"up": {"uv": [0, 0, 0.2, 0.5], "texture": "#0"},
				"down": {"uv": [0, 0, 0.2, 0.5], "texture": "#0"}
			}
		},
		{
			"from": [8.15, 5.525, 0.2],
			"to": [8.2, 5.725, 0.7],
			"rotation": {"angle": 0, "axis": "y", "origin": [8, 5.45, 1.25]},
			"faces": {
				"north": {"uv": [0, 0, 0.2, 0.05], "rotation": 90, "texture": "#0"},
				"east": {"uv": [0, 0, 0.2, 0.5], "rotation": 270, "texture": "#0"},
				"south": {"uv": [0, 0, 0.2, 0.05], "rotation": 270, "texture": "#0"},
				"west": {"uv": [0, 0, 0.2, 0.5], "rotation": 270, "texture": "#0"},
				"up": {"uv": [0, 0, 0.5, 0.05], "rotation": 270, "texture": "#0"},
				"down": {"uv": [0, 0, 0.5, 0.05], "rotation": 270, "texture": "#0"}
			}
		},
		{
			"from": [7.8, 5.525, 0.2],
			"to": [7.85, 5.725, 0.7],
			"rotation": {"angle": 0, "axis": "y", "origin": [8, 5.45, 1.25]},
			"faces": {
				"north": {"uv": [0, 0, 0.2, 0.05], "rotation": 90, "texture": "#0"},
				"east": {"uv": [0, 0, 0.2, 0.5], "rotation": 270, "texture": "#0"},
				"south": {"uv": [0, 0, 0.2, 0.05], "rotation": 270, "texture": "#0"},
				"west": {"uv": [0, 0, 0.2, 0.5], "rotation": 270, "texture": "#0"},
				"up": {"uv": [0, 0, 0.5, 0.05], "rotation": 270, "texture": "#0"},
				"down": {"uv": [0, 0, 0.5, 0.05], "rotation": 270, "texture": "#0"}
			}
		},
		{
			"from": [7.9, 5.775, 0.2],
			"to": [8.1, 5.825, 0.7],
			"rotation": {"angle": 0, "axis": "y", "origin": [8.175, 5.625, 1.5]},
			"faces": {
				"north": {"uv": [0, 0, 0.2, 0.05], "texture": "#0"},
				"east": {"uv": [0, 0, 0.5, 0.05], "texture": "#0"},
				"south": {"uv": [0, 0, 0.2, 0.05], "texture": "#0"},
				"west": {"uv": [0, 0, 0.5, 0.05], "texture": "#0"},
				"up": {"uv": [0, 0, 0.2, 0.5], "texture": "#0"},
				"down": {"uv": [0, 0, 0.2, 0.5], "texture": "#0"}
			}
		},
		{
			"from": [7.8, 5.475, 0.7],
			"to": [7.85, 5.775, 1],
			"rotation": {"angle": 0, "axis": "y", "origin": [8.2, 1.65, 2]},
			"faces": {
				"north": {"uv": [0, 0, 0.3, 0.05], "rotation": 270, "texture": "#0"},
				"east": {"uv": [0, 0, 0.3, 0.3], "rotation": 90, "texture": "#0"},
				"south": {"uv": [0, 0, 0.3, 0.05], "rotation": 90, "texture": "#0"},
				"west": {"uv": [0, 0, 0.3, 0.3], "rotation": 90, "texture": "#0"},
				"up": {"uv": [0, 0, 0.3, 0.05], "rotation": 90, "texture": "#0"},
				"down": {"uv": [0, 0, 0.3, 0.05], "rotation": 90, "texture": "#0"}
			}
		},
		{
			"from": [7.85, 5.425, -0.1],
			"to": [8.15, 5.475, 0.2],
			"rotation": {"angle": 0, "axis": "y", "origin": [8.175, 5.625, 1.5]},
			"faces": {
				"north": {"uv": [0, 0, 0.3, 0.05], "texture": "#0"},
				"east": {"uv": [0, 0, 0.3, 0.05], "texture": "#0"},
				"south": {"uv": [0, 0, 0.3, 0.05], "texture": "#0"},
				"west": {"uv": [0, 0, 0.3, 0.05], "texture": "#0"},
				"up": {"uv": [0, 0, 0.3, 0.3], "texture": "#0"},
				"down": {"uv": [0, 0, 0.3, 0.3], "texture": "#0"}
			}
		},
		{
			"from": [8.15, 5.475, -0.1],
			"to": [8.2, 5.775, 0.2],
			"rotation": {"angle": 0, "axis": "y", "origin": [8.2, 1.65, 2]},
			"faces": {
				"north": {"uv": [0, 0, 0.3, 0.05], "rotation": 270, "texture": "#0"},
				"east": {"uv": [0, 0, 0.3, 0.3], "rotation": 90, "texture": "#0"},
				"south": {"uv": [0, 0, 0.3, 0.05], "rotation": 90, "texture": "#0"},
				"west": {"uv": [0, 0, 0.3, 0.3], "rotation": 90, "texture": "#0"},
				"up": {"uv": [0, 0, 0.3, 0.05], "rotation": 90, "texture": "#0"},
				"down": {"uv": [0, 0, 0.3, 0.05], "rotation": 90, "texture": "#0"}
			}
		},
		{
			"from": [8.1, 5.475, -0.1],
			"to": [8.15, 5.525, 0.2],
			"rotation": {"angle": 0, "axis": "y", "origin": [8.125, 5.75, 1.6]},
			"faces": {
				"north": {"uv": [0, 0, 0.05, 0.05], "texture": "#0"},
				"east": {"uv": [0, 0, 0.3, 0.05], "texture": "#0"},
				"south": {"uv": [0, 0, 0.05, 0.05], "texture": "#0"},
				"west": {"uv": [0, 0, 0.3, 0.05], "texture": "#0"},
				"up": {"uv": [0, 0, 0.05, 0.3], "texture": "#0"},
				"down": {"uv": [0, 0, 0.05, 0.3], "texture": "#0"}
			}
		},
		{
			"from": [7.85, 5.475, -0.1],
			"to": [7.9, 5.525, 0.2],
			"rotation": {"angle": 0, "axis": "y", "origin": [8.125, 5.75, 1.6]},
			"faces": {
				"north": {"uv": [0, 0, 0.05, 0.05], "texture": "#0"},
				"east": {"uv": [0, 0, 0.3, 0.05], "texture": "#0"},
				"south": {"uv": [0, 0, 0.05, 0.05], "texture": "#0"},
				"west": {"uv": [0, 0, 0.3, 0.05], "texture": "#0"},
				"up": {"uv": [0, 0, 0.05, 0.3], "texture": "#0"},
				"down": {"uv": [0, 0, 0.05, 0.3], "texture": "#0"}
			}
		},
		{
			"from": [7.8, 5.475, -0.1],
			"to": [7.85, 5.775, 0.2],
			"rotation": {"angle": 0, "axis": "y", "origin": [8.2, 1.65, 2]},
			"faces": {
				"north": {"uv": [0, 0, 0.3, 0.05], "rotation": 270, "texture": "#0"},
				"east": {"uv": [0, 0, 0.3, 0.3], "rotation": 90, "texture": "#0"},
				"south": {"uv": [0, 0, 0.3, 0.05], "rotation": 90, "texture": "#0"},
				"west": {"uv": [0, 0, 0.3, 0.3], "rotation": 90, "texture": "#0"},
				"up": {"uv": [0, 0, 0.3, 0.05], "rotation": 90, "texture": "#0"},
				"down": {"uv": [0, 0, 0.3, 0.05], "rotation": 90, "texture": "#0"}
			}
		},
		{
			"from": [7.85, 5.725, -0.1],
			"to": [7.9, 5.775, 0.2],
			"rotation": {"angle": 0, "axis": "y", "origin": [8.125, 5.75, 1.6]},
			"faces": {
				"north": {"uv": [0, 0, 0.05, 0.05], "texture": "#0"},
				"east": {"uv": [0, 0, 0.3, 0.05], "texture": "#0"},
				"south": {"uv": [0, 0, 0.05, 0.05], "texture": "#0"},
				"west": {"uv": [0, 0, 0.3, 0.05], "texture": "#0"},
				"up": {"uv": [0, 0, 0.05, 0.3], "texture": "#0"},
				"down": {"uv": [0, 0, 0.05, 0.3], "texture": "#0"}
			}
		},
		{
			"from": [7.85, 5.775, -0.1],
			"to": [8.15, 5.825, 0.2],
			"rotation": {"angle": 0, "axis": "y", "origin": [8.175, 5.625, 1.5]},
			"faces": {
				"north": {"uv": [0, 0, 0.3, 0.05], "texture": "#0"},
				"east": {"uv": [0, 0, 0.3, 0.05], "texture": "#0"},
				"south": {"uv": [0, 0, 0.3, 0.05], "texture": "#0"},
				"west": {"uv": [0, 0, 0.3, 0.05], "texture": "#0"},
				"up": {"uv": [0, 0, 0.3, 0.3], "texture": "#0"},
				"down": {"uv": [0, 0, 0.3, 0.3], "texture": "#0"}
			}
		},
		{
			"from": [7.85, 5.525, 0.6],
			"to": [7.9, 5.725, 4.7],
			"rotation": {"angle": 0, "axis": "y", "origin": [8.2, 1.65, 2]},
			"faces": {
				"north": {"uv": [0, 0, 0.2, 0.05], "rotation": 270, "texture": "#0"},
				"east": {"uv": [0, 0, 0.2, 4.1], "rotation": 90, "texture": "#0"},
				"south": {"uv": [0, 0, 0.2, 0.05], "rotation": 90, "texture": "#0"},
				"west": {"uv": [0, 0, 0.2, 4.1], "rotation": 90, "texture": "#0"},
				"up": {"uv": [0, 0, 4.1, 0.05], "rotation": 90, "texture": "#0"},
				"down": {"uv": [0, 0, 4.1, 0.05], "rotation": 90, "texture": "#0"}
			}
		},
		{
			"from": [7.9, 5.725, 0.6],
			"to": [8.1, 5.775, 4.7],
			"faces": {
				"north": {"uv": [0, 0, 0.2, 0.05], "texture": "#0"},
				"east": {"uv": [0, 0, 4.1, 0.05], "texture": "#0"},
				"south": {"uv": [0, 0, 0.2, 0.05], "texture": "#0"},
				"west": {"uv": [0, 0, 4.1, 0.05], "texture": "#0"},
				"up": {"uv": [0, 0, 0.2, 4.1], "texture": "#0"},
				"down": {"uv": [0, 0, 0.2, 4.1], "texture": "#0"}
			}
		},
		{
			"from": [7.6, 5.2, 2.5],
			"to": [8.4, 5.5, 4.6],
			"faces": {
				"north": {"uv": [0, 0, 0.8, 0.3], "texture": "#2"},
				"east": {"uv": [0, 0, 2.1, 0.3], "texture": "#2"},
				"south": {"uv": [0, 0, 0.8, 0.3], "texture": "#2"},
				"west": {"uv": [0, 0, 2.1, 0.3], "texture": "#2"},
				"up": {"uv": [0, 0, 0.8, 2.1], "texture": "#2"},
				"down": {"uv": [0, 0, 0.8, 2.1], "texture": "#2"}
			}
		},
		{
			"from": [8.3, 5.15, 4.6],
			"to": [8.4, 5.8, 6.5],
			"faces": {
				"north": {"uv": [0, 0, 0.1, 0.65], "texture": "#2"},
				"east": {"uv": [0, 0, 1.9, 0.65], "texture": "#2"},
				"south": {"uv": [0, 0, 0.1, 0.65], "texture": "#2"},
				"west": {"uv": [0, 0, 1.9, 0.65], "texture": "#2"},
				"up": {"uv": [0, 0, 0.1, 1.9], "texture": "#2"},
				"down": {"uv": [0, 0, 0.1, 1.9], "texture": "#2"}
			}
		},
		{
			"from": [7.6, 5.15, 4.6],
			"to": [7.7, 5.8, 6.5],
			"faces": {
				"north": {"uv": [0, 0, 0.1, 0.65], "texture": "#2"},
				"east": {"uv": [0, 0, 1.9, 0.65], "texture": "#2"},
				"south": {"uv": [0, 0, 0.1, 0.65], "texture": "#2"},
				"west": {"uv": [0, 0, 1.9, 0.65], "texture": "#2"},
				"up": {"uv": [0, 0, 0.1, 1.9], "texture": "#2"},
				"down": {"uv": [0, 0, 0.1, 1.9], "texture": "#2"}
			}
		},
		{
			"from": [8.1, 5.5, 2.5],
			"to": [8.4, 5.8, 4.6],
			"faces": {
				"north": {"uv": [0, 0, 0.3, 0.3], "texture": "#2"},
				"east": {"uv": [0, 0, 2.1, 0.3], "texture": "#2"},
				"south": {"uv": [0, 0, 0.3, 0.3], "texture": "#2"},
				"west": {"uv": [0, 0, 2.1, 0.3], "texture": "#2"},
				"up": {"uv": [0, 0, 0.3, 2.1], "texture": "#2"},
				"down": {"uv": [0, 0, 0.3, 2.1], "texture": "#2"}
			}
		},
		{
			"from": [7.6, 5.5, 2.5],
			"to": [7.9, 5.8, 4.6],
			"faces": {
				"north": {"uv": [0, 0, 0.3, 0.3], "texture": "#2"},
				"east": {"uv": [0, 0, 2.1, 0.3], "texture": "#2"},
				"south": {"uv": [0, 0, 0.3, 0.3], "texture": "#2"},
				"west": {"uv": [0, 0, 2.1, 0.3], "texture": "#2"},
				"up": {"uv": [0, 0, 0.3, 2.1], "texture": "#2"},
				"down": {"uv": [0, 0, 0.3, 2.1], "texture": "#2"}
			}
		},
		{
			"from": [8, 5.8, 2.5],
			"to": [8.4, 6, 3.5],
			"faces": {
				"north": {"uv": [0, 0, 0.4, 0.2], "texture": "#2"},
				"east": {"uv": [0, 0, 1, 0.2], "texture": "#2"},
				"south": {"uv": [0, 0, 0.4, 0.2], "texture": "#2"},
				"west": {"uv": [0, 0, 1, 0.2], "texture": "#2"},
				"up": {"uv": [0, 0, 0.4, 1], "texture": "#2"},
				"down": {"uv": [0, 0, 0.4, 1], "texture": "#2"}
			}
		},
		{
			"from": [7.6, 5.8, 2.5],
			"to": [8, 6, 3.5],
			"faces": {
				"north": {"uv": [0, 0, 0.4, 0.2], "texture": "#2"},
				"east": {"uv": [0, 0, 1, 0.2], "texture": "#2"},
				"south": {"uv": [0, 0, 0.4, 0.2], "texture": "#2"},
				"west": {"uv": [0, 0, 1, 0.2], "texture": "#2"},
				"up": {"uv": [0, 0, 0.4, 1], "texture": "#2"},
				"down": {"uv": [0, 0, 0.4, 1], "texture": "#2"}
			}
		},
		{
			"from": [7.6, 3.35, 4.55],
			"to": [8.4, 5.45, 4.65],
			"rotation": {"angle": -22.5, "axis": "x", "origin": [8, 5.3, 5.05]},
			"faces": {
				"north": {"uv": [0, 0, 0.8, 2.1], "rotation": 180, "texture": "#2"},
				"east": {"uv": [0, 0, 2.1, 0.1], "rotation": 270, "texture": "#2"},
				"south": {"uv": [0, 0, 0.8, 2.1], "texture": "#2"},
				"west": {"uv": [0, 0, 2.1, 0.1], "rotation": 90, "texture": "#2"},
				"up": {"uv": [0, 0, 0.8, 0.1], "rotation": 180, "texture": "#2"},
				"down": {"uv": [0, 0, 0.8, 0.1], "texture": "#2"}
			}
		},
		{
			"from": [7.6, 3.3463, 5.42867],
			"to": [7.7, 5.4463, 6.62867],
			"rotation": {"angle": 0, "axis": "y", "origin": [8, 4.2963, 4.97867]},
			"faces": {
				"north": {"uv": [0, 0, 0.1, 2.1], "rotation": 180, "texture": "#2"},
				"east": {"uv": [0, 0, 2.1, 1.2], "rotation": 270, "texture": "#2"},
				"south": {"uv": [0, 0, 0.1, 2.1], "texture": "#2"},
				"west": {"uv": [0, 0, 2.1, 1.2], "rotation": 90, "texture": "#2"},
				"up": {"uv": [0, 0, 0.1, 1.2], "rotation": 180, "texture": "#2"},
				"down": {"uv": [0, 0, 0.1, 1.2], "texture": "#2"}
			}
		},
		{
			"from": [8.3, 3.3463, 5.42867],
			"to": [8.4, 5.4463, 6.62867],
			"rotation": {"angle": 0, "axis": "y", "origin": [8, 4.2963, 4.97867]},
			"faces": {
				"north": {"uv": [0, 0, 0.1, 2.1], "rotation": 180, "texture": "#2"},
				"east": {"uv": [0, 0, 2.1, 1.2], "rotation": 270, "texture": "#2"},
				"south": {"uv": [0, 0, 0.1, 2.1], "texture": "#2"},
				"west": {"uv": [0, 0, 2.1, 1.2], "rotation": 90, "texture": "#2"},
				"up": {"uv": [0, 0, 0.1, 1.2], "rotation": 180, "texture": "#2"},
				"down": {"uv": [0, 0, 0.1, 1.2], "texture": "#2"}
			}
		},
		{
			"from": [7.6, 3.6463, 4.87867],
			"to": [7.7, 5.6463, 5.67867],
			"rotation": {"angle": -22.5, "axis": "x", "origin": [7.65, 4.8963, 6.02867]},
			"faces": {
				"north": {"uv": [0, 0, 0.1, 2], "rotation": 180, "texture": "#2"},
				"east": {"uv": [0, 0, 2, 0.8], "rotation": 270, "texture": "#2"},
				"south": {"uv": [0, 0, 0.1, 2], "texture": "#2"},
				"west": {"uv": [0, 0, 2, 0.8], "rotation": 90, "texture": "#2"},
				"up": {"uv": [0, 0, 0.1, 0.8], "rotation": 180, "texture": "#2"},
				"down": {"uv": [0, 0, 0.1, 0.8], "texture": "#2"}
			}
		},
		{
			"from": [8.3, 3.6463, 4.87867],
			"to": [8.4, 5.6463, 5.67867],
			"rotation": {"angle": -22.5, "axis": "x", "origin": [7.65, 4.8963, 6.02867]},
			"faces": {
				"north": {"uv": [0, 0, 0.1, 2], "rotation": 180, "texture": "#2"},
				"east": {"uv": [0, 0, 2, 0.8], "rotation": 270, "texture": "#2"},
				"south": {"uv": [0, 0, 0.1, 2], "texture": "#2"},
				"west": {"uv": [0, 0, 2, 0.8], "rotation": 90, "texture": "#2"},
				"up": {"uv": [0, 0, 0.1, 0.8], "rotation": 180, "texture": "#2"},
				"down": {"uv": [0, 0, 0.1, 0.8], "texture": "#2"}
			}
		},
		{
			"from": [8.3, 3.1463, 5.97867],
			"to": [8.4, 5.1463, 6.87867],
			"rotation": {"angle": -22.5, "axis": "x", "origin": [7.65, 4.8963, 6.02867]},
			"faces": {
				"north": {"uv": [0, 0, 0.1, 2], "rotation": 180, "texture": "#2"},
				"east": {"uv": [0, 0, 2, 0.9], "rotation": 270, "texture": "#2"},
				"south": {"uv": [0, 0, 0.1, 2], "texture": "#2"},
				"west": {"uv": [0, 0, 2, 0.9], "rotation": 90, "texture": "#2"},
				"up": {"uv": [0, 0, 0.1, 0.9], "rotation": 180, "texture": "#2"},
				"down": {"uv": [0, 0, 0.1, 0.9], "texture": "#2"}
			}
		},
		{
			"from": [7.6, 3.1463, 5.97867],
			"to": [7.7, 5.1463, 6.77867],
			"rotation": {"angle": -22.5, "axis": "x", "origin": [7.65, 4.8963, 6.02867]},
			"faces": {
				"north": {"uv": [0, 0, 0.1, 2], "rotation": 180, "texture": "#2"},
				"east": {"uv": [0, 0, 2, 0.8], "rotation": 270, "texture": "#2"},
				"south": {"uv": [0, 0, 0.1, 2], "texture": "#2"},
				"west": {"uv": [0, 0, 2, 0.8], "rotation": 90, "texture": "#2"},
				"up": {"uv": [0, 0, 0.1, 0.8], "rotation": 180, "texture": "#2"},
				"down": {"uv": [0, 0, 0.1, 0.8], "texture": "#2"}
			}
		},
		{
			"from": [7.6, 3.2463, 5.32867],
			"to": [7.7, 3.3463, 6.42867],
			"rotation": {"angle": 0, "axis": "y", "origin": [8, 4.2963, 4.97867]},
			"faces": {
				"north": {"uv": [0, 0, 0.1, 0.1], "texture": "#2"},
				"east": {"uv": [0, 0, 1.1, 0.1], "texture": "#2"},
				"south": {"uv": [0, 0, 0.1, 0.1], "texture": "#2"},
				"west": {"uv": [0, 0, 1.1, 0.1], "texture": "#2"},
				"up": {"uv": [0, 0, 0.1, 1.1], "texture": "#2"},
				"down": {"uv": [0, 0, 0.1, 1.1], "texture": "#2"}
			}
		},
		{
			"from": [8.3, 3.2463, 5.32867],
			"to": [8.4, 3.3463, 6.42867],
			"rotation": {"angle": 0, "axis": "y", "origin": [8, 4.2963, 4.97867]},
			"faces": {
				"north": {"uv": [0, 0, 0.1, 0.1], "texture": "#2"},
				"east": {"uv": [0, 0, 1.1, 0.1], "texture": "#2"},
				"south": {"uv": [0, 0, 0.1, 0.1], "texture": "#2"},
				"west": {"uv": [0, 0, 1.1, 0.1], "texture": "#2"},
				"up": {"uv": [0, 0, 0.1, 1.1], "texture": "#2"},
				"down": {"uv": [0, 0, 0.1, 1.1], "texture": "#2"}
			}
		},
		{
			"from": [7.6, 3.2463, 6.42867],
			"to": [8.4, 3.6463, 7.72867],
			"rotation": {"angle": 0, "axis": "y", "origin": [8, 4.2963, 4.97867]},
			"faces": {
				"north": {"uv": [0, 0, 0.8, 0.4], "texture": "#2"},
				"east": {"uv": [0, 0, 1.3, 0.4], "texture": "#2"},
				"south": {"uv": [0, 0, 0.8, 0.4], "texture": "#2"},
				"west": {"uv": [0, 0, 1.3, 0.4], "texture": "#2"},
				"up": {"uv": [0, 0, 0.8, 1.3], "texture": "#2"},
				"down": {"uv": [0, 0, 0.8, 1.3], "texture": "#2"}
			}
		},
		{
			"from": [7.55, 3.4213, 7.67867],
			"to": [8.45, 3.6463, 9.52867],
			"rotation": {"angle": -22.5, "axis": "x", "origin": [8, 3.2963, 8.07867]},
			"faces": {
				"north": {"uv": [0, 0, 0.9, 0.225], "texture": "#3"},
				"east": {"uv": [0, 0, 1.85, 0.225], "texture": "#3"},
				"south": {"uv": [0, 0, 0.9, 0.225], "texture": "#3"},
				"west": {"uv": [0, 0, 1.85, 0.225], "texture": "#3"},
				"up": {"uv": [0, 0, 0.9, 1.85], "texture": "#3"},
				"down": {"uv": [0, 0, 0.9, 1.85], "texture": "#3"}
			}
		},
		{
			"from": [7.55, 5.47273, 8.58272],
			"to": [8.45, 6.07273, 9.08272],
			"rotation": {"angle": 45, "axis": "x", "origin": [8, 5.77273, 8.83272]},
			"faces": {
				"north": {"uv": [0, 0, 0.9, 0.6], "rotation": 180, "texture": "#3"},
				"east": {"uv": [0, 0, 0.6, 0.5], "rotation": 90, "texture": "#3"},
				"south": {"uv": [0, 0, 0.9, 0.6], "texture": "#3"},
				"west": {"uv": [0, 0, 0.6, 0.5], "rotation": 270, "texture": "#3"},
				"up": {"uv": [0, 0, 0.9, 0.5], "texture": "#3"},
				"down": {"uv": [0, 0, 0.9, 0.5], "rotation": 180, "texture": "#3"}
			}
		},
		{
			"from": [7.55, 5.18989, 8.7413],
			"to": [8.45, 5.48989, 8.8413],
			"rotation": {"angle": 0, "axis": "y", "origin": [8, 5.48989, 8.6913]},
			"faces": {
				"north": {"uv": [0, 0, 0.9, 0.3], "rotation": 180, "texture": "#3"},
				"east": {"uv": [0, 0, 0.3, 0.1], "rotation": 90, "texture": "#3"},
				"south": {"uv": [0, 0, 0.9, 0.3], "texture": "#3"},
				"west": {"uv": [0, 0, 0.3, 0.1], "rotation": 270, "texture": "#3"},
				"up": {"uv": [0, 0, 0.9, 0.1], "texture": "#3"},
				"down": {"uv": [0, 0, 0.9, 0.1], "rotation": 180, "texture": "#3"}
			}
		},
		{
			"from": [7.55, 4.92321, 7.54344],
			"to": [8.45, 5.02321, 8.04344],
			"rotation": {"angle": -22.5, "axis": "x", "origin": [8, 4.97321, 7.49344]},
			"faces": {
				"north": {"uv": [0, 0, 0.9, 0.1], "texture": "#3"},
				"east": {"uv": [0, 0, 0.5, 0.1], "texture": "#3"},
				"south": {"uv": [0, 0, 0.9, 0.1], "texture": "#3"},
				"west": {"uv": [0, 0, 0.5, 0.1], "texture": "#3"},
				"up": {"uv": [0, 0, 0.9, 0.5], "texture": "#3"},
				"down": {"uv": [0, 0, 0.9, 0.5], "texture": "#3"}
			}
		},
		{
			"from": [7.55, 4.93802, 6.9706],
			"to": [8.45, 5.03802, 7.5706],
			"rotation": {"angle": 0, "axis": "y", "origin": [8, 5.08802, 7.7706]},
			"faces": {
				"north": {"uv": [0, 0, 0.9, 0.1], "texture": "#3"},
				"east": {"uv": [0, 0, 0.6, 0.1], "texture": "#3"},
				"south": {"uv": [0, 0, 0.9, 0.1], "texture": "#3"},
				"west": {"uv": [0, 0, 0.6, 0.1], "texture": "#3"},
				"up": {"uv": [0, 0, 0.9, 0.6], "texture": "#3"},
				"down": {"uv": [0, 0, 0.9, 0.6], "texture": "#3"}
			}
		},
		{
			"from": [7.55, 3.85209, 7.04958],
			"to": [8.45, 6.05209, 7.34958],
			"rotation": {"angle": -22.5, "axis": "x", "origin": [8, 4.10209, 7.14958]},
			"faces": {
				"north": {"uv": [0, 0, 0.9, 2.2], "rotation": 180, "texture": "#3"},
				"east": {"uv": [0, 0, 2.2, 0.3], "rotation": 90, "texture": "#3"},
				"south": {"uv": [0, 0, 0.9, 2.2], "texture": "#3"},
				"west": {"uv": [0, 0, 2.2, 0.3], "rotation": 270, "texture": "#3"},
				"up": {"uv": [0, 0, 0.9, 0.3], "texture": "#3"},
				"down": {"uv": [0, 0, 0.9, 0.3], "rotation": 180, "texture": "#3"}
			}
		},
		{
			"from": [7.55, 5.30652, 5.5205],
			"to": [8.45, 5.73152, 6.2205],
			"rotation": {"angle": 45, "axis": "x", "origin": [8, 4.90652, 6.8705]},
			"faces": {
				"north": {"uv": [0, 0, 0.9, 0.425], "rotation": 180, "texture": "#3"},
				"east": {"uv": [0, 0, 0.425, 0.7], "rotation": 90, "texture": "#3"},
				"south": {"uv": [0, 0, 0.9, 0.425], "texture": "#3"},
				"west": {"uv": [0, 0, 0.425, 0.7], "rotation": 270, "texture": "#3"},
				"up": {"uv": [0, 0, 0.9, 0.7], "texture": "#3"},
				"down": {"uv": [0, 0, 0.9, 0.7], "rotation": 180, "texture": "#3"}
			}
		},
		{
			"from": [7.55, 5.8, 6.6],
			"to": [8.45, 6.5, 9.225],
			"faces": {
				"north": {"uv": [0, 0, 0.9, 0.7], "texture": "#3"},
				"east": {"uv": [0, 0, 2.625, 0.7], "texture": "#3"},
				"south": {"uv": [0, 0, 0.9, 0.7], "texture": "#3"},
				"west": {"uv": [0, 0, 2.625, 0.7], "texture": "#3"},
				"up": {"uv": [0, 0, 0.9, 2.625], "texture": "#3"},
				"down": {"uv": [0, 0, 0.9, 2.625], "texture": "#3"}
			}
		},
		{
			"from": [7.65, 6.5, 7],
			"to": [8.35, 6.6, 9.225],
			"faces": {
				"north": {"uv": [0, 0, 0.7, 0.1], "texture": "#3"},
				"east": {"uv": [0, 0, 2.225, 0.1], "texture": "#3"},
				"south": {"uv": [0, 0, 0.7, 0.1], "texture": "#3"},
				"west": {"uv": [0, 0, 2.225, 0.1], "texture": "#3"},
				"up": {"uv": [0, 0, 0.7, 2.225], "texture": "#3"},
				"down": {"uv": [0, 0, 0.7, 2.225], "texture": "#3"}
			}
		},
		{
			"from": [7.65, 6.5, 2.475],
			"to": [8.35, 6.6, 4.5],
			"faces": {
				"north": {"uv": [0, 0, 0.7, 0.1], "texture": "#3"},
				"east": {"uv": [0, 0, 2.025, 0.1], "texture": "#3"},
				"south": {"uv": [0, 0, 0.7, 0.1], "texture": "#3"},
				"west": {"uv": [0, 0, 2.025, 0.1], "texture": "#3"},
				"up": {"uv": [0, 0, 0.7, 2.025], "texture": "#3"},
				"down": {"uv": [0, 0, 0.7, 2.025], "texture": "#3"}
			}
		},
		{
			"from": [7.55, 5.8, 5.6],
			"to": [8.45, 6.5, 6.6],
			"faces": {
				"north": {"uv": [0, 0, 0.9, 0.7], "texture": "#3"},
				"east": {"uv": [0, 0, 1, 0.7], "texture": "#3"},
				"south": {"uv": [0, 0, 0.9, 0.7], "texture": "#3"},
				"west": {"uv": [0, 0, 1, 0.7], "texture": "#3"},
				"up": {"uv": [0, 0, 0.9, 1], "texture": "#3"},
				"down": {"uv": [0, 0, 0.9, 1], "texture": "#3"}
			}
		},
		{
			"from": [7.55, 6, 4.5],
			"to": [7.65, 6.5, 5.6],
			"faces": {
				"north": {"uv": [0, 0, 0.1, 0.5], "texture": "#3"},
				"east": {"uv": [0, 0, 1.1, 0.5], "texture": "#3"},
				"south": {"uv": [0, 0, 0.1, 0.5], "texture": "#3"},
				"west": {"uv": [0, 0, 1.1, 0.5], "texture": "#3"},
				"up": {"uv": [0, 0, 0.1, 1.1], "texture": "#3"},
				"down": {"uv": [0, 0, 0.1, 1.1], "texture": "#3"}
			}
		},
		{
			"from": [7.55, 5.9, 3.5],
			"to": [8.45, 6.5, 4.5],
			"faces": {
				"north": {"uv": [0, 0, 0.9, 0.6], "texture": "#3"},
				"east": {"uv": [0, 0, 1, 0.6], "texture": "#3"},
				"south": {"uv": [0, 0, 0.9, 0.6], "texture": "#3"},
				"west": {"uv": [0, 0, 1, 0.6], "texture": "#3"},
				"up": {"uv": [0, 0, 0.9, 1], "texture": "#3"},
				"down": {"uv": [0, 0, 0.9, 1], "texture": "#3"}
			}
		},
		{
			"from": [7.55, 6, 2.475],
			"to": [8.45, 6.5, 3.5],
			"faces": {
				"north": {"uv": [0, 0, 0.9, 0.5], "texture": "#3"},
				"east": {"uv": [0, 0, 1.025, 0.5], "texture": "#3"},
				"south": {"uv": [0, 0, 0.9, 0.5], "texture": "#3"},
				"west": {"uv": [0, 0, 1.025, 0.5], "texture": "#3"},
				"up": {"uv": [0, 0, 0.9, 1.025], "texture": "#3"},
				"down": {"uv": [0, 0, 0.9, 1.025], "texture": "#3"}
			}
		},
		{
			"from": [7.55, 3.92709, 7.34958],
			"to": [8.45, 4.20209, 7.99958],
			"rotation": {"angle": 45, "axis": "x", "origin": [8, 4.10209, 7.14958]},
			"faces": {
				"north": {"uv": [0, 0, 0.9, 0.275], "rotation": 180, "texture": "#3"},
				"east": {"uv": [0, 0, 0.65, 0.275], "rotation": 180, "texture": "#3"},
				"south": {"uv": [0, 0, 0.9, 0.275], "rotation": 180, "texture": "#3"},
				"west": {"uv": [0, 0, 0.65, 0.275], "rotation": 180, "texture": "#3"},
				"up": {"uv": [0, 0, 0.9, 0.65], "texture": "#3"},
				"down": {"uv": [0, 0, 0.9, 0.65], "texture": "#3"}
			}
		},
		{
			"from": [7.55, 5.8, 3.375],
			"to": [8.45, 6.1, 3.55],
			"rotation": {"angle": -45, "axis": "x", "origin": [8, 5.95, 3.45]},
			"faces": {
				"north": {"uv": [0, 0, 0.9, 0.3], "texture": "#3"},
				"east": {"uv": [0, 0, 0.175, 0.3], "texture": "#3"},
				"south": {"uv": [0, 0, 0.9, 0.3], "texture": "#3"},
				"west": {"uv": [0, 0, 0.175, 0.3], "texture": "#3"},
				"up": {"uv": [0, 0, 0.9, 0.175], "texture": "#3"},
				"down": {"uv": [0, 0, 0.9, 0.175], "texture": "#3"}
			}
		},
		{
			"from": [8.35, 5.8, 3.5],
			"to": [8.45, 5.9, 4.5],
			"faces": {
				"north": {"uv": [0, 0, 0.1, 0.1], "texture": "#3"},
				"east": {"uv": [0, 0, 1, 0.1], "texture": "#3"},
				"south": {"uv": [0, 0, 0.1, 0.1], "texture": "#3"},
				"west": {"uv": [0, 0, 1, 0.1], "texture": "#3"},
				"up": {"uv": [0, 0, 0.1, 1], "texture": "#3"},
				"down": {"uv": [0, 0, 0.1, 1], "texture": "#3"}
			}
		},
		{
			"from": [7.55, 3.72242, 8.61407],
			"to": [8.45, 5.92242, 9.41407],
			"rotation": {"angle": -22.5, "axis": "x", "origin": [8, 3.67242, 8.46407]},
			"faces": {
				"north": {"uv": [0, 0, 1, 2], "texture": "#3"},
				"east": {"uv": [1, 0, 2, 2], "texture": "#3"},
				"south": {"uv": [0, 2, 1, 4], "texture": "#3"},
				"west": {"uv": [2, 0, 3, 2], "texture": "#3"},
				"up": {"uv": [2, 3, 1, 2], "texture": "#3"},
				"down": {"uv": [3, 2, 2, 3], "texture": "#3"}
			}
		},
		{
			"from": [7.8, 5.1, 2.7],
			"to": [8.2, 5.2, 4.3],
			"faces": {
				"north": {"uv": [3.5, 0.5, 4, 1], "texture": "#0"},
				"east": {"uv": [2, 2, 3, 2.5], "texture": "#0"},
				"south": {"uv": [3, 3.5, 3.5, 4], "texture": "#0"},
				"west": {"uv": [2, 2.5, 3, 3], "texture": "#0"},
				"up": {"uv": [2.5, 4, 2, 3], "texture": "#0"},
				"down": {"uv": [3.5, 2, 3, 3], "texture": "#0"}
			}
		},
		{
			"from": [7.8, 6.575, 2.7],
			"to": [8.2, 6.65, 9.225],
			"faces": {
				"north": {"uv": [3.5, 3, 4, 3.5], "texture": "#0"},
				"east": {"uv": [0, 0, 3.5, 0.5], "texture": "#0"},
				"south": {"uv": [3.5, 3.5, 4, 4], "texture": "#0"},
				"west": {"uv": [0, 0.5, 3.5, 1], "texture": "#0"},
				"up": {"uv": [0.5, 4.5, 0, 1], "texture": "#0"},
				"down": {"uv": [1, 1, 0.5, 4.5], "texture": "#0"}
			}
		},
		{
			"from": [7.7, 6.65, 2.6],
			"to": [8.3, 6.725, 9.225],
			"faces": {
				"north": {"uv": [4, 0.5, 4.5, 1], "texture": "#0"},
				"east": {"uv": [1, 1, 4.5, 1.5], "texture": "#0"},
				"south": {"uv": [2, 4, 2.5, 4.5], "texture": "#0"},
				"west": {"uv": [1, 1.5, 4.5, 2], "texture": "#0"},
				"up": {"uv": [1.5, 5.5, 1, 2], "texture": "#0"},
				"down": {"uv": [2, 2, 1.5, 5.5], "texture": "#0"}
			}
		},
		{
			"from": [7.7, 6.725, 2.6],
			"to": [8.3, 6.8, 2.775],
			"faces": {
				"north": {"uv": [4, 2, 4.5, 2.5], "texture": "#0"},
				"east": {"uv": [4, 2.5, 4.5, 3], "texture": "#0"},
				"south": {"uv": [3, 4, 3.5, 4.5], "texture": "#0"},
				"west": {"uv": [4, 3, 4.5, 3.5], "texture": "#0"},
				"up": {"uv": [4, 4.5, 3.5, 4], "texture": "#0"},
				"down": {"uv": [4.5, 3.5, 4, 4], "texture": "#0"}
			}
		},
		{
			"from": [7.7, 6.725, 3],
			"to": [8.3, 6.8, 3.175],
			"faces": {
				"north": {"uv": [4, 4, 4.5, 4.5], "texture": "#0"},
				"east": {"uv": [0, 4.5, 0.5, 5], "texture": "#0"},
				"south": {"uv": [4.5, 0, 5, 0.5], "texture": "#0"},
				"west": {"uv": [0.5, 4.5, 1, 5], "texture": "#0"},
				"up": {"uv": [5, 1, 4.5, 0.5], "texture": "#0"},
				"down": {"uv": [5, 1, 4.5, 1.5], "texture": "#0"}
			}
		},
		{
			"from": [7.7, 6.725, 3.8],
			"to": [8.3, 6.8, 3.975],
			"faces": {
				"north": {"uv": [4.5, 1.5, 5, 2], "texture": "#0"},
				"east": {"uv": [2, 4.5, 2.5, 5], "texture": "#0"},
				"south": {"uv": [4.5, 2, 5, 2.5], "texture": "#0"},
				"west": {"uv": [2.5, 4.5, 3, 5], "texture": "#0"},
				"up": {"uv": [5, 3, 4.5, 2.5], "texture": "#0"},
				"down": {"uv": [3.5, 4.5, 3, 5], "texture": "#0"}
			}
		},
		{
			"from": [7.7, 6.725, 3.4],
			"to": [8.3, 6.8, 3.575],
			"faces": {
				"north": {"uv": [4.5, 3, 5, 3.5], "texture": "#0"},
				"east": {"uv": [3.5, 4.5, 4, 5], "texture": "#0"},
				"south": {"uv": [4.5, 3.5, 5, 4], "texture": "#0"},
				"west": {"uv": [4, 4.5, 4.5, 5], "texture": "#0"},
				"up": {"uv": [5, 4.5, 4.5, 4], "texture": "#0"},
				"down": {"uv": [5, 4.5, 4.5, 5], "texture": "#0"}
			}
		},
		{
			"from": [7.7, 6.725, 5.4],
			"to": [8.3, 6.8, 5.575],
			"faces": {
				"north": {"uv": [0, 5, 0.5, 5.5], "texture": "#0"},
				"east": {"uv": [5, 0, 5.5, 0.5], "texture": "#0"},
				"south": {"uv": [0.5, 5, 1, 5.5], "texture": "#0"},
				"west": {"uv": [5, 0.5, 5.5, 1], "texture": "#0"},
				"up": {"uv": [5.5, 1.5, 5, 1], "texture": "#0"},
				"down": {"uv": [5.5, 1.5, 5, 2], "texture": "#0"}
			}
		},
		{
			"from": [7.7, 6.725, 5],
			"to": [8.3, 6.8, 5.175],
			"faces": {
				"north": {"uv": [2, 5, 2.5, 5.5], "texture": "#0"},
				"east": {"uv": [5, 2, 5.5, 2.5], "texture": "#0"},
				"south": {"uv": [2.5, 5, 3, 5.5], "texture": "#0"},
				"west": {"uv": [5, 2.5, 5.5, 3], "texture": "#0"},
				"up": {"uv": [3.5, 5.5, 3, 5], "texture": "#0"},
				"down": {"uv": [5.5, 3, 5, 3.5], "texture": "#0"}
			}
		},
		{
			"from": [7.7, 6.725, 4.6],
			"to": [8.3, 6.8, 4.775],
			"faces": {
				"north": {"uv": [3.5, 5, 4, 5.5], "texture": "#0"},
				"east": {"uv": [5, 3.5, 5.5, 4], "texture": "#0"},
				"south": {"uv": [4, 5, 4.5, 5.5], "texture": "#0"},
				"west": {"uv": [5, 4, 5.5, 4.5], "texture": "#0"},
				"up": {"uv": [5, 5.5, 4.5, 5], "texture": "#0"},
				"down": {"uv": [5.5, 4.5, 5, 5], "texture": "#0"}
			}
		},
		{
			"from": [7.7, 6.725, 4.2],
			"to": [8.3, 6.8, 4.375],
			"faces": {
				"north": {"uv": [5, 5, 5.5, 5.5], "texture": "#0"},
				"east": {"uv": [0, 5.5, 0.5, 6], "texture": "#0"},
				"south": {"uv": [5.5, 0, 6, 0.5], "texture": "#0"},
				"west": {"uv": [0.5, 5.5, 1, 6], "texture": "#0"},
				"up": {"uv": [6, 1, 5.5, 0.5], "texture": "#0"},
				"down": {"uv": [1.5, 5.5, 1, 6], "texture": "#0"}
			}
		},
		{
			"from": [7.7, 6.725, 8.6],
			"to": [8.3, 6.8, 8.775],
			"faces": {
				"north": {"uv": [5.5, 1, 6, 1.5], "texture": "#0"},
				"east": {"uv": [1.5, 5.5, 2, 6], "texture": "#0"},
				"south": {"uv": [5.5, 1.5, 6, 2], "texture": "#0"},
				"west": {"uv": [2, 5.5, 2.5, 6], "texture": "#0"},
				"up": {"uv": [6, 2.5, 5.5, 2], "texture": "#0"},
				"down": {"uv": [3, 5.5, 2.5, 6], "texture": "#0"}
			}
		},
		{
			"from": [7.7, 6.725, 9],
			"to": [8.3, 6.8, 9.225],
			"faces": {
				"north": {"uv": [5.5, 2.5, 6, 3], "texture": "#0"},
				"east": {"uv": [3, 5.5, 3.5, 6], "texture": "#0"},
				"south": {"uv": [5.5, 3, 6, 3.5], "texture": "#0"},
				"west": {"uv": [3.5, 5.5, 4, 6], "texture": "#0"},
				"up": {"uv": [6, 4, 5.5, 3.5], "texture": "#0"},
				"down": {"uv": [4.5, 5.5, 4, 6], "texture": "#0"}
			}
		},
		{
			"from": [7.7, 6.725, 8.2],
			"to": [8.3, 6.8, 8.375],
			"faces": {
				"north": {"uv": [5.5, 4, 6, 4.5], "texture": "#0"},
				"east": {"uv": [4.5, 5.5, 5, 6], "texture": "#0"},
				"south": {"uv": [5.5, 4.5, 6, 5], "texture": "#0"},
				"west": {"uv": [5, 5.5, 5.5, 6], "texture": "#0"},
				"up": {"uv": [6, 5.5, 5.5, 5], "texture": "#0"},
				"down": {"uv": [6, 5.5, 5.5, 6], "texture": "#0"}
			}
		},
		{
			"from": [7.7, 6.725, 7.8],
			"to": [8.3, 6.8, 7.975],
			"faces": {
				"north": {"uv": [0, 6, 0.5, 6.5], "texture": "#0"},
				"east": {"uv": [6, 0, 6.5, 0.5], "texture": "#0"},
				"south": {"uv": [0.5, 6, 1, 6.5], "texture": "#0"},
				"west": {"uv": [6, 0.5, 6.5, 1], "texture": "#0"},
				"up": {"uv": [1.5, 6.5, 1, 6], "texture": "#0"},
				"down": {"uv": [6.5, 1, 6, 1.5], "texture": "#0"}
			}
		},
		{
			"from": [7.7, 6.725, 7.4],
			"to": [8.3, 6.8, 7.575],
			"faces": {
				"north": {"uv": [1.5, 6, 2, 6.5], "texture": "#0"},
				"east": {"uv": [6, 1.5, 6.5, 2], "texture": "#0"},
				"south": {"uv": [2, 6, 2.5, 6.5], "texture": "#0"},
				"west": {"uv": [6, 2, 6.5, 2.5], "texture": "#0"},
				"up": {"uv": [3, 6.5, 2.5, 6], "texture": "#0"},
				"down": {"uv": [6.5, 2.5, 6, 3], "texture": "#0"}
			}
		},
		{
			"from": [7.7, 6.725, 7],
			"to": [8.3, 6.8, 7.175],
			"faces": {
				"north": {"uv": [3, 6, 3.5, 6.5], "texture": "#0"},
				"east": {"uv": [6, 3, 6.5, 3.5], "texture": "#0"},
				"south": {"uv": [3.5, 6, 4, 6.5], "texture": "#0"},
				"west": {"uv": [6, 3.5, 6.5, 4], "texture": "#0"},
				"up": {"uv": [4.5, 6.5, 4, 6], "texture": "#0"},
				"down": {"uv": [6.5, 4, 6, 4.5], "texture": "#0"}
			}
		},
		{
			"from": [7.7, 6.725, 6.6],
			"to": [8.3, 6.8, 6.775],
			"faces": {
				"north": {"uv": [4.5, 6, 5, 6.5], "texture": "#0"},
				"east": {"uv": [6, 4.5, 6.5, 5], "texture": "#0"},
				"south": {"uv": [5, 6, 5.5, 6.5], "texture": "#0"},
				"west": {"uv": [6, 5, 6.5, 5.5], "texture": "#0"},
				"up": {"uv": [6, 6.5, 5.5, 6], "texture": "#0"},
				"down": {"uv": [6.5, 5.5, 6, 6], "texture": "#0"}
			}
		},
		{
			"from": [7.7, 6.725, 6.2],
			"to": [8.3, 6.8, 6.375],
			"faces": {
				"north": {"uv": [6, 6, 6.5, 6.5], "texture": "#0"},
				"east": {"uv": [0, 6.5, 0.5, 7], "texture": "#0"},
				"south": {"uv": [6.5, 0, 7, 0.5], "texture": "#0"},
				"west": {"uv": [0.5, 6.5, 1, 7], "texture": "#0"},
				"up": {"uv": [7, 1, 6.5, 0.5], "texture": "#0"},
				"down": {"uv": [1.5, 6.5, 1, 7], "texture": "#0"}
			}
		},
		{
			"from": [7.7, 6.725, 5.8],
			"to": [8.3, 6.8, 5.975],
			"faces": {
				"north": {"uv": [6.5, 1, 7, 1.5], "texture": "#0"},
				"east": {"uv": [1.5, 6.5, 2, 7], "texture": "#0"},
				"south": {"uv": [6.5, 1.5, 7, 2], "texture": "#0"},
				"west": {"uv": [2, 6.5, 2.5, 7], "texture": "#0"},
				"up": {"uv": [7, 2.5, 6.5, 2], "texture": "#0"},
				"down": {"uv": [3, 6.5, 2.5, 7], "texture": "#0"}
			}
		},
		{
			"from": [7.7, 5, 2.6],
			"to": [8.3, 5.1, 4.5],
			"faces": {
				"north": {"uv": [6.5, 2.5, 7, 3], "texture": "#0"},
				"east": {"uv": [2.5, 3, 3.5, 3.5], "texture": "#0"},
				"south": {"uv": [3, 6.5, 3.5, 7], "texture": "#0"},
				"west": {"uv": [3.5, 0, 4.5, 0.5], "texture": "#0"},
				"up": {"uv": [4, 3, 3.5, 2], "texture": "#0"},
				"down": {"uv": [3, 3.5, 2.5, 4.5], "texture": "#0"}
			}
		},
		{
			"from": [7.7, 4.9, 2.8],
			"to": [8.3, 5, 3],
			"faces": {
				"north": {"uv": [6.5, 3, 7, 3.5], "texture": "#0"},
				"east": {"uv": [3.5, 6.5, 4, 7], "texture": "#0"},
				"south": {"uv": [6.5, 3.5, 7, 4], "texture": "#0"},
				"west": {"uv": [4, 6.5, 4.5, 7], "texture": "#0"},
				"up": {"uv": [7, 4.5, 6.5, 4], "texture": "#0"},
				"down": {"uv": [5, 6.5, 4.5, 7], "texture": "#0"}
			}
		},
		{
			"from": [7.7, 4.9, 2.6],
			"to": [8.3, 5, 2.8],
			"faces": {
				"north": {"uv": [6.5, 4.5, 7, 5], "texture": "#0"},
				"east": {"uv": [5, 6.5, 5.5, 7], "texture": "#0"},
				"south": {"uv": [6.5, 5, 7, 5.5], "texture": "#0"},
				"west": {"uv": [5.5, 6.5, 6, 7], "texture": "#0"},
				"up": {"uv": [7, 6, 6.5, 5.5], "texture": "#0"},
				"down": {"uv": [6.5, 6.5, 6, 7], "texture": "#0"}
			}
		},
		{
			"from": [7.7, 4.9, 3.1],
			"to": [8.3, 5, 3.3],
			"faces": {
				"north": {"uv": [6.5, 6, 7, 6.5], "texture": "#0"},
				"east": {"uv": [6.5, 6.5, 7, 7], "texture": "#0"},
				"south": {"uv": [0, 7, 0.5, 7.5], "texture": "#0"},
				"west": {"uv": [7, 0, 7.5, 0.5], "texture": "#0"},
				"up": {"uv": [1, 7.5, 0.5, 7], "texture": "#0"},
				"down": {"uv": [7.5, 0.5, 7, 1], "texture": "#0"}
			}
		},
		{
			"from": [7.7, 4.9, 3.4],
			"to": [8.3, 5, 3.6],
			"faces": {
				"north": {"uv": [1, 7, 1.5, 7.5], "texture": "#0"},
				"east": {"uv": [7, 1, 7.5, 1.5], "texture": "#0"},
				"south": {"uv": [1.5, 7, 2, 7.5], "texture": "#0"},
				"west": {"uv": [7, 1.5, 7.5, 2], "texture": "#0"},
				"up": {"uv": [2.5, 7.5, 2, 7], "texture": "#0"},
				"down": {"uv": [7.5, 2, 7, 2.5], "texture": "#0"}
			}
		},
		{
			"from": [7.7, 4.9, 4],
			"to": [8.3, 5, 4.2],
			"faces": {
				"north": {"uv": [2.5, 7, 3, 7.5], "texture": "#0"},
				"east": {"uv": [7, 2.5, 7.5, 3], "texture": "#0"},
				"south": {"uv": [3, 7, 3.5, 7.5], "texture": "#0"},
				"west": {"uv": [7, 3, 7.5, 3.5], "texture": "#0"},
				"up": {"uv": [4, 7.5, 3.5, 7], "texture": "#0"},
				"down": {"uv": [7.5, 3.5, 7, 4], "texture": "#0"}
			}
		},
		{
			"from": [7.7, 4.9, 3.7],
			"to": [8.3, 5, 3.9],
			"faces": {
				"north": {"uv": [4, 7, 4.5, 7.5], "texture": "#0"},
				"east": {"uv": [7, 4, 7.5, 4.5], "texture": "#0"},
				"south": {"uv": [4.5, 7, 5, 7.5], "texture": "#0"},
				"west": {"uv": [7, 4.5, 7.5, 5], "texture": "#0"},
				"up": {"uv": [5.5, 7.5, 5, 7], "texture": "#0"},
				"down": {"uv": [7.5, 5, 7, 5.5], "texture": "#0"}
			}
		},
		{
			"from": [7.7, 4.9, 4.3],
			"to": [8.3, 5, 4.5],
			"faces": {
				"north": {"uv": [5.5, 7, 6, 7.5], "texture": "#0"},
				"east": {"uv": [7, 5.5, 7.5, 6], "texture": "#0"},
				"south": {"uv": [6, 7, 6.5, 7.5], "texture": "#0"},
				"west": {"uv": [7, 6, 7.5, 6.5], "texture": "#0"},
				"up": {"uv": [7, 7.5, 6.5, 7], "texture": "#0"},
				"down": {"uv": [7.5, 6.5, 7, 7], "texture": "#0"}
			}
		},
		{
			"from": [8.45, 6.175, 5.95],
			"to": [8.525, 6.4, 6.175],
			"rotation": {"angle": 22.5, "axis": "x", "origin": [8.4875, 6.2875, 5.9125]},
			"faces": {
				"north": {"uv": [7, 7, 7.5, 7.5], "texture": "#0"},
				"east": {"uv": [0, 7.5, 0.5, 8], "texture": "#0"},
				"south": {"uv": [7.5, 0, 8, 0.5], "texture": "#0"},
				"west": {"uv": [0.5, 7.5, 1, 8], "texture": "#0"},
				"up": {"uv": [8, 1, 7.5, 0.5], "texture": "#0"},
				"down": {"uv": [1.5, 7.5, 1, 8], "texture": "#0"}
			}
		},
		{
			"from": [8.45, 6.175, 6.05],
			"to": [8.525, 6.3, 6.375],
			"rotation": {"angle": 22.5, "axis": "x", "origin": [8.4875, 6.2875, 5.9125]},
			"faces": {
				"north": {"uv": [7.5, 1, 8, 1.5], "texture": "#0"},
				"east": {"uv": [1.5, 7.5, 2, 8], "texture": "#0"},
				"south": {"uv": [7.5, 1.5, 8, 2], "texture": "#0"},
				"west": {"uv": [2, 7.5, 2.5, 8], "texture": "#0"},
				"up": {"uv": [8, 2.5, 7.5, 2], "texture": "#0"},
				"down": {"uv": [3, 7.5, 2.5, 8], "texture": "#0"}
			}
		},
		{
			"from": [8.45, 6.975, 7.95],
			"to": [8.525, 7.2, 8.175],
			"rotation": {"angle": 22.5, "axis": "x", "origin": [8.4875, 6.2875, 5.9125]},
			"faces": {
				"north": {"uv": [7.5, 2.5, 8, 3], "texture": "#0"},
				"east": {"uv": [3, 7.5, 3.5, 8], "texture": "#0"},
				"south": {"uv": [7.5, 3, 8, 3.5], "texture": "#0"},
				"west": {"uv": [3.5, 7.5, 4, 8], "texture": "#0"},
				"up": {"uv": [8, 4, 7.5, 3.5], "texture": "#0"},
				"down": {"uv": [4.5, 7.5, 4, 8], "texture": "#0"}
			}
		},
		{
			"from": [8.45, 6.975, 8.05],
			"to": [8.525, 7.1, 8.375],
			"rotation": {"angle": 22.5, "axis": "x", "origin": [8.4875, 6.2875, 5.9125]},
			"faces": {
				"north": {"uv": [7.5, 4, 8, 4.5], "texture": "#0"},
				"east": {"uv": [4.5, 7.5, 5, 8], "texture": "#0"},
				"south": {"uv": [7.5, 4.5, 8, 5], "texture": "#0"},
				"west": {"uv": [5, 7.5, 5.5, 8], "texture": "#0"},
				"up": {"uv": [8, 5.5, 7.5, 5], "texture": "#0"},
				"down": {"uv": [6, 7.5, 5.5, 8], "texture": "#0"}
			}
		},
		{
			"from": [7.475, 6.975, 7.95],
			"to": [7.55, 7.2, 8.175],
			"rotation": {"angle": 22.5, "axis": "x", "origin": [8.4875, 6.2875, 5.9125]},
			"faces": {
				"north": {"uv": [7.5, 5.5, 8, 6], "texture": "#0"},
				"east": {"uv": [6, 7.5, 6.5, 8], "texture": "#0"},
				"south": {"uv": [7.5, 6, 8, 6.5], "texture": "#0"},
				"west": {"uv": [6.5, 7.5, 7, 8], "texture": "#0"},
				"up": {"uv": [8, 7, 7.5, 6.5], "texture": "#0"},
				"down": {"uv": [7.5, 7.5, 7, 8], "texture": "#0"}
			}
		},
		{
			"from": [7.475, 6.975, 8.05],
			"to": [7.55, 7.1, 8.375],
			"rotation": {"angle": 22.5, "axis": "x", "origin": [8.4875, 6.2875, 5.9125]},
			"faces": {
				"north": {"uv": [7.5, 7, 8, 7.5], "texture": "#0"},
				"east": {"uv": [7.5, 7.5, 8, 8], "texture": "#0"},
				"south": {"uv": [0, 8, 0.5, 8.5], "texture": "#0"},
				"west": {"uv": [8, 0, 8.5, 0.5], "texture": "#0"},
				"up": {"uv": [1, 8.5, 0.5, 8], "texture": "#0"},
				"down": {"uv": [8.5, 0.5, 8, 1], "texture": "#0"}
			}
		},
		{
			"from": [7.475, 6.175, 5.95],
			"to": [7.55, 6.4, 6.175],
			"rotation": {"angle": 22.5, "axis": "x", "origin": [8.4875, 6.2875, 5.9125]},
			"faces": {
				"north": {"uv": [1, 8, 1.5, 8.5], "texture": "#0"},
				"east": {"uv": [8, 1, 8.5, 1.5], "texture": "#0"},
				"south": {"uv": [1.5, 8, 2, 8.5], "texture": "#0"},
				"west": {"uv": [8, 1.5, 8.5, 2], "texture": "#0"},
				"up": {"uv": [2.5, 8.5, 2, 8], "texture": "#0"},
				"down": {"uv": [8.5, 2, 8, 2.5], "texture": "#0"}
			}
		},
		{
			"from": [7.475, 6.175, 6.05],
			"to": [7.55, 6.3, 6.375],
			"rotation": {"angle": 22.5, "axis": "x", "origin": [8.4875, 6.2875, 5.9125]},
			"faces": {
				"north": {"uv": [2.5, 8, 3, 8.5], "texture": "#0"},
				"east": {"uv": [8, 2.5, 8.5, 3], "texture": "#0"},
				"south": {"uv": [3, 8, 3.5, 8.5], "texture": "#0"},
				"west": {"uv": [8, 3, 8.5, 3.5], "texture": "#0"},
				"up": {"uv": [4, 8.5, 3.5, 8], "texture": "#0"},
				"down": {"uv": [8.5, 3.5, 8, 4], "texture": "#0"}
			}
		},
		{
			"from": [8.4, 3.21624, 6.14266],
			"to": [8.475, 4.14124, 6.46766],
			"rotation": {"angle": -22.5, "axis": "x", "origin": [9.0875, 4.27874, 5.40516]},
			"faces": {
				"north": {"uv": [4, 8, 4.5, 8.5], "texture": "#0"},
				"east": {"uv": [8, 4, 8.5, 4.5], "texture": "#0"},
				"south": {"uv": [4.5, 8, 5, 8.5], "texture": "#0"},
				"west": {"uv": [8, 4.5, 8.5, 5], "texture": "#0"},
				"up": {"uv": [5.5, 8.5, 5, 8], "texture": "#0"},
				"down": {"uv": [8.5, 5, 8, 5.5], "texture": "#0"}
			}
		},
		{
			"from": [7.525, 3.21624, 6.14266],
			"to": [7.6, 4.14124, 6.46766],
			"rotation": {"angle": -22.5, "axis": "x", "origin": [9.0875, 4.27874, 5.40516]},
			"faces": {
				"north": {"uv": [5.5, 8, 6, 8.5], "texture": "#0"},
				"east": {"uv": [8, 5.5, 8.5, 6], "texture": "#0"},
				"south": {"uv": [6, 8, 6.5, 8.5], "texture": "#0"},
				"west": {"uv": [8, 6, 8.5, 6.5], "texture": "#0"},
				"up": {"uv": [7, 8.5, 6.5, 8], "texture": "#0"},
				"down": {"uv": [8.5, 6.5, 8, 7], "texture": "#0"}
			}
		},
		{
			"from": [7.575, 5.3, 2.9],
			"to": [7.6, 5.55, 3.15],
			"rotation": {"angle": 45, "axis": "x", "origin": [7.5875, 5.45, 3.05]},
			"faces": {
				"north": {"uv": [7, 8, 7.5, 8.5], "texture": "#0"},
				"east": {"uv": [8, 7, 8.5, 7.5], "texture": "#0"},
				"south": {"uv": [7.5, 8, 8, 8.5], "texture": "#0"},
				"west": {"uv": [8, 7.5, 8.5, 8], "texture": "#0"},
				"up": {"uv": [8.5, 8.5, 8, 8], "texture": "#0"},
				"down": {"uv": [0.5, 8.5, 0, 9], "texture": "#0"}
			}
		},
		{
			"from": [7.575, 6.2, 3.775],
			"to": [7.6, 6.45, 4.025],
			"rotation": {"angle": 45, "axis": "x", "origin": [7.5875, 5.45, 3.05]},
			"faces": {
				"north": {"uv": [8.5, 0, 9, 0.5], "texture": "#0"},
				"east": {"uv": [0.5, 8.5, 1, 9], "texture": "#0"},
				"south": {"uv": [8.5, 0.5, 9, 1], "texture": "#0"},
				"west": {"uv": [1, 8.5, 1.5, 9], "texture": "#0"},
				"up": {"uv": [9, 1.5, 8.5, 1], "texture": "#0"},
				"down": {"uv": [2, 8.5, 1.5, 9], "texture": "#0"}
			}
		},
		{
			"from": [7.575, 5.14268, 4.84476],
			"to": [7.6, 5.69268, 5.99476],
			"rotation": {"angle": 0, "axis": "y", "origin": [7.5875, 5.46768, 4.26976]},
			"faces": {
				"north": {"uv": [8.5, 1.5, 9, 2], "texture": "#0"},
				"east": {"uv": [2, 8.5, 2.5, 9], "texture": "#0"},
				"south": {"uv": [8.5, 2, 9, 2.5], "texture": "#0"},
				"west": {"uv": [2.5, 8.5, 3, 9], "texture": "#0"},
				"up": {"uv": [9, 3, 8.5, 2.5], "texture": "#0"},
				"down": {"uv": [3.5, 8.5, 3, 9], "texture": "#0"}
			}
		},
		{
			"from": [7.575, 4.04268, 4.44476],
			"to": [7.6, 4.29268, 4.59476],
			"rotation": {"angle": -22.5, "axis": "x", "origin": [7.5875, 5.46768, 4.26976]},
			"faces": {
				"north": {"uv": [8.5, 3, 9, 3.5], "texture": "#0"},
				"east": {"uv": [3.5, 8.5, 4, 9], "texture": "#0"},
				"south": {"uv": [8.5, 3.5, 9, 4], "texture": "#0"},
				"west": {"uv": [4, 8.5, 4.5, 9], "texture": "#0"},
				"up": {"uv": [9, 4.5, 8.5, 4], "texture": "#0"},
				"down": {"uv": [5, 8.5, 4.5, 9], "texture": "#0"}
			}
		},
		{
			"from": [8.4, 4.04268, 4.44476],
			"to": [8.425, 4.29268, 4.59476],
			"rotation": {"angle": -22.5, "axis": "x", "origin": [7.5875, 5.46768, 4.26976]},
			"faces": {
				"north": {"uv": [8.5, 4.5, 9, 5], "texture": "#0"},
				"east": {"uv": [5, 8.5, 5.5, 9], "texture": "#0"},
				"south": {"uv": [8.5, 5, 9, 5.5], "texture": "#0"},
				"west": {"uv": [5.5, 8.5, 6, 9], "texture": "#0"},
				"up": {"uv": [9, 6, 8.5, 5.5], "texture": "#0"},
				"down": {"uv": [6.5, 8.5, 6, 9], "texture": "#0"}
			}
		},
		{
			"from": [7.55, 5.34268, 5.19476],
			"to": [7.575, 5.49268, 5.74476],
			"rotation": {"angle": 0, "axis": "y", "origin": [7.5875, 5.46768, 4.26976]},
			"faces": {
				"north": {"uv": [8.5, 6, 9, 6.5], "texture": "#0"},
				"east": {"uv": [6.5, 8.5, 7, 9], "texture": "#0"},
				"south": {"uv": [8.5, 6.5, 9, 7], "texture": "#0"},
				"west": {"uv": [7, 8.5, 7.5, 9], "texture": "#0"},
				"up": {"uv": [9, 7.5, 8.5, 7], "texture": "#0"},
				"down": {"uv": [8, 8.5, 7.5, 9], "texture": "#0"}
			}
		},
		{
			"from": [7.5, 5.26768, 4.96976],
			"to": [7.575, 5.56768, 5.19476],
			"rotation": {"angle": 0, "axis": "y", "origin": [7.5875, 5.46768, 4.26976]},
			"faces": {
				"north": {"uv": [8.5, 7.5, 9, 8], "texture": "#0"},
				"east": {"uv": [8, 8.5, 8.5, 9], "texture": "#0"},
				"south": {"uv": [8.5, 8, 9, 8.5], "texture": "#0"},
				"west": {"uv": [8.5, 8.5, 9, 9], "texture": "#0"},
				"up": {"uv": [0.5, 9.5, 0, 9], "texture": "#0"},
				"down": {"uv": [9.5, 0, 9, 0.5], "texture": "#0"}
			}
		},
		{
			"from": [7.475, 5.54268, 4.96976],
			"to": [7.5, 5.56768, 5.19476],
			"rotation": {"angle": 0, "axis": "y", "origin": [7.5875, 5.46768, 4.26976]},
			"faces": {
				"north": {"uv": [0.5, 9, 1, 9.5], "texture": "#0"},
				"east": {"uv": [9, 0.5, 9.5, 1], "texture": "#0"},
				"south": {"uv": [1, 9, 1.5, 9.5], "texture": "#0"},
				"west": {"uv": [9, 1, 9.5, 1.5], "texture": "#0"},
				"up": {"uv": [2, 9.5, 1.5, 9], "texture": "#0"},
				"down": {"uv": [9.5, 1.5, 9, 2], "texture": "#0"}
			}
		},
		{
			"from": [7.475, 5.49268, 4.96976],
			"to": [7.5, 5.51768, 5.19476],
			"rotation": {"angle": 0, "axis": "y", "origin": [7.5875, 5.46768, 4.26976]},
			"faces": {
				"north": {"uv": [2, 9, 2.5, 9.5], "texture": "#0"},
				"east": {"uv": [9, 2, 9.5, 2.5], "texture": "#0"},
				"south": {"uv": [2.5, 9, 3, 9.5], "texture": "#0"},
				"west": {"uv": [9, 2.5, 9.5, 3], "texture": "#0"},
				"up": {"uv": [3.5, 9.5, 3, 9], "texture": "#0"},
				"down": {"uv": [9.5, 3, 9, 3.5], "texture": "#0"}
			}
		},
		{
			"from": [7.475, 5.39268, 4.96976],
			"to": [7.5, 5.41768, 5.19476],
			"rotation": {"angle": 0, "axis": "y", "origin": [7.5875, 5.46768, 4.26976]},
			"faces": {
				"north": {"uv": [3.5, 9, 4, 9.5], "texture": "#0"},
				"east": {"uv": [9, 3.5, 9.5, 4], "texture": "#0"},
				"south": {"uv": [4, 9, 4.5, 9.5], "texture": "#0"},
				"west": {"uv": [9, 4, 9.5, 4.5], "texture": "#0"},
				"up": {"uv": [5, 9.5, 4.5, 9], "texture": "#0"},
				"down": {"uv": [9.5, 4.5, 9, 5], "texture": "#0"}
			}
		},
		{
			"from": [7.475, 5.44268, 4.96976],
			"to": [7.5, 5.46768, 5.19476],
			"rotation": {"angle": 0, "axis": "y", "origin": [7.5875, 5.46768, 4.26976]},
			"faces": {
				"north": {"uv": [5, 9, 5.5, 9.5], "texture": "#0"},
				"east": {"uv": [9, 5, 9.5, 5.5], "texture": "#0"},
				"south": {"uv": [5.5, 9, 6, 9.5], "texture": "#0"},
				"west": {"uv": [9, 5.5, 9.5, 6], "texture": "#0"},
				"up": {"uv": [6.5, 9.5, 6, 9], "texture": "#0"},
				"down": {"uv": [9.5, 6, 9, 6.5], "texture": "#0"}
			}
		},
		{
			"from": [7.475, 5.26768, 4.96976],
			"to": [7.5, 5.31768, 5.19476],
			"rotation": {"angle": 0, "axis": "y", "origin": [7.5875, 5.46768, 4.26976]},
			"faces": {
				"north": {"uv": [6.5, 9, 7, 9.5], "texture": "#0"},
				"east": {"uv": [9, 6.5, 9.5, 7], "texture": "#0"},
				"south": {"uv": [7, 9, 7.5, 9.5], "texture": "#0"},
				"west": {"uv": [9, 7, 9.5, 7.5], "texture": "#0"},
				"up": {"uv": [8, 9.5, 7.5, 9], "texture": "#0"},
				"down": {"uv": [9.5, 7.5, 9, 8], "texture": "#0"}
			}
		},
		{
			"from": [7.475, 5.34268, 4.96976],
			"to": [7.5, 5.36768, 5.19476],
			"rotation": {"angle": 0, "axis": "y", "origin": [7.5875, 5.46768, 4.26976]},
			"faces": {
				"north": {"uv": [8, 9, 8.5, 9.5], "texture": "#0"},
				"east": {"uv": [9, 8, 9.5, 8.5], "texture": "#0"},
				"south": {"uv": [8.5, 9, 9, 9.5], "texture": "#0"},
				"west": {"uv": [9, 8.5, 9.5, 9], "texture": "#0"},
				"up": {"uv": [9.5, 9.5, 9, 9], "texture": "#0"},
				"down": {"uv": [0.5, 9.5, 0, 10], "texture": "#0"}
			}
		},
		{
			"from": [7.5, 5.31768, 5.69476],
			"to": [7.575, 5.51768, 5.91976],
			"rotation": {"angle": 0, "axis": "y", "origin": [7.5875, 5.46768, 4.26976]},
			"faces": {
				"north": {"uv": [9.5, 0, 10, 0.5], "texture": "#0"},
				"east": {"uv": [0.5, 9.5, 1, 10], "texture": "#0"},
				"south": {"uv": [9.5, 0.5, 10, 1], "texture": "#0"},
				"west": {"uv": [1, 9.5, 1.5, 10], "texture": "#0"},
				"up": {"uv": [10, 1.5, 9.5, 1], "texture": "#0"},
				"down": {"uv": [2, 9.5, 1.5, 10], "texture": "#0"}
			}
		},
		{
			"from": [8.4, 6.2, 3.775],
			"to": [8.425, 6.45, 4.025],
			"rotation": {"angle": 45, "axis": "x", "origin": [7.5875, 5.45, 3.05]},
			"faces": {
				"north": {"uv": [9.5, 1.5, 10, 2], "texture": "#0"},
				"east": {"uv": [2, 9.5, 2.5, 10], "texture": "#0"},
				"south": {"uv": [9.5, 2, 10, 2.5], "texture": "#0"},
				"west": {"uv": [2.5, 9.5, 3, 10], "texture": "#0"},
				"up": {"uv": [10, 3, 9.5, 2.5], "texture": "#0"},
				"down": {"uv": [3.5, 9.5, 3, 10], "texture": "#0"}
			}
		},
		{
			"from": [8.4, 5.3, 2.9],
			"to": [8.425, 5.55, 3.15],
			"rotation": {"angle": 45, "axis": "x", "origin": [7.5875, 5.45, 3.05]},
			"faces": {
				"north": {"uv": [9.5, 3, 10, 3.5], "texture": "#0"},
				"east": {"uv": [3.5, 9.5, 4, 10], "texture": "#0"},
				"south": {"uv": [9.5, 3.5, 10, 4], "texture": "#0"},
				"west": {"uv": [4, 9.5, 4.5, 10], "texture": "#0"},
				"up": {"uv": [10, 4.5, 9.5, 4], "texture": "#0"},
				"down": {"uv": [5, 9.5, 4.5, 10], "texture": "#0"}
			}
		},
		{
			"from": [7.5, 5.75, 3],
			"to": [7.6, 6.1, 4],
			"faces": {
				"north": {"uv": [0, 0, 0.1, 0.35], "texture": "#0"},
				"east": {"uv": [0, 0, 1, 0.35], "texture": "#0"},
				"south": {"uv": [0, 0, 0.1, 0.35], "texture": "#0"},
				"west": {"uv": [0, 0, 1, 0.35], "texture": "#0"},
				"up": {"uv": [0, 0, 0.1, 1], "texture": "#0"},
				"down": {"uv": [0, 0, 0.1, 1], "texture": "#0"}
			}
		},
		{
			"from": [7.5, 5.75, 4],
			"to": [7.6, 5.95, 4.8],
			"faces": {
				"north": {"uv": [0, 0, 0.1, 0.2], "texture": "#0"},
				"east": {"uv": [0, 0, 0.8, 0.2], "texture": "#0"},
				"south": {"uv": [0, 0, 0.1, 0.2], "texture": "#0"},
				"west": {"uv": [0, 0, 0.8, 0.2], "texture": "#0"},
				"up": {"uv": [0, 0, 0.1, 0.8], "texture": "#0"},
				"down": {"uv": [0, 0, 0.1, 0.8], "texture": "#0"}
			}
		},
		{
			"from": [7.6, 5.775, 4.4],
			"to": [8.2, 6.05, 4.8],
			"faces": {
				"north": {"uv": [0, 0, 0.6, 0.275], "texture": "#0"},
				"east": {"uv": [0, 0, 0.4, 0.275], "texture": "#0"},
				"south": {"uv": [0, 0, 0.6, 0.275], "texture": "#0"},
				"west": {"uv": [0, 0, 0.4, 0.275], "texture": "#0"},
				"up": {"uv": [0, 0, 0.6, 0.4], "texture": "#0"},
				"down": {"uv": [0, 0, 0.6, 0.4], "texture": "#0"}
			}
		},
		{
			"from": [7.8, 5.475, 4.7],
			"to": [7.9, 5.775, 5.7],
			"faces": {
				"north": {"uv": [0, 0, 0.1, 0.3], "texture": "#0"},
				"east": {"uv": [0, 0, 1, 0.3], "texture": "#0"},
				"south": {"uv": [0, 0, 0.1, 0.3], "texture": "#0"},
				"west": {"uv": [0, 0, 1, 0.3], "texture": "#0"},
				"up": {"uv": [0, 0, 0.1, 1], "texture": "#0"},
				"down": {"uv": [0, 0, 0.1, 1], "texture": "#0"}
			}
		},
		{
			"from": [7.825, 5.775, 4.7],
			"to": [8.175, 5.825, 5.7],
			"faces": {
				"north": {"uv": [0, 0, 0.35, 0.05], "texture": "#0"},
				"east": {"uv": [0, 0, 1, 0.05], "texture": "#0"},
				"south": {"uv": [0, 0, 0.35, 0.05], "texture": "#0"},
				"west": {"uv": [0, 0, 1, 0.05], "texture": "#0"},
				"up": {"uv": [0, 0, 0.35, 1], "texture": "#0"},
				"down": {"uv": [0, 0, 0.35, 1], "texture": "#0"}
			}
		},
		{
			"from": [7.825, 5.425, 4.7],
			"to": [8.175, 5.475, 5.7],
			"faces": {
				"north": {"uv": [0, 0, 0.35, 0.05], "texture": "#0"},
				"east": {"uv": [0, 0, 1, 0.05], "texture": "#0"},
				"south": {"uv": [0, 0, 0.35, 0.05], "texture": "#0"},
				"west": {"uv": [0, 0, 1, 0.05], "texture": "#0"},
				"up": {"uv": [0, 0, 0.35, 1], "texture": "#0"},
				"down": {"uv": [0, 0, 0.35, 1], "texture": "#0"}
			}
		},
		{
			"from": [8.1, 5.475, 4.7],
			"to": [8.2, 5.775, 5.7],
			"faces": {
				"north": {"uv": [0, 0, 0.1, 0.3], "texture": "#0"},
				"east": {"uv": [0, 0, 1, 0.3], "texture": "#0"},
				"south": {"uv": [0, 0, 0.1, 0.3], "texture": "#0"},
				"west": {"uv": [0, 0, 1, 0.3], "texture": "#0"},
				"up": {"uv": [0, 0, 0.1, 1], "texture": "#0"},
				"down": {"uv": [0, 0, 0.1, 1], "texture": "#0"}
			}
		},
		{
			"from": [8.2, 5.675, 4.3],
			"to": [8.3, 6.575, 5.7],
			"faces": {
				"north": {"uv": [0, 0, 0.1, 0.9], "texture": "#0"},
				"east": {"uv": [0, 0, 1.4, 0.9], "texture": "#0"},
				"south": {"uv": [0, 0, 0.1, 0.9], "texture": "#0"},
				"west": {"uv": [0, 0, 1.4, 0.9], "texture": "#0"},
				"up": {"uv": [0, 0, 0.1, 1.4], "texture": "#0"},
				"down": {"uv": [0, 0, 0.1, 1.4], "texture": "#0"}
			}
		},
		{
			"from": [7.775, 5.375, 5.7],
			"to": [8.225, 5.875, 5.8],
			"faces": {
				"north": {"uv": [0, 0, 0.45, 0.5], "texture": "#0"},
				"east": {"uv": [0, 0, 0.1, 0.5], "texture": "#0"},
				"south": {"uv": [0, 0, 0.45, 0.5], "texture": "#0"},
				"west": {"uv": [0, 0, 0.1, 0.5], "texture": "#0"},
				"up": {"uv": [0, 0, 0.45, 0.1], "texture": "#0"},
				"down": {"uv": [0, 0, 0.45, 0.1], "texture": "#0"}
			}
		},
		{
			"from": [7.95, 5.575, 7.575],
			"to": [8.05, 6.075, 7.8],
			"faces": {
				"north": {"uv": [0, 0, 0.1, 0.5], "texture": "#0"},
				"east": {"uv": [0, 0, 0.225, 0.5], "texture": "#0"},
				"south": {"uv": [0, 0, 0.1, 0.5], "texture": "#0"},
				"west": {"uv": [0, 0, 0.225, 0.5], "texture": "#0"},
				"up": {"uv": [0, 0, 0.1, 0.225], "texture": "#0"},
				"down": {"uv": [0, 0, 0.1, 0.225], "texture": "#0"}
			}
		},
		{
			"from": [7.95, 5.125, 7.55],
			"to": [8.05, 5.625, 7.775],
			"rotation": {"angle": 22.5, "axis": "x", "origin": [8, 5.55, 7.6875]},
			"faces": {
				"north": {"uv": [0, 0, 0.1, 0.5], "texture": "#0"},
				"east": {"uv": [0, 0, 0.225, 0.5], "texture": "#0"},
				"south": {"uv": [0, 0, 0.1, 0.5], "texture": "#0"},
				"west": {"uv": [0, 0, 0.225, 0.5], "texture": "#0"},
				"up": {"uv": [0, 0, 0.1, 0.225], "texture": "#0"},
				"down": {"uv": [0, 0, 0.1, 0.225], "texture": "#0"}
			}
		},
		{
			"from": [7.4, 5.75, 3],
			"to": [7.5, 6.1, 3.3],
			"faces": {
				"north": {"uv": [0, 0, 0.1, 0.35], "texture": "#0"},
				"east": {"uv": [0, 0, 0.3, 0.35], "texture": "#0"},
				"south": {"uv": [0, 0, 0.1, 0.35], "texture": "#0"},
				"west": {"uv": [0, 0, 0.3, 0.35], "texture": "#0"},
				"up": {"uv": [0, 0, 0.1, 0.3], "texture": "#0"},
				"down": {"uv": [0, 0, 0.1, 0.3], "texture": "#0"}
			}
		},
		{
			"from": [7.675, 6.6, 2.6],
			"to": [7.775, 7, 3.4],
			"faces": {
				"north": {"uv": [0, 0, 0.1, 0.4], "texture": "#0"},
				"east": {"uv": [0, 0, 0.8, 0.4], "texture": "#0"},
				"south": {"uv": [3.5, 6.25, 5.35, 5.15], "texture": "#0"},
				"west": {"uv": [0, 0, 0.8, 0.4], "texture": "#0"},
				"up": {"uv": [0, 0, 0.1, 0.8], "texture": "#0"},
				"down": {"uv": [0, 0, 0.1, 0.8], "texture": "#0"}
			}
		},
		{
			"from": [7.775, 6.9, 2.6],
			"to": [8.225, 7, 3.2],
			"faces": {
				"north": {"uv": [0, 0, 0.45, 0.1], "texture": "#0"},
				"east": {"uv": [0, 0, 0.6, 0.1], "texture": "#0"},
				"south": {"uv": [3, 4, 5.45, 6.35], "texture": "#0"},
				"west": {"uv": [0, 0, 0.6, 0.1], "texture": "#0"},
				"up": {"uv": [0, 0, 0.45, 0.6], "texture": "#0"},
				"down": {"uv": [0, 0, 0.45, 0.6], "texture": "#0"}
			}
		},
		{
			"from": [7.625, 6.825, 2.5],
			"to": [8.375, 7.025, 2.775],
			"rotation": {"angle": -45, "axis": "x", "origin": [8, 6.95, 2.65]},
			"faces": {
				"north": {"uv": [0, 0, 0.75, 0.2], "texture": "#0"},
				"east": {"uv": [0, 0, 0.275, 0.2], "texture": "#0"},
				"south": {"uv": [8.25, 7, 9, 7.2], "texture": "#0"},
				"west": {"uv": [0, 0, 0.275, 0.2], "texture": "#0"},
				"up": {"uv": [0, 0, 0.75, 0.275], "texture": "#0"},
				"down": {"uv": [0, 0, 0.75, 0.275], "texture": "#0"}
			}
		},
		{
			"from": [7.775, 7.01339, 2.62803],
			"to": [8.225, 7.08839, 2.95303],
			"rotation": {"angle": 0, "axis": "y", "origin": [8, 7.03839, 2.70303]},
			"faces": {
				"north": {"uv": [0, 0, 0.45, 0.075], "texture": "#0"},
				"east": {"uv": [0, 0, 0.325, 0.075], "texture": "#0"},
				"south": {"uv": [4.5, 5, 6.2, 6.825], "texture": "#0"},
				"west": {"uv": [0, 0, 0.325, 0.075], "texture": "#0"},
				"up": {"uv": [0, 0, 0.45, 0.325], "texture": "#0"},
				"down": {"uv": [0, 0, 0.45, 0.325], "texture": "#0"}
			}
		},
		{
			"from": [8.175, 7.08839, 2.62803],
			"to": [8.225, 7.46339, 2.95303],
			"rotation": {"angle": 0, "axis": "y", "origin": [8, 7.03839, 2.70303]},
			"faces": {
				"north": {"uv": [0, 0, 0.05, 0.375], "texture": "#0"},
				"east": {"uv": [0, 0, 0.325, 0.375], "texture": "#0"},
				"south": {"uv": [4.75, 5, 6.05, 6.375], "texture": "#0"},
				"west": {"uv": [0, 0, 0.325, 0.375], "texture": "#0"},
				"up": {"uv": [0, 0, 0.05, 0.325], "texture": "#0"},
				"down": {"uv": [0, 0, 0.05, 0.325], "texture": "#0"}
			}
		},
		{
			"from": [7.975, 7.08839, 2.62803],
			"to": [8.025, 7.26339, 2.75303],
			"rotation": {"angle": 0, "axis": "y", "origin": [8, 7.03839, 2.70303]},
			"faces": {
				"north": {"uv": [14.5, 14.25, 15.55, 15.675], "texture": "#0"},
				"east": {"uv": [0, 0, 0.125, 0.175], "texture": "#0"},
				"south": {"uv": [14.45, 14.075, 15.75, 15.5], "texture": "#0"},
				"west": {"uv": [0, 0, 0.125, 0.175], "texture": "#0"},
				"up": {"uv": [0, 0, 0.05, 0.125], "texture": "#0"},
				"down": {"uv": [0, 0, 0.05, 0.125], "texture": "#0"}
			}
		},
		{
			"from": [7.775, 7.08839, 2.62803],
			"to": [7.825, 7.46339, 2.95303],
			"rotation": {"angle": 0, "axis": "y", "origin": [8, 7.03839, 2.70303]},
			"faces": {
				"north": {"uv": [0, 0, 0.05, 0.375], "texture": "#0"},
				"east": {"uv": [0, 0, 0.325, 0.375], "texture": "#0"},
				"south": {"uv": [5.5, 5.75, 6.55, 6.875], "texture": "#0"},
				"west": {"uv": [0, 0, 0.325, 0.375], "texture": "#0"},
				"up": {"uv": [0, 0, 0.05, 0.325], "texture": "#0"},
				"down": {"uv": [0, 0, 0.05, 0.325], "texture": "#0"}
			}
		},
		{
			"from": [8.225, 6.6, 2.6],
			"to": [8.325, 7, 3.4],
			"faces": {
				"north": {"uv": [0, 0, 0.1, 0.4], "texture": "#0"},
				"east": {"uv": [0, 0, 0.8, 0.4], "texture": "#0"},
				"south": {"uv": [5, 4.25, 6.35, 5.65], "texture": "#0"},
				"west": {"uv": [0, 0, 0.8, 0.4], "texture": "#0"},
				"up": {"uv": [0, 0, 0.1, 0.8], "texture": "#0"},
				"down": {"uv": [0, 0, 0.1, 0.8], "texture": "#0"}
			}
		},
		{
			"from": [8.225, 6.6, 8.3],
			"to": [8.325, 7, 9.1],
			"rotation": {"angle": 0, "axis": "y", "origin": [0, 0, 5.7]},
			"faces": {
				"north": {"uv": [0, 0, 0.1, 0.4], "texture": "#0"},
				"east": {"uv": [0, 0, 0.8, 0.4], "texture": "#0"},
				"south": {"uv": [5.25, 5.25, 6.85, 6.65], "texture": "#0"},
				"west": {"uv": [0, 0, 0.8, 0.4], "texture": "#0"},
				"up": {"uv": [0, 0, 0.1, 0.8], "texture": "#0"},
				"down": {"uv": [0, 0, 0.1, 0.8], "texture": "#0"}
			}
		},
		{
			"from": [7.775, 6.9, 8.3],
			"to": [8.225, 7, 8.7],
			"rotation": {"angle": 0, "axis": "y", "origin": [0, 0, 5.7]},
			"faces": {
				"north": {"uv": [0, 0, 0.45, 0.1], "texture": "#0"},
				"east": {"uv": [0, 0, 0.4, 0.1], "texture": "#0"},
				"south": {"uv": [4, 5.5, 5.2, 6.35], "texture": "#0"},
				"west": {"uv": [0, 0, 0.4, 0.1], "texture": "#0"},
				"up": {"uv": [0, 0, 0.45, 0.4], "texture": "#0"},
				"down": {"uv": [0, 0, 0.45, 0.4], "texture": "#0"}
			}
		},
		{
			"from": [7.775, 7, 8.3],
			"to": [7.825, 7.4, 8.6],
			"rotation": {"angle": 0, "axis": "y", "origin": [0, 0, 5.7]},
			"faces": {
				"north": {"uv": [0, 0, 0.05, 0.4], "texture": "#0"},
				"east": {"uv": [0, 0, 0.3, 0.4], "texture": "#0"},
				"south": {"uv": [6.25, 5.75, 5.3, 6.9], "texture": "#0"},
				"west": {"uv": [0, 0, 0.3, 0.4], "texture": "#0"},
				"up": {"uv": [0, 0, 0.05, 0.3], "texture": "#0"},
				"down": {"uv": [0, 0, 0.05, 0.3], "texture": "#0"}
			}
		},
		{
			"from": [8.175, 7, 8.3],
			"to": [8.225, 7.4, 8.6],
			"rotation": {"angle": 0, "axis": "y", "origin": [0, 0, 5.7]},
			"faces": {
				"north": {"uv": [0, 0, 0.05, 0.4], "texture": "#0"},
				"east": {"uv": [0, 0, 0.3, 0.4], "texture": "#0"},
				"south": {"uv": [1, 5, 2.05, 4.4], "texture": "#0"},
				"west": {"uv": [0, 0, 0.3, 0.4], "texture": "#0"},
				"up": {"uv": [0, 0, 0.05, 0.3], "texture": "#0"},
				"down": {"uv": [0, 0, 0.05, 0.3], "texture": "#0"}
			}
		},
		{
			"from": [7.675, 6.6, 8.3],
			"to": [7.775, 7, 9.1],
			"rotation": {"angle": 0, "axis": "y", "origin": [0, 0, 5.7]},
			"faces": {
				"north": {"uv": [0, 0, 0.1, 0.4], "texture": "#0"},
				"east": {"uv": [0, 0, 0.8, 0.4], "texture": "#0"},
				"south": {"uv": [3.25, 4.25, 5.1, 5.9], "texture": "#0"},
				"west": {"uv": [0, 0, 0.8, 0.4], "texture": "#0"},
				"up": {"uv": [0, 0, 0.1, 0.8], "texture": "#0"},
				"down": {"uv": [0, 0, 0.1, 0.8], "texture": "#0"}
			}
		},
		{
			"from": [7.625, 6.825, 8.2],
			"to": [8.375, 7.025, 8.475],
			"rotation": {"angle": -45, "axis": "x", "origin": [8, 6.95, 8.35]},
			"faces": {
				"north": {"uv": [0, 0, 0.75, 0.2], "texture": "#0"},
				"east": {"uv": [0, 0, 0.275, 0.2], "texture": "#0"},
				"south": {"uv": [4.25, 6, 5, 6.2], "texture": "#0"},
				"west": {"uv": [0, 0, 0.275, 0.2], "texture": "#0"},
				"up": {"uv": [0, 0, 0.75, 0.275], "texture": "#0"},
				"down": {"uv": [0, 0, 0.75, 0.275], "texture": "#0"}
			}
		},
		{
			"from": [8.2, 0.3, 6.6],
			"to": [8.3, 5, 7.5],
			"rotation": {"angle": -22.5, "axis": "x", "origin": [8.55, 0.25, 5.25]},
			"faces": {
				"north": {"uv": [0, 0, 1, 5], "texture": "#0"},
				"east": {"uv": [1, 0, 2, 5], "texture": "#0"},
				"south": {"uv": [2, 0, 3, 5], "texture": "#0"},
				"west": {"uv": [3, 0, 4, 5], "texture": "#0"},
				"up": {"uv": [9, 1, 8, 0], "texture": "#0"},
				"down": {"uv": [9, 1, 8, 2], "texture": "#0"}
			}
		},
		{
			"from": [8.2, 5, 6.8],
			"to": [8.3, 5.4, 7.3],
			"rotation": {"angle": -22.5, "axis": "x", "origin": [8.55, 0.25, 5.25]},
			"faces": {
				"north": {"uv": [8, 2, 9, 3], "texture": "#0"},
				"east": {"uv": [8, 3, 9, 4], "texture": "#0"},
				"south": {"uv": [8, 4, 9, 5], "texture": "#0"},
				"west": {"uv": [8, 5, 9, 6], "texture": "#0"},
				"up": {"uv": [9, 7, 8, 6], "texture": "#0"},
				"down": {"uv": [9, 7, 8, 8], "texture": "#0"}
			}
		},
		{
			"from": [7.7, 5, 6.8],
			"to": [7.8, 5.4, 7.3],
			"rotation": {"angle": -22.5, "axis": "x", "origin": [8.55, 0.25, 5.25]},
			"faces": {
				"north": {"uv": [8, 8, 9, 9], "texture": "#0"},
				"east": {"uv": [9, 0, 10, 1], "texture": "#0"},
				"south": {"uv": [9, 1, 10, 2], "texture": "#0"},
				"west": {"uv": [9, 2, 10, 3], "texture": "#0"},
				"up": {"uv": [10, 4, 9, 3], "texture": "#0"},
				"down": {"uv": [10, 4, 9, 5], "texture": "#0"}
			}
		},
		{
			"from": [7.7, 0.3, 6.6],
			"to": [7.8, 5, 7.5],
			"rotation": {"angle": -22.5, "axis": "x", "origin": [8.55, 0.25, 5.25]},
			"faces": {
				"north": {"uv": [0, 0, 1, 5], "texture": "#0"},
				"east": {"uv": [1, 0, 2, 5], "texture": "#0"},
				"south": {"uv": [2, 0, 3, 5], "texture": "#0"},
				"west": {"uv": [3, 0, 4, 5], "texture": "#0"},
				"up": {"uv": [5, 1, 4, 0], "texture": "#0"},
				"down": {"uv": [5, 1, 4, 2], "texture": "#0"}
			}
		},
		{
			"from": [7.6, 0.2, 6.5],
			"to": [8.4, 0.6, 7.6],
			"rotation": {"angle": -22.5, "axis": "x", "origin": [8.55, 0.25, 5.25]},
			"faces": {
				"north": {"uv": [7.5, 5.75, 8.5, 6.75], "texture": "#0"},
				"east": {"uv": [5, 7.25, 6, 8.25], "texture": "#0"},
				"south": {"uv": [1.75, 6.25, 3.5, 7.5], "texture": "#0"},
				"west": {"uv": [3.75, 3.5, 5.75, 5.25], "texture": "#0"},
				"up": {"uv": [1, 8.75, 0, 7.75], "texture": "#0"},
				"down": {"uv": [8.75, 0.75, 7.75, 1.75], "texture": "#0"}
			}
		},
		{
			"from": [7.8, 0.3, 6.6],
			"to": [8.2, 5, 6.7],
			"rotation": {"angle": -22.5, "axis": "x", "origin": [8.55, 0.25, 5.25]},
			"faces": {
				"north": {"uv": [2, 5, 3, 10], "texture": "#0"},
				"east": {"uv": [3, 5, 4, 10], "texture": "#0"},
				"south": {"uv": [4, 5, 5, 10], "texture": "#0"},
				"west": {"uv": [5, 5, 6, 10], "texture": "#0"},
				"up": {"uv": [2, 11, 1, 10], "texture": "#0"},
				"down": {"uv": [11, 1, 10, 2], "texture": "#0"}
			}
		},
		{
			"from": [7.8, 0.3, 7.4],
			"to": [8.2, 5, 7.5],
			"rotation": {"angle": -22.5, "axis": "x", "origin": [8.55, 0.25, 5.25]},
			"faces": {
				"north": {"uv": [6, 0, 7, 5], "texture": "#0"},
				"east": {"uv": [6, 5, 7, 10], "texture": "#0"},
				"south": {"uv": [7, 0, 8, 5], "texture": "#0"},
				"west": {"uv": [7, 5, 8, 10], "texture": "#0"},
				"up": {"uv": [3, 11, 2, 10], "texture": "#0"},
				"down": {"uv": [11, 2, 10, 3], "texture": "#0"}
			}
		},
		{
			"from": [7.65, 5.9, 9.225],
			"to": [8.35, 6.6, 10.2],
			"faces": {
				"north": {"uv": [0, 0, 0.7, 0.7], "texture": "#1"},
				"east": {"uv": [0, 0, 0.975, 0.7], "texture": "#1"},
				"south": {"uv": [0, 0, 0.7, 0.7], "texture": "#1"},
				"west": {"uv": [0, 0, 0.975, 0.7], "texture": "#1"},
				"up": {"uv": [0, 0, 0.7, 0.975], "texture": "#1"},
				"down": {"uv": [0, 0, 0.7, 0.975], "texture": "#1"}
			}
		},
		{
			"from": [7.75, 6.375, 10.05],
			"to": [8.25, 6.575, 10.6],
			"rotation": {"angle": 22.5, "axis": "x", "origin": [8, 6.25, 10.2]},
			"faces": {
				"north": {"uv": [0, 0, 0.5, 0.2], "texture": "#1"},
				"east": {"uv": [0, 0, 0.55, 0.2], "texture": "#1"},
				"south": {"uv": [0, 0, 0.5, 0.2], "texture": "#1"},
				"west": {"uv": [0, 0, 0.55, 0.2], "texture": "#1"},
				"up": {"uv": [0, 0, 0.5, 0.55], "texture": "#1"},
				"down": {"uv": [0, 0, 0.5, 0.55], "texture": "#1"}
			}
		},
		{
			"from": [7.75, 5.75, 9.875],
			"to": [8.25, 5.95, 10.425],
			"rotation": {"angle": 22.5, "axis": "x", "origin": [8, 6.25, 10.2]},
			"faces": {
				"north": {"uv": [0, 0, 0.5, 0.2], "texture": "#1"},
				"east": {"uv": [0, 0, 0.55, 0.2], "texture": "#1"},
				"south": {"uv": [0, 0, 0.5, 0.2], "texture": "#1"},
				"west": {"uv": [0, 0, 0.55, 0.2], "texture": "#1"},
				"up": {"uv": [0, 0, 0.5, 0.55], "texture": "#1"},
				"down": {"uv": [0, 0, 0.5, 0.55], "texture": "#1"}
			}
		},
		{
			"from": [7.75, 5.7, 10.2],
			"to": [8.25, 6.4, 12.95],
			"faces": {
				"north": {"uv": [0, 0, 0.5, 0.7], "texture": "#1"},
				"east": {"uv": [0, 0, 2.75, 0.7], "texture": "#1"},
				"south": {"uv": [0, 0, 0.5, 0.7], "texture": "#1"},
				"west": {"uv": [0, 0, 2.75, 0.7], "texture": "#1"},
				"up": {"uv": [0, 0, 0.5, 2.75], "texture": "#1"},
				"down": {"uv": [0, 0, 0.5, 2.75], "texture": "#1"}
			}
		},
		{
			"from": [7.975, 5.525, 10.55],
			"to": [8.025, 5.7, 10.7],
			"faces": {
				"north": {"uv": [0, 0, 0.05, 0.175], "texture": "#1"},
				"east": {"uv": [0, 0, 0.15, 0.175], "texture": "#1"},
				"south": {"uv": [0, 0, 0.05, 0.175], "texture": "#1"},
				"west": {"uv": [0, 0, 0.15, 0.175], "texture": "#1"},
				"up": {"uv": [0, 0, 0.05, 0.15], "texture": "#1"},
				"down": {"uv": [0, 0, 0.05, 0.15], "texture": "#1"}
			}
		},
		{
			"from": [7.975, 5.325, 10.525],
			"to": [8.025, 5.6, 10.625],
			"rotation": {"angle": -45, "axis": "x", "origin": [8, 5.6125, 10.625]},
			"faces": {
				"north": {"uv": [0, 0, 0.05, 0.275], "texture": "#1"},
				"east": {"uv": [0, 0, 0.1, 0.275], "texture": "#1"},
				"south": {"uv": [0, 0, 0.05, 0.275], "texture": "#1"},
				"west": {"uv": [0, 0, 0.1, 0.275], "texture": "#1"},
				"up": {"uv": [0, 0, 0.05, 0.1], "texture": "#1"},
				"down": {"uv": [0, 0, 0.05, 0.1], "texture": "#1"}
			}
		},
		{
			"from": [7.975, 4.97108, 11.00821],
			"to": [8.025, 5.07108, 11.28321],
			"rotation": {"angle": -45, "axis": "x", "origin": [8, 5.47108, 10.69571]},
			"faces": {
				"north": {"uv": [0, 0, 0.05, 0.1], "rotation": 180, "texture": "#1"},
				"east": {"uv": [0, 0, 0.1, 0.275], "rotation": 270, "texture": "#1"},
				"south": {"uv": [0, 0, 0.05, 0.1], "texture": "#1"},
				"west": {"uv": [0, 0, 0.1, 0.275], "rotation": 90, "texture": "#1"},
				"up": {"uv": [0, 0, 0.05, 0.275], "rotation": 180, "texture": "#1"},
				"down": {"uv": [0, 0, 0.05, 0.275], "texture": "#1"}
			}
		},
		{
			"from": [7.975, 5.32108, 10.74461],
			"to": [8.025, 5.42108, 11.26961],
			"rotation": {"angle": 0, "axis": "y", "origin": [8, 5.47108, 11.33211]},
			"faces": {
				"north": {"uv": [0, 0, 0.05, 0.1], "rotation": 180, "texture": "#1"},
				"east": {"uv": [0, 0, 0.1, 0.525], "rotation": 270, "texture": "#1"},
				"south": {"uv": [0, 0, 0.05, 0.1], "texture": "#1"},
				"west": {"uv": [0, 0, 0.1, 0.525], "rotation": 90, "texture": "#1"},
				"up": {"uv": [0, 0, 0.05, 0.525], "rotation": 180, "texture": "#1"},
				"down": {"uv": [0, 0, 0.05, 0.525], "texture": "#1"}
			}
		},
		{
			"from": [7.975, 5.525, 11.325],
			"to": [8.025, 5.7, 11.475],
			"faces": {
				"north": {"uv": [0, 0, 0.05, 0.175], "texture": "#1"},
				"east": {"uv": [0, 0, 0.15, 0.175], "texture": "#1"},
				"south": {"uv": [0, 0, 0.05, 0.175], "texture": "#1"},
				"west": {"uv": [0, 0, 0.15, 0.175], "texture": "#1"},
				"up": {"uv": [0, 0, 0.05, 0.15], "texture": "#1"},
				"down": {"uv": [0, 0, 0.05, 0.15], "texture": "#1"}
			}
		},
		{
			"from": [7.75, 3.1, 12.275],
			"to": [8.25, 5.85, 12.975],
			"rotation": {"angle": -22.5, "axis": "x", "origin": [8, 6.05, 11.575]},
			"faces": {
				"north": {"uv": [0, 0, 0.5, 2.75], "rotation": 180, "texture": "#1"},
				"east": {"uv": [0, 0, 2.75, 0.7], "rotation": 270, "texture": "#1"},
				"south": {"uv": [0, 0, 0.5, 2.75], "texture": "#1"},
				"west": {"uv": [0, 0, 2.75, 0.7], "rotation": 90, "texture": "#1"},
				"up": {"uv": [0, 0, 0.5, 0.7], "rotation": 180, "texture": "#1"},
				"down": {"uv": [0, 0, 0.5, 0.7], "texture": "#1"}
			}
		},
		{
			"from": [7.75, 5.37704, 11.79247],
			"to": [8.25, 5.67704, 12.71747],
			"rotation": {"angle": 22.5, "axis": "x", "origin": [8, 5.52704, 12.61747]},
			"faces": {
				"north": {"uv": [0, 0, 0.5, 0.3], "texture": "#1"},
				"east": {"uv": [0, 0, 0.925, 0.3], "texture": "#1"},
				"south": {"uv": [0, 0, 0.5, 0.3], "texture": "#1"},
				"west": {"uv": [0, 0, 0.925, 0.3], "texture": "#1"},
				"up": {"uv": [0, 0, 0.5, 0.925], "texture": "#1"},
				"down": {"uv": [0, 0, 0.5, 0.925], "texture": "#1"}
			}
		},
		{
			"from": [7.75, 5.34671, 13.1728],
			"to": [8.25, 5.84671, 14.9228],
			"rotation": {"angle": 0, "axis": "y", "origin": [8, 4.99671, 13.1478]},
			"faces": {
				"north": {"uv": [0, 0, 0.5, 0.5], "texture": "#1"},
				"east": {"uv": [0, 0, 1.75, 0.5], "texture": "#1"},
				"south": {"uv": [0, 0, 0.5, 0.5], "texture": "#1"},
				"west": {"uv": [0, 0, 1.75, 0.5], "texture": "#1"},
				"up": {"uv": [0, 0, 0.5, 1.75], "texture": "#1"},
				"down": {"uv": [0, 0, 0.5, 1.75], "texture": "#1"}
			}
		},
		{
			"from": [7.55, 3.44671, 14.9228],
			"to": [8.45, 6.04671, 15.4728],
			"rotation": {"angle": 0, "axis": "y", "origin": [8, 4.99671, 13.1478]},
			"faces": {
				"north": {"uv": [0, 0, 0.9, 2.6], "texture": "#0"},
				"east": {"uv": [0, 0, 0.55, 2.6], "texture": "#0"},
				"south": {"uv": [0, 0, 0.9, 2.6], "texture": "#0"},
				"west": {"uv": [0, 0, 0.55, 2.6], "texture": "#0"},
				"up": {"uv": [0, 0, 0.9, 0.55], "texture": "#0"},
				"down": {"uv": [0, 0, 0.9, 0.55], "texture": "#0"}
			}
		},
		{
			"from": [7.55, 5.84671, 15.4728],
			"to": [8.45, 6.04671, 15.5478],
			"rotation": {"angle": 0, "axis": "y", "origin": [8, 4.99671, 13.1478]},
			"faces": {
				"north": {"uv": [0, 0, 0.9, 0.2], "texture": "#0"},
				"east": {"uv": [0, 0, 0.075, 0.2], "texture": "#0"},
				"south": {"uv": [0, 0, 0.9, 0.2], "texture": "#0"},
				"west": {"uv": [0, 0, 0.075, 0.2], "texture": "#0"},
				"up": {"uv": [0, 0, 0.9, 0.075], "texture": "#0"},
				"down": {"uv": [0, 0, 0.9, 0.075], "texture": "#0"}
			}
		},
		{
			"from": [7.55, 5.44671, 15.4728],
			"to": [8.45, 5.64671, 15.5478],
			"rotation": {"angle": 0, "axis": "y", "origin": [8, 4.99671, 13.1478]},
			"faces": {
				"north": {"uv": [0, 0, 0.9, 0.2], "texture": "#0"},
				"east": {"uv": [0, 0, 0.075, 0.2], "texture": "#0"},
				"south": {"uv": [0, 0, 0.9, 0.2], "texture": "#0"},
				"west": {"uv": [0, 0, 0.075, 0.2], "texture": "#0"},
				"up": {"uv": [0, 0, 0.9, 0.075], "texture": "#0"},
				"down": {"uv": [0, 0, 0.9, 0.075], "texture": "#0"}
			}
		},
		{
			"from": [7.55, 4.64671, 15.4728],
			"to": [8.45, 4.84671, 15.5478],
			"rotation": {"angle": 0, "axis": "y", "origin": [8, 4.99671, 13.1478]},
			"faces": {
				"north": {"uv": [0, 0, 0.9, 0.2], "texture": "#0"},
				"east": {"uv": [0, 0, 0.075, 0.2], "texture": "#0"},
				"south": {"uv": [0, 0, 0.9, 0.2], "texture": "#0"},
				"west": {"uv": [0, 0, 0.075, 0.2], "texture": "#0"},
				"up": {"uv": [0, 0, 0.9, 0.075], "texture": "#0"},
				"down": {"uv": [0, 0, 0.9, 0.075], "texture": "#0"}
			}
		},
		{
			"from": [7.55, 5.04671, 15.4728],
			"to": [8.45, 5.24671, 15.5478],
			"rotation": {"angle": 0, "axis": "y", "origin": [8, 4.99671, 13.1478]},
			"faces": {
				"north": {"uv": [0, 0, 0.9, 0.2], "texture": "#0"},
				"east": {"uv": [0, 0, 0.075, 0.2], "texture": "#0"},
				"south": {"uv": [0, 0, 0.9, 0.2], "texture": "#0"},
				"west": {"uv": [0, 0, 0.075, 0.2], "texture": "#0"},
				"up": {"uv": [0, 0, 0.9, 0.075], "texture": "#0"},
				"down": {"uv": [0, 0, 0.9, 0.075], "texture": "#0"}
			}
		},
		{
			"from": [7.55, 3.44671, 15.4728],
			"to": [8.45, 3.64671, 15.5478],
			"rotation": {"angle": 0, "axis": "y", "origin": [8, 4.99671, 13.1478]},
			"faces": {
				"north": {"uv": [0, 0, 0.9, 0.2], "texture": "#0"},
				"east": {"uv": [0, 0, 0.075, 0.2], "texture": "#0"},
				"south": {"uv": [0, 0, 0.9, 0.2], "texture": "#0"},
				"west": {"uv": [0, 0, 0.075, 0.2], "texture": "#0"},
				"up": {"uv": [0, 0, 0.9, 0.075], "texture": "#0"},
				"down": {"uv": [0, 0, 0.9, 0.075], "texture": "#0"}
			}
		},
		{
			"from": [7.55, 3.84671, 15.4728],
			"to": [8.45, 4.04671, 15.5478],
			"rotation": {"angle": 0, "axis": "y", "origin": [8, 4.99671, 13.1478]},
			"faces": {
				"north": {"uv": [0, 0, 0.9, 0.2], "texture": "#0"},
				"east": {"uv": [0, 0, 0.075, 0.2], "texture": "#0"},
				"south": {"uv": [0, 0, 0.9, 0.2], "texture": "#0"},
				"west": {"uv": [0, 0, 0.075, 0.2], "texture": "#0"},
				"up": {"uv": [0, 0, 0.9, 0.075], "texture": "#0"},
				"down": {"uv": [0, 0, 0.9, 0.075], "texture": "#0"}
			}
		},
		{
			"from": [7.55, 4.24671, 15.4728],
			"to": [8.45, 4.44671, 15.5478],
			"rotation": {"angle": 0, "axis": "y", "origin": [8, 4.99671, 13.1478]},
			"faces": {
				"north": {"uv": [0, 0, 0.9, 0.2], "texture": "#0"},
				"east": {"uv": [0, 0, 0.075, 0.2], "texture": "#0"},
				"south": {"uv": [0, 0, 0.9, 0.2], "texture": "#0"},
				"west": {"uv": [0, 0, 0.075, 0.2], "texture": "#0"},
				"up": {"uv": [0, 0, 0.9, 0.075], "texture": "#0"},
				"down": {"uv": [0, 0, 0.9, 0.075], "texture": "#0"}
			}
		},
		{
			"from": [7.75, 3.82171, 13.6478],
			"to": [8.25, 4.32171, 14.9228],
			"rotation": {"angle": 0, "axis": "y", "origin": [8, 4.99671, 13.1478]},
			"faces": {
				"north": {"uv": [0, 0, 0.5, 0.5], "texture": "#1"},
				"east": {"uv": [0, 0, 1.275, 0.5], "texture": "#1"},
				"south": {"uv": [0, 0, 0.5, 0.5], "texture": "#1"},
				"west": {"uv": [0, 0, 1.275, 0.5], "texture": "#1"},
				"up": {"uv": [0, 0, 0.5, 1.275], "texture": "#1"},
				"down": {"uv": [0, 0, 0.5, 1.275], "texture": "#1"}
			}
		},
		{
			"from": [7.75, 3.59671, 13.3478],
			"to": [8.25, 4.09671, 14.9228],
			"rotation": {"angle": 0, "axis": "y", "origin": [8, 4.99671, 13.1478]},
			"faces": {
				"north": {"uv": [0, 0, 0.5, 0.5], "texture": "#1"},
				"east": {"uv": [0, 0, 1.575, 0.5], "texture": "#1"},
				"south": {"uv": [0, 0, 0.5, 0.5], "texture": "#1"},
				"west": {"uv": [0, 0, 1.575, 0.5], "texture": "#1"},
				"up": {"uv": [0, 0, 0.5, 1.575], "texture": "#1"},
				"down": {"uv": [0, 0, 0.5, 1.575], "texture": "#1"}
			}
		},
		{
			"from": [7.625, 3.97171, 13.6478],
			"to": [7.75, 4.17171, 14.9228],
			"rotation": {"angle": 0, "axis": "y", "origin": [8, 4.99671, 13.1478]},
			"faces": {
				"north": {"uv": [0, 0, 0.125, 0.2], "texture": "#1"},
				"east": {"uv": [0, 0, 1.275, 0.2], "texture": "#1"},
				"south": {"uv": [0, 0, 0.125, 0.2], "texture": "#1"},
				"west": {"uv": [0, 0, 1.275, 0.2], "texture": "#1"},
				"up": {"uv": [0, 0, 0.125, 1.275], "texture": "#1"},
				"down": {"uv": [0, 0, 0.125, 1.275], "texture": "#1"}
			}
		},
		{
			"from": [8.25, 3.97171, 13.6478],
			"to": [8.375, 4.17171, 14.9228],
			"rotation": {"angle": 0, "axis": "y", "origin": [8, 4.99671, 13.1478]},
			"faces": {
				"north": {"uv": [0, 0, 0.125, 0.2], "texture": "#1"},
				"east": {"uv": [0, 0, 1.275, 0.2], "texture": "#1"},
				"south": {"uv": [0, 0, 0.125, 0.2], "texture": "#1"},
				"west": {"uv": [0, 0, 1.275, 0.2], "texture": "#1"},
				"up": {"uv": [0, 0, 0.125, 1.275], "texture": "#1"},
				"down": {"uv": [0, 0, 0.125, 1.275], "texture": "#1"}
			}
		},
		{
			"from": [8.25, 5.49671, 13.6478],
			"to": [8.375, 5.69671, 14.9228],
			"rotation": {"angle": 0, "axis": "y", "origin": [8, 4.99671, 13.1478]},
			"faces": {
				"north": {"uv": [0, 0, 0.125, 0.2], "texture": "#1"},
				"east": {"uv": [0, 0, 1.275, 0.2], "texture": "#1"},
				"south": {"uv": [0, 0, 0.125, 0.2], "texture": "#1"},
				"west": {"uv": [0, 0, 1.275, 0.2], "texture": "#1"},
				"up": {"uv": [0, 0, 0.125, 1.275], "texture": "#1"},
				"down": {"uv": [0, 0, 0.125, 1.275], "texture": "#1"}
			}
		},
		{
			"from": [7.625, 5.49671, 13.6478],
			"to": [7.75, 5.69671, 14.9228],
			"rotation": {"angle": 0, "axis": "y", "origin": [8, 4.99671, 13.1478]},
			"faces": {
				"north": {"uv": [0, 0, 0.125, 0.2], "texture": "#1"},
				"east": {"uv": [0, 0, 1.275, 0.2], "texture": "#1"},
				"south": {"uv": [0, 0, 0.125, 0.2], "texture": "#1"},
				"west": {"uv": [0, 0, 1.275, 0.2], "texture": "#1"},
				"up": {"uv": [0, 0, 0.125, 1.275], "texture": "#1"},
				"down": {"uv": [0, 0, 0.125, 1.275], "texture": "#1"}
			}
		},
		{
			"from": [7.525, 3.97171, 13.3978],
			"to": [7.85, 4.17171, 13.6728],
			"rotation": {"angle": 0, "axis": "y", "origin": [8, 4.99671, 13.1478]},
			"faces": {
				"north": {"uv": [0, 0, 0.325, 0.2], "texture": "#1"},
				"east": {"uv": [0, 0, 0.275, 0.2], "texture": "#1"},
				"south": {"uv": [0, 0, 0.325, 0.2], "texture": "#1"},
				"west": {"uv": [0, 0, 0.275, 0.2], "texture": "#1"},
				"up": {"uv": [0, 0, 0.325, 0.275], "texture": "#1"},
				"down": {"uv": [0, 0, 0.325, 0.275], "texture": "#1"}
			}
		},
		{
			"from": [7.525, 5.49671, 13.3978],
			"to": [7.85, 5.69671, 13.6728],
			"rotation": {"angle": 0, "axis": "y", "origin": [8, 4.99671, 13.1478]},
			"faces": {
				"north": {"uv": [0, 0, 0.325, 0.2], "texture": "#1"},
				"east": {"uv": [0, 0, 0.275, 0.2], "texture": "#1"},
				"south": {"uv": [0, 0, 0.325, 0.2], "texture": "#1"},
				"west": {"uv": [0, 0, 0.275, 0.2], "texture": "#1"},
				"up": {"uv": [0, 0, 0.325, 0.275], "texture": "#1"},
				"down": {"uv": [0, 0, 0.325, 0.275], "texture": "#1"}
			}
		},
		{
			"from": [8.15, 5.49671, 13.3978],
			"to": [8.475, 5.69671, 13.6728],
			"rotation": {"angle": 0, "axis": "y", "origin": [8, 4.99671, 13.1478]},
			"faces": {
				"north": {"uv": [0, 0, 0.325, 0.2], "texture": "#1"},
				"east": {"uv": [0, 0, 0.275, 0.2], "texture": "#1"},
				"south": {"uv": [0, 0, 0.325, 0.2], "texture": "#1"},
				"west": {"uv": [0, 0, 0.275, 0.2], "texture": "#1"},
				"up": {"uv": [0, 0, 0.325, 0.275], "texture": "#1"},
				"down": {"uv": [0, 0, 0.325, 0.275], "texture": "#1"}
			}
		},
		{
			"from": [8.15, 3.97171, 13.3978],
			"to": [8.475, 4.17171, 13.6728],
			"rotation": {"angle": 0, "axis": "y", "origin": [8, 4.99671, 13.1478]},
			"faces": {
				"north": {"uv": [0, 0, 0.325, 0.2], "texture": "#1"},
				"east": {"uv": [0, 0, 0.275, 0.2], "texture": "#1"},
				"south": {"uv": [0, 0, 0.325, 0.2], "texture": "#1"},
				"west": {"uv": [0, 0, 0.275, 0.2], "texture": "#1"},
				"up": {"uv": [0, 0, 0.325, 0.275], "texture": "#1"},
				"down": {"uv": [0, 0, 0.325, 0.275], "texture": "#1"}
			}
		}
	],
	"display": {
		"thirdperson_righthand": {
			"translation": [0, 2.75, 1]
		},
		"thirdperson_lefthand": {
			"translation": [0, 2.75, 0.75]
		},
		"firstperson_righthand": {
			"translation": [-2.75, 7.5, 5.25],
			"scale": [1.73633, 1.48, 1]
		},
		"firstperson_lefthand": {
			"rotation": [1, 0, 0],
			"translation": [-9.05, 9, 7.5],
			"scale": [1.36, 1.31, 0.69]
		},
		"ground": {
			"translation": [0, 3.75, 0]
		},
		"gui": {
			"rotation": [47, 135, -33],
			"translation": [-1.75, 4, 0],
			"scale": [1.42, 1.42, 1.42]
		},
		"head": {
			"rotation": [0, 90, 0],
			"translation": [0, 4.75, 0],
			"scale": [1.3, 1.3, 1.3]
		},
		"fixed": {
			"rotation": [0, 90, 0],
			"translation": [0, 4.75, -1],
			"scale": [1.22, 1.22, 1.22]
		}
	},
	"groups": [
		{
			"name": "Barrel",
			"origin": [8, 8, 8],
			"color": 0,
			"children": [0, 1, 2, 3, 4, 5, 6, 7, 8, 9, 10, 11, 12, 13, 14, 15, 16, 17, 18, 19, 20, 21, 22]
		},
		{
			"name": "Lower",
			"origin": [8, 8, 8],
			"color": 0,
			"children": [23, 24, 25, 26, 27, 28, 29, 30, 31, 32, 33, 34, 35, 36, 37, 38, 39]
		},
		{
			"name": "Upper",
			"origin": [8, 8, 8],
			"color": 0,
			"children": [40, 41, 42, 43, 44, 45, 46, 47, 48, 49, 50, 51, 52, 53, 54, 55, 56, 57]
		},
		{
			"name": "Mics",
			"origin": [8, 8, 8],
			"color": 0,
			"children": [
				58,
				59,
				60,
				61,
				62,
				63,
				64,
				65,
				66,
				67,
				68,
				69,
				70,
				71,
				72,
				73,
				74,
				75,
				76,
				77,
				78,
				79,
				80,
				81,
				82,
				83,
				84,
				85,
				86,
				87,
				88,
				89,
				90,
				91,
				92,
				93,
				94,
				95,
				96,
				97,
				98,
				99,
				100,
				101,
				102,
				103,
				104,
				105,
				106,
				107,
				108,
				109,
				110,
				111
			]
		},
		{
			"name": "Inner",
			"origin": [8, 8, 8],
			"color": 0,
			"children": [112, 113, 114, 115, 116, 117, 118, 119, 120, 121, 122, 123]
		},
		{
			"name": "sight",
			"origin": [8, 8, 8],
			"color": 0,
			"children": [124, 125, 126, 127, 128, 129, 130, 131, 132, 133, 134, 135, 136, 137]
		},
		{
			"name": "Magazine",
			"origin": [8, 8, 8],
			"color": 0,
			"children": [138, 139, 140, 141, 142, 143, 144]
		},
		{
			"name": "Stock",
			"origin": [8, 8, 8],
			"color": 0,
			"children": [145, 146, 147, 148, 149, 150, 151, 152, 153, 154, 155, 156, 157, 158, 159, 160, 161, 162, 163, 164, 165, 166, 167, 168, 169, 170, 171, 172, 173, 174]
		}
	]
}