{
	"credit": "Made By Ubalube",
	"textures": {
		"texture": "guns/gray1",
		"texture1": "guns/tan1",
		"texture2": "guns/scope2",
		"texture3": "guns/gray5",
		"texture4": "guns/gray8",
		"texture5": "guns/red1",
		"particle": "blocks/e_particle"
	},
	"elements": [
		{
			"name": "Box97",
			"from": [5.375, 12.125, 7.25],
			"to": [7.875, 13.125, 9.25],
			"faces": {
				"north": {"uv": [9, 2, 11.5, 3], "texture": "#texture4"},
				"east": {"uv": [7.25, 2, 8.75, 3], "texture": "#texture4"},
				"south": {"uv": [4.5, 2, 7, 3], "texture": "#texture4"},
				"west": {"uv": [7.25, 2, 8.75, 3], "texture": "#texture4"},
				"up": {"uv": [4.5, 7.25, 7, 8.75], "texture": "#texture4"},
				"down": {"uv": [4.5, 7.25, 7, 8.75], "texture": "#texture4"}
			}
		},
		{
			"name": "Box98",
			"from": [7.875, 12.625, 7.25],
			"to": [8.875, 13.625, 9.25],
			"faces": {
				"north": {"uv": [8, 1.5, 9, 2.5], "texture": "#texture4"},
				"east": {"uv": [7, 1.5, 9, 2.5], "texture": "#texture4"},
				"south": {"uv": [7, 1.5, 8, 2.5], "texture": "#texture4"},
				"west": {"uv": [7, 1.5, 9, 2.5], "texture": "#texture4"},
				"up": {"uv": [7, 7, 8, 9], "texture": "#texture4"},
				"down": {"uv": [7, 7, 8, 9], "texture": "#texture4"}
			}
		},
		{
			"name": "Box99",
			"from": [5.375, 13.125, 7.25],
			"to": [7.875, 13.625, 9.25],
			"faces": {
				"north": {"uv": [9, 1.5, 11.5, 2], "texture": "#texture4"},
				"east": {"uv": [7, 1.5, 9, 2], "texture": "#texture4"},
				"south": {"uv": [4.5, 1.5, 7, 2], "texture": "#texture4"},
				"west": {"uv": [7, 1.5, 9, 2], "texture": "#texture4"},
				"up": {"uv": [4.5, 7, 7, 9], "texture": "#texture4"},
				"down": {"uv": [4.5, 7, 7, 9], "texture": "#texture4"}
			}
		},
		{
			"name": "Box100",
			"from": [7.875, 13.375, 7.125],
			"to": [8.375, 14.375, 7.625],
			"faces": {
				"north": {"uv": [8.5, 0.75, 9, 1.75], "texture": "#texture4"},
				"east": {"uv": [8.625, 0.75, 9.125, 1.75], "texture": "#texture4"},
				"south": {"uv": [7, 0.75, 7.5, 1.75], "texture": "#texture4"},
				"west": {"uv": [6.875, 0.75, 7.375, 1.75], "texture": "#texture4"},
				"up": {"uv": [7, 6.875, 7.5, 7.375], "texture": "#texture4"},
				"down": {"uv": [7, 8.625, 7.5, 9.125], "texture": "#texture4"}
			}
		},
		{
			"name": "Box100",
			"from": [7.875, 13.375, 8.875],
			"to": [8.375, 14.375, 9.375],
			"faces": {
				"north": {"uv": [8.5, 0.75, 9, 1.75], "texture": "#texture4"},
				"east": {"uv": [6.875, 0.75, 7.375, 1.75], "texture": "#texture4"},
				"south": {"uv": [7, 0.75, 7.5, 1.75], "texture": "#texture4"},
				"west": {"uv": [8.625, 0.75, 9.125, 1.75], "texture": "#texture4"},
				"up": {"uv": [7, 8.625, 7.5, 9.125], "texture": "#texture4"},
				"down": {"uv": [7, 6.875, 7.5, 7.375], "texture": "#texture4"}
			}
		},
		{
			"name": "Box102",
			"from": [7.375, 13.375, 7.125],
			"to": [7.875, 14.875, 7.625],
			"faces": {
				"north": {"uv": [9, 0.25, 9.5, 1.75], "texture": "#texture4"},
				"east": {"uv": [8.625, 0.25, 9.125, 1.75], "texture": "#texture4"},
				"south": {"uv": [6.5, 0.25, 7, 1.75], "texture": "#texture4"},
				"west": {"uv": [6.875, 0.25, 7.375, 1.75], "texture": "#texture4"},
				"up": {"uv": [6.5, 6.875, 7, 7.375], "texture": "#texture4"},
				"down": {"uv": [6.5, 8.625, 7, 9.125], "texture": "#texture4"}
			}
		},
		{
			"name": "Box102",
			"from": [7.375, 13.375, 8.875],
			"to": [7.875, 14.875, 9.375],
			"faces": {
				"north": {"uv": [9, 0.25, 9.5, 1.75], "texture": "#texture4"},
				"east": {"uv": [6.875, 0.25, 7.375, 1.75], "texture": "#texture4"},
				"south": {"uv": [6.5, 0.25, 7, 1.75], "texture": "#texture4"},
				"west": {"uv": [8.625, 0.25, 9.125, 1.75], "texture": "#texture4"},
				"up": {"uv": [6.5, 8.625, 7, 9.125], "texture": "#texture4"},
				"down": {"uv": [6.5, 6.875, 7, 7.375], "texture": "#texture4"}
			}
		},
		{
			"name": "Box104",
			"from": [6.375, 14.875, 7.25],
			"to": [7.875, 15.375, 9.25],
			"faces": {
				"north": {"uv": [9, 0, 10.5, 0.25], "texture": "#texture4"},
				"east": {"uv": [7, 0, 9, 0.25], "texture": "#texture4"},
				"south": {"uv": [5.5, 0, 7, 0.25], "texture": "#texture4"},
				"west": {"uv": [7, 0, 9, 0.25], "texture": "#texture4"},
				"up": {"uv": [5.5, 7, 7, 9], "texture": "#texture4"},
				"down": {"uv": [5.5, 7, 7, 9], "texture": "#texture4"}
			}
		},
		{
			"name": "Box105",
			"from": [7.375, 13.375, 7.5],
			"to": [8.875, 13.875, 9],
			"faces": {
				"north": {"uv": [8, 1.25, 9.5, 1.75], "texture": "#texture4"},
				"east": {"uv": [7.25, 1.25, 8.75, 1.75], "texture": "#texture4"},
				"south": {"uv": [6.5, 1.25, 8, 1.75], "texture": "#texture4"},
				"west": {"uv": [7.25, 1.25, 8.75, 1.75], "texture": "#texture4"},
				"up": {"uv": [6.5, 7.25, 8, 8.75], "texture": "#texture4"},
				"down": {"uv": [6.5, 7.25, 8, 8.75], "texture": "#texture4"}
			}
		},
		{
			"name": "Box106",
			"from": [6.375, 13.375, 7.125],
			"to": [7.375, 15.375, 7.625],
			"faces": {
				"north": {"uv": [9.5, 0, 10.5, 1.75], "texture": "#texture4"},
				"east": {"uv": [8.625, 0, 9.125, 1.75], "texture": "#texture4"},
				"south": {"uv": [5.5, 0, 6.5, 1.75], "texture": "#texture4"},
				"west": {"uv": [6.875, 0, 7.375, 1.75], "texture": "#texture4"},
				"up": {"uv": [5.5, 6.875, 6.5, 7.375], "texture": "#texture4"},
				"down": {"uv": [5.5, 8.625, 6.5, 9.125], "texture": "#texture4"}
			}
		},
		{
			"name": "Box106",
			"from": [6.375, 13.375, 8.875],
			"to": [7.375, 15.375, 9.375],
			"faces": {
				"north": {"uv": [9.5, 0, 10.5, 1.75], "texture": "#texture4"},
				"east": {"uv": [6.875, 0, 7.375, 1.75], "texture": "#texture4"},
				"south": {"uv": [5.5, 0, 6.5, 1.75], "texture": "#texture4"},
				"west": {"uv": [8.625, 0, 9.125, 1.75], "texture": "#texture4"},
				"up": {"uv": [5.5, 8.625, 6.5, 9.125], "texture": "#texture4"},
				"down": {"uv": [5.5, 6.875, 6.5, 7.375], "texture": "#texture4"}
			}
		},
		{
			"name": "Box108",
			"from": [5.375, 13.375, 7.5],
			"to": [7.375, 13.875, 9],
			"faces": {
				"north": {"uv": [9.5, 1.25, 11.5, 1.75], "texture": "#texture4"},
				"east": {"uv": [7.25, 1.25, 8.75, 1.75], "texture": "#texture4"},
				"south": {"uv": [4.5, 1.25, 6.5, 1.75], "texture": "#texture4"},
				"west": {"uv": [7.25, 1.25, 8.75, 1.75], "texture": "#texture4"},
				"up": {"uv": [4.5, 7.25, 6.5, 8.75], "texture": "#texture4"},
				"down": {"uv": [4.5, 7.25, 6.5, 8.75], "texture": "#texture4"}
			}
		},
		{
			"name": "Box109",
			"from": [4.375, 12.625, 7.75],
			"to": [5.375, 13.625, 8.75],
			"faces": {
				"north": {"uv": [11.5, 1.5, 12.5, 2.5], "texture": "#texture4"},
				"east": {"uv": [7.5, 1.5, 8.5, 2.5], "texture": "#texture4"},
				"south": {"uv": [3.5, 1.5, 4.5, 2.5], "texture": "#texture4"},
				"west": {"uv": [7.5, 1.5, 8.5, 2.5], "texture": "#texture4"},
				"up": {"uv": [3.5, 7.5, 4.5, 8.5], "texture": "#texture4"},
				"down": {"uv": [3.5, 7.5, 4.5, 8.5], "texture": "#texture4"}
			}
		},
		{
			"name": "Box110",
			"from": [4.875, 12.625, 7.25],
			"to": [5.375, 13.625, 9.25],
			"faces": {
				"north": {"uv": [11.5, 1.5, 12, 2.5], "texture": "#texture4"},
				"east": {"uv": [7, 1.5, 9, 2.5], "texture": "#texture4"},
				"south": {"uv": [4, 1.5, 4.5, 2.5], "texture": "#texture4"},
				"west": {"uv": [7, 1.5, 9, 2.5], "texture": "#texture4"},
				"up": {"uv": [4, 7, 4.5, 9], "texture": "#texture4"},
				"down": {"uv": [4, 7, 4.5, 9], "texture": "#texture4"}
			}
		},
		{
			"name": "Box111",
			"from": [5.375, 12.625, 7.25],
			"to": [6.875, 13.125, 7.75],
			"faces": {
				"north": {"uv": [10, 2, 11.5, 2.5], "texture": "#texture4"},
				"east": {"uv": [8.5, 2, 9, 2.5], "texture": "#texture4"},
				"south": {"uv": [4.5, 2, 6, 2.5], "texture": "#texture4"},
				"west": {"uv": [7, 2, 7.5, 2.5], "texture": "#texture4"},
				"up": {"uv": [4.5, 7, 6, 7.5], "texture": "#texture4"},
				"down": {"uv": [4.5, 8.5, 6, 9], "texture": "#texture4"}
			}
		},
		{
			"name": "Box111",
			"from": [5.375, 12.625, 8.75],
			"to": [6.875, 13.125, 9.25],
			"faces": {
				"north": {"uv": [10, 2, 11.5, 2.5], "texture": "#texture4"},
				"east": {"uv": [7, 2, 7.5, 2.5], "texture": "#texture4"},
				"south": {"uv": [4.5, 2, 6, 2.5], "texture": "#texture4"},
				"west": {"uv": [8.5, 2, 9, 2.5], "texture": "#texture4"},
				"up": {"uv": [4.5, 8.5, 6, 9], "texture": "#texture4"},
				"down": {"uv": [4.5, 7, 6, 7.5], "texture": "#texture4"}
			}
		},
		{
			"name": "Box113",
			"from": [7, 14.125, 8.1375],
			"to": [7.0625, 14.1875, 8.325],
			"faces": {
				"north": {"uv": [1.5, 7.5, 2, 8], "texture": "#texture2"},
				"east": {"uv": [7, 7.5, 8.5, 8], "texture": "#texture2"},
				"south": {"uv": [14, 7.5, 14.5, 8], "texture": "#texture2"},
				"west": {"uv": [7.5, 7.5, 9, 8], "texture": "#texture2"},
				"up": {"uv": [7, 14, 8.5, 14.5], "rotation": 270, "texture": "#texture2"},
				"down": {"uv": [7, 1.5, 8.5, 2], "rotation": 90, "texture": "#texture2"}
			}
		},
		{
			"name": "Box114",
			"from": [7, 14.1875, 8.325],
			"to": [7.0625, 14.25, 8.3875],
			"faces": {
				"north": {"uv": [1.5, 7, 2, 7.5], "texture": "#texture2"},
				"east": {"uv": [6.5, 7, 7, 7.5], "texture": "#texture2"},
				"south": {"uv": [14, 7, 14.5, 7.5], "texture": "#texture2"},
				"west": {"uv": [9, 7, 9.5, 7.5], "texture": "#texture2"},
				"up": {"uv": [6.5, 14, 7, 14.5], "rotation": 270, "texture": "#texture2"},
				"down": {"uv": [6.5, 1.5, 7, 2], "rotation": 90, "texture": "#texture2"}
			}
		},
		{
			"name": "Box114",
			"from": [7, 14.1875, 8.075],
			"to": [7.0625, 14.25, 8.1375],
			"faces": {
				"north": {"uv": [1.5, 7, 2, 7.5], "texture": "#texture2"},
				"east": {"uv": [8.5, 7, 9, 7.5], "texture": "#texture2"},
				"south": {"uv": [14, 7, 14.5, 7.5], "texture": "#texture2"},
				"west": {"uv": [7, 7, 7.5, 7.5], "texture": "#texture2"},
				"up": {"uv": [8.5, 14, 9, 14.5], "rotation": 270, "texture": "#texture2"},
				"down": {"uv": [8.5, 1.5, 9, 2], "rotation": 90, "texture": "#texture2"}
			}
		},
		{
			"name": "Box116",
			"from": [7, 14.25, 8.3875],
			"to": [7.0625, 14.4375, 8.45],
			"faces": {
				"north": {"uv": [1.5, 5.5, 2, 7], "texture": "#texture2"},
				"east": {"uv": [6, 5.5, 6.5, 7], "texture": "#texture2"},
				"south": {"uv": [14, 5.5, 14.5, 7], "texture": "#texture2"},
				"west": {"uv": [9.5, 5.5, 10, 7], "texture": "#texture2"},
				"up": {"uv": [6, 14, 6.5, 14.5], "rotation": 270, "texture": "#texture2"},
				"down": {"uv": [6, 1.5, 6.5, 2], "rotation": 90, "texture": "#texture2"}
			}
		},
		{
			"name": "Box116",
			"from": [7, 14.25, 8.0125],
			"to": [7.0625, 14.4375, 8.075],
			"faces": {
				"north": {"uv": [1.5, 5.5, 2, 7], "texture": "#texture2"},
				"east": {"uv": [9, 5.5, 9.5, 7], "texture": "#texture2"},
				"south": {"uv": [14, 5.5, 14.5, 7], "texture": "#texture2"},
				"west": {"uv": [6.5, 5.5, 7, 7], "texture": "#texture2"},
				"up": {"uv": [9, 14, 9.5, 14.5], "rotation": 270, "texture": "#texture2"},
				"down": {"uv": [9, 1.5, 9.5, 2], "rotation": 90, "texture": "#texture2"}
			}
		},
		{
			"name": "Box113",
			"from": [7, 14.5, 8.1375],
			"to": [7.0625, 14.5625, 8.325],
			"faces": {
				"north": {"uv": [1.5, 4.5, 2, 5], "texture": "#texture2"},
				"east": {"uv": [7, 4.5, 8.5, 5], "texture": "#texture2"},
				"south": {"uv": [14, 4.5, 14.5, 5], "texture": "#texture2"},
				"west": {"uv": [7.5, 4.5, 9, 5], "texture": "#texture2"},
				"up": {"uv": [7, 14, 8.5, 14.5], "rotation": 270, "texture": "#texture2"},
				"down": {"uv": [7, 1.5, 8.5, 2], "rotation": 90, "texture": "#texture2"}
			}
		},
		{
			"name": "Box114",
			"from": [7, 14.4375, 8.325],
			"to": [7.0625, 14.5, 8.3875],
			"faces": {
				"north": {"uv": [1.5, 5, 2, 5.5], "texture": "#texture2"},
				"east": {"uv": [6.5, 5, 7, 5.5], "texture": "#texture2"},
				"south": {"uv": [14, 5, 14.5, 5.5], "texture": "#texture2"},
				"west": {"uv": [9, 5, 9.5, 5.5], "texture": "#texture2"},
				"up": {"uv": [6.5, 14, 7, 14.5], "rotation": 270, "texture": "#texture2"},
				"down": {"uv": [6.5, 1.5, 7, 2], "rotation": 90, "texture": "#texture2"}
			}
		},
		{
			"name": "Box114",
			"from": [7, 14.4375, 8.075],
			"to": [7.0625, 14.5, 8.1375],
			"faces": {
				"north": {"uv": [1.5, 5, 2, 5.5], "texture": "#texture2"},
				"east": {"uv": [8.5, 5, 9, 5.5], "texture": "#texture2"},
				"south": {"uv": [14, 5, 14.5, 5.5], "texture": "#texture2"},
				"west": {"uv": [7, 5, 7.5, 5.5], "texture": "#texture2"},
				"up": {"uv": [8.5, 14, 9, 14.5], "rotation": 270, "texture": "#texture2"},
				"down": {"uv": [8.5, 1.5, 9, 2], "rotation": 90, "texture": "#texture2"}
			}
		},
		{
			"name": "Box121",
			"from": [7, 14.3125, 8.2],
			"to": [7.0625, 14.375, 8.2625],
			"faces": {
				"north": {"uv": [1.5, 6, 2, 6.5], "texture": "#texture2"},
				"east": {"uv": [7.5, 6, 8, 6.5], "texture": "#texture2"},
				"south": {"uv": [14, 6, 14.5, 6.5], "texture": "#texture2"},
				"west": {"uv": [8, 6, 8.5, 6.5], "texture": "#texture2"},
				"up": {"uv": [7.5, 14, 8, 14.5], "rotation": 270, "texture": "#texture2"},
				"down": {"uv": [7.5, 1.5, 8, 2], "rotation": 90, "texture": "#texture2"}
			}
		},
		{
			"name": "Box124",
			"from": [7, 14.3125, 7.95],
			"to": [7.0625, 14.375, 8.0125],
			"faces": {
				"north": {"uv": [1.5, 6, 2, 6.5], "texture": "#texture2"},
				"east": {"uv": [9.5, 6, 10, 6.5], "texture": "#texture2"},
				"south": {"uv": [14, 6, 14.5, 6.5], "texture": "#texture2"},
				"west": {"uv": [6, 6, 6.5, 6.5], "texture": "#texture2"},
				"up": {"uv": [9.5, 14, 10, 14.5], "rotation": 270, "texture": "#texture2"},
				"down": {"uv": [9.5, 1.5, 10, 2], "rotation": 90, "texture": "#texture2"}
			}
		},
		{
			"name": "Box124",
			"from": [7, 14.3125, 8.45],
			"to": [7.0625, 14.375, 8.5125],
			"faces": {
				"north": {"uv": [1.5, 6, 2, 6.5], "texture": "#texture2"},
				"east": {"uv": [5.5, 6, 6, 6.5], "texture": "#texture2"},
				"south": {"uv": [14, 6, 14.5, 6.5], "texture": "#texture2"},
				"west": {"uv": [10, 6, 10.5, 6.5], "texture": "#texture2"},
				"up": {"uv": [5.5, 14, 6, 14.5], "rotation": 270, "texture": "#texture2"},
				"down": {"uv": [5.5, 1.5, 6, 2], "rotation": 90, "texture": "#texture2"}
			}
		},
		{
			"name": "Box124",
			"from": [7, 14.5625, 8.2],
			"to": [7.0625, 14.625, 8.2625],
			"faces": {
				"north": {"uv": [1.5, 4, 2, 4.5], "texture": "#texture2"},
				"east": {"uv": [7.5, 4, 8, 4.5], "texture": "#texture2"},
				"south": {"uv": [14, 4, 14.5, 4.5], "texture": "#texture2"},
				"west": {"uv": [8, 4, 8.5, 4.5], "texture": "#texture2"},
				"up": {"uv": [7.5, 14, 8, 14.5], "rotation": 270, "texture": "#texture2"},
				"down": {"uv": [7.5, 1.5, 8, 2], "rotation": 90, "texture": "#texture2"}
			}
		},
		{
			"name": "Box124",
			"from": [7, 14.0625, 8.2],
			"to": [7.0625, 14.125, 8.2625],
			"faces": {
				"north": {"uv": [1.5, 8, 2, 8.5], "texture": "#texture2"},
				"east": {"uv": [7.5, 8, 8, 8.5], "texture": "#texture2"},
				"south": {"uv": [14, 8, 14.5, 8.5], "texture": "#texture2"},
				"west": {"uv": [8, 8, 8.5, 8.5], "texture": "#texture2"},
				"up": {"uv": [7.5, 14, 8, 14.5], "rotation": 270, "texture": "#texture2"},
				"down": {"uv": [7.5, 1.5, 8, 2], "rotation": 90, "texture": "#texture2"}
			}
		},
		{
			"name": "Box29",
			"from": [-2.5, 10.5, 7],
			"to": [13, 12, 9.5],
			"faces": {
				"north": {"uv": [3, 4, 13, 6.5], "texture": "#texture"},
				"east": {"uv": [6.5, 4, 9, 6.5], "texture": "#texture"},
				"south": {"uv": [3, 4, 13, 6.5], "texture": "#texture"},
				"west": {"uv": [7, 4, 9.5, 6.5], "texture": "#texture"},
				"up": {"uv": [3, 7, 13, 9.5], "texture": "#texture"},
				"down": {"uv": [3, 6.5, 13, 9], "texture": "#texture"}
			}
		},
		{
			"name": "Box30",
			"from": [3, 7.5, 7.5],
			"to": [4, 10.5, 9],
			"faces": {
				"north": {"uv": [12, 6.5, 13, 8.5], "texture": "#texture1"},
				"east": {"uv": [7, 6.5, 8.5, 8.5], "texture": "#texture1"},
				"south": {"uv": [3, 6.5, 4, 8.5], "texture": "#texture1"},
				"west": {"uv": [7.5, 6.5, 9, 8.5], "texture": "#texture1"},
				"up": {"uv": [3, 7.5, 4, 9], "texture": "#texture1"},
				"down": {"uv": [3, 7, 4, 8.5], "texture": "#texture1"}
			}
		},
		{
			"name": "Box31",
			"from": [3, 6, 7.5],
			"to": [4, 7.5, 9],
			"rotation": {"angle": -22.5, "axis": "z", "origin": [4, 7.5, 7.5]},
			"faces": {
				"north": {"uv": [13, 11, 12, 9.5], "texture": "#texture1"},
				"east": {"uv": [14, 9.5, 15, 11], "rotation": 180, "texture": "#texture1"},
				"south": {"uv": [4, 11, 3, 9.5], "texture": "#texture1"},
				"west": {"uv": [1, 9.5, 2, 11], "rotation": 180, "texture": "#texture1"},
				"up": {"uv": [3, 1, 4, 2], "rotation": 180, "texture": "#texture1"},
				"down": {"uv": [3, 14, 4, 15], "rotation": 180, "texture": "#texture1"}
			}
		},
		{
			"name": "Box32",
			"from": [2.5, 6, 7.5],
			"to": [6, 7, 9],
			"faces": {
				"north": {"uv": [11, 9, 13.5, 10], "texture": "#texture1"},
				"east": {"uv": [7, 9, 8.5, 10], "texture": "#texture1"},
				"south": {"uv": [2.5, 9, 5, 10], "texture": "#texture1"},
				"west": {"uv": [7.5, 9, 9, 10], "texture": "#texture1"},
				"up": {"uv": [2.5, 7.5, 5, 9], "texture": "#texture1"},
				"down": {"uv": [2.5, 7, 5, 8.5], "texture": "#texture1"}
			}
		},
		{
			"name": "Box34",
			"from": [6, 5, 7.5],
			"to": [8.5, 6.5, 9],
			"faces": {
				"north": {"uv": [7.5, 9.5, 10, 11], "texture": "#texture1"},
				"east": {"uv": [7, 9.5, 8.5, 11], "texture": "#texture1"},
				"south": {"uv": [6, 9.5, 8.5, 11], "texture": "#texture1"},
				"west": {"uv": [7.5, 9.5, 9, 11], "texture": "#texture1"},
				"up": {"uv": [6, 7.5, 8.5, 9], "texture": "#texture1"},
				"down": {"uv": [6, 7, 8.5, 8.5], "texture": "#texture1"}
			}
		},
		{
			"name": "Box35",
			"from": [8.5, 5, 7.75],
			"to": [9.5, 10, 8.75],
			"rotation": {"angle": 22.5, "axis": "z", "origin": [8.5, 5, 7.75]},
			"faces": {
				"north": {"uv": [6.5, 6, 7.5, 11], "texture": "#texture"},
				"east": {"uv": [1, 6, 2, 11], "texture": "#texture"},
				"south": {"uv": [8.5, 6, 9.5, 11], "texture": "#texture"},
				"west": {"uv": [14, 6, 15, 11], "texture": "#texture"},
				"up": {"uv": [8.5, 14, 9.5, 15], "texture": "#texture"},
				"down": {"uv": [8.5, 1, 9.5, 2], "texture": "#texture"}
			}
		},
		{
			"name": "Box36",
			"from": [3.5, 6.5, 7.5],
			"to": [7, 10.5, 9],
			"faces": {
				"north": {"uv": [8, 6, 12.5, 9.5], "texture": "#texture1"},
				"east": {"uv": [7, 6, 8.5, 9.5], "texture": "#texture1"},
				"south": {"uv": [3.5, 6, 8, 9.5], "texture": "#texture1"},
				"west": {"uv": [7.5, 6, 9, 9.5], "texture": "#texture1"},
				"up": {"uv": [3.5, 7.5, 8, 9], "texture": "#texture1"},
				"down": {"uv": [3.5, 7, 8, 8.5], "texture": "#texture1"}
			}
		},
		{
			"name": "Box37",
			"from": [12, 8, 7.75],
			"to": [12.5, 9, 8.75],
			"rotation": {"angle": -45, "axis": "z", "origin": [12.5, 8, 7.75]},
			"faces": {
				"north": {"uv": [3.5, 8, 2.5, 7.5], "rotation": 270, "texture": "#texture"},
				"east": {"uv": [12.5, 1, 13.5, 2], "rotation": 270, "texture": "#texture"},
				"south": {"uv": [13.5, 8, 12.5, 7.5], "rotation": 90, "texture": "#texture"},
				"west": {"uv": [13.5, 15, 12.5, 14], "rotation": 90, "texture": "#texture"},
				"up": {"uv": [1, 7.5, 2, 8], "rotation": 270, "texture": "#texture"},
				"down": {"uv": [15, 8, 14, 7.5], "rotation": 90, "texture": "#texture"}
			}
		},
		{
			"name": "Box38",
			"from": [10.5, 8.5, 7.5],
			"to": [13, 9.5, 9],
			"faces": {
				"north": {"uv": [3, 6.5, 5.5, 7.5], "texture": "#texture"},
				"east": {"uv": [7, 6.5, 8.5, 7.5], "texture": "#texture"},
				"south": {"uv": [10.5, 6.5, 13, 7.5], "texture": "#texture"},
				"west": {"uv": [7.5, 6.5, 9, 7.5], "texture": "#texture"},
				"up": {"uv": [10.5, 7.5, 13, 9], "texture": "#texture"},
				"down": {"uv": [10.5, 7, 13, 8.5], "texture": "#texture"}
			}
		},
		{
			"name": "Box39",
			"from": [10.5, 4.5, 7.5],
			"to": [12.5, 8.5, 9],
			"rotation": {"angle": 22.5, "axis": "z", "origin": [10.5, 8.5, 9]},
			"faces": {
				"north": {"uv": [12.5, 11.5, 10.5, 7.5], "texture": "#texture"},
				"east": {"uv": [1, 7.5, 2, 11.5], "rotation": 180, "texture": "#texture"},
				"south": {"uv": [5.5, 11.5, 3.5, 7.5], "texture": "#texture"},
				"west": {"uv": [14, 7.5, 15, 11.5], "rotation": 180, "texture": "#texture"},
				"up": {"uv": [10.5, 1, 12.5, 2], "texture": "#texture"},
				"down": {"uv": [10.5, 14, 12.5, 15], "texture": "#texture"}
			}
		},
		{
			"name": "Box40",
			"from": [9, 8, 8],
			"to": [10.5, 8.5, 8.5],
			"rotation": {"angle": 22.5, "axis": "z", "origin": [10.5, 8.5, 8]},
			"faces": {
				"north": {"uv": [6.5, 8, 5, 7.5], "texture": "#texture"},
				"east": {"uv": [8, 7.5, 8.5, 8], "rotation": 180, "texture": "#texture"},
				"south": {"uv": [11, 8, 9.5, 7.5], "texture": "#texture"},
				"west": {"uv": [7.5, 7.5, 8, 8], "rotation": 180, "texture": "#texture"},
				"up": {"uv": [9.5, 7.5, 11, 8], "rotation": 180, "texture": "#texture"},
				"down": {"uv": [9.5, 8, 11, 8.5], "rotation": 180, "texture": "#texture"}
			}
		},
		{
			"name": "Box41",
			"from": [8, 7.5, 8],
			"to": [9.5, 8, 8.5],
			"faces": {
				"north": {"uv": [6.5, 8, 8, 8.5], "texture": "#texture"},
				"east": {"uv": [7.5, 8, 8, 8.5], "texture": "#texture"},
				"south": {"uv": [8, 8, 9.5, 8.5], "texture": "#texture"},
				"west": {"uv": [8, 8, 8.5, 8.5], "texture": "#texture"},
				"up": {"uv": [8, 8, 9.5, 8.5], "texture": "#texture"},
				"down": {"uv": [8, 7.5, 9.5, 8], "texture": "#texture"}
			}
		},
		{
			"name": "Box42",
			"from": [11.875, 4.625, 7.5],
			"to": [13.875, 5.625, 9],
			"faces": {
				"north": {"uv": [2.125, 10.375, 4.125, 11.375], "texture": "#texture"},
				"east": {"uv": [7, 10.375, 8.5, 11.375], "texture": "#texture"},
				"south": {"uv": [11.875, 10.375, 13.875, 11.375], "texture": "#texture"},
				"west": {"uv": [7.5, 10.375, 9, 11.375], "texture": "#texture"},
				"up": {"uv": [11.875, 7.5, 13.875, 9], "texture": "#texture"},
				"down": {"uv": [11.875, 7, 13.875, 8.5], "texture": "#texture"}
			}
		},
		{
			"name": "Box43",
			"from": [8.5, 3.5, 7.75],
			"to": [9.5, 5.5, 8.75],
			"faces": {
				"north": {"uv": [6.5, 10.5, 7.5, 12.5], "texture": "#texture"},
				"east": {"uv": [7.25, 10.5, 8.25, 12.5], "texture": "#texture"},
				"south": {"uv": [8.5, 10.5, 9.5, 12.5], "texture": "#texture"},
				"west": {"uv": [7.75, 10.5, 8.75, 12.5], "texture": "#texture"},
				"up": {"uv": [8.5, 7.75, 9.5, 8.75], "texture": "#texture"},
				"down": {"uv": [8.5, 7.25, 9.5, 8.25], "texture": "#texture"}
			}
		},
		{
			"name": "Box44",
			"from": [9.375, 3.5, 7.75],
			"to": [12.875, 4.5, 8.75],
			"rotation": {"angle": 22.5, "axis": "z", "origin": [9.375, 3.5, 7.75]},
			"faces": {
				"north": {"uv": [4, 11, 7, 12], "texture": "#texture"},
				"east": {"uv": [1, 11, 2, 12], "texture": "#texture"},
				"south": {"uv": [9, 11, 12, 12], "texture": "#texture"},
				"west": {"uv": [14, 11, 15, 12], "texture": "#texture"},
				"up": {"uv": [9, 14, 12, 15], "texture": "#texture"},
				"down": {"uv": [9, 1, 12, 2], "texture": "#texture"}
			}
		},
		{
			"name": "Box45",
			"from": [9.5, 8.5, 8],
			"to": [10, 10, 8.5],
			"rotation": {"angle": 22.5, "axis": "z", "origin": [9.5, 8.5, 8]},
			"faces": {
				"north": {"uv": [6, 6, 6.5, 7.5], "texture": "#texture4"},
				"east": {"uv": [1, 6, 2, 7.5], "texture": "#texture4"},
				"south": {"uv": [9.5, 6, 10, 7.5], "texture": "#texture4"},
				"west": {"uv": [14, 6, 15, 7.5], "texture": "#texture4"},
				"up": {"uv": [9.5, 14, 10, 15], "texture": "#texture4"},
				"down": {"uv": [9.5, 1, 10, 2], "texture": "#texture4"}
			}
		},
		{
			"name": "Box52",
			"from": [13, 9.5, 7.5],
			"to": [16.5, 12, 9],
			"faces": {
				"north": {"uv": [0, 4, 3, 6.5], "texture": "#texture"},
				"east": {"uv": [7, 4, 8.5, 6.5], "texture": "#texture"},
				"south": {"uv": [13, 4, 16, 6.5], "texture": "#texture"},
				"west": {"uv": [7.5, 4, 9, 6.5], "texture": "#texture"},
				"up": {"uv": [13, 7.5, 16, 9], "texture": "#texture"},
				"down": {"uv": [13, 7, 16, 8.5], "texture": "#texture"}
			}
		},
		{
			"name": "Box53",
			"from": [12.5, 12, 7.5],
			"to": [14.5, 13, 9],
			"faces": {
				"north": {"uv": [1.5, 3, 3.5, 4], "texture": "#texture"},
				"east": {"uv": [7, 3, 8.5, 4], "texture": "#texture"},
				"south": {"uv": [12.5, 3, 14.5, 4], "texture": "#texture"},
				"west": {"uv": [7.5, 3, 9, 4], "texture": "#texture"},
				"up": {"uv": [12.5, 7.5, 14.5, 9], "texture": "#texture"},
				"down": {"uv": [12.5, 7, 14.5, 8.5], "texture": "#texture"}
			}
		},
		{
			"name": "Box54",
			"from": [14.4116, 11.9634, 7.5],
			"to": [16.9116, 12.9634, 9],
			"rotation": {"angle": -22.5, "axis": "z", "origin": [14.5, 13, 9]},
			"faces": {
				"north": {"uv": [16, 4, 14.5, 3], "texture": "#texture"},
				"east": {"uv": [1, 3, 2, 4], "rotation": 180, "texture": "#texture"},
				"south": {"uv": [1.5, 4, 0, 3], "texture": "#texture"},
				"west": {"uv": [14, 3, 15, 4], "rotation": 180, "texture": "#texture"},
				"up": {"uv": [14.5, 1, 16, 2], "texture": "#texture"},
				"down": {"uv": [14.5, 14, 16, 15], "texture": "#texture"}
			}
		},
		{
			"name": "Box55",
			"from": [13, 10.5, 7],
			"to": [16.5, 12, 7.5],
			"faces": {
				"north": {"uv": [0, 4, 3, 5.5], "texture": "#texture"},
				"east": {"uv": [8.5, 4, 9, 5.5], "texture": "#texture"},
				"south": {"uv": [13, 4, 16, 5.5], "texture": "#texture"},
				"west": {"uv": [7, 4, 7.5, 5.5], "texture": "#texture"},
				"up": {"uv": [13, 7, 16, 7.5], "texture": "#texture"},
				"down": {"uv": [13, 8.5, 16, 9], "texture": "#texture"}
			}
		},
		{
			"name": "Box55",
			"from": [13, 10.5, 9],
			"to": [16.5, 12, 9.5],
			"faces": {
				"north": {"uv": [0, 4, 3, 5.5], "texture": "#texture"},
				"east": {"uv": [6.5, 4, 7, 5.5], "texture": "#texture"},
				"south": {"uv": [13, 4, 16, 5.5], "texture": "#texture"},
				"west": {"uv": [9, 4, 9.5, 5.5], "texture": "#texture"},
				"up": {"uv": [13, 9, 16, 9.5], "texture": "#texture"},
				"down": {"uv": [13, 6.5, 16, 7], "texture": "#texture"}
			}
		},
		{
			"name": "Box57",
			"from": [12.75, 8.75, 7.75],
			"to": [13.25, 9.75, 8.75],
			"faces": {
				"north": {"uv": [2.75, 6.25, 3.25, 7.25], "texture": "#texture"},
				"east": {"uv": [7.25, 6.25, 8.25, 7.25], "texture": "#texture"},
				"south": {"uv": [12.75, 6.25, 13.25, 7.25], "texture": "#texture"},
				"west": {"uv": [7.75, 6.25, 8.75, 7.25], "texture": "#texture"},
				"up": {"uv": [12.75, 7.75, 13.25, 8.75], "texture": "#texture"},
				"down": {"uv": [12.75, 7.25, 13.25, 8.25], "texture": "#texture"}
			}
		},
		{
			"name": "Box58",
			"from": [13, 9, 7.75],
			"to": [16, 9.5, 8.75],
			"faces": {
				"north": {"uv": [0, 6.5, 3, 7], "texture": "#texture"},
				"east": {"uv": [7.25, 6.5, 8.25, 7], "texture": "#texture"},
				"south": {"uv": [13, 6.5, 16, 7], "texture": "#texture"},
				"west": {"uv": [7.75, 6.5, 8.75, 7], "texture": "#texture"},
				"up": {"uv": [13, 7.75, 16, 8.75], "texture": "#texture"},
				"down": {"uv": [13, 7.25, 16, 8.25], "texture": "#texture"}
			}
		},
		{
			"name": "Box59",
			"from": [15.5, 9.5, 7.75],
			"to": [19.5, 10.5, 8.75],
			"rotation": {"angle": -45, "axis": "z", "origin": [15.5, 9.5, 7.75]},
			"faces": {
				"north": {"uv": [12, 6, 16, 7], "texture": "#texture"},
				"east": {"uv": [1, 6, 2, 7], "texture": "#texture"},
				"south": {"uv": [0, 6, 4, 7], "texture": "#texture"},
				"west": {"uv": [14, 6, 15, 7], "texture": "#texture"},
				"up": {"uv": [0, 14, 4, 15], "texture": "#texture"},
				"down": {"uv": [0, 1, 4, 2], "texture": "#texture"}
			}
		},
		{
			"name": "Box60",
			"from": [18.25, 6.75, 7.75],
			"to": [21.75, 7.75, 8.75],
			"faces": {
				"north": {"uv": [10.25, 8.25, 13.75, 9.25], "texture": "#texture"},
				"east": {"uv": [7.25, 8.25, 8.25, 9.25], "texture": "#texture"},
				"south": {"uv": [2.25, 8.25, 5.75, 9.25], "texture": "#texture"},
				"west": {"uv": [7.75, 8.25, 8.75, 9.25], "texture": "#texture"},
				"up": {"uv": [2.25, 7.75, 5.75, 8.75], "texture": "#texture"},
				"down": {"uv": [2.25, 7.25, 5.75, 8.25], "texture": "#texture"}
			}
		},
		{
			"name": "Box61",
			"from": [21.75, 6.75, 7.75],
			"to": [22.75, 11.75, 8.75],
			"faces": {
				"north": {"uv": [9.25, 4.25, 10.25, 9.25], "texture": "#texture"},
				"east": {"uv": [7.25, 4.25, 8.25, 9.25], "texture": "#texture"},
				"south": {"uv": [5.75, 4.25, 6.75, 9.25], "texture": "#texture"},
				"west": {"uv": [7.75, 4.25, 8.75, 9.25], "texture": "#texture"},
				"up": {"uv": [5.75, 7.75, 6.75, 8.75], "texture": "#texture"},
				"down": {"uv": [5.75, 7.25, 6.75, 8.25], "texture": "#texture"}
			}
		},
		{
			"name": "Box62",
			"from": [15.75, 10.5, 7.5],
			"to": [21.75, 11.5, 9],
			"faces": {
				"north": {"uv": [0, 4.5, 0.25, 5.5], "texture": "#texture"},
				"east": {"uv": [7, 4.5, 8.5, 5.5], "texture": "#texture"},
				"south": {"uv": [15.75, 4.5, 16, 5.5], "texture": "#texture"},
				"west": {"uv": [7.5, 4.5, 9, 5.5], "texture": "#texture"},
				"up": {"uv": [15.75, 7.5, 16, 9], "texture": "#texture"},
				"down": {"uv": [15.75, 7, 16, 8.5], "texture": "#texture"}
			}
		},
		{
			"name": "Box63",
			"from": [15.75, 11.5, 7.5],
			"to": [21.75, 12, 8.5],
			"rotation": {"angle": 22.5, "axis": "x", "origin": [15.75, 11.5, 7.5]},
			"faces": {
				"north": {"uv": [12, 4, 15.5, 4.5], "texture": "#texture"},
				"east": {"uv": [7.5, 4, 8.5, 4.5], "texture": "#texture"},
				"south": {"uv": [0.5, 4, 4, 4.5], "texture": "#texture"},
				"west": {"uv": [7.5, 4, 8.5, 4.5], "texture": "#texture"},
				"up": {"uv": [0.5, 7.5, 4, 8.5], "texture": "#texture"},
				"down": {"uv": [0.5, 7.5, 4, 8.5], "texture": "#texture"}
			}
		},
		{
			"name": "Box63",
			"from": [16.75, 11.5, 8],
			"to": [21.75, 12, 9],
			"rotation": {"angle": -22.5, "axis": "x", "origin": [21.75, 11.5, 9]},
			"faces": {
				"north": {"uv": [0.5, 4, 4, 4.5], "texture": "#texture"},
				"east": {"uv": [7.5, 4, 8.5, 4.5], "texture": "#texture"},
				"south": {"uv": [12, 4, 15.5, 4.5], "texture": "#texture"},
				"west": {"uv": [7.5, 4, 8.5, 4.5], "texture": "#texture"},
				"up": {"uv": [0.5, 7.5, 4, 8.5], "rotation": 180, "texture": "#texture"},
				"down": {"uv": [0.5, 7.5, 4, 8.5], "rotation": 180, "texture": "#texture"}
			}
		},
		{
			"name": "Box65",
			"from": [15.75, 11.5, 7.75],
			"to": [21.75, 12, 8.75],
			"faces": {
				"north": {"uv": [0, 4, 0.25, 4.5], "texture": "#texture"},
				"east": {"uv": [7.25, 4, 8.25, 4.5], "texture": "#texture"},
				"south": {"uv": [15.75, 4, 16, 4.5], "texture": "#texture"},
				"west": {"uv": [7.75, 4, 8.75, 4.5], "texture": "#texture"},
				"up": {"uv": [15.75, 7.75, 16, 8.75], "texture": "#texture"},
				"down": {"uv": [15.75, 7.25, 16, 8.25], "texture": "#texture"}
			}
		},
		{
			"name": "Box66",
			"from": [16.5, 10, 8],
			"to": [20, 10.5, 8.5],
			"faces": {
				"north": {"uv": [12, 5.5, 15.5, 6], "texture": "#texture"},
				"east": {"uv": [7.5, 5.5, 8, 6], "texture": "#texture"},
				"south": {"uv": [0.5, 5.5, 4, 6], "texture": "#texture"},
				"west": {"uv": [8, 5.5, 8.5, 6], "texture": "#texture"},
				"up": {"uv": [0.5, 8, 4, 8.5], "texture": "#texture"},
				"down": {"uv": [0.5, 7.5, 4, 8], "texture": "#texture"}
			}
		},
		{
			"name": "Box67",
			"from": [21, 7.5, 8],
			"to": [22, 8.5, 8.5],
			"faces": {
				"north": {"uv": [10, 7.5, 11, 8.5], "texture": "#texture"},
				"east": {"uv": [7.5, 7.5, 8, 8.5], "texture": "#texture"},
				"south": {"uv": [5, 7.5, 6, 8.5], "texture": "#texture"},
				"west": {"uv": [8, 7.5, 8.5, 8.5], "texture": "#texture"},
				"up": {"uv": [5, 8, 6, 8.5], "texture": "#texture"},
				"down": {"uv": [5, 7.5, 6, 8], "texture": "#texture"}
			}
		},
		{
			"name": "Box68",
			"from": [21, 8.5, 8],
			"to": [22, 9.5, 8.5],
			"rotation": {"angle": -45, "axis": "z", "origin": [21, 8.5, 8]},
			"faces": {
				"north": {"uv": [10, 6.5, 11, 7.5], "texture": "#texture"},
				"east": {"uv": [1, 6.5, 2, 7.5], "texture": "#texture"},
				"south": {"uv": [5, 6.5, 6, 7.5], "texture": "#texture"},
				"west": {"uv": [14, 6.5, 15, 7.5], "texture": "#texture"},
				"up": {"uv": [5, 14, 6, 15], "texture": "#texture"},
				"down": {"uv": [5, 1, 6, 2], "texture": "#texture"}
			}
		},
		{
			"name": "Box69",
			"from": [18.5, 7.5, 8],
			"to": [19, 11, 8.5],
			"rotation": {"angle": -22.5, "axis": "z", "origin": [18.5, 7.5, 8]},
			"faces": {
				"north": {"uv": [13, 5, 13.5, 8.5], "texture": "#texture"},
				"east": {"uv": [1, 5, 2, 8.5], "texture": "#texture"},
				"south": {"uv": [2.5, 5, 3, 8.5], "texture": "#texture"},
				"west": {"uv": [14, 5, 15, 8.5], "texture": "#texture"},
				"up": {"uv": [2.5, 14, 3, 15], "texture": "#texture"},
				"down": {"uv": [2.5, 1, 3, 2], "texture": "#texture"}
			}
		},
		{
			"name": "Box70",
			"from": [20, 7, 7.5],
			"to": [22, 8.5, 9],
			"rotation": {"angle": -45, "axis": "z", "origin": [20, 7, 7.5]},
			"faces": {
				"north": {"uv": [10, 8.5, 12, 9.5], "texture": "#texture"},
				"east": {"uv": [1, 8.5, 2, 9.5], "texture": "#texture"},
				"south": {"uv": [4, 8.5, 6, 9.5], "texture": "#texture"},
				"west": {"uv": [14, 8.5, 15, 9.5], "texture": "#texture"},
				"up": {"uv": [4, 14, 6, 15], "texture": "#texture"},
				"down": {"uv": [4, 1, 6, 2], "texture": "#texture"}
			}
		},
		{
			"name": "Box71",
			"from": [21.5, 5.5, 7.5],
			"to": [23, 7, 9],
			"faces": {
				"north": {"uv": [9, 9, 10.5, 10.5], "texture": "#texture"},
				"east": {"uv": [7, 9, 8.5, 10.5], "texture": "#texture"},
				"south": {"uv": [5.5, 9, 7, 10.5], "texture": "#texture"},
				"west": {"uv": [7.5, 9, 9, 10.5], "texture": "#texture"},
				"up": {"uv": [5.5, 7.5, 7, 9], "texture": "#texture"},
				"down": {"uv": [5.5, 7, 7, 8.5], "texture": "#texture"}
			}
		},
		{
			"name": "Box72",
			"from": [22.5, 5.5, 7.5],
			"to": [23, 11.5, 9],
			"faces": {
				"north": {"uv": [9, 4.5, 9.5, 10.5], "texture": "#texture"},
				"east": {"uv": [7, 4.5, 8.5, 10.5], "texture": "#texture"},
				"south": {"uv": [6.5, 4.5, 7, 10.5], "texture": "#texture"},
				"west": {"uv": [7.5, 4.5, 9, 10.5], "texture": "#texture"},
				"up": {"uv": [6.5, 7.5, 7, 9], "texture": "#texture"},
				"down": {"uv": [6.5, 7, 7, 8.5], "texture": "#texture"}
			}
		},
		{
			"name": "Box73",
			"from": [22.75, 10, 7.75],
			"to": [23.25, 11.5, 8.75],
			"faces": {
				"north": {"uv": [8.75, 4.5, 9.25, 6], "texture": "#texture"},
				"east": {"uv": [7.25, 4.5, 8.25, 6], "texture": "#texture"},
				"south": {"uv": [6.75, 4.5, 7.25, 6], "texture": "#texture"},
				"west": {"uv": [7.75, 4.5, 8.75, 6], "texture": "#texture"},
				"up": {"uv": [6.75, 7.75, 7.25, 8.75], "texture": "#texture"},
				"down": {"uv": [6.75, 7.25, 7.25, 8.25], "texture": "#texture"}
			}
		},
		{
			"name": "Box74",
			"from": [22.75, 9.25, 7.75],
			"to": [23.25, 9.75, 8.75],
			"faces": {
				"north": {"uv": [8.75, 6.25, 9.25, 6.75], "texture": "#texture"},
				"east": {"uv": [7.25, 6.25, 8.25, 6.75], "texture": "#texture"},
				"south": {"uv": [6.75, 6.25, 7.25, 6.75], "texture": "#texture"},
				"west": {"uv": [7.75, 6.25, 8.75, 6.75], "texture": "#texture"},
				"up": {"uv": [6.75, 7.75, 7.25, 8.75], "texture": "#texture"},
				"down": {"uv": [6.75, 7.25, 7.25, 8.25], "texture": "#texture"}
			}
		},
		{
			"name": "Box74",
			"from": [22.75, 8.25, 7.75],
			"to": [23.25, 8.75, 8.75],
			"faces": {
				"north": {"uv": [8.75, 7.25, 9.25, 7.75], "texture": "#texture"},
				"east": {"uv": [7.25, 7.25, 8.25, 7.75], "texture": "#texture"},
				"south": {"uv": [6.75, 7.25, 7.25, 7.75], "texture": "#texture"},
				"west": {"uv": [7.75, 7.25, 8.75, 7.75], "texture": "#texture"},
				"up": {"uv": [6.75, 7.75, 7.25, 8.75], "texture": "#texture"},
				"down": {"uv": [6.75, 7.25, 7.25, 8.25], "texture": "#texture"}
			}
		},
		{
			"name": "Box74",
			"from": [22.75, 7.25, 7.75],
			"to": [23.25, 7.75, 8.75],
			"faces": {
				"north": {"uv": [8.75, 8.25, 9.25, 8.75], "texture": "#texture"},
				"east": {"uv": [7.25, 8.25, 8.25, 8.75], "texture": "#texture"},
				"south": {"uv": [6.75, 8.25, 7.25, 8.75], "texture": "#texture"},
				"west": {"uv": [7.75, 8.25, 8.75, 8.75], "texture": "#texture"},
				"up": {"uv": [6.75, 7.75, 7.25, 8.75], "texture": "#texture"},
				"down": {"uv": [6.75, 7.25, 7.25, 8.25], "texture": "#texture"}
			}
		},
		{
			"name": "Box74",
			"from": [22.75, 6.25, 7.75],
			"to": [23.25, 6.75, 8.75],
			"faces": {
				"north": {"uv": [8.75, 9.25, 9.25, 9.75], "texture": "#texture"},
				"east": {"uv": [7.25, 9.25, 8.25, 9.75], "texture": "#texture"},
				"south": {"uv": [6.75, 9.25, 7.25, 9.75], "texture": "#texture"},
				"west": {"uv": [7.75, 9.25, 8.75, 9.75], "texture": "#texture"},
				"up": {"uv": [6.75, 7.75, 7.25, 8.75], "texture": "#texture"},
				"down": {"uv": [6.75, 7.25, 7.25, 8.25], "texture": "#texture"}
			}
		},
		{
			"name": "Box78",
			"from": [2.5, 5, 7.5],
			"to": [6, 6, 9],
			"faces": {
				"north": {"uv": [7.5, 11, 10, 12], "texture": "#texture1"},
				"east": {"uv": [7.25, 11, 8.25, 12], "texture": "#texture1"},
				"south": {"uv": [6, 11, 8.5, 12], "texture": "#texture1"},
				"west": {"uv": [7.75, 11, 8.75, 12], "texture": "#texture1"},
				"up": {"uv": [6, 7.75, 8.5, 8.75], "texture": "#texture1"},
				"down": {"uv": [6, 7.25, 8.5, 8.25], "texture": "#texture1"}
			}
		},
		{
			"name": "Box79",
			"from": [3, 3.5, 7.5],
			"to": [8.5, 5, 9],
			"faces": {
				"north": {"uv": [7.5, 12, 9, 12.5], "texture": "#texture1"},
				"east": {"uv": [7.25, 12, 8.25, 12.5], "texture": "#texture1"},
				"south": {"uv": [7, 12, 8.5, 12.5], "texture": "#texture1"},
				"west": {"uv": [7.75, 12, 8.75, 12.5], "texture": "#texture1"},
				"up": {"uv": [7, 7.75, 8.5, 8.75], "texture": "#texture1"},
				"down": {"uv": [7, 7.25, 8.5, 8.25], "texture": "#texture1"}
			}
		},
		{
			"name": "Box165",
			"from": [-2.5, 12, 7.5],
			"to": [12.5, 12.5, 9],
			"faces": {
				"north": {"uv": [3.5, 3.5, 16, 4], "texture": "#texture"},
				"east": {"uv": [7, 3.5, 8.5, 4], "texture": "#texture"},
				"south": {"uv": [0, 3.5, 12.5, 4], "texture": "#texture"},
				"west": {"uv": [7.5, 3.5, 9, 4], "texture": "#texture"},
				"up": {"uv": [0, 7.5, 12.5, 9], "texture": "#texture"},
				"down": {"uv": [0, 7, 12.5, 8.5], "texture": "#texture"}
			}
		},
		{
			"name": "Box58",
			"from": [5.625, 3.25, 7.75],
			"to": [9.125, 3.75, 8.75],
			"faces": {
				"north": {"uv": [6.875, 12.25, 10.375, 12.75], "texture": "#texture"},
				"east": {"uv": [7.25, 12.25, 8.25, 12.75], "texture": "#texture"},
				"south": {"uv": [5.625, 12.25, 9.125, 12.75], "texture": "#texture"},
				"west": {"uv": [7.75, 12.25, 8.75, 12.75], "texture": "#texture"},
				"up": {"uv": [5.625, 7.75, 9.125, 8.75], "texture": "#texture"},
				"down": {"uv": [5.625, 7.25, 9.125, 8.25], "texture": "#texture"}
			}
		},
		{
			"name": "Box59",
			"from": [2, 7.5, 7.5],
			"to": [3, 8.5, 9],
			"rotation": {"angle": -45, "axis": "z", "origin": [3, 7.5, 7.5]},
			"faces": {
				"north": {"uv": [13, 7.5, 12, 6], "rotation": 270, "texture": "#texture1"},
				"east": {"uv": [3, 1, 4, 2], "rotation": 270, "texture": "#texture1"},
				"south": {"uv": [4, 7.5, 3, 6], "rotation": 90, "texture": "#texture1"},
				"west": {"uv": [4, 15, 3, 14], "rotation": 90, "texture": "#texture1"},
				"up": {"uv": [1, 6, 2, 7.5], "rotation": 270, "texture": "#texture1"},
				"down": {"uv": [15, 7.5, 14, 6], "rotation": 90, "texture": "#texture1"}
			}
		},
		{
			"name": "Box59",
			"from": [-2.5, 8.5, 7],
			"to": [3, 10.5, 9.5],
			"faces": {
				"north": {"uv": [13, 5.5, 16, 7.5], "texture": "#texture1"},
				"east": {"uv": [6.5, 5.5, 9, 7.5], "texture": "#texture1"},
				"south": {"uv": [0, 5.5, 3, 7.5], "texture": "#texture1"},
				"west": {"uv": [7, 5.5, 9.5, 7.5], "texture": "#texture1"},
				"up": {"uv": [0, 7, 3, 9.5], "texture": "#texture1"},
				"down": {"uv": [0, 6.5, 3, 9], "texture": "#texture1"}
			}
		},
		{
			"name": "Box60",
			"from": [-2.5, 8, 7.5],
			"to": [3, 8.5, 9],
			"faces": {
				"north": {"uv": [13, 7.5, 16, 8], "texture": "#texture1"},
				"east": {"uv": [7, 7.5, 8.5, 8], "texture": "#texture1"},
				"south": {"uv": [0, 7.5, 3, 8], "texture": "#texture1"},
				"west": {"uv": [7.5, 7.5, 9, 8], "texture": "#texture1"},
				"up": {"uv": [0, 7.5, 3, 9], "texture": "#texture1"},
				"down": {"uv": [0, 7, 3, 8.5], "texture": "#texture1"}
			}
		},
		{
			"name": "Box61",
			"from": [-2.5, 7.5, 7],
			"to": [3, 8.5, 7.5],
			"rotation": {"angle": -45, "axis": "x", "origin": [-2.5, 8.5, 7]},
			"faces": {
				"north": {"uv": [3, 2, 0, 1.5], "texture": "#texture1"},
				"east": {"uv": [1.5, 7.5, 2, 8], "rotation": 270, "texture": "#texture1"},
				"south": {"uv": [0, 14, 3, 14.5], "texture": "#texture1"},
				"west": {"uv": [14, 7.5, 14.5, 8], "rotation": 90, "texture": "#texture1"},
				"up": {"uv": [16, 8, 13, 7.5], "texture": "#texture1"},
				"down": {"uv": [0, 7.5, 3, 8], "texture": "#texture1"}
			}
		},
		{
			"name": "Box61",
			"from": [-2.5, 7.5, 9],
			"to": [3, 8.5, 9.5],
			"rotation": {"angle": 45, "axis": "x", "origin": [3, 8.5, 9.5]},
			"faces": {
				"north": {"uv": [0, 14, 3, 14.5], "texture": "#texture1"},
				"east": {"uv": [14, 7.5, 14.5, 8], "rotation": 90, "texture": "#texture1"},
				"south": {"uv": [3, 2, 0, 1.5], "texture": "#texture1"},
				"west": {"uv": [1.5, 7.5, 2, 8], "rotation": 270, "texture": "#texture1"},
				"up": {"uv": [16, 8, 13, 7.5], "rotation": 180, "texture": "#texture1"},
				"down": {"uv": [0, 7.5, 3, 8], "rotation": 180, "texture": "#texture1"}
			}
		},
		{
			"name": "Box63",
			"from": [-2.5, 7.75, 7.75],
			"to": [3, 8.25, 8.75],
			"faces": {
				"north": {"uv": [13, 7.75, 16, 8.25], "texture": "#texture1"},
				"east": {"uv": [7.25, 7.75, 8.25, 8.25], "texture": "#texture1"},
				"south": {"uv": [0, 7.75, 3, 8.25], "texture": "#texture1"},
				"west": {"uv": [7.75, 7.75, 8.75, 8.25], "texture": "#texture1"},
				"up": {"uv": [0, 7.75, 3, 8.75], "texture": "#texture1"},
				"down": {"uv": [0, 7.25, 3, 8.25], "texture": "#texture1"}
			}
		},
		{
			"name": "Box64",
			"from": [8, 9.5, 7.5],
			"to": [13, 10.5, 9],
			"faces": {
				"north": {"uv": [3, 5.5, 8, 6.5], "texture": "#texture"},
				"east": {"uv": [7, 5.5, 8.5, 6.5], "texture": "#texture"},
				"south": {"uv": [8, 5.5, 13, 6.5], "texture": "#texture"},
				"west": {"uv": [7.5, 5.5, 9, 6.5], "texture": "#texture"},
				"up": {"uv": [8, 7.5, 13, 9], "texture": "#texture"},
				"down": {"uv": [8, 7, 13, 8.5], "texture": "#texture"}
			}
		},
		{
			"name": "Box65",
			"from": [8, 8, 7.5],
			"to": [8.5, 9.5, 9],
			"faces": {
				"north": {"uv": [7.5, 6.5, 8, 8], "texture": "#texture"},
				"east": {"uv": [7, 6.5, 8.5, 8], "texture": "#texture"},
				"south": {"uv": [8, 6.5, 8.5, 8], "texture": "#texture"},
				"west": {"uv": [7.5, 6.5, 9, 8], "texture": "#texture"},
				"up": {"uv": [8, 7.5, 8.5, 9], "texture": "#texture"},
				"down": {"uv": [8, 7, 8.5, 8.5], "texture": "#texture"}
			}
		},
		{
			"name": "Box66",
			"from": [3, 9, 7],
			"to": [5.5, 10.5, 9.5],
			"faces": {
				"north": {"uv": [10.5, 5.5, 13, 7], "texture": "#texture1"},
				"east": {"uv": [6.5, 5.5, 9, 7], "texture": "#texture1"},
				"south": {"uv": [3, 5.5, 5.5, 7], "texture": "#texture1"},
				"west": {"uv": [7, 5.5, 9.5, 7], "texture": "#texture1"},
				"up": {"uv": [3, 7, 5.5, 9.5], "texture": "#texture1"},
				"down": {"uv": [3, 6.5, 5.5, 9], "texture": "#texture1"}
			}
		},
		{
			"name": "Box66",
			"from": [5.5, 9.5, 7],
			"to": [6.5, 10.5, 9.5],
			"faces": {
				"north": {"uv": [9.5, 5.5, 10.5, 6.5], "texture": "#texture1"},
				"east": {"uv": [6.5, 5.5, 9, 6.5], "texture": "#texture1"},
				"south": {"uv": [5.5, 5.5, 6.5, 6.5], "texture": "#texture1"},
				"west": {"uv": [7, 5.5, 9.5, 6.5], "texture": "#texture1"},
				"up": {"uv": [5.5, 7, 6.5, 9.5], "texture": "#texture1"},
				"down": {"uv": [5.5, 6.5, 6.5, 9], "texture": "#texture1"}
			}
		},
		{
			"name": "Box68",
			"from": [-2.501, 9, 7.5],
			"to": [-2.5, 10.5, 9],
			"faces": {
				"north": {"uv": [2.999, 5.5, 3, 7.5], "texture": "#texture"},
				"east": {"uv": [7, 5.5, 8.5, 7.5], "texture": "#texture"},
				"south": {"uv": [13, 5.5, 13.001, 7.5], "texture": "#texture"},
				"west": {"uv": [7.5, 5.5, 9, 7.5], "texture": "#texture"},
				"up": {"uv": [13, 7.5, 13.001, 9], "texture": "#texture"},
				"down": {"uv": [13, 7, 13.001, 8.5], "texture": "#texture"}
			}
		},
		{
			"name": "Box69",
			"from": [-5.5, 9.5, 7.75],
			"to": [-2.5, 10.5, 8.75],
			"faces": {
				"north": {"uv": [2.5, 5.5, 5.5, 6.5], "texture": "#texture"},
				"east": {"uv": [7.25, 5.5, 8.25, 6.5], "texture": "#texture"},
				"south": {"uv": [10.5, 5.5, 13.5, 6.5], "texture": "#texture"},
				"west": {"uv": [7.75, 5.5, 8.75, 6.5], "texture": "#texture"},
				"up": {"uv": [10.5, 7.75, 13.5, 8.75], "texture": "#texture"},
				"down": {"uv": [10.5, 7.25, 13.5, 8.25], "texture": "#texture"}
			}
		},
		{
			"name": "Box70",
			"from": [-7, 10.5, 7.5],
			"to": [-5.5, 11, 8],
			"faces": {
				"north": {"uv": [5.5, 5, 7, 5.5], "texture": "#texture"},
				"east": {"uv": [8, 5, 8.5, 5.5], "texture": "#texture"},
				"south": {"uv": [9, 5, 10.5, 5.5], "texture": "#texture"},
				"west": {"uv": [7.5, 5, 8, 5.5], "texture": "#texture"},
				"up": {"uv": [9, 7.5, 10.5, 8], "texture": "#texture"},
				"down": {"uv": [9, 8, 10.5, 8.5], "texture": "#texture"}
			}
		},
		{
			"name": "Box72",
			"from": [-7.5, 9.5, 7.25],
			"to": [-7, 10.5, 7.75],
			"faces": {
				"north": {"uv": [7, 5.5, 7.5, 6.5], "texture": "#texture"},
				"east": {"uv": [8.25, 5.5, 8.75, 6.5], "texture": "#texture"},
				"south": {"uv": [8.5, 5.5, 9, 6.5], "texture": "#texture"},
				"west": {"uv": [7.25, 5.5, 7.75, 6.5], "texture": "#texture"},
				"up": {"uv": [8.5, 7.25, 9, 7.75], "texture": "#texture"},
				"down": {"uv": [8.5, 8.25, 9, 8.75], "texture": "#texture"}
			}
		},
		{
			"name": "Box72",
			"from": [-7.5, 9.5, 8.75],
			"to": [-7, 10.5, 9.25],
			"faces": {
				"north": {"uv": [7, 5.5, 7.5, 6.5], "texture": "#texture"},
				"east": {"uv": [6.75, 5.5, 7.25, 6.5], "texture": "#texture"},
				"south": {"uv": [8.5, 5.5, 9, 6.5], "texture": "#texture"},
				"west": {"uv": [8.75, 5.5, 9.25, 6.5], "texture": "#texture"},
				"up": {"uv": [8.5, 8.75, 9, 9.25], "texture": "#texture"},
				"down": {"uv": [8.5, 6.75, 9, 7.25], "texture": "#texture"}
			}
		},
		{
			"name": "Box72",
			"from": [-5.5, 9.5, 8.75],
			"to": [-5, 10.5, 9.25],
			"faces": {
				"north": {"uv": [5, 5.5, 5.5, 6.5], "texture": "#texture"},
				"east": {"uv": [6.75, 5.5, 7.25, 6.5], "texture": "#texture"},
				"south": {"uv": [10.5, 5.5, 11, 6.5], "texture": "#texture"},
				"west": {"uv": [8.75, 5.5, 9.25, 6.5], "texture": "#texture"},
				"up": {"uv": [10.5, 8.75, 11, 9.25], "texture": "#texture"},
				"down": {"uv": [10.5, 6.75, 11, 7.25], "texture": "#texture"}
			}
		},
		{
			"name": "Box72",
			"from": [-5.5, 9.5, 7.25],
			"to": [-5, 10.5, 7.75],
			"faces": {
				"north": {"uv": [5, 5.5, 5.5, 6.5], "texture": "#texture"},
				"east": {"uv": [8.25, 5.5, 8.75, 6.5], "texture": "#texture"},
				"south": {"uv": [10.5, 5.5, 11, 6.5], "texture": "#texture"},
				"west": {"uv": [7.25, 5.5, 7.75, 6.5], "texture": "#texture"},
				"up": {"uv": [10.5, 7.25, 11, 7.75], "texture": "#texture"},
				"down": {"uv": [10.5, 8.25, 11, 8.75], "texture": "#texture"}
			}
		},
		{
			"name": "Box76",
			"from": [-7, 9.75, 7.375],
			"to": [-5.5, 10.25, 7.875],
			"faces": {
				"north": {"uv": [5.5, 5.75, 7, 6.25], "texture": "#texture"},
				"east": {"uv": [8.125, 5.75, 8.625, 6.25], "texture": "#texture"},
				"south": {"uv": [9, 5.75, 10.5, 6.25], "texture": "#texture"},
				"west": {"uv": [7.375, 5.75, 7.875, 6.25], "texture": "#texture"},
				"up": {"uv": [9, 7.375, 10.5, 7.875], "texture": "#texture"},
				"down": {"uv": [9, 8.125, 10.5, 8.625], "texture": "#texture"}
			}
		},
		{
			"name": "Box76",
			"from": [-7, 9.75, 8.625],
			"to": [-5.5, 10.25, 9.125],
			"faces": {
				"north": {"uv": [5.5, 5.75, 7, 6.25], "texture": "#texture"},
				"east": {"uv": [6.875, 5.75, 7.375, 6.25], "texture": "#texture"},
				"south": {"uv": [9, 5.75, 10.5, 6.25], "texture": "#texture"},
				"west": {"uv": [8.625, 5.75, 9.125, 6.25], "texture": "#texture"},
				"up": {"uv": [9, 8.625, 10.5, 9.125], "texture": "#texture"},
				"down": {"uv": [9, 6.875, 10.5, 7.375], "texture": "#texture"}
			}
		},
		{
			"name": "Box70",
			"from": [-7, 10.5, 8.5],
			"to": [-5.5, 11, 9],
			"faces": {
				"north": {"uv": [5.5, 5, 7, 5.5], "texture": "#texture"},
				"east": {"uv": [7, 5, 7.5, 5.5], "texture": "#texture"},
				"south": {"uv": [9, 5, 10.5, 5.5], "texture": "#texture"},
				"west": {"uv": [8.5, 5, 9, 5.5], "texture": "#texture"},
				"up": {"uv": [9, 8.5, 10.5, 9], "texture": "#texture"},
				"down": {"uv": [9, 7, 10.5, 7.5], "texture": "#texture"}
			}
		},
		{
			"name": "Box70",
			"from": [-7, 9, 7.5],
			"to": [-5.5, 9.5, 8],
			"faces": {
				"north": {"uv": [5.5, 6.5, 7, 7], "texture": "#texture"},
				"east": {"uv": [8, 6.5, 8.5, 7], "texture": "#texture"},
				"south": {"uv": [9, 6.5, 10.5, 7], "texture": "#texture"},
				"west": {"uv": [7.5, 6.5, 8, 7], "texture": "#texture"},
				"up": {"uv": [9, 7.5, 10.5, 8], "texture": "#texture"},
				"down": {"uv": [9, 8, 10.5, 8.5], "texture": "#texture"}
			}
		},
		{
			"name": "Box70",
			"from": [-7, 9, 8.5],
			"to": [-5.5, 9.5, 9],
			"faces": {
				"north": {"uv": [5.5, 6.5, 7, 7], "texture": "#texture"},
				"east": {"uv": [7, 6.5, 7.5, 7], "texture": "#texture"},
				"south": {"uv": [9, 6.5, 10.5, 7], "texture": "#texture"},
				"west": {"uv": [8.5, 6.5, 9, 7], "texture": "#texture"},
				"up": {"uv": [9, 8.5, 10.5, 9], "texture": "#texture"},
				"down": {"uv": [9, 7, 10.5, 7.5], "texture": "#texture"}
			}
		},
		{
			"name": "Box72",
			"from": [-7.5, 9, 7.75],
			"to": [-7, 9.5, 8.75],
			"faces": {
				"north": {"uv": [9, 8.5, 8.5, 8], "texture": "#texture"},
				"east": {"uv": [8, 5.5, 8.5, 6.5], "rotation": 270, "texture": "#texture"},
				"south": {"uv": [8.5, 7.5, 9, 8], "texture": "#texture"},
				"west": {"uv": [7.5, 5.5, 8, 6.5], "rotation": 90, "texture": "#texture"},
				"up": {"uv": [7.5, 6.5, 7, 5.5], "texture": "#texture"},
				"down": {"uv": [8.5, 5.5, 9, 6.5], "texture": "#texture"}
			}
		},
		{
			"name": "Box72",
			"from": [-7.5, 10.5, 7.75],
			"to": [-7, 11, 8.75],
			"faces": {
				"north": {"uv": [9, 8.5, 8.5, 8], "texture": "#texture"},
				"east": {"uv": [8, 5.5, 8.5, 6.5], "rotation": 270, "texture": "#texture"},
				"south": {"uv": [8.5, 7.5, 9, 8], "texture": "#texture"},
				"west": {"uv": [7.5, 5.5, 8, 6.5], "rotation": 90, "texture": "#texture"},
				"up": {"uv": [7.5, 6.5, 7, 5.5], "texture": "#texture"},
				"down": {"uv": [8.5, 5.5, 9, 6.5], "texture": "#texture"}
			}
		},
		{
			"name": "Box72",
			"from": [-5.5, 10.5, 7.75],
			"to": [-5, 11, 8.75],
			"faces": {
				"north": {"uv": [9, 8.5, 8.5, 8], "texture": "#texture"},
				"east": {"uv": [8, 5.5, 8.5, 6.5], "rotation": 270, "texture": "#texture"},
				"south": {"uv": [8.5, 7.5, 9, 8], "texture": "#texture"},
				"west": {"uv": [7.5, 5.5, 8, 6.5], "rotation": 90, "texture": "#texture"},
				"up": {"uv": [7.5, 6.5, 7, 5.5], "texture": "#texture"},
				"down": {"uv": [8.5, 5.5, 9, 6.5], "texture": "#texture"}
			}
		},
		{
			"name": "Box72",
			"from": [-5.5, 9, 7.75],
			"to": [-5, 9.5, 8.75],
			"faces": {
				"north": {"uv": [9, 8.5, 8.5, 8], "texture": "#texture"},
				"east": {"uv": [8, 5.5, 8.5, 6.5], "rotation": 270, "texture": "#texture"},
				"south": {"uv": [8.5, 7.5, 9, 8], "texture": "#texture"},
				"west": {"uv": [7.5, 5.5, 8, 6.5], "rotation": 90, "texture": "#texture"},
				"up": {"uv": [7.5, 6.5, 7, 5.5], "texture": "#texture"},
				"down": {"uv": [8.5, 5.5, 9, 6.5], "texture": "#texture"}
			}
		},
		{
			"name": "Box85",
			"from": [-2, 12.25, 7.5],
			"to": [-1.5, 12.75, 9],
			"faces": {
				"north": {"uv": [1.5, 3.25, 2, 3.75], "texture": "#texture"},
				"east": {"uv": [7, 3.25, 8.5, 3.75], "texture": "#texture"},
				"south": {"uv": [14, 3.25, 14.5, 3.75], "texture": "#texture"},
				"west": {"uv": [7.5, 3.25, 9, 3.75], "texture": "#texture"},
				"up": {"uv": [14, 7.5, 14.5, 9], "texture": "#texture"},
				"down": {"uv": [14, 7, 14.5, 8.5], "texture": "#texture"}
			}
		},
		{
			"name": "Box85",
			"from": [-1, 12.25, 7.5],
			"to": [-0.5, 12.75, 9],
			"faces": {
				"north": {"uv": [0.5, 3.25, 1, 3.75], "texture": "#texture"},
				"east": {"uv": [7, 3.25, 8.5, 3.75], "texture": "#texture"},
				"south": {"uv": [15, 3.25, 15.5, 3.75], "texture": "#texture"},
				"west": {"uv": [7.5, 3.25, 9, 3.75], "texture": "#texture"},
				"up": {"uv": [15, 7.5, 15.5, 9], "texture": "#texture"},
				"down": {"uv": [15, 7, 15.5, 8.5], "texture": "#texture"}
			}
		},
		{
			"name": "Box85",
			"from": [0, 12.25, 7.5],
			"to": [0.5, 12.75, 9],
			"faces": {
				"north": {"uv": [15.5, 3.25, 16, 3.75], "texture": "#texture"},
				"east": {"uv": [7, 3.25, 8.5, 3.75], "texture": "#texture"},
				"south": {"uv": [0, 3.25, 0.5, 3.75], "texture": "#texture"},
				"west": {"uv": [7.5, 3.25, 9, 3.75], "texture": "#texture"},
				"up": {"uv": [0, 7.5, 0.5, 9], "texture": "#texture"},
				"down": {"uv": [0, 7, 0.5, 8.5], "texture": "#texture"}
			}
		},
		{
			"name": "Box85",
			"from": [1, 12.25, 7.5],
			"to": [1.5, 12.75, 9],
			"faces": {
				"north": {"uv": [14.5, 3.25, 15, 3.75], "texture": "#texture"},
				"east": {"uv": [7, 3.25, 8.5, 3.75], "texture": "#texture"},
				"south": {"uv": [1, 3.25, 1.5, 3.75], "texture": "#texture"},
				"west": {"uv": [7.5, 3.25, 9, 3.75], "texture": "#texture"},
				"up": {"uv": [1, 7.5, 1.5, 9], "texture": "#texture"},
				"down": {"uv": [1, 7, 1.5, 8.5], "texture": "#texture"}
			}
		},
		{
			"name": "Box85",
			"from": [2, 12.25, 7.5],
			"to": [2.5, 12.75, 9],
			"faces": {
				"north": {"uv": [13.5, 3.25, 14, 3.75], "texture": "#texture"},
				"east": {"uv": [7, 3.25, 8.5, 3.75], "texture": "#texture"},
				"south": {"uv": [2, 3.25, 2.5, 3.75], "texture": "#texture"},
				"west": {"uv": [7.5, 3.25, 9, 3.75], "texture": "#texture"},
				"up": {"uv": [2, 7.5, 2.5, 9], "texture": "#texture"},
				"down": {"uv": [2, 7, 2.5, 8.5], "texture": "#texture"}
			}
		},
		{
			"name": "Box85",
			"from": [3, 12.25, 7.5],
			"to": [3.5, 12.75, 9],
			"faces": {
				"north": {"uv": [12.5, 3.25, 13, 3.75], "texture": "#texture"},
				"east": {"uv": [7, 3.25, 8.5, 3.75], "texture": "#texture"},
				"south": {"uv": [3, 3.25, 3.5, 3.75], "texture": "#texture"},
				"west": {"uv": [7.5, 3.25, 9, 3.75], "texture": "#texture"},
				"up": {"uv": [3, 7.5, 3.5, 9], "texture": "#texture"},
				"down": {"uv": [3, 7, 3.5, 8.5], "texture": "#texture"}
			}
		},
		{
			"name": "Box85",
			"from": [9, 12.25, 7.5],
			"to": [9.5, 12.75, 9],
			"faces": {
				"north": {"uv": [6.5, 3.25, 7, 3.75], "texture": "#texture"},
				"east": {"uv": [7, 3.25, 8.5, 3.75], "texture": "#texture"},
				"south": {"uv": [9, 3.25, 9.5, 3.75], "texture": "#texture"},
				"west": {"uv": [7.5, 3.25, 9, 3.75], "texture": "#texture"},
				"up": {"uv": [9, 7.5, 9.5, 9], "texture": "#texture"},
				"down": {"uv": [9, 7, 9.5, 8.5], "texture": "#texture"}
			}
		},
		{
			"name": "Box85",
			"from": [10, 12.25, 7.5],
			"to": [10.5, 12.75, 9],
			"faces": {
				"north": {"uv": [5.5, 3.25, 6, 3.75], "texture": "#texture"},
				"east": {"uv": [7, 3.25, 8.5, 3.75], "texture": "#texture"},
				"south": {"uv": [10, 3.25, 10.5, 3.75], "texture": "#texture"},
				"west": {"uv": [7.5, 3.25, 9, 3.75], "texture": "#texture"},
				"up": {"uv": [10, 7.5, 10.5, 9], "texture": "#texture"},
				"down": {"uv": [10, 7, 10.5, 8.5], "texture": "#texture"}
			}
		},
		{
			"name": "Box85",
			"from": [11, 12.25, 7.5],
			"to": [11.5, 12.75, 9],
			"faces": {
				"north": {"uv": [4.5, 3.25, 5, 3.75], "texture": "#texture"},
				"east": {"uv": [7, 3.25, 8.5, 3.75], "texture": "#texture"},
				"south": {"uv": [11, 3.25, 11.5, 3.75], "texture": "#texture"},
				"west": {"uv": [7.5, 3.25, 9, 3.75], "texture": "#texture"},
				"up": {"uv": [11, 7.5, 11.5, 9], "texture": "#texture"},
				"down": {"uv": [11, 7, 11.5, 8.5], "texture": "#texture"}
			}
		},
		{
			"name": "Box85",
			"from": [12, 12.25, 7.5],
			"to": [12.5, 12.75, 9],
			"faces": {
				"north": {"uv": [3.5, 3.25, 4, 3.75], "texture": "#texture"},
				"east": {"uv": [7, 3.25, 8.5, 3.75], "texture": "#texture"},
				"south": {"uv": [12, 3.25, 12.5, 3.75], "texture": "#texture"},
				"west": {"uv": [7.5, 3.25, 9, 3.75], "texture": "#texture"},
				"up": {"uv": [12, 7.5, 12.5, 9], "texture": "#texture"},
				"down": {"uv": [12, 7, 12.5, 8.5], "texture": "#texture"}
			}
		},
		{
			"name": "Box100",
			"from": [7, 6.5, 7.5],
			"to": [8, 9.5, 9],
			"faces": {
				"north": {"uv": [8, 6.5, 9, 9.5], "texture": "#texture1"},
				"east": {"uv": [7, 6.5, 8.5, 9.5], "texture": "#texture1"},
				"south": {"uv": [7, 6.5, 8, 9.5], "texture": "#texture1"},
				"west": {"uv": [7.5, 6.5, 9, 9.5], "texture": "#texture1"},
				"up": {"uv": [7, 7.5, 8, 9], "texture": "#texture1"},
				"down": {"uv": [7, 7, 8, 8.5], "texture": "#texture1"}
			}
		},
		{
			"name": "Box66",
			"from": [7, 9.5, 7.6],
			"to": [8, 11, 8.95],
			"rotation": {"angle": 45, "axis": "z", "origin": [8, 9.5, 8.95]},
			"faces": {
				"north": {"uv": [7, 5.5, 8, 6.5], "texture": "#texture1"},
				"east": {"uv": [6, 4, 8.5, 5], "texture": "#texture1"},
				"south": {"uv": [7, 6, 8, 7], "texture": "#texture1"},
				"west": {"uv": [5.5, 7, 8, 8], "texture": "#texture1"},
				"up": {"uv": [7, 6.5, 8, 9], "rotation": 180, "texture": "#texture1"},
				"down": {"uv": [7, 6.5, 8, 9], "rotation": 180, "texture": "#texture1"}
			}
		},
		{
			"name": "Box102",
			"from": [7, 9.5, 7.75],
			"to": [8, 10.5, 8.75],
			"faces": {
				"north": {"uv": [8, 5.5, 9, 6.5], "texture": "#texture"},
				"east": {"uv": [7.25, 5.5, 8.25, 6.5], "texture": "#texture"},
				"south": {"uv": [7, 5.5, 8, 6.5], "texture": "#texture"},
				"west": {"uv": [7.75, 5.5, 8.75, 6.5], "texture": "#texture"},
				"up": {"uv": [7, 7.75, 8, 8.75], "texture": "#texture"},
				"down": {"uv": [7, 7.25, 8, 8.25], "texture": "#texture"}
			}
		},
		{
			"name": "Box66",
			"from": [5.875, 9.5, 7.5],
			"to": [6.875, 10.5, 9],
			"faces": {
				"north": {"uv": [9.125, 5.5, 10.125, 6.5], "texture": "#texture1"},
				"east": {"uv": [7, 5.5, 8.5, 6.5], "texture": "#texture1"},
				"south": {"uv": [5.875, 5.5, 6.875, 6.5], "texture": "#texture1"},
				"west": {"uv": [7.5, 5.5, 9, 6.5], "texture": "#texture1"},
				"up": {"uv": [5.875, 7.5, 6.875, 9], "texture": "#texture1"},
				"down": {"uv": [5.875, 7, 6.875, 8.5], "texture": "#texture1"}
			}
		},
		{
			"name": "Box66",
			"from": [7.5, 6.5, 7.6],
			"to": [8.5, 8, 8.95],
			"rotation": {"angle": 45, "axis": "z", "origin": [8.5, 6.5, 8.95]},
			"faces": {
				"north": {"uv": [7, 5.5, 8, 6.5], "texture": "#texture1"},
				"east": {"uv": [6, 4, 8.5, 5], "texture": "#texture1"},
				"south": {"uv": [7, 6, 8, 7], "texture": "#texture1"},
				"west": {"uv": [5.5, 7, 8, 8], "texture": "#texture1"},
				"up": {"uv": [7, 6.5, 8, 9], "rotation": 180, "texture": "#texture1"},
				"down": {"uv": [7, 6.5, 8, 9], "rotation": 180, "texture": "#texture1"}
			}
		},
		{
			"name": "Box119",
			"from": [-2, 9.5, 9.5],
			"to": [2.5, 11, 10],
			"faces": {
				"north": {"uv": [13.5, 5, 16, 6.5], "texture": "#texture3"},
				"east": {"uv": [6, 5, 6.5, 6.5], "texture": "#texture3"},
				"south": {"uv": [0, 5, 2.5, 6.5], "texture": "#texture3"},
				"west": {"uv": [9.5, 5, 10, 6.5], "texture": "#texture3"},
				"up": {"uv": [0, 9.5, 2.5, 10], "texture": "#texture3"},
				"down": {"uv": [0, 6, 2.5, 6.5], "texture": "#texture3"}
			}
		},
		{
			"name": "Box119",
			"from": [-2, 9.5, 6.5],
			"to": [2.5, 11, 7],
			"faces": {
				"north": {"uv": [13.5, 5, 16, 6.5], "texture": "#texture3"},
				"east": {"uv": [9, 5, 9.5, 6.5], "texture": "#texture3"},
				"south": {"uv": [0, 5, 2.5, 6.5], "texture": "#texture3"},
				"west": {"uv": [6.5, 5, 7, 6.5], "texture": "#texture3"},
				"up": {"uv": [0, 6.5, 2.5, 7], "texture": "#texture3"},
				"down": {"uv": [0, 9, 2.5, 9.5], "texture": "#texture3"}
			}
		},
		{
			"name": "Box121",
			"from": [-1.5, 9.75, 9.75],
			"to": [-1, 10.75, 10.25],
			"faces": {
				"north": {"uv": [1, 5, 1.5, 6], "texture": "#texture"},
				"east": {"uv": [5.5, 5, 6, 6], "texture": "#texture"},
				"south": {"uv": [14.5, 5, 15, 6], "texture": "#texture"},
				"west": {"uv": [10, 5, 10.5, 6], "texture": "#texture"},
				"up": {"uv": [14.5, 10, 15, 10.5], "texture": "#texture"},
				"down": {"uv": [14.5, 5.5, 15, 6], "texture": "#texture"}
			}
		},
		{
			"name": "Box121",
			"from": [-0.5, 9.75, 9.75],
			"to": [0, 10.75, 10.25],
			"faces": {
				"north": {"uv": [0, 5, 0.5, 6], "texture": "#texture"},
				"east": {"uv": [5.5, 5, 6, 6], "texture": "#texture"},
				"south": {"uv": [15.5, 5, 16, 6], "texture": "#texture"},
				"west": {"uv": [10, 5, 10.5, 6], "texture": "#texture"},
				"up": {"uv": [15.5, 10, 16, 10.5], "texture": "#texture"},
				"down": {"uv": [15.5, 5.5, 16, 6], "texture": "#texture"}
			}
		},
		{
			"name": "Box121",
			"from": [0.5, 9.75, 9.75],
			"to": [1, 10.75, 10.25],
			"faces": {
				"north": {"uv": [15, 5, 15.5, 6], "texture": "#texture"},
				"east": {"uv": [5.5, 5, 6, 6], "texture": "#texture"},
				"south": {"uv": [0.5, 5, 1, 6], "texture": "#texture"},
				"west": {"uv": [10, 5, 10.5, 6], "texture": "#texture"},
				"up": {"uv": [0.5, 10, 1, 10.5], "texture": "#texture"},
				"down": {"uv": [0.5, 5.5, 1, 6], "texture": "#texture"}
			}
		},
		{
			"name": "Box121",
			"from": [1.5, 9.75, 9.75],
			"to": [2, 10.75, 10.25],
			"faces": {
				"north": {"uv": [14, 5.25, 14.5, 6.25], "texture": "#texture"},
				"east": {"uv": [5.75, 5.25, 6.25, 6.25], "texture": "#texture"},
				"south": {"uv": [1.5, 5.25, 2, 6.25], "texture": "#texture"},
				"west": {"uv": [9.75, 5.25, 10.25, 6.25], "texture": "#texture"},
				"up": {"uv": [1.5, 9.75, 2, 10.25], "texture": "#texture"},
				"down": {"uv": [1.5, 5.75, 2, 6.25], "texture": "#texture"}
			}
		},
		{
			"name": "Box121",
			"from": [1.5, 9.75, 6.25],
			"to": [2, 10.75, 6.75],
			"faces": {
				"north": {"uv": [14, 5.25, 14.5, 6.25], "texture": "#texture"},
				"east": {"uv": [9.25, 5.25, 9.75, 6.25], "texture": "#texture"},
				"south": {"uv": [1.5, 5.25, 2, 6.25], "texture": "#texture"},
				"west": {"uv": [6.25, 5.25, 6.75, 6.25], "texture": "#texture"},
				"up": {"uv": [1.5, 6.25, 2, 6.75], "texture": "#texture"},
				"down": {"uv": [1.5, 9.25, 2, 9.75], "texture": "#texture"}
			}
		},
		{
			"name": "Box121",
			"from": [0.5, 9.75, 6.25],
			"to": [1, 10.75, 6.75],
			"faces": {
				"north": {"uv": [15, 5.25, 15.5, 6.25], "texture": "#texture"},
				"east": {"uv": [5.75, 5.25, 6.25, 6.25], "texture": "#texture"},
				"south": {"uv": [0.5, 5.25, 1, 6.25], "texture": "#texture"},
				"west": {"uv": [9.75, 5.25, 10.25, 6.25], "texture": "#texture"},
				"up": {"uv": [0.5, 9.75, 1, 10.25], "texture": "#texture"},
				"down": {"uv": [0.5, 5.75, 1, 6.25], "texture": "#texture"}
			}
		},
		{
			"name": "Box121",
			"from": [-0.5, 9.75, 6.25],
			"to": [0, 10.75, 6.75],
			"faces": {
				"north": {"uv": [0, 5.25, 0.5, 6.25], "texture": "#texture"},
				"east": {"uv": [5.75, 5.25, 6.25, 6.25], "texture": "#texture"},
				"south": {"uv": [15.5, 5.25, 16, 6.25], "texture": "#texture"},
				"west": {"uv": [9.75, 5.25, 10.25, 6.25], "texture": "#texture"},
				"up": {"uv": [15.5, 9.75, 16, 10.25], "texture": "#texture"},
				"down": {"uv": [15.5, 5.75, 16, 6.25], "texture": "#texture"}
			}
		},
		{
			"name": "Box121",
			"from": [-1.5, 9.75, 6.25],
			"to": [-1, 10.75, 6.75],
			"faces": {
				"north": {"uv": [1, 5.25, 1.5, 6.25], "texture": "#texture"},
				"east": {"uv": [5.75, 5.25, 6.25, 6.25], "texture": "#texture"},
				"south": {"uv": [14.5, 5.25, 15, 6.25], "texture": "#texture"},
				"west": {"uv": [9.75, 5.25, 10.25, 6.25], "texture": "#texture"},
				"up": {"uv": [14.5, 9.75, 15, 10.25], "texture": "#texture"},
				"down": {"uv": [14.5, 5.75, 15, 6.25], "texture": "#texture"}
			}
		},
		{
			"name": "Box129",
			"from": [-2, 7.5, 7.5],
			"to": [1, 8, 9],
			"faces": {
				"north": {"uv": [15, 8, 16, 8.5], "texture": "#texture"},
				"east": {"uv": [7, 8, 8.5, 8.5], "texture": "#texture"},
				"south": {"uv": [0, 8, 1, 8.5], "texture": "#texture"},
				"west": {"uv": [7.5, 8, 9, 8.5], "texture": "#texture"},
				"up": {"uv": [0, 7.5, 1, 9], "texture": "#texture"},
				"down": {"uv": [0, 7, 1, 8.5], "texture": "#texture"}
			}
		},
		{
			"name": "Box130",
			"from": [-0.75, 4.625, 7.75],
			"to": [0.25, 7.625, 8.75],
			"faces": {
				"north": {"uv": [15.75, 8.375, 16, 11.375], "texture": "#texture"},
				"east": {"uv": [7.25, 8.375, 8.25, 11.375], "texture": "#texture"},
				"south": {"uv": [0, 8.375, 0.25, 11.375], "texture": "#texture"},
				"west": {"uv": [7.75, 8.375, 8.75, 11.375], "texture": "#texture"},
				"up": {"uv": [0, 7.75, 0.25, 8.75], "texture": "#texture"},
				"down": {"uv": [0, 7.25, 0.25, 8.25], "texture": "#texture"}
			}
		},
		{
			"name": "Box131",
			"from": [-1, 4.5, 7.5],
			"to": [0.5, 5, 9],
			"faces": {
				"north": {"uv": [15.5, 11, 16, 11.5], "texture": "#texture"},
				"east": {"uv": [7, 11, 8.5, 11.5], "texture": "#texture"},
				"south": {"uv": [0, 11, 0.5, 11.5], "texture": "#texture"},
				"west": {"uv": [7.5, 11, 9, 11.5], "texture": "#texture"},
				"up": {"uv": [0, 7.5, 0.5, 9], "texture": "#texture"},
				"down": {"uv": [0, 7, 0.5, 8.5], "texture": "#texture"}
			}
		},
		{
			"name": "Box132",
			"from": [-1, 5.25, 7.5],
			"to": [0.5, 7.25, 9],
			"faces": {
				"north": {"uv": [15.5, 8.75, 16, 10.75], "texture": "#texture"},
				"east": {"uv": [7, 8.75, 8.5, 10.75], "texture": "#texture"},
				"south": {"uv": [0, 8.75, 0.5, 10.75], "texture": "#texture"},
				"west": {"uv": [7.5, 8.75, 9, 10.75], "texture": "#texture"},
				"up": {"uv": [0, 7.5, 0.5, 9], "texture": "#texture"},
				"down": {"uv": [0, 7, 0.5, 8.5], "texture": "#texture"}
			}
		},
		{
			"name": "Box133",
			"from": [3.5, -1, 7.75],
			"to": [5.5, 5, 8.75],
			"rotation": {"angle": 22.5, "axis": "z", "origin": [5.5, 5, 7.75]},
			"faces": {
				"north": {"uv": [12.5, 16, 10.5, 12.5], "texture": "#texture"},
				"east": {"uv": [9, 16, 8, 12.5], "texture": "#texture"},
				"south": {"uv": [5.5, 16, 3.5, 12.5], "texture": "#texture"},
				"west": {"uv": [8, 16, 7, 12.5], "texture": "#texture"},
				"up": {"uv": [5.5, 8, 3.5, 7], "texture": "#texture"},
				"down": {"uv": [5.5, 9, 3.5, 8], "texture": "#texture"}
			}
		},
		{
			"name": "Box66",
			"from": [2.5, 3.5, 7.65],
			"to": [3.5, 5, 9],
			"rotation": {"angle": 22.5, "axis": "z", "origin": [2.5, 5, 9]},
			"faces": {
				"north": {"uv": [8, 6.5, 7, 5.5], "texture": "#texture1"},
				"east": {"uv": [5.5, 7, 8, 8], "rotation": 180, "texture": "#texture1"},
				"south": {"uv": [8, 7, 7, 6], "texture": "#texture1"},
				"west": {"uv": [6, 4, 8.5, 5], "rotation": 180, "texture": "#texture1"},
				"up": {"uv": [7, 6.5, 8, 9], "texture": "#texture1"},
				"down": {"uv": [7, 6.5, 8, 9], "texture": "#texture1"}
			}
		},
		{
			"name": "Box135",
			"from": [3, 10, 9.25],
			"to": [5.5, 10.5, 9.75],
			"faces": {
				"north": {"uv": [10.5, 5.5, 13, 6], "texture": "#texture"},
				"east": {"uv": [6.25, 5.5, 6.75, 6], "texture": "#texture"},
				"south": {"uv": [3, 5.5, 5.5, 6], "texture": "#texture"},
				"west": {"uv": [9.25, 5.5, 9.75, 6], "texture": "#texture"},
				"up": {"uv": [3, 9.25, 5.5, 9.75], "texture": "#texture"},
				"down": {"uv": [3, 6.25, 5.5, 6.75], "texture": "#texture"}
			}
		},
		{
			"name": "Box136",
			"from": [3.5, 10.5, 9.5],
			"to": [4, 11, 10],
			"faces": {
				"north": {"uv": [12, 5, 12.5, 5.5], "texture": "#texture5"},
				"east": {"uv": [6, 5, 6.5, 5.5], "texture": "#texture5"},
				"south": {"uv": [3.5, 5, 4, 5.5], "texture": "#texture5"},
				"west": {"uv": [9.5, 5, 10, 5.5], "texture": "#texture5"},
				"up": {"uv": [3.5, 9.5, 4, 10], "texture": "#texture5"},
				"down": {"uv": [3.5, 6, 4, 6.5], "texture": "#texture5"}
			}
		},
		{
			"name": "Box136",
			"from": [3.5, 9.5, 9.5],
			"to": [4, 10, 10],
			"faces": {
				"north": {"uv": [12, 6, 12.5, 6.5], "texture": "#texture5"},
				"east": {"uv": [6, 6, 6.5, 6.5], "texture": "#texture5"},
				"south": {"uv": [3.5, 6, 4, 6.5], "texture": "#texture5"},
				"west": {"uv": [9.5, 6, 10, 6.5], "texture": "#texture5"},
				"up": {"uv": [3.5, 9.5, 4, 10], "texture": "#texture5"},
				"down": {"uv": [3.5, 6, 4, 6.5], "texture": "#texture5"}
			}
		},
		{
			"name": "Box136",
			"from": [3.5, 9.5, 10],
			"to": [4, 10, 10.5],
			"rotation": {"angle": -45, "axis": "x", "origin": [3.5, 9.5, 10]},
			"faces": {
				"north": {"uv": [12, 6, 12.5, 6.5], "texture": "#texture5"},
				"east": {"uv": [5.5, 6, 6, 6.5], "texture": "#texture5"},
				"south": {"uv": [3.5, 6, 4, 6.5], "texture": "#texture5"},
				"west": {"uv": [10, 6, 10.5, 6.5], "texture": "#texture5"},
				"up": {"uv": [3.5, 10, 4, 10.5], "texture": "#texture5"},
				"down": {"uv": [3.5, 5.5, 4, 6], "texture": "#texture5"}
			}
		},
		{
			"name": "Box136",
			"from": [3.5, 10.5, 10],
			"to": [4, 11, 10.5],
			"rotation": {"angle": 45, "axis": "x", "origin": [4, 11, 10]},
			"faces": {
				"north": {"uv": [12.5, 5.5, 12, 5], "texture": "#texture5"},
				"east": {"uv": [9.5, 5, 10, 5.5], "rotation": 180, "texture": "#texture5"},
				"south": {"uv": [4, 5.5, 3.5, 5], "texture": "#texture5"},
				"west": {"uv": [6, 5, 6.5, 5.5], "rotation": 180, "texture": "#texture5"},
				"up": {"uv": [3.5, 6, 4, 6.5], "rotation": 180, "texture": "#texture5"},
				"down": {"uv": [3.5, 9.5, 4, 10], "rotation": 180, "texture": "#texture5"}
			}
		},
		{
			"name": "Box140",
			"from": [3.5, 9.75, 10],
			"to": [4, 10.75, 10.33],
			"faces": {
				"north": {"uv": [12, 5.25, 12.5, 6.25], "texture": "#texture5"},
				"east": {"uv": [5.75, 5.25, 6, 6.25], "texture": "#texture5"},
				"south": {"uv": [3.5, 5.25, 4, 6.25], "texture": "#texture5"},
				"west": {"uv": [10, 5.25, 10.25, 6.25], "texture": "#texture5"},
				"up": {"uv": [3.5, 10, 4, 10.25], "texture": "#texture5"},
				"down": {"uv": [3.5, 5.75, 4, 6], "texture": "#texture5"}
			}
		}
	],
	"display": {
		"thirdperson_righthand": {
			"rotation": [0, -90, 0],
			"translation": [0, -0.695, 0],
			"scale": [0.6, 0.6, 0.6]
		},
		"thirdperson_lefthand": {
			"rotation": [0, 90, 0],
			"translation": [0, -0.695, 0],
			"scale": [0.6, 0.6, 0.6]
		},
		"firstperson_righthand": {
			"rotation": [0, -90, 0],
			"translation": [-1.39, -0.695, -3.478]
		},
		"firstperson_lefthand": {
			"rotation": [0, 90, 0],
			"translation": [-1.39, -0.695, -3.478]
		},
		"ground": {
			"rotation": [-90, 0, 0],
			"scale": [0.6, 0.6, 0.6]
		},
		"gui": {
			"rotation": [19, 35, -17],
			"translation": [0.6956, 0, 0],
			"scale": [0.5, 0.5, 0.5]
		},
		"head": {
			"translation": [0, 2.5, 0],
			"scale": [0.8, 0.8, 0.8]
		},
		"fixed": {
			"rotation": [0, 180, 0],
			"translation": [-3.478, 0, 0]
		}
	}
}