{
	"credit": "Made with Blockbench",
	"textures": {
		"0": "guns/classic_weapon"
	},
	"elements": [
		{
			"from": [7.9, 3.1, 6],
			"to": [9.1, 4.9, 13],
			"faces": {
				"north": {"uv": [0, 0, 1.2, 1.8], "texture": "#missing"},
				"east": {"uv": [0, 0, 16, 4.8], "texture": "#0"},
				"south": {"uv": [0, 0, 1.2, 1.8], "texture": "#missing"},
				"west": {"uv": [0, 0, 16, 4.8], "texture": "#0"},
				"up": {"uv": [2, 0, 5.2, 14], "texture": "#0"},
				"down": {"uv": [2, 0, 5.1, 14], "texture": "#0"}
			}
		},
		{
			"from": [7.8, 3, 13],
			"to": [9.2, 5, 14],
			"faces": {
				"north": {"uv": [5.8, 0, 8.6, 4.1], "texture": "#0"},
				"east": {"uv": [0, 0, 2.8, 4.1], "texture": "#0"},
				"south": {"uv": [3, 0, 5.7, 4.1], "texture": "#0"},
				"west": {"uv": [0, 0, 2.8, 4.1], "texture": "#0"},
				"up": {"uv": [0, 0, 2.7, 2], "texture": "#0"},
				"down": {"uv": [3, 2.1, 5.7, 4.1], "texture": "#0"}
			}
		},
		{
			"from": [8.3, 4.3, 14],
			"to": [8.7, 4.7, 16.9],
			"faces": {
				"north": {"uv": [0, 0, 0.4, 0.4], "texture": "#missing"},
				"east": {"uv": [0, 0, 2.9, 0.4], "texture": "#0"},
				"south": {"uv": [0, 0, 0.4, 0.4], "texture": "#missing"},
				"west": {"uv": [0, 0, 2.9, 0.4], "texture": "#0"},
				"up": {"uv": [0, 0, 0.4, 2.9], "texture": "#0"},
				"down": {"uv": [0, 0, 0.4, 2.9], "texture": "#0"}
			}
		},
		{
			"from": [8.3, 3.2, 14],
			"to": [8.7, 3.6, 15.5],
			"faces": {
				"north": {"uv": [0, 0, 0.4, 0.4], "texture": "#missing"},
				"east": {"uv": [0, 0, 1.5, 0.4], "texture": "#0"},
				"south": {"uv": [0, 0, 0.4, 0.4], "texture": "#0"},
				"west": {"uv": [0, 0, 1.5, 0.4], "texture": "#0"},
				"up": {"uv": [0, 0, 0.4, 1.5], "texture": "#0"},
				"down": {"uv": [0, 0, 0.4, 1.5], "texture": "#0"}
			}
		},
		{
			"from": [8.3, 2.8, 15.5],
			"to": [8.7, 3.2, 16.9],
			"faces": {
				"north": {"uv": [0, 0, 0.4, 0.4], "texture": "#0"},
				"east": {"uv": [0, 0, 1.4, 0.4], "texture": "#0"},
				"south": {"uv": [0, 0, 0.4, 0.4], "texture": "#missing"},
				"west": {"uv": [0, 0, 1.4, 0.4], "texture": "#0"},
				"up": {"uv": [0, 0, 0.4, 1.4], "texture": "#0"},
				"down": {"uv": [0, 0, 0.4, 1.4], "texture": "#0"}
			}
		},
		{
			"from": [8.3, 2.8, 16.9],
			"to": [8.7, 4.7, 17.3],
			"faces": {
				"north": {"uv": [0, 0, 0.4, 1.9], "texture": "#0"},
				"east": {"uv": [0, 0, 0.4, 1.9], "texture": "#0"},
				"south": {"uv": [0, 0, 0.4, 1.9], "texture": "#missing"},
				"west": {"uv": [0, 0, 0.4, 1.9], "texture": "#0"},
				"up": {"uv": [0, 0, 0.4, 0.4], "texture": "#0"},
				"down": {"uv": [0, 0, 0.4, 0.4], "texture": "#0"}
			}
		},
		{
			"from": [8.1, 2.6, 17.3],
			"to": [8.9, 4.9, 17.9],
			"faces": {
				"north": {"uv": [8, 12, 8.8, 14.3], "texture": "#0"},
				"east": {"uv": [7, 9, 7.6, 11.3], "texture": "#0"},
				"south": {"uv": [7, 12, 7.8, 14.3], "texture": "#0"},
				"west": {"uv": [10, 9, 10.6, 11.3], "texture": "#0"},
				"up": {"uv": [9, 11, 9.8, 11.6], "texture": "#0"},
				"down": {"uv": [10, 13, 10.8, 13.6], "texture": "#0"}
			}
		},
		{
			"from": [8.1, 2.4, 12.3],
			"to": [8.9, 3.1, 12.9],
			"faces": {
				"north": {"uv": [9, 11, 9.8, 11.7], "texture": "#0"},
				"east": {"uv": [9, 10, 9.6, 10.7], "texture": "#0"},
				"south": {"uv": [7, 12, 7.8, 12.7], "texture": "#0"},
				"west": {"uv": [7, 11, 7.6, 11.7], "texture": "#0"},
				"up": {"uv": [0, 0, 0.8, 0.6], "texture": "#missing"},
				"down": {"uv": [11, 10, 11.8, 10.6], "texture": "#0"}
			}
		},
		{
			"from": [8.1, 1.8, 12.5],
			"to": [8.9, 2.4, 13.1],
			"faces": {
				"north": {"uv": [11, 10, 11.8, 10.6], "texture": "#0"},
				"east": {"uv": [9, 10, 9.6, 10.6], "texture": "#0"},
				"south": {"uv": [12, 10, 12.8, 10.6], "texture": "#0"},
				"west": {"uv": [10, 10, 10.6, 10.6], "texture": "#0"},
				"up": {"uv": [8, 13, 8.8, 13.6], "texture": "#0"},
				"down": {"uv": [8, 10, 8.8, 10.6], "texture": "#0"}
			}
		},
		{
			"from": [8.1, 2.5, 11.6],
			"to": [8.9, 2.6, 12.3],
			"faces": {
				"north": {"uv": [0, 0, 0.8, 0.1], "texture": "#missing"},
				"east": {"uv": [8, 13.4, 8.7, 13.1], "texture": "#0"},
				"south": {"uv": [0, 0, 0.8, 0.1], "texture": "#missing"},
				"west": {"uv": [9, 11.5, 9.7, 11.1], "texture": "#0"},
				"up": {"uv": [7, 11, 7.8, 11.7], "texture": "#0"},
				"down": {"uv": [10, 10, 10.8, 10.7], "texture": "#0"}
			}
		},
		{
			"from": [8.1, 2.5, 11.5],
			"to": [8.9, 3.1, 11.6],
			"faces": {
				"north": {"uv": [11, 10, 11.8, 10.6], "texture": "#0"},
				"east": {"uv": [8, 13, 9.1, 13.6], "texture": "#0"},
				"south": {"uv": [9, 9, 9.8, 9.6], "texture": "#0"},
				"west": {"uv": [10, 10, 10.5, 10.9], "texture": "#0"},
				"up": {"uv": [0, 0, 0.8, 0.1], "texture": "#missing"},
				"down": {"uv": [9, 11, 10.1, 11.5], "texture": "#0"}
			}
		},
		{
			"from": [8.3, 2.7, 12.1],
			"to": [8.7, 3.2, 12.2],
			"faces": {
				"north": {"uv": [0, 0, 0.4, 0.5], "texture": "#0"},
				"east": {"uv": [0, 0, 0.1, 0.5], "texture": "#0"},
				"south": {"uv": [0, 0, 0.4, 0.5], "texture": "#0"},
				"west": {"uv": [0, 0, 0.1, 0.5], "texture": "#0"},
				"up": {"uv": [0, 0, 0.4, 0.1], "texture": "#missing"},
				"down": {"uv": [0, 0, 0.4, 0.1], "texture": "#0"}
			}
		},
		{
			"from": [8.1, 1.4, 7.6],
			"to": [8.9, 3.1, 9.4],
			"faces": {
				"north": {"uv": [0, 7, 1.8, 11.7], "texture": "#0"},
				"east": {"uv": [2, 2, 5.8, 6.7], "texture": "#0"},
				"south": {"uv": [0, 11.3, 1.8, 16], "texture": "#0"},
				"west": {"uv": [2, 2, 5.8, 6.7], "texture": "#0"},
				"up": {"uv": [0, 0, 0.8, 1.8], "texture": "#missing"},
				"down": {"uv": [0, 2, 1.8, 6.8], "texture": "#0"}
			}
		},
		{
			"from": [7.8, 2.7, 7.5],
			"to": [8.5, 3.8, 9.5],
			"faces": {
				"north": {"uv": [6.9, 12.4, 8.7, 14.7], "texture": "#0"},
				"east": {"uv": [0, 0, 2, 1.1], "texture": "#missing"},
				"south": {"uv": [8.9, 12.4, 10.9, 14.8], "texture": "#0"},
				"west": {"uv": [6.1, 9.2, 10, 12.1], "texture": "#0"},
				"up": {"uv": [7, 11, 7.7, 13], "texture": "#0"},
				"down": {"uv": [6, 12, 8, 16], "texture": "#0"}
			}
		},
		{
			"from": [8.5, 2.7, 7.5],
			"to": [9.2, 3.8, 9.5],
			"faces": {
				"north": {"uv": [7.3, 11.2, 9, 13.9], "texture": "#0"},
				"east": {"uv": [6.2, 9.1, 10.1, 11.9], "texture": "#0"},
				"south": {"uv": [9, 11.2, 10.8, 13.9], "texture": "#0"},
				"west": {"uv": [0, 0, 2, 1.1], "texture": "#missing"},
				"up": {"uv": [10, 11, 10.7, 13], "texture": "#0"},
				"down": {"uv": [6.8, 12.5, 9.2, 16], "texture": "#0"}
			}
		},
		{
			"from": [7.8, 3, 11.3],
			"to": [9.2, 3.8, 12.5],
			"faces": {
				"north": {"uv": [10, 10, 11.4, 10.8], "texture": "#0"},
				"east": {"uv": [10, 11, 11.2, 11.8], "texture": "#0"},
				"south": {"uv": [8, 11, 9.4, 11.8], "texture": "#0"},
				"west": {"uv": [9, 11, 10.2, 11.8], "texture": "#0"},
				"up": {"uv": [8, 13, 9.4, 14.2], "texture": "#0"},
				"down": {"uv": [6, 11, 7.4, 12.2], "texture": "#0"}
			}
		},
		{
			"from": [8.2, 5, 12],
			"to": [8.8, 5.5, 13],
			"faces": {
				"north": {"uv": [7.6, 5.8, 10.4, 8.4], "texture": "#0"},
				"east": {"uv": [4, 0, 7.8, 1.9], "texture": "#0"},
				"south": {"uv": [0, 0, 2, 1.9], "texture": "#0"},
				"west": {"uv": [0, 0, 3.8, 1.9], "texture": "#0"},
				"up": {"uv": [0, 0, 0.6, 1], "texture": "#missing"},
				"down": {"uv": [8, 0, 11.8, 1.9], "texture": "#0"}
			}
		},
		{
			"from": [8.3, 4.9, 12.3],
			"to": [8.7, 5, 12.7],
			"faces": {
				"north": {"uv": [0, 0, 0.4, 0.1], "texture": "#0"},
				"east": {"uv": [0, 0, 0.4, 0.1], "texture": "#0"},
				"south": {"uv": [0, 0, 0.4, 0.1], "texture": "#0"},
				"west": {"uv": [0, 0, 0.4, 0.1], "texture": "#0"},
				"up": {"uv": [0, 0, 0.4, 0.4], "texture": "#missing"},
				"down": {"uv": [0, 0, 0.4, 0.4], "texture": "#missing"}
			}
		},
		{
			"from": [8, 5.5, 11.9],
			"to": [9, 6.1, 13.1],
			"faces": {
				"north": {"uv": [10, 3, 14.9, 5.9], "texture": "#0"},
				"east": {"uv": [0, 0, 5, 2.9], "texture": "#0"},
				"south": {"uv": [6.8, 5.6, 11.2, 8.3], "texture": "#0"},
				"west": {"uv": [10, 0, 14.9, 2.9], "texture": "#0"},
				"up": {"uv": [0, 0, 4.9, 5.9], "texture": "#0"},
				"down": {"uv": [5, 3, 9.9, 5.9], "texture": "#0"}
			}
		},
		{
			"from": [8.2, 6.1, 12],
			"to": [8.8, 6.5, 13],
			"faces": {
				"north": {"uv": [7.4, 5.5, 10.7, 8.5], "texture": "#0"},
				"east": {"uv": [0, 0, 3.9, 1.8], "texture": "#0"},
				"south": {"uv": [0, 0, 0.6, 0.4], "texture": "#0"},
				"west": {"uv": [0, 0, 3.9, 1.8], "texture": "#0"},
				"up": {"uv": [0, 0, 1.9, 3.9], "texture": "#0"},
				"down": {"uv": [0, 0, 0.6, 1], "texture": "#missing"}
			}
		},
		{
			"from": [7.8, 3, 4.6],
			"to": [9.2, 5, 7],
			"faces": {
				"north": {"uv": [6.1, 12, 9, 16], "texture": "#0"},
				"east": {"uv": [6.1, 12, 11.8, 16], "texture": "#0"},
				"south": {"uv": [9.1, 12, 11.8, 16], "texture": "#0"},
				"west": {"uv": [6.1, 12, 11.8, 16], "texture": "#0"},
				"up": {"uv": [6.1, 9.4, 9, 14.2], "texture": "#0"},
				"down": {"uv": [6.1, 12, 11.8, 16], "texture": "#0"}
			}
		},
		{
			"from": [8.2, 3.6, -2.5],
			"to": [8.8, 4.2, 4.7],
			"faces": {
				"north": {"uv": [0, 0, 0.6, 0.6], "texture": "#missing"},
				"east": {"uv": [0, 0, 7.2, 0.6], "texture": "#0"},
				"south": {"uv": [0, 0, 0.6, 0.6], "texture": "#missing"},
				"west": {"uv": [0, 0, 7.2, 0.6], "texture": "#0"},
				"up": {"uv": [0, 0, 0.6, 7.2], "texture": "#0"},
				"down": {"uv": [0, 0, 0.6, 7.2], "texture": "#0"}
			}
		},
		{
			"from": [8.1, 3.5, 4.2],
			"to": [8.9, 4.3, 4.6],
			"faces": {
				"north": {"uv": [7, 3, 9, 5], "texture": "#0"},
				"east": {"uv": [9, 3, 11, 5], "texture": "#0"},
				"south": {"uv": [1, 0, 2, 1], "texture": "#0"},
				"west": {"uv": [3, 3, 5, 5], "texture": "#0"},
				"up": {"uv": [7, 5, 5, 3], "texture": "#0"},
				"down": {"uv": [3, 0, 2, 1], "texture": "#0"}
			}
		},
		{
			"from": [8.1, 3.5, -3.5],
			"to": [8.9, 4.3, -2.4],
			"faces": {
				"north": {"uv": [12.1, 12.2, 15.9, 15.9], "texture": "#0"},
				"east": {"uv": [10, 0, 13.1, 2.8], "texture": "#0"},
				"south": {"uv": [0, 0, 0.8, 0.8], "texture": "#0"},
				"west": {"uv": [7, 0, 10.1, 2.8], "texture": "#0"},
				"up": {"uv": [0, 0, 2.8, 3.1], "texture": "#0"},
				"down": {"uv": [3, 0, 5.8, 3.1], "texture": "#0"}
			}
		},
		{
			"from": [8.3, 5.6, 7.1],
			"to": [8.7, 5.9, 11.9],
			"faces": {
				"north": {"uv": [0, 0, 0.4, 0.3], "texture": "#0"},
				"east": {"uv": [0, 0, 4.8, 0.3], "texture": "#0"},
				"south": {"uv": [0, 0, 0.4, 0.3], "texture": "#missing"},
				"west": {"uv": [0, 0, 4.8, 0.3], "texture": "#0"},
				"up": {"uv": [0, 0, 0.4, 4.8], "texture": "#0"},
				"down": {"uv": [0, 0, 0.4, 4.8], "texture": "#0"}
			}
		},
		{
			"from": [8.1, 4.9, 6.7],
			"to": [8.9, 5.2, 7.1],
			"faces": {
				"north": {"uv": [0, 0, 0.8, 0.3], "texture": "#0"},
				"east": {"uv": [0, 0, 0.4, 0.3], "texture": "#0"},
				"south": {"uv": [0, 0, 0.8, 0.3], "texture": "#0"},
				"west": {"uv": [0, 0, 0.4, 0.3], "texture": "#0"},
				"up": {"uv": [0, 0, 0.8, 0.4], "texture": "#0"},
				"down": {"uv": [0, 0, 0.8, 0.4], "texture": "#missing"}
			}
		},
		{
			"from": [8.2, 5.2, 6.9],
			"to": [8.8, 5.4, 7.1],
			"faces": {
				"north": {"uv": [0, 0, 0.6, 0.2], "texture": "#0"},
				"east": {"uv": [0, 0, 0.2, 0.2], "texture": "#0"},
				"south": {"uv": [0, 0, 0.6, 0.2], "texture": "#0"},
				"west": {"uv": [0, 0, 0.2, 0.2], "texture": "#0"},
				"up": {"uv": [0, 0, 0.6, 0.2], "texture": "#0"},
				"down": {"uv": [0, 0, 0.6, 0.2], "texture": "#missing"}
			}
		},
		{
			"from": [8.6, 5.4, 6.9],
			"to": [8.8, 5.6, 7.1],
			"faces": {
				"north": {"uv": [0, 0, 0.2, 0.2], "texture": "#0"},
				"east": {"uv": [0, 0, 0.2, 0.2], "texture": "#0"},
				"south": {"uv": [0, 0, 0.2, 0.2], "texture": "#0"},
				"west": {"uv": [0, 0, 0.2, 0.2], "texture": "#0"},
				"up": {"uv": [0, 0, 0.2, 0.2], "texture": "#missing"},
				"down": {"uv": [0, 0, 0.2, 0.2], "texture": "#missing"}
			}
		},
		{
			"from": [8.2, 5.4, 6.9],
			"to": [8.4, 5.6, 7.1],
			"faces": {
				"north": {"uv": [0, 0, 0.2, 0.2], "texture": "#0"},
				"east": {"uv": [0, 0, 0.2, 0.2], "texture": "#0"},
				"south": {"uv": [0, 0, 0.2, 0.2], "texture": "#0"},
				"west": {"uv": [0, 0, 0.2, 0.2], "texture": "#0"},
				"up": {"uv": [0, 0, 0.2, 0.2], "texture": "#missing"},
				"down": {"uv": [0, 0, 0.2, 0.2], "texture": "#missing"}
			}
		},
		{
			"from": [8.2, 5.6, 6.9],
			"to": [8.8, 5.8, 7.1],
			"faces": {
				"north": {"uv": [0, 0, 0.6, 0.2], "texture": "#0"},
				"east": {"uv": [0, 0, 0.2, 0.2], "texture": "#0"},
				"south": {"uv": [0, 0, 0.6, 0.2], "texture": "#0"},
				"west": {"uv": [0, 0, 0.2, 0.2], "texture": "#0"},
				"up": {"uv": [0, 0, 0.6, 0.2], "texture": "#0"},
				"down": {"uv": [0, 0, 0.6, 0.2], "texture": "#0"}
			}
		},
		{
			"from": [8.4, 4.8, 11.8],
			"to": [8.6, 5.1, 12.3],
			"faces": {
				"north": {"uv": [0, 0, 0.2, 0.3], "texture": "#0"},
				"east": {"uv": [0, 0, 0.5, 0.3], "texture": "#0"},
				"south": {"uv": [0, 0, 0.2, 0.3], "texture": "#missing"},
				"west": {"uv": [0, 0, 0.5, 0.3], "texture": "#0"},
				"up": {"uv": [0, 0, 0.2, 0.5], "texture": "#0"},
				"down": {"uv": [0, 0, 0.2, 0.5], "texture": "#missing"}
			}
		},
		{
			"from": [8.7, 5.6, 13.1],
			"to": [8.8, 6, 13.2],
			"faces": {
				"north": {"uv": [0, 0, 0.1, 0.4], "texture": "#missing"},
				"east": {"uv": [0, 0, 0.1, 0.4], "texture": "#0"},
				"south": {"uv": [0, 0, 0.1, 0.4], "texture": "#0"},
				"west": {"uv": [0, 0, 0.1, 0.4], "texture": "#0"},
				"up": {"uv": [0, 0, 0.1, 0.1], "texture": "#missing"},
				"down": {"uv": [0, 0, 0.1, 0.1], "texture": "#missing"}
			}
		},
		{
			"from": [8.2, 5.6, 13.1],
			"to": [8.3, 6, 13.2],
			"faces": {
				"north": {"uv": [0, 0, 0.1, 0.4], "texture": "#missing"},
				"east": {"uv": [0, 0, 0.1, 0.4], "texture": "#0"},
				"south": {"uv": [0, 0, 0.1, 0.4], "texture": "#0"},
				"west": {"uv": [0, 0, 0.1, 0.4], "texture": "#0"},
				"up": {"uv": [0, 0, 0.1, 0.1], "texture": "#missing"},
				"down": {"uv": [0, 0, 0.1, 0.1], "texture": "#missing"}
			}
		},
		{
			"from": [8.2, 6, 13.1],
			"to": [8.8, 6.1, 13.2],
			"faces": {
				"north": {"uv": [0, 0, 0.6, 0.1], "texture": "#missing"},
				"east": {"uv": [0, 0, 0.1, 0.1], "texture": "#0"},
				"south": {"uv": [0, 0, 0.6, 0.1], "texture": "#0"},
				"west": {"uv": [0, 0, 0.1, 0.1], "texture": "#0"},
				"up": {"uv": [0, 0, 0.6, 0.1], "texture": "#0"},
				"down": {"uv": [0, 0, 0.6, 0.1], "texture": "#0"}
			}
		},
		{
			"from": [8.2, 5.5, 13.1],
			"to": [8.8, 5.6, 13.2],
			"faces": {
				"north": {"uv": [0, 0, 0.6, 0.1], "texture": "#missing"},
				"east": {"uv": [0, 0, 0.1, 0.1], "texture": "#0"},
				"south": {"uv": [0, 0, 0.6, 0.1], "texture": "#0"},
				"west": {"uv": [0, 0, 0.1, 0.1], "texture": "#0"},
				"up": {"uv": [0, 0, 0.6, 0.1], "texture": "#0"},
				"down": {"uv": [0, 0, 0.6, 0.1], "texture": "#0"}
			}
		}
	],
	"display": {
		"thirdperson_righthand": {
			"translation": [-0.25, 5.75, -3]
		},
		"thirdperson_lefthand": {
			"translation": [0.5, 5.75, -3]
		},
		"firstperson_righthand": {
			"translation": [-1.75, 8.25, 0]
		},
		"firstperson_lefthand": {
			"translation": [-1.75, 8.25, 0]
		},
		"ground": {
			"translation": [0, 9, 0],
			"scale": [1.7, 1.7, 1.7]
		},
		"gui": {
			"rotation": [37, 47, -40],
			"translation": [1.75, 3.5, 0]
		},
		"head": {
			"rotation": [0, 90, 0],
			"translation": [0.75, 4.25, 0],
			"scale": [1.2, 1.2, 1.2]
		},
		"fixed": {
			"rotation": [0, -90, 1],
			"translation": [2.25, 12, -4.25],
			"scale": [3, 3, 3]
		}
	}
}