{
	"credit": "Made with Blockbench",
	"textures": {
		"0": "item/gold",
		"1": "item/silver",
		"2": "item/gray1",
		"3": "item/dark_wood",
		"4": "item/black",
		"5": "item/white",
		"particle": "item/gold"
	},
	"elements": [
		{
			"from": [3.5, 9, 5],
			"to": [4.75, 9.25, 5.25],
			"faces": {
				"north": {"uv": [11.25, 6.75, 12.5, 7], "texture": "#4"},
				"east": {"uv": [0, 0, 0, 0], "texture": "#4"},
				"south": {"uv": [3.5, 6.75, 4.75, 7], "texture": "#4"},
				"west": {"uv": [5, 6.75, 5.25, 7], "texture": "#4"},
				"up": {"uv": [3.5, 5, 4.75, 5.25], "texture": "#4"},
				"down": {"uv": [12.5, 5.25, 11.25, 5], "texture": "#4"}
			}
		},
		{
			"from": [3.75, 9, 4.75],
			"to": [4.5, 9.25, 5],
			"faces": {
				"north": {"uv": [11.5, 6.75, 12.25, 7], "texture": "#4"},
				"east": {"uv": [11, 6.75, 11.25, 7], "texture": "#4"},
				"south": {"uv": [0, 0, 0, 0], "texture": "#4"},
				"west": {"uv": [4.75, 6.75, 5, 7], "texture": "#4"},
				"up": {"uv": [3.75, 4.75, 4.5, 5], "texture": "#4"},
				"down": {"uv": [12.25, 5, 11.5, 4.75], "texture": "#4"}
			}
		},
		{
			"from": [3.75, 9, 5.25],
			"to": [4.5, 9.25, 5.5],
			"faces": {
				"north": {"uv": [0, 0, 0, 0], "texture": "#4"},
				"east": {"uv": [10.5, 6.75, 10.75, 7], "texture": "#4"},
				"south": {"uv": [3.75, 6.75, 4.5, 7], "texture": "#4"},
				"west": {"uv": [5.25, 6.75, 5.5, 7], "texture": "#4"},
				"up": {"uv": [3.75, 5.25, 4.5, 5.5], "texture": "#4"},
				"down": {"uv": [12.25, 5.5, 11.5, 5.25], "texture": "#4"}
			}
		},
		{
			"from": [4, 9, 4.5],
			"to": [4.25, 9.25, 4.75],
			"faces": {
				"north": {"uv": [11.75, 6.75, 12, 7], "texture": "#4"},
				"east": {"uv": [11.25, 6.75, 11.5, 7], "texture": "#4"},
				"south": {"uv": [0, 0, 0, 0], "texture": "#4"},
				"west": {"uv": [4.5, 6.75, 4.75, 7], "texture": "#4"},
				"up": {"uv": [4, 4.5, 4.25, 4.75], "texture": "#4"},
				"down": {"uv": [12, 4.75, 11.75, 4.5], "texture": "#4"}
			}
		},
		{
			"from": [4, 9, 5.5],
			"to": [4.25, 9.25, 5.75],
			"faces": {
				"north": {"uv": [0, 0, 0, 0], "texture": "#4"},
				"east": {"uv": [0, 0, 0, 0], "texture": "#4"},
				"south": {"uv": [4, 6.75, 4.25, 7], "texture": "#4"},
				"west": {"uv": [5.5, 6.75, 5.75, 7], "texture": "#4"},
				"up": {"uv": [4, 5.5, 4.25, 5.75], "texture": "#4"},
				"down": {"uv": [12, 5.75, 11.75, 5.5], "texture": "#4"}
			}
		},
		{
			"from": [4.25, 8.75, 4.5],
			"to": [4.5, 9, 5],
			"faces": {
				"north": {"uv": [11.5, 7, 11.75, 7.25], "texture": "#2"},
				"east": {"uv": [11, 7, 11.5, 7.25], "texture": "#2"},
				"south": {"uv": [4.25, 7, 4.5, 7.25], "texture": "#2"},
				"west": {"uv": [4.5, 7, 5, 7.25], "texture": "#2"},
				"up": {"uv": [4.25, 4.5, 4.5, 5], "texture": "#2"},
				"down": {"uv": [11.75, 5, 11.5, 4.5], "texture": "#2"}
			}
		},
		{
			"from": [4.25, 9, 5.5],
			"to": [4.5, 9.25, 5.75],
			"faces": {
				"north": {"uv": [0, 0, 0, 0], "texture": "#5"},
				"east": {"uv": [10.25, 6.75, 10.5, 7], "texture": "#5"},
				"south": {"uv": [4.25, 6.75, 4.5, 7], "texture": "#5"},
				"west": {"uv": [0, 0, 0, 0], "texture": "#5"},
				"up": {"uv": [4.25, 5.5, 4.5, 5.75], "texture": "#5"},
				"down": {"uv": [11.75, 5.75, 11.5, 5.5], "texture": "#5"}
			}
		},
		{
			"from": [4.25, 9.25, 4.75],
			"to": [4.5, 9.5, 5],
			"faces": {
				"north": {"uv": [11.5, 6.5, 11.75, 6.75], "texture": "#2"},
				"east": {"uv": [11, 6.5, 11.25, 6.75], "texture": "#2"},
				"south": {"uv": [4.25, 6.5, 4.5, 6.75], "texture": "#2"},
				"west": {"uv": [4.75, 6.5, 5, 6.75], "texture": "#2"},
				"up": {"uv": [4.25, 4.75, 4.5, 5], "texture": "#2"},
				"down": {"uv": [0, 0, 0, 0], "texture": "#2"}
			}
		},
		{
			"from": [4.5, 8.75, 4.25],
			"to": [4.75, 9, 4.5],
			"faces": {
				"north": {"uv": [11.25, 7, 11.5, 7.25], "texture": "#2"},
				"east": {"uv": [11.5, 7, 11.75, 7.25], "texture": "#2"},
				"south": {"uv": [4.5, 7, 4.75, 7.25], "texture": "#2"},
				"west": {"uv": [4.25, 7, 4.5, 7.25], "texture": "#2"},
				"up": {"uv": [4.5, 4.25, 4.75, 4.5], "texture": "#2"},
				"down": {"uv": [11.5, 4.5, 11.25, 4.25], "texture": "#2"}
			}
		},
		{
			"from": [4.5, 9, 5.75],
			"to": [4.75, 9.25, 6],
			"faces": {
				"north": {"uv": [11.25, 6.75, 11.5, 7], "texture": "#5"},
				"east": {"uv": [10, 6.75, 10.25, 7], "texture": "#5"},
				"south": {"uv": [4.5, 6.75, 4.75, 7], "texture": "#5"},
				"west": {"uv": [5.75, 6.75, 6, 7], "texture": "#5"},
				"up": {"uv": [4.5, 5.75, 4.75, 6], "texture": "#5"},
				"down": {"uv": [11.5, 6, 11.25, 5.75], "texture": "#5"}
			}
		},
		{
			"from": [4.5, 9.25, 4.25],
			"to": [4.75, 9.5, 4.75],
			"faces": {
				"north": {"uv": [11.25, 6.5, 11.5, 6.75], "texture": "#2"},
				"east": {"uv": [11.25, 6.5, 11.75, 6.75], "texture": "#2"},
				"south": {"uv": [4.5, 6.5, 4.75, 6.75], "texture": "#2"},
				"west": {"uv": [4.25, 6.5, 4.75, 6.75], "texture": "#2"},
				"up": {"uv": [4.5, 4.25, 4.75, 4.75], "texture": "#2"},
				"down": {"uv": [11.5, 4.75, 11.25, 4.25], "texture": "#2"}
			}
		},
		{
			"from": [4.75, 8.75, 3.75],
			"to": [5, 9, 4.25],
			"faces": {
				"north": {"uv": [11, 7, 11.25, 7.25], "texture": "#2"},
				"east": {"uv": [11.75, 7, 12.25, 7.25], "texture": "#2"},
				"south": {"uv": [4.75, 7, 5, 7.25], "texture": "#2"},
				"west": {"uv": [3.75, 7, 4.25, 7.25], "texture": "#2"},
				"up": {"uv": [4.75, 3.75, 5, 4.25], "texture": "#2"},
				"down": {"uv": [11.25, 4.25, 11, 3.75], "texture": "#2"}
			}
		},
		{
			"from": [4.75, 9, 5],
			"to": [6, 9.25, 5.25],
			"faces": {
				"north": {"uv": [10, 6.75, 11.25, 7], "texture": "#1"},
				"east": {"uv": [10.75, 6.75, 11, 7], "texture": "#1"},
				"south": {"uv": [4.75, 6.75, 6, 7], "texture": "#1"},
				"west": {"uv": [0, 0, 0, 0], "texture": "#1"},
				"up": {"uv": [4.75, 5, 6, 5.25], "texture": "#1"},
				"down": {"uv": [11.25, 5.25, 10, 5], "texture": "#1"}
			}
		},
		{
			"from": [4.75, 9, 6],
			"to": [5, 9.25, 6.25],
			"faces": {
				"north": {"uv": [11, 6.75, 11.25, 7], "texture": "#5"},
				"east": {"uv": [9.75, 6.75, 10, 7], "texture": "#5"},
				"south": {"uv": [4.75, 6.75, 5, 7], "texture": "#5"},
				"west": {"uv": [6, 6.75, 6.25, 7], "texture": "#5"},
				"up": {"uv": [4.75, 6, 5, 6.25], "texture": "#5"},
				"down": {"uv": [11.25, 6.25, 11, 6], "texture": "#5"}
			}
		},
		{
			"from": [4.75, 9.25, 3.75],
			"to": [5, 9.5, 4.25],
			"faces": {
				"north": {"uv": [11, 6.5, 11.25, 6.75], "texture": "#2"},
				"east": {"uv": [11.75, 6.5, 12.25, 6.75], "texture": "#2"},
				"south": {"uv": [4.75, 6.5, 5, 6.75], "texture": "#2"},
				"west": {"uv": [3.75, 6.5, 4.25, 6.75], "texture": "#2"},
				"up": {"uv": [4.75, 3.75, 5, 4.25], "texture": "#2"},
				"down": {"uv": [11.25, 4.25, 11, 3.75], "texture": "#2"}
			}
		},
		{
			"from": [5, 8.75, 3.25],
			"to": [5.25, 9, 3.75],
			"faces": {
				"north": {"uv": [10.75, 7, 11, 7.25], "texture": "#2"},
				"east": {"uv": [12.25, 7, 12.75, 7.25], "texture": "#2"},
				"south": {"uv": [5, 7, 5.25, 7.25], "texture": "#2"},
				"west": {"uv": [3.25, 7, 3.75, 7.25], "texture": "#2"},
				"up": {"uv": [5, 3.25, 5.25, 3.75], "texture": "#2"},
				"down": {"uv": [11, 3.75, 10.75, 3.25], "texture": "#2"}
			}
		},
		{
			"from": [5, 9, 6.25],
			"to": [5.25, 9.25, 6.5],
			"faces": {
				"north": {"uv": [10.75, 6.75, 11, 7], "texture": "#5"},
				"east": {"uv": [9.5, 6.75, 9.75, 7], "texture": "#5"},
				"south": {"uv": [5, 6.75, 5.25, 7], "texture": "#5"},
				"west": {"uv": [6.25, 6.75, 6.5, 7], "texture": "#5"},
				"up": {"uv": [5, 6.25, 5.25, 6.5], "texture": "#5"},
				"down": {"uv": [11, 6.5, 10.75, 6.25], "texture": "#5"}
			}
		},
		{
			"from": [5, 9.25, 3.25],
			"to": [5.25, 9.5, 3.75],
			"faces": {
				"north": {"uv": [10.75, 6.5, 11, 6.75], "texture": "#2"},
				"east": {"uv": [12.25, 6.5, 12.75, 6.75], "texture": "#2"},
				"south": {"uv": [5, 6.5, 5.25, 6.75], "texture": "#2"},
				"west": {"uv": [3.25, 6.5, 3.75, 6.75], "texture": "#2"},
				"up": {"uv": [5, 3.25, 5.25, 3.75], "texture": "#2"},
				"down": {"uv": [11, 3.75, 10.75, 3.25], "texture": "#2"}
			}
		},
		{
			"from": [5.25, 8, 3.25],
			"to": [6, 8.5, 4.25],
			"faces": {
				"north": {"uv": [10, 7.5, 10.75, 8], "texture": "#0"},
				"east": {"uv": [11.75, 7.5, 12.75, 8], "texture": "#0"},
				"south": {"uv": [5.25, 7.5, 6, 8], "texture": "#0"},
				"west": {"uv": [3.25, 7.5, 4.25, 8], "texture": "#0"},
				"up": {"uv": [5.25, 3.25, 6, 4.25], "texture": "#0"},
				"down": {"uv": [10.75, 4.25, 10, 3.25], "texture": "#0"}
			}
		},
		{
			"from": [5.25, 8.75, 3],
			"to": [5.5, 9, 3.25],
			"faces": {
				"north": {"uv": [10.5, 7, 10.75, 7.25], "texture": "#2"},
				"east": {"uv": [12.75, 7, 13, 7.25], "texture": "#2"},
				"south": {"uv": [5.25, 7, 5.5, 7.25], "texture": "#2"},
				"west": {"uv": [3, 7, 3.25, 7.25], "texture": "#2"},
				"up": {"uv": [5.25, 3, 5.5, 3.25], "texture": "#2"},
				"down": {"uv": [10.75, 3.25, 10.5, 3], "texture": "#2"}
			}
		},
		{
			"from": [5.25, 9, 6.5],
			"to": [5.5, 9.25, 6.75],
			"faces": {
				"north": {"uv": [10.5, 6.75, 10.75, 7], "texture": "#5"},
				"east": {"uv": [9.25, 6.75, 9.5, 7], "texture": "#5"},
				"south": {"uv": [5.25, 6.75, 5.5, 7], "texture": "#5"},
				"west": {"uv": [6.5, 6.75, 6.75, 7], "texture": "#5"},
				"up": {"uv": [5.25, 6.5, 5.5, 6.75], "texture": "#5"},
				"down": {"uv": [10.75, 6.75, 10.5, 6.5], "texture": "#5"}
			}
		},
		{
			"from": [5.25, 9.25, 3],
			"to": [5.5, 9.5, 3.25],
			"faces": {
				"north": {"uv": [10.5, 6.5, 10.75, 6.75], "texture": "#2"},
				"east": {"uv": [12.75, 6.5, 13, 6.75], "texture": "#2"},
				"south": {"uv": [5.25, 6.5, 5.5, 6.75], "texture": "#2"},
				"west": {"uv": [3, 6.5, 3.25, 6.75], "texture": "#2"},
				"up": {"uv": [5.25, 3, 5.5, 3.25], "texture": "#2"},
				"down": {"uv": [10.75, 3.25, 10.5, 3], "texture": "#2"}
			}
		},
		{
			"from": [5.5, 7.75, 3.25],
			"to": [6.25, 8, 4.25],
			"faces": {
				"north": {"uv": [9.75, 8, 10.5, 8.25], "texture": "#0"},
				"east": {"uv": [11.75, 8, 12.75, 8.25], "texture": "#0"},
				"south": {"uv": [5.5, 8, 6.25, 8.25], "texture": "#0"},
				"west": {"uv": [3.25, 8, 4.25, 8.25], "texture": "#0"},
				"up": {"uv": [5.5, 3.25, 6.25, 4.25], "texture": "#0"},
				"down": {"uv": [10.5, 4.25, 9.75, 3.25], "texture": "#0"}
			}
		},
		{
			"from": [5.5, 8, 3],
			"to": [6.25, 8.5, 3.25],
			"faces": {
				"north": {"uv": [9.75, 7.5, 10.5, 8], "texture": "#0"},
				"east": {"uv": [12.75, 7.5, 13, 8], "texture": "#0"},
				"south": {"uv": [5.5, 7.5, 6.25, 8], "texture": "#0"},
				"west": {"uv": [3, 7.5, 3.25, 8], "texture": "#0"},
				"up": {"uv": [5.5, 3, 6.25, 3.25], "texture": "#0"},
				"down": {"uv": [10.5, 3.25, 9.75, 3], "texture": "#0"}
			}
		},
		{
			"from": [5.5, 8, 4.25],
			"to": [6.25, 8.5, 4.5],
			"faces": {
				"north": {"uv": [9.75, 7.5, 10.5, 8], "texture": "#0"},
				"east": {"uv": [11.5, 7.5, 11.75, 8], "texture": "#0"},
				"south": {"uv": [5.5, 7.5, 6.25, 8], "texture": "#0"},
				"west": {"uv": [4.25, 7.5, 4.5, 8], "texture": "#0"},
				"up": {"uv": [5.5, 4.25, 6.25, 4.5], "texture": "#0"},
				"down": {"uv": [10.5, 4.5, 9.75, 4.25], "texture": "#0"}
			}
		},
		{
			"from": [5.5, 8.5, 3.25],
			"to": [6.25, 8.75, 4.25],
			"faces": {
				"north": {"uv": [9.75, 7.25, 10.5, 7.5], "texture": "#0"},
				"east": {"uv": [11.75, 7.25, 12.75, 7.5], "texture": "#0"},
				"south": {"uv": [5.5, 7.25, 6.25, 7.5], "texture": "#0"},
				"west": {"uv": [3.25, 7.25, 4.25, 7.5], "texture": "#0"},
				"up": {"uv": [5.5, 3.25, 6.25, 4.25], "texture": "#0"},
				"down": {"uv": [10.5, 4.25, 9.75, 3.25], "texture": "#0"}
			}
		},
		{
			"from": [5.5, 8.75, 2.75],
			"to": [6, 9, 3],
			"faces": {
				"north": {"uv": [10, 7, 10.5, 7.25], "texture": "#2"},
				"east": {"uv": [13, 7, 13.25, 7.25], "texture": "#2"},
				"south": {"uv": [5.5, 7, 6, 7.25], "texture": "#2"},
				"west": {"uv": [2.75, 7, 3, 7.25], "texture": "#2"},
				"up": {"uv": [5.5, 2.75, 6, 3], "texture": "#2"},
				"down": {"uv": [10.5, 3, 10, 2.75], "texture": "#2"}
			}
		},
		{
			"from": [5.5, 9, 6.75],
			"to": [5.75, 9.25, 7],
			"faces": {
				"north": {"uv": [10.25, 6.75, 10.5, 7], "texture": "#5"},
				"east": {"uv": [9, 6.75, 9.25, 7], "texture": "#5"},
				"south": {"uv": [5.5, 6.75, 5.75, 7], "texture": "#5"},
				"west": {"uv": [6.75, 6.75, 7, 7], "texture": "#5"},
				"up": {"uv": [5.5, 6.75, 5.75, 7], "texture": "#5"},
				"down": {"uv": [10.5, 7, 10.25, 6.75], "texture": "#5"}
			}
		},
		{
			"from": [5.5, 9.25, 2.75],
			"to": [6, 9.5, 3],
			"faces": {
				"north": {"uv": [10, 6.5, 10.5, 6.75], "texture": "#2"},
				"east": {"uv": [13, 6.5, 13.25, 6.75], "texture": "#2"},
				"south": {"uv": [5.5, 6.5, 6, 6.75], "texture": "#2"},
				"west": {"uv": [2.75, 6.5, 3, 6.75], "texture": "#2"},
				"up": {"uv": [5.5, 2.75, 6, 3], "texture": "#2"},
				"down": {"uv": [10.5, 3, 10, 2.75], "texture": "#2"}
			}
		},
		{
			"from": [5.75, 9, 7],
			"to": [6.25, 9.25, 7.25],
			"faces": {
				"north": {"uv": [9.75, 6.75, 10.25, 7], "texture": "#5"},
				"east": {"uv": [8.75, 6.75, 9, 7], "texture": "#5"},
				"south": {"uv": [5.75, 6.75, 6.25, 7], "texture": "#5"},
				"west": {"uv": [7, 6.75, 7.25, 7], "texture": "#5"},
				"up": {"uv": [5.75, 7, 6.25, 7.25], "texture": "#5"},
				"down": {"uv": [10.25, 7.25, 9.75, 7], "texture": "#5"}
			}
		},
		{
			"from": [6, 8.25, 3.25],
			"to": [12, 8.5, 3.5],
			"faces": {
				"north": {"uv": [4, 7.5, 10, 7.75], "texture": "#1"},
				"east": {"uv": [12.5, 7.5, 12.75, 7.75], "texture": "#1"},
				"south": {"uv": [6, 7.5, 12, 7.75], "texture": "#1"},
				"west": {"uv": [0, 0, 0, 0], "texture": "#1"},
				"up": {"uv": [6, 3.25, 12, 3.5], "texture": "#1"},
				"down": {"uv": [15.5, 9.75, 1, 3.5], "texture": "#1"}
			}
		},
		{
			"from": [6, 8.25, 4],
			"to": [12, 8.5, 4.25],
			"faces": {
				"north": {"uv": [4, 7.5, 10, 7.75], "texture": "#1"},
				"east": {"uv": [11.75, 7.5, 12, 7.75], "texture": "#1"},
				"south": {"uv": [6, 7.5, 12, 7.75], "texture": "#1"},
				"west": {"uv": [0, 0, 0, 0], "texture": "#1"},
				"up": {"uv": [6, 4, 12, 4.25], "texture": "#1"},
				"down": {"uv": [15.5, 9.75, 1, 3.5], "texture": "#1"}
			}
		},
		{
			"from": [6, 8.75, 2.5],
			"to": [6.75, 9, 2.75],
			"faces": {
				"north": {"uv": [9.25, 7, 10, 7.25], "texture": "#4"},
				"east": {"uv": [13.25, 7, 13.5, 7.25], "texture": "#4"},
				"south": {"uv": [6, 7, 6.75, 7.25], "texture": "#4"},
				"west": {"uv": [2.5, 7, 2.75, 7.25], "texture": "#4"},
				"up": {"uv": [6, 2.5, 6.75, 2.75], "texture": "#4"},
				"down": {"uv": [10, 2.75, 9.25, 2.5], "texture": "#4"}
			}
		},
		{
			"from": [6, 9, 4.75],
			"to": [10, 9.25, 5],
			"faces": {
				"north": {"uv": [6, 6.75, 10, 7], "texture": "#1"},
				"east": {"uv": [11, 6.75, 11.25, 7], "texture": "#1"},
				"south": {"uv": [6, 6.75, 10, 7], "texture": "#1"},
				"west": {"uv": [4.75, 6.75, 5, 7], "texture": "#1"},
				"up": {"uv": [6, 4.75, 10, 5], "texture": "#1"},
				"down": {"uv": [10, 5, 6, 4.75], "texture": "#1"}
			}
		},
		{
			"from": [6, 9.25, 2.5],
			"to": [7.75, 9.5, 2.75],
			"faces": {
				"north": {"uv": [8.25, 6.5, 10, 6.75], "texture": "#4"},
				"east": {"uv": [13.25, 6.5, 13.5, 6.75], "texture": "#4"},
				"south": {"uv": [6, 6.5, 7.75, 6.75], "texture": "#4"},
				"west": {"uv": [2.5, 6.5, 2.75, 6.75], "texture": "#4"},
				"up": {"uv": [6, 2.5, 7.75, 2.75], "texture": "#4"},
				"down": {"uv": [10, 2.75, 8.25, 2.5], "texture": "#4"}
			}
		},
		{
			"from": [6.25, 8.5, 3.5],
			"to": [9.5, 8.75, 4],
			"faces": {
				"north": {"uv": [6.5, 7.25, 9.75, 7.5], "texture": "#2"},
				"east": {"uv": [12, 7.25, 12.5, 7.5], "texture": "#2"},
				"south": {"uv": [6.25, 7.25, 9.5, 7.5], "texture": "#2"},
				"west": {"uv": [0, 0, 0, 0], "texture": "#2"},
				"up": {"uv": [6.25, 3.5, 9.5, 4], "texture": "#2"},
				"down": {"uv": [9.75, 4, 6.5, 3.5], "texture": "#2"}
			}
		},
		{
			"from": [6.25, 9, 2.5],
			"to": [9.75, 9.25, 2.75],
			"faces": {
				"north": {"uv": [6.25, 6.75, 9.75, 7], "texture": "#4"},
				"east": {"uv": [13.25, 6.75, 13.5, 7], "texture": "#4"},
				"south": {"uv": [6.25, 6.75, 9.75, 7], "texture": "#4"},
				"west": {"uv": [2.5, 6.75, 2.75, 7], "texture": "#4"},
				"up": {"uv": [6.25, 2.5, 9.75, 2.75], "texture": "#4"},
				"down": {"uv": [9.75, 2.75, 6.25, 2.5], "texture": "#4"}
			}
		},
		{
			"from": [6.25, 9, 7.25],
			"to": [6.5, 9.25, 7.5],
			"faces": {
				"north": {"uv": [9.5, 6.75, 9.75, 7], "texture": "#5"},
				"east": {"uv": [8.5, 6.75, 8.75, 7], "texture": "#5"},
				"south": {"uv": [6.25, 6.75, 6.5, 7], "texture": "#5"},
				"west": {"uv": [7.25, 6.75, 7.5, 7], "texture": "#5"},
				"up": {"uv": [6.25, 7.25, 6.5, 7.5], "texture": "#5"},
				"down": {"uv": [9.75, 7.5, 9.5, 7.25], "texture": "#5"}
			}
		},
		{
			"from": [6.5, 9, 7.5],
			"to": [6.75, 9.25, 7.75],
			"faces": {
				"north": {"uv": [9.25, 6.75, 9.5, 7], "texture": "#5"},
				"east": {"uv": [8.25, 6.75, 8.5, 7], "texture": "#5"},
				"south": {"uv": [6.5, 6.75, 6.75, 7], "texture": "#5"},
				"west": {"uv": [7.5, 6.75, 7.75, 7], "texture": "#5"},
				"up": {"uv": [6.5, 7.5, 6.75, 7.75], "texture": "#5"},
				"down": {"uv": [9.5, 7.75, 9.25, 7.5], "texture": "#5"}
			}
		},
		{
			"from": [6.75, 9, 2.25],
			"to": [9.25, 9.25, 2.5],
			"faces": {
				"north": {"uv": [6.75, 6.75, 9.25, 7], "texture": "#4"},
				"east": {"uv": [13.5, 6.75, 13.75, 7], "texture": "#4"},
				"south": {"uv": [0, 0, 0, 0], "texture": "#4"},
				"west": {"uv": [2.25, 6.75, 2.5, 7], "texture": "#4"},
				"up": {"uv": [6.75, 2.25, 9.25, 2.5], "texture": "#4"},
				"down": {"uv": [9.25, 2.5, 6.75, 2.25], "texture": "#4"}
			}
		},
		{
			"from": [6.75, 9, 2.75],
			"to": [9.25, 9.25, 3],
			"faces": {
				"north": {"uv": [0, 0, 0, 0], "texture": "#1"},
				"east": {"uv": [13, 6.75, 13.25, 7], "texture": "#1"},
				"south": {"uv": [6.75, 6.75, 9.25, 7], "texture": "#1"},
				"west": {"uv": [2.75, 6.75, 3, 7], "texture": "#1"},
				"up": {"uv": [6.75, 2.75, 9.25, 3], "texture": "#1"},
				"down": {"uv": [9.25, 3, 6.75, 2.75], "texture": "#1"}
			}
		},
		{
			"from": [6.75, 9, 7.75],
			"to": [7, 9.25, 8],
			"faces": {
				"north": {"uv": [9, 6.75, 9.25, 7], "texture": "#5"},
				"east": {"uv": [8, 6.75, 8.25, 7], "texture": "#5"},
				"south": {"uv": [6.75, 6.75, 7, 7], "texture": "#5"},
				"west": {"uv": [7.75, 6.75, 8, 7], "texture": "#5"},
				"up": {"uv": [6.75, 7.75, 7, 8], "texture": "#5"},
				"down": {"uv": [9.25, 8, 9, 7.75], "texture": "#5"}
			}
		},
		{
			"from": [6.75, 9.25, 2.25],
			"to": [7.75, 9.5, 2.5],
			"faces": {
				"north": {"uv": [8.25, 6.5, 9.25, 6.75], "texture": "#4"},
				"east": {"uv": [13.5, 6.5, 13.75, 6.75], "texture": "#4"},
				"south": {"uv": [0, 0, 0, 0], "texture": "#4"},
				"west": {"uv": [2.25, 6.5, 2.5, 6.75], "texture": "#4"},
				"up": {"uv": [6.75, 2.25, 7.75, 2.5], "texture": "#4"},
				"down": {"uv": [0, 0, 0, 0], "texture": "#4"}
			}
		},
		{
			"from": [6.75, 9.25, 2.75],
			"to": [7.75, 9.5, 3],
			"faces": {
				"north": {"uv": [0, 0, 0, 0], "texture": "#4"},
				"east": {"uv": [13, 6.5, 13.25, 6.75], "texture": "#4"},
				"south": {"uv": [6.75, 6.5, 7.75, 6.75], "texture": "#4"},
				"west": {"uv": [2.75, 6.5, 3, 6.75], "texture": "#4"},
				"up": {"uv": [6.75, 2.75, 7.75, 3], "texture": "#4"},
				"down": {"uv": [0, 0, 0, 0], "texture": "#4"}
			}
		},
		{
			"from": [7, 8.75, 1],
			"to": [7.25, 9, 1.75],
			"faces": {
				"north": {"uv": [8.75, 7, 9, 7.25], "texture": "#4"},
				"east": {"uv": [14.25, 7, 15, 7.25], "texture": "#4"},
				"south": {"uv": [7, 7, 7.25, 7.25], "texture": "#4"},
				"west": {"uv": [1, 7, 1.75, 7.25], "texture": "#4"},
				"up": {"uv": [7, 1, 7.25, 1.75], "texture": "#4"},
				"down": {"uv": [9, 1.75, 8.75, 1], "texture": "#4"}
			}
		},
		{
			"from": [7, 9, 3],
			"to": [9, 9.25, 3.25],
			"faces": {
				"north": {"uv": [0, 0, 0, 0], "texture": "#1"},
				"east": {"uv": [12.75, 6.75, 13, 7], "texture": "#1"},
				"south": {"uv": [7, 6.75, 9, 7], "texture": "#1"},
				"west": {"uv": [3, 6.75, 3.25, 7], "texture": "#1"},
				"up": {"uv": [7, 3, 9, 3.25], "texture": "#1"},
				"down": {"uv": [9, 3.25, 7, 3], "texture": "#1"}
			}
		},
		{
			"from": [7, 9, 8],
			"to": [7.25, 9.25, 8.25],
			"faces": {
				"north": {"uv": [8.75, 6.75, 9, 7], "texture": "#5"},
				"east": {"uv": [7.75, 6.75, 8, 7], "texture": "#5"},
				"south": {"uv": [7, 6.75, 7.25, 7], "texture": "#5"},
				"west": {"uv": [8, 6.75, 8.25, 7], "texture": "#5"},
				"up": {"uv": [7, 8, 7.25, 8.25], "texture": "#5"},
				"down": {"uv": [9, 8.25, 8.75, 8], "texture": "#5"}
			}
		},
		{
			"from": [7, 9.25, 3],
			"to": [7.75, 9.5, 3.25],
			"faces": {
				"north": {"uv": [0, 0, 0, 0], "texture": "#4"},
				"east": {"uv": [12.75, 6.5, 13, 6.75], "texture": "#4"},
				"south": {"uv": [7, 6.5, 7.75, 6.75], "texture": "#4"},
				"west": {"uv": [3, 6.5, 3.25, 6.75], "texture": "#4"},
				"up": {"uv": [7, 3, 7.75, 3.25], "texture": "#4"},
				"down": {"uv": [0, 0, 0, 0], "texture": "#4"}
			}
		},
		{
			"from": [7.25, 8.75, 0.75],
			"to": [8.75, 9, 1],
			"faces": {
				"north": {"uv": [7.25, 7, 8.75, 7.25], "texture": "#4"},
				"east": {"uv": [15, 7, 15.25, 7.25], "texture": "#4"},
				"south": {"uv": [7.25, 7, 8.75, 7.25], "texture": "#4"},
				"west": {"uv": [0.75, 7, 1, 7.25], "texture": "#4"},
				"up": {"uv": [7.25, 0.75, 8.75, 1], "texture": "#4"},
				"down": {"uv": [8.75, 1, 7.25, 0.75], "texture": "#4"}
			}
		},
		{
			"from": [7.25, 8.75, 1.75],
			"to": [7.5, 9, 2.25],
			"faces": {
				"north": {"uv": [8.5, 7, 8.75, 7.25], "texture": "#4"},
				"east": {"uv": [13.75, 7, 14.25, 7.25], "texture": "#4"},
				"south": {"uv": [7.25, 7, 7.5, 7.25], "texture": "#4"},
				"west": {"uv": [1.75, 7, 2.25, 7.25], "texture": "#4"},
				"up": {"uv": [7.25, 1.75, 7.5, 2.25], "texture": "#4"},
				"down": {"uv": [8.75, 2.25, 8.5, 1.75], "texture": "#4"}
			}
		},
		{
			"from": [7.25, 9, 0.75],
			"to": [7.75, 9.25, 1],
			"faces": {
				"north": {"uv": [8.25, 6.75, 8.75, 7], "texture": "#4"},
				"east": {"uv": [15, 6.75, 15.25, 7], "texture": "#4"},
				"south": {"uv": [7.25, 6.75, 7.75, 7], "texture": "#4"},
				"west": {"uv": [0.75, 6.75, 1, 7], "texture": "#4"},
				"up": {"uv": [7.25, 0.75, 7.75, 1], "texture": "#4"},
				"down": {"uv": [0, 0, 0, 0], "texture": "#4"}
			}
		},
		{
			"from": [7.25, 9, 8.25],
			"to": [8.75, 9.25, 8.5],
			"faces": {
				"north": {"uv": [7.25, 6.75, 8.75, 7], "texture": "#5"},
				"east": {"uv": [7.5, 6.75, 7.75, 7], "texture": "#5"},
				"south": {"uv": [7.25, 6.75, 8.75, 7], "texture": "#5"},
				"west": {"uv": [8.25, 6.75, 8.5, 7], "texture": "#5"},
				"up": {"uv": [7.25, 8.25, 8.75, 8.5], "texture": "#5"},
				"down": {"uv": [8.75, 8.5, 7.25, 8.25], "texture": "#5"}
			}
		},
		{
			"from": [7.5, 7.5, 12],
			"to": [8.5, 8, 12.5],
			"faces": {
				"north": {"uv": [7.5, 8, 8.5, 8.5], "texture": "#4"},
				"east": {"uv": [3.5, 8, 4, 8.5], "texture": "#4"},
				"south": {"uv": [7.5, 8, 8.5, 8.5], "texture": "#4"},
				"west": {"uv": [12, 8, 12.5, 8.5], "texture": "#4"},
				"up": {"uv": [7.5, 12, 8.5, 12.5], "texture": "#4"},
				"down": {"uv": [8.5, 12.5, 7.5, 12], "texture": "#4"}
			}
		},
		{
			"from": [7.5, 7.5, 12.5],
			"to": [7.75, 9, 12.75],
			"faces": {
				"north": {"uv": [8.25, 7, 8.5, 8.5], "texture": "#1"},
				"east": {"uv": [3.25, 7, 3.5, 8.5], "texture": "#1"},
				"south": {"uv": [7.5, 7, 7.75, 8.5], "texture": "#1"},
				"west": {"uv": [12.5, 7, 12.75, 8.5], "texture": "#1"},
				"up": {"uv": [7.5, 12.5, 7.75, 12.75], "texture": "#1"},
				"down": {"uv": [8.5, 12.75, 8.25, 12.5], "texture": "#1"}
			}
		},
		{
			"from": [7.5, 8, 11.25],
			"to": [8.5, 9.5, 11.5],
			"faces": {
				"north": {"uv": [7.5, 6.5, 8.5, 8], "texture": "#4"},
				"east": {"uv": [4.5, 6.5, 4.75, 8], "texture": "#4"},
				"south": {"uv": [7.5, 6.5, 8.5, 8], "texture": "#4"},
				"west": {"uv": [11.25, 6.5, 11.5, 8], "texture": "#4"},
				"up": {"uv": [7.5, 11.25, 8.5, 11.5], "texture": "#4"},
				"down": {"uv": [8.5, 11.5, 7.5, 11.25], "texture": "#4"}
			}
		},
		{
			"from": [7.5, 8, 11.5],
			"to": [8.5, 8.25, 12],
			"faces": {
				"north": {"uv": [0, 0, 0, 0], "texture": "#1"},
				"east": {"uv": [4, 7.75, 4.5, 8], "texture": "#1"},
				"south": {"uv": [7.5, 7.75, 8.5, 8], "texture": "#1"},
				"west": {"uv": [11.5, 7.75, 12, 8], "texture": "#1"},
				"up": {"uv": [7.5, 11.5, 8.5, 12], "texture": "#1"},
				"down": {"uv": [8.5, 12, 7.5, 11.5], "texture": "#1"}
			}
		},
		{
			"from": [7.5, 8, 12.75],
			"to": [8.5, 8.75, 13],
			"faces": {
				"north": {"uv": [7.5, 7.25, 8.5, 8], "texture": "#1"},
				"east": {"uv": [3, 7.25, 3.25, 8], "texture": "#1"},
				"south": {"uv": [7.5, 7.25, 8.5, 8], "texture": "#1"},
				"west": {"uv": [12.75, 7.25, 13, 8], "texture": "#1"},
				"up": {"uv": [7.5, 12.75, 8.5, 13], "texture": "#1"},
				"down": {"uv": [8.5, 13, 7.5, 12.75], "texture": "#1"}
			}
		},
		{
			"from": [7.5, 8.5, 10],
			"to": [8.5, 9.5, 11.25],
			"faces": {
				"north": {"uv": [7.5, 6.5, 8.5, 7.5], "texture": "#4"},
				"east": {"uv": [4.75, 6.5, 6, 7.5], "texture": "#4"},
				"south": {"uv": [0, 0, 0, 0], "texture": "#4"},
				"west": {"uv": [10, 6.5, 11.25, 7.5], "texture": "#4"},
				"up": {"uv": [7.5, 10, 8.5, 11.25], "texture": "#4"},
				"down": {"uv": [8.5, 11.25, 7.5, 10], "texture": "#4"}
			}
		},
		{
			"from": [7.5, 8.75, 2],
			"to": [7.75, 9.25, 2.25],
			"faces": {
				"north": {"uv": [8.25, 6.75, 8.5, 7.25], "texture": "#4"},
				"east": {"uv": [13.75, 6.75, 14, 7.25], "texture": "#4"},
				"south": {"uv": [7.5, 6.75, 7.75, 7.25], "texture": "#4"},
				"west": {"uv": [2, 6.75, 2.25, 7.25], "texture": "#4"},
				"up": {"uv": [7.5, 2, 7.75, 2.25], "texture": "#4"},
				"down": {"uv": [8.5, 2.25, 8.25, 2], "texture": "#4"}
			}
		},
		{
			"from": [7.5, 8.75, 3.5],
			"to": [8.5, 9, 4],
			"faces": {
				"north": {"uv": [7.5, 7, 8.5, 7.25], "texture": "#1"},
				"east": {"uv": [12, 7, 12.5, 7.25], "texture": "#1"},
				"south": {"uv": [7.5, 7, 8.5, 7.25], "texture": "#1"},
				"west": {"uv": [3.5, 7, 4, 7.25], "texture": "#1"},
				"up": {"uv": [0, 0, 0, 0], "texture": "#1"},
				"down": {"uv": [0, 0, 0, 0], "texture": "#1"}
			}
		},
		{
			"from": [7.5, 8.75, 9.75],
			"to": [8.5, 9.5, 10],
			"faces": {
				"north": {"uv": [7.5, 6.5, 8.5, 7.25], "texture": "#4"},
				"east": {"uv": [6, 6.5, 6.25, 7.25], "texture": "#4"},
				"south": {"uv": [0, 0, 0, 0], "texture": "#4"},
				"west": {"uv": [9.75, 6.5, 10, 7.25], "texture": "#4"},
				"up": {"uv": [7.5, 9.75, 8.5, 10], "texture": "#4"},
				"down": {"uv": [8.5, 10, 7.5, 9.75], "texture": "#4"}
			}
		},
		{
			"from": [7.5, 8.75, 11.5],
			"to": [8.5, 9.25, 11.75],
			"faces": {
				"north": {"uv": [0, 0, 0, 0], "texture": "#1"},
				"east": {"uv": [4.25, 6.75, 4.5, 7.25], "texture": "#1"},
				"south": {"uv": [7.5, 6.75, 8.5, 7.25], "texture": "#1"},
				"west": {"uv": [11.5, 6.75, 11.75, 7.25], "texture": "#1"},
				"up": {"uv": [7.5, 11.5, 8.5, 11.75], "texture": "#1"},
				"down": {"uv": [8.5, 11.75, 7.5, 11.5], "texture": "#1"}
			}
		},
		{
			"from": [7.5, 8.75, 11.75],
			"to": [8.5, 9, 12.5],
			"faces": {
				"north": {"uv": [0, 0, 0, 0], "texture": "#1"},
				"east": {"uv": [3.5, 7, 4.25, 7.25], "texture": "#1"},
				"south": {"uv": [7.5, 7, 8.5, 7.25], "texture": "#1"},
				"west": {"uv": [11.75, 7, 12.5, 7.25], "texture": "#1"},
				"up": {"uv": [7.5, 11.75, 8.5, 12.5], "texture": "#1"},
				"down": {"uv": [8.5, 12.5, 7.5, 11.75], "texture": "#1"}
			}
		},
		{
			"from": [7.5, 9, 3.25],
			"to": [8.5, 9.25, 4.75],
			"faces": {
				"north": {"uv": [0, 0, 0, 0], "texture": "#1"},
				"east": {"uv": [11.25, 6.75, 12.75, 7], "texture": "#1"},
				"south": {"uv": [0, 0, 0, 0], "texture": "#1"},
				"west": {"uv": [3.25, 6.75, 4.75, 7], "texture": "#1"},
				"up": {"uv": [7.5, 3.25, 8.5, 4.75], "texture": "#1"},
				"down": {"uv": [8.5, 4.75, 7.5, 3.25], "texture": "#1"}
			}
		},
		{
			"from": [7.5, 9, 5],
			"to": [8.5, 9.25, 8.25],
			"faces": {
				"north": {"uv": [0, 0, 0, 0], "texture": "#2"},
				"east": {"uv": [7.75, 6.75, 11, 7], "texture": "#2"},
				"south": {"uv": [0, 0, 0, 0], "texture": "#2"},
				"west": {"uv": [5, 6.75, 8.25, 7], "texture": "#2"},
				"up": {"uv": [7.5, 5, 8.5, 8.25], "texture": "#2"},
				"down": {"uv": [8.5, 8.25, 7.5, 5], "texture": "#2"}
			}
		},
		{
			"from": [7.5, 9, 8.5],
			"to": [8.25, 9.25, 9.75],
			"faces": {
				"north": {"uv": [0, 0, 0, 0], "texture": "#4"},
				"east": {"uv": [6.25, 6.75, 7.5, 7], "texture": "#4"},
				"south": {"uv": [0, 0, 0, 0], "texture": "#4"},
				"west": {"uv": [8.5, 6.75, 9.75, 7], "texture": "#4"},
				"up": {"uv": [7.5, 8.5, 8.25, 9.75], "texture": "#4"},
				"down": {"uv": [8.5, 9.75, 7.75, 8.5], "texture": "#4"}
			}
		},
		{
			"from": [7.5, 9.25, 3.25],
			"to": [7.75, 9.5, 9.75],
			"faces": {
				"north": {"uv": [0, 0, 0, 0], "texture": "#2"},
				"east": {"uv": [6.25, 6.5, 12.75, 6.75], "texture": "#2"},
				"south": {"uv": [0, 0, 0, 0], "texture": "#2"},
				"west": {"uv": [3.25, 6.5, 9.75, 6.75], "texture": "#2"},
				"up": {"uv": [7.5, 3.25, 7.75, 9.75], "texture": "#2"},
				"down": {"uv": [8.5, 9.75, 8.25, 3.25], "texture": "#2"}
			}
		},
		{
			"from": [7.75, 7.25, 9.75],
			"to": [8.25, 8.25, 10],
			"faces": {
				"north": {"uv": [7.75, 7.75, 8.25, 8.75], "texture": "#2"},
				"east": {"uv": [6, 7.75, 6.25, 8.75], "texture": "#2"},
				"south": {"uv": [7.75, 7.75, 8.25, 8.75], "texture": "#2"},
				"west": {"uv": [9.75, 7.75, 10, 8.75], "texture": "#2"},
				"up": {"uv": [7.75, 9.75, 8.25, 10], "texture": "#2"},
				"down": {"uv": [8.25, 10, 7.75, 9.75], "texture": "#2"}
			}
		},
		{
			"from": [7.75, 7.25, 10],
			"to": [8.25, 8, 10.25],
			"faces": {
				"north": {"uv": [0, 0, 0, 0], "texture": "#2"},
				"east": {"uv": [5.75, 8, 6, 8.75], "texture": "#2"},
				"south": {"uv": [7.75, 8, 8.25, 8.75], "texture": "#2"},
				"west": {"uv": [10, 8, 10.25, 8.75], "texture": "#2"},
				"up": {"uv": [7.75, 10, 8.25, 10.25], "texture": "#2"},
				"down": {"uv": [8.25, 10.25, 7.75, 10], "texture": "#2"}
			}
		},
		{
			"from": [7.75, 7.25, 10.25],
			"to": [8.25, 7.5, 10.5],
			"faces": {
				"north": {"uv": [0, 0, 0, 0], "texture": "#2"},
				"east": {"uv": [5.5, 8.5, 5.75, 8.75], "texture": "#2"},
				"south": {"uv": [7.75, 8.5, 8.25, 8.75], "texture": "#2"},
				"west": {"uv": [10.25, 8.5, 10.5, 8.75], "texture": "#2"},
				"up": {"uv": [7.75, 10.25, 8.25, 10.5], "texture": "#2"},
				"down": {"uv": [8.25, 10.5, 7.75, 10.25], "texture": "#2"}
			}
		},
		{
			"from": [7.75, 7.5, 9.5],
			"to": [8.25, 9, 9.75],
			"faces": {
				"north": {"uv": [7.75, 7, 8.25, 8.5], "texture": "#2"},
				"east": {"uv": [6.25, 7, 6.5, 8.5], "texture": "#2"},
				"south": {"uv": [7.75, 7, 8.25, 8.5], "texture": "#2"},
				"west": {"uv": [9.5, 7, 9.75, 8.5], "texture": "#2"},
				"up": {"uv": [0, 0, 0, 0], "texture": "#2"},
				"down": {"uv": [8.25, 9.75, 7.75, 9.5], "texture": "#2"}
			}
		},
		{
			"from": [7.75, 7.5, 10.5],
			"to": [8.25, 7.75, 11.25],
			"faces": {
				"north": {"uv": [7.75, 8.25, 8.25, 8.5], "texture": "#1"},
				"east": {"uv": [4.75, 8.25, 5.5, 8.5], "texture": "#1"},
				"south": {"uv": [7.75, 8.25, 8.25, 8.5], "texture": "#1"},
				"west": {"uv": [10.5, 8.25, 11.25, 8.5], "texture": "#1"},
				"up": {"uv": [7.75, 10.5, 8.25, 11.25], "texture": "#1"},
				"down": {"uv": [8.25, 11.25, 7.75, 10.5], "texture": "#1"}
			}
		},
		{
			"from": [7.75, 7.5, 12.5],
			"to": [8, 7.75, 13],
			"faces": {
				"north": {"uv": [0, 0, 0, 0], "texture": "#4"},
				"east": {"uv": [3, 8.25, 3.5, 8.5], "texture": "#4"},
				"south": {"uv": [7.75, 8.25, 8, 8.5], "texture": "#4"},
				"west": {"uv": [12.5, 8.25, 13, 8.5], "texture": "#4"},
				"up": {"uv": [7.75, 12.5, 8, 13], "texture": "#4"},
				"down": {"uv": [8.25, 13, 8, 12.5], "texture": "#4"}
			}
		},
		{
			"from": [7.75, 7.75, 11.25],
			"to": [8.5, 8, 12],
			"faces": {
				"north": {"uv": [7.5, 8, 8.25, 8.25], "texture": "#1"},
				"east": {"uv": [4, 8, 4.75, 8.25], "texture": "#1"},
				"south": {"uv": [0, 0, 0, 0], "texture": "#1"},
				"west": {"uv": [11.25, 8, 12, 8.25], "texture": "#1"},
				"up": {"uv": [7.75, 11.25, 8.5, 12], "texture": "#1"},
				"down": {"uv": [8.25, 12, 7.5, 11.25], "texture": "#1"}
			}
		},
		{
			"from": [7.75, 7.75, 12.5],
			"to": [8.5, 9, 12.75],
			"faces": {
				"north": {"uv": [7.5, 7, 8.25, 8.25], "texture": "#1"},
				"east": {"uv": [3.25, 7, 3.5, 8.25], "texture": "#1"},
				"south": {"uv": [7.75, 7, 8.5, 8.25], "texture": "#1"},
				"west": {"uv": [0, 0, 0, 0], "texture": "#1"},
				"up": {"uv": [7.75, 12.5, 8.5, 12.75], "texture": "#1"},
				"down": {"uv": [8.25, 12.75, 7.5, 12.5], "texture": "#1"}
			}
		},
		{
			"from": [7.75, 7.75, 12.75],
			"to": [8.25, 8, 13.25],
			"faces": {
				"north": {"uv": [0, 0, 0, 0], "texture": "#4"},
				"east": {"uv": [2.75, 8, 3.25, 8.25], "texture": "#4"},
				"south": {"uv": [7.75, 8, 8.25, 8.25], "texture": "#4"},
				"west": {"uv": [12.75, 8, 13.25, 8.25], "texture": "#4"},
				"up": {"uv": [7.75, 12.75, 8.25, 13.25], "texture": "#4"},
				"down": {"uv": [8.25, 13.25, 7.75, 12.75], "texture": "#4"}
			}
		},
		{
			"from": [7.75, 8, 9.25],
			"to": [8.25, 9, 9.5],
			"faces": {
				"north": {"uv": [7.75, 7, 8.25, 8], "texture": "#2"},
				"east": {"uv": [6.5, 7, 6.75, 8], "texture": "#2"},
				"south": {"uv": [0, 0, 0, 0], "texture": "#2"},
				"west": {"uv": [9.25, 7, 9.5, 8], "texture": "#2"},
				"up": {"uv": [0, 0, 0, 0], "texture": "#2"},
				"down": {"uv": [8.25, 9.5, 7.75, 9.25], "texture": "#2"}
			}
		},
		{
			"from": [7.75, 8, 12],
			"to": [8.25, 8.75, 12.5],
			"faces": {
				"north": {"uv": [7.75, 7.25, 8.25, 8], "texture": "#1"},
				"east": {"uv": [3.5, 7.25, 4, 8], "texture": "#1"},
				"south": {"uv": [0, 0, 0, 0], "texture": "#1"},
				"west": {"uv": [12, 7.25, 12.5, 8], "texture": "#1"},
				"up": {"uv": [0, 0, 0, 0], "texture": "#1"},
				"down": {"uv": [0, 0, 0, 0], "texture": "#1"}
			}
		},
		{
			"from": [7.75, 8, 13],
			"to": [8.25, 9, 13.25],
			"faces": {
				"north": {"uv": [7.75, 7, 8.25, 8], "texture": "#4"},
				"east": {"uv": [2.75, 7, 3, 8], "texture": "#4"},
				"south": {"uv": [7.75, 7, 8.25, 8], "texture": "#4"},
				"west": {"uv": [13, 7, 13.25, 8], "texture": "#4"},
				"up": {"uv": [7.75, 13, 8.25, 13.25], "texture": "#4"},
				"down": {"uv": [0, 0, 0, 0], "texture": "#4"}
			}
		},
		{
			"from": [7.75, 8.25, 5.25],
			"to": [8.25, 8.5, 7.25],
			"faces": {
				"north": {"uv": [7.75, 7.5, 8.25, 7.75], "texture": "#2"},
				"east": {"uv": [8.75, 7.5, 10.75, 7.75], "texture": "#2"},
				"south": {"uv": [7.75, 7.5, 8.25, 7.75], "texture": "#2"},
				"west": {"uv": [5.25, 7.5, 7.25, 7.75], "texture": "#2"},
				"up": {"uv": [7.75, 5.25, 8.25, 7.25], "texture": "#2"},
				"down": {"uv": [8.25, 7.25, 7.75, 5.25], "texture": "#2"}
			}
		},
		{
			"from": [7.75, 8.25, 8.5],
			"to": [8.25, 8.5, 9.25],
			"faces": {
				"north": {"uv": [7.75, 7.5, 8.25, 7.75], "texture": "#4"},
				"east": {"uv": [6.75, 7.5, 7.5, 7.75], "texture": "#4"},
				"south": {"uv": [0, 0, 0, 0], "texture": "#4"},
				"west": {"uv": [8.5, 7.5, 9.25, 7.75], "texture": "#4"},
				"up": {"uv": [7.75, 8.5, 8.25, 9.25], "texture": "#4"},
				"down": {"uv": [8.25, 9.25, 7.75, 8.5], "texture": "#4"}
			}
		},
		{
			"from": [7.75, 8.25, 11.5],
			"to": [8.25, 8.75, 12],
			"faces": {
				"north": {"uv": [0, 0, 0, 0], "texture": "#0"},
				"east": {"uv": [4, 7.25, 4.5, 7.75], "texture": "#0"},
				"south": {"uv": [0, 0, 0, 0], "texture": "#0"},
				"west": {"uv": [11.5, 7.25, 12, 7.75], "texture": "#0"},
				"up": {"uv": [7.75, 11.5, 8.25, 12], "texture": "#0"},
				"down": {"uv": [0, 0, 0, 0], "texture": "#0"}
			}
		},
		{
			"from": [7.75, 8.5, 5],
			"to": [8.25, 8.75, 5.25],
			"faces": {
				"north": {"uv": [7.75, 7.25, 8.25, 7.5], "texture": "#2"},
				"east": {"uv": [10.75, 7.25, 11, 7.5], "texture": "#2"},
				"south": {"uv": [7.75, 7.25, 8.25, 7.5], "texture": "#2"},
				"west": {"uv": [5, 7.25, 5.25, 7.5], "texture": "#2"},
				"up": {"uv": [7.75, 5, 8.25, 5.25], "texture": "#2"},
				"down": {"uv": [8.25, 5.25, 7.75, 5], "texture": "#2"}
			}
		},
		{
			"from": [7.75, 8.5, 7.25],
			"to": [8.25, 9, 7.5],
			"faces": {
				"north": {"uv": [7.75, 7, 8.25, 7.5], "texture": "#1"},
				"east": {"uv": [8.5, 7, 8.75, 7.5], "texture": "#1"},
				"south": {"uv": [7.75, 7, 8.25, 7.5], "texture": "#1"},
				"west": {"uv": [7.25, 7, 7.5, 7.5], "texture": "#1"},
				"up": {"uv": [0, 0, 0, 0], "texture": "#1"},
				"down": {"uv": [8.25, 7.5, 7.75, 7.25], "texture": "#1"}
			}
		},
		{
			"from": [7.75, 8.5, 8.25],
			"to": [8, 9, 8.5],
			"faces": {
				"north": {"uv": [8, 7, 8.25, 7.5], "texture": "#4"},
				"east": {"uv": [7.5, 7, 7.75, 7.5], "texture": "#4"},
				"south": {"uv": [7.75, 7, 8, 7.5], "texture": "#4"},
				"west": {"uv": [8.25, 7, 8.5, 7.5], "texture": "#4"},
				"up": {"uv": [0, 0, 0, 0], "texture": "#4"},
				"down": {"uv": [8.25, 8.5, 8, 8.25], "texture": "#4"}
			}
		},
		{
			"from": [7.75, 8.5, 8.75],
			"to": [8.25, 9, 9],
			"faces": {
				"north": {"uv": [7.75, 7, 8.25, 7.5], "texture": "#4"},
				"east": {"uv": [7, 7, 7.25, 7.5], "texture": "#4"},
				"south": {"uv": [7.75, 7, 8.25, 7.5], "texture": "#4"},
				"west": {"uv": [8.75, 7, 9, 7.5], "texture": "#4"},
				"up": {"uv": [0, 0, 0, 0], "texture": "#4"},
				"down": {"uv": [0, 0, 0, 0], "texture": "#4"}
			}
		},
		{
			"from": [7.75, 8.5, 9.75],
			"to": [8.25, 8.75, 10],
			"faces": {
				"north": {"uv": [0, 0, 0, 0], "texture": "#2"},
				"east": {"uv": [6, 7.25, 6.25, 7.5], "texture": "#2"},
				"south": {"uv": [0, 0, 0, 0], "texture": "#2"},
				"west": {"uv": [9.75, 7.25, 10, 7.5], "texture": "#2"},
				"up": {"uv": [0, 0, 0, 0], "texture": "#2"},
				"down": {"uv": [8.25, 10, 7.75, 9.75], "texture": "#2"}
			}
		},
		{
			"from": [7.75, 8.75, 4.75],
			"to": [8.25, 9, 5],
			"faces": {
				"north": {"uv": [7.75, 7, 8.25, 7.25], "texture": "#2"},
				"east": {"uv": [11, 7, 11.25, 7.25], "texture": "#2"},
				"south": {"uv": [7.75, 7, 8.25, 7.25], "texture": "#2"},
				"west": {"uv": [4.75, 7, 5, 7.25], "texture": "#2"},
				"up": {"uv": [0, 0, 0, 0], "texture": "#2"},
				"down": {"uv": [8.25, 5, 7.75, 4.75], "texture": "#2"}
			}
		},
		{
			"from": [7.75, 8.75, 7.5],
			"to": [8.25, 9, 8.25],
			"faces": {
				"north": {"uv": [0, 0, 0, 0], "texture": "#1"},
				"east": {"uv": [7.75, 7, 8.5, 7.25], "texture": "#1"},
				"south": {"uv": [7.75, 7, 8.25, 7.25], "texture": "#1"},
				"west": {"uv": [7.5, 7, 8.25, 7.25], "texture": "#1"},
				"up": {"uv": [0, 0, 0, 0], "texture": "#1"},
				"down": {"uv": [8.25, 8.25, 7.75, 7.5], "texture": "#1"}
			}
		},
		{
			"from": [7.75, 8.75, 8.5],
			"to": [8.25, 9, 8.75],
			"faces": {
				"north": {"uv": [7.75, 7, 8.25, 7.25], "texture": "#4"},
				"east": {"uv": [7.25, 7, 7.5, 7.25], "texture": "#4"},
				"south": {"uv": [0, 0, 0, 0], "texture": "#4"},
				"west": {"uv": [8.5, 7, 8.75, 7.25], "texture": "#4"},
				"up": {"uv": [0, 0, 0, 0], "texture": "#4"},
				"down": {"uv": [8.25, 8.75, 7.75, 8.5], "texture": "#4"}
			}
		},
		{
			"from": [7.75, 8.75, 9],
			"to": [8.25, 9, 9.25],
			"faces": {
				"north": {"uv": [0, 0, 0, 0], "texture": "#4"},
				"east": {"uv": [6.75, 7, 7, 7.25], "texture": "#4"},
				"south": {"uv": [0, 0, 0, 0], "texture": "#4"},
				"west": {"uv": [9, 7, 9.25, 7.25], "texture": "#4"},
				"up": {"uv": [0, 0, 0, 0], "texture": "#4"},
				"down": {"uv": [8.25, 9.25, 7.75, 9], "texture": "#4"}
			}
		},
		{
			"from": [7.75, 8.75, 12.75],
			"to": [8.25, 9.25, 13],
			"faces": {
				"north": {"uv": [7.75, 6.75, 8.25, 7.25], "texture": "#4"},
				"east": {"uv": [3, 6.75, 3.25, 7.25], "texture": "#4"},
				"south": {"uv": [7.75, 6.75, 8.25, 7.25], "texture": "#4"},
				"west": {"uv": [12.75, 6.75, 13, 7.25], "texture": "#4"},
				"up": {"uv": [7.75, 12.75, 8.25, 13], "texture": "#4"},
				"down": {"uv": [0, 0, 0, 0], "texture": "#4"}
			}
		},
		{
			"from": [7.75, 9, 11.75],
			"to": [8.25, 9.25, 12.75],
			"faces": {
				"north": {"uv": [0, 0, 0, 0], "texture": "#4"},
				"east": {"uv": [3.25, 6.75, 4.25, 7], "texture": "#4"},
				"south": {"uv": [0, 0, 0, 0], "texture": "#4"},
				"west": {"uv": [11.75, 6.75, 12.75, 7], "texture": "#4"},
				"up": {"uv": [7.75, 11.75, 8.25, 12.75], "texture": "#4"},
				"down": {"uv": [8.25, 12.75, 7.75, 11.75], "texture": "#4"}
			}
		},
		{
			"from": [7.75, 9.25, 9],
			"to": [8.5, 9.5, 9.75],
			"faces": {
				"north": {"uv": [7.5, 6.5, 8.25, 6.75], "texture": "#2"},
				"east": {"uv": [6.25, 6.5, 7, 6.75], "texture": "#2"},
				"south": {"uv": [0, 0, 0, 0], "texture": "#2"},
				"west": {"uv": [0, 0, 0, 0], "texture": "#2"},
				"up": {"uv": [7.75, 9, 8.5, 9.75], "texture": "#2"},
				"down": {"uv": [8.25, 9.75, 7.5, 9], "texture": "#2"}
			}
		},
		{
			"from": [7.75, 9.25, 11.5],
			"to": [8.25, 9.5, 11.75],
			"faces": {
				"north": {"uv": [0, 0, 0, 0], "texture": "#4"},
				"east": {"uv": [4.25, 6.5, 4.5, 6.75], "texture": "#4"},
				"south": {"uv": [7.75, 6.5, 8.25, 6.75], "texture": "#4"},
				"west": {"uv": [11.5, 6.5, 11.75, 6.75], "texture": "#4"},
				"up": {"uv": [7.75, 11.5, 8.25, 11.75], "texture": "#4"},
				"down": {"uv": [0, 0, 0, 0], "texture": "#4"}
			}
		},
		{
			"from": [7.75, 9.5, 9],
			"to": [8, 10, 9.5],
			"faces": {
				"north": {"uv": [8, 6, 8.25, 6.5], "texture": "#2"},
				"east": {"uv": [6.5, 6, 7, 6.5], "texture": "#2"},
				"south": {"uv": [7.75, 6, 8, 6.5], "texture": "#2"},
				"west": {"uv": [9, 6, 9.5, 6.5], "texture": "#2"},
				"up": {"uv": [7.75, 9, 8, 9.5], "texture": "#2"},
				"down": {"uv": [0, 0, 0, 0], "texture": "#2"}
			}
		},
		{
			"from": [7.75, 9.5, 9.5],
			"to": [8.25, 9.75, 11.5],
			"faces": {
				"north": {"uv": [7.75, 6.25, 8.25, 6.5], "texture": "#2"},
				"east": {"uv": [4.5, 6.25, 6.5, 6.5], "texture": "#2"},
				"south": {"uv": [7.75, 6.25, 8.25, 6.5], "texture": "#2"},
				"west": {"uv": [9.5, 6.25, 11.5, 6.5], "texture": "#2"},
				"up": {"uv": [7.75, 9.5, 8.25, 11.5], "texture": "#2"},
				"down": {"uv": [8.25, 11.5, 7.75, 9.5], "texture": "#2"}
			}
		},
		{
			"from": [7.75, 9.75, 8.5],
			"to": [8.25, 10.25, 9],
			"faces": {
				"north": {"uv": [7.75, 5.75, 8.25, 6.25], "texture": "#2"},
				"east": {"uv": [7, 5.75, 7.5, 6.25], "texture": "#2"},
				"south": {"uv": [7.75, 5.75, 8.25, 6.25], "texture": "#2"},
				"west": {"uv": [8.5, 5.75, 9, 6.25], "texture": "#2"},
				"up": {"uv": [7.75, 8.5, 8.25, 9], "texture": "#2"},
				"down": {"uv": [8.25, 9, 7.75, 8.5], "texture": "#2"}
			}
		},
		{
			"from": [7.75, 10, 7.5],
			"to": [8.25, 10.25, 8.5],
			"faces": {
				"north": {"uv": [7.75, 5.75, 8.25, 6], "texture": "#2"},
				"east": {"uv": [7.5, 5.75, 8.5, 6], "texture": "#2"},
				"south": {"uv": [0, 0, 0, 0], "texture": "#2"},
				"west": {"uv": [7.5, 5.75, 8.5, 6], "texture": "#2"},
				"up": {"uv": [7.75, 7.5, 8.25, 8.5], "texture": "#2"},
				"down": {"uv": [8.25, 8.5, 7.75, 7.5], "texture": "#2"}
			}
		},
		{
			"from": [8, 7.5, 12.5],
			"to": [8.5, 7.75, 12.75],
			"faces": {
				"north": {"uv": [0, 0, 0, 0], "texture": "#1"},
				"east": {"uv": [3.25, 8.25, 3.5, 8.5], "texture": "#1"},
				"south": {"uv": [8, 8.25, 8.5, 8.5], "texture": "#1"},
				"west": {"uv": [0, 0, 0, 0], "texture": "#1"},
				"up": {"uv": [0, 0, 0, 0], "texture": "#1"},
				"down": {"uv": [8, 12.75, 7.5, 12.5], "texture": "#1"}
			}
		},
		{
			"from": [8, 7.5, 12.75],
			"to": [8.25, 7.75, 13],
			"faces": {
				"north": {"uv": [0, 0, 0, 0], "texture": "#4"},
				"east": {"uv": [3, 8.25, 3.25, 8.5], "texture": "#4"},
				"south": {"uv": [8, 8.25, 8.25, 8.5], "texture": "#4"},
				"west": {"uv": [0, 0, 0, 0], "texture": "#4"},
				"up": {"uv": [0, 0, 0, 0], "texture": "#4"},
				"down": {"uv": [8, 13, 7.75, 12.75], "texture": "#4"}
			}
		},
		{
			"from": [8, 8.75, 8.25],
			"to": [8.25, 9, 8.5],
			"faces": {
				"north": {"uv": [0, 0, 0, 0], "texture": "#1"},
				"east": {"uv": [7.5, 7, 7.75, 7.25], "texture": "#1"},
				"south": {"uv": [0, 0, 0, 0], "texture": "#1"},
				"west": {"uv": [0, 0, 0, 0], "texture": "#1"},
				"up": {"uv": [0, 0, 0, 0], "texture": "#1"},
				"down": {"uv": [8, 8.5, 7.75, 8.25], "texture": "#1"}
			}
		},
		{
			"from": [8, 9.5, 9],
			"to": [8.25, 9.75, 9.5],
			"faces": {
				"north": {"uv": [7.75, 6.25, 8, 6.5], "texture": "#1"},
				"east": {"uv": [6.5, 6.25, 7, 6.5], "texture": "#1"},
				"south": {"uv": [0, 0, 0, 0], "texture": "#1"},
				"west": {"uv": [0, 0, 0, 0], "texture": "#1"},
				"up": {"uv": [0, 0, 0, 0], "texture": "#1"},
				"down": {"uv": [0, 0, 0, 0], "texture": "#1"}
			}
		},
		{
			"from": [8, 9.75, 9],
			"to": [8.25, 10, 9.5],
			"faces": {
				"north": {"uv": [0, 0, 0, 0], "texture": "#2"},
				"east": {"uv": [6.5, 6, 7, 6.25], "texture": "#2"},
				"south": {"uv": [8, 6, 8.25, 6.25], "texture": "#2"},
				"west": {"uv": [0, 0, 0, 0], "texture": "#2"},
				"up": {"uv": [8, 9, 8.25, 9.5], "texture": "#2"},
				"down": {"uv": [0, 0, 0, 0], "texture": "#2"}
			}
		},
		{
			"from": [8.25, 8.75, 2],
			"to": [8.75, 9, 2.25],
			"faces": {
				"north": {"uv": [7.25, 7, 7.75, 7.25], "texture": "#4"},
				"east": {"uv": [13.75, 7, 14, 7.25], "texture": "#4"},
				"south": {"uv": [8.25, 7, 8.75, 7.25], "texture": "#4"},
				"west": {"uv": [2, 7, 2.25, 7.25], "texture": "#4"},
				"up": {"uv": [8.25, 2, 8.75, 2.25], "texture": "#4"},
				"down": {"uv": [7.75, 2.25, 7.25, 2], "texture": "#4"}
			}
		},
		{
			"from": [8.25, 9, 0.75],
			"to": [8.75, 9.25, 1],
			"faces": {
				"north": {"uv": [7.25, 6.75, 7.75, 7], "texture": "#4"},
				"east": {"uv": [15, 6.75, 15.25, 7], "texture": "#4"},
				"south": {"uv": [8.25, 6.75, 8.75, 7], "texture": "#4"},
				"west": {"uv": [0.75, 6.75, 1, 7], "texture": "#4"},
				"up": {"uv": [8.25, 0.75, 8.75, 1], "texture": "#4"},
				"down": {"uv": [0, 0, 0, 0], "texture": "#4"}
			}
		},
		{
			"from": [8.25, 9, 2],
			"to": [8.5, 9.25, 2.25],
			"faces": {
				"north": {"uv": [7.5, 6.75, 7.75, 7], "texture": "#4"},
				"east": {"uv": [13.75, 6.75, 14, 7], "texture": "#4"},
				"south": {"uv": [0, 0, 0, 0], "texture": "#4"},
				"west": {"uv": [2, 6.75, 2.25, 7], "texture": "#4"},
				"up": {"uv": [8.25, 2, 8.5, 2.25], "texture": "#4"},
				"down": {"uv": [0, 0, 0, 0], "texture": "#4"}
			}
		},
		{
			"from": [8.25, 9, 8.5],
			"to": [8.5, 9.25, 8.75],
			"faces": {
				"north": {"uv": [0, 0, 0, 0], "texture": "#4"},
				"east": {"uv": [7.25, 6.75, 7.5, 7], "texture": "#4"},
				"south": {"uv": [8.25, 6.75, 8.5, 7], "texture": "#4"},
				"west": {"uv": [0, 0, 0, 0], "texture": "#4"},
				"up": {"uv": [0, 0, 0, 0], "texture": "#4"},
				"down": {"uv": [7.75, 8.75, 7.5, 8.5], "texture": "#4"}
			}
		},
		{
			"from": [8.25, 9, 9],
			"to": [8.5, 9.25, 9.75],
			"faces": {
				"north": {"uv": [7.5, 6.75, 7.75, 7], "texture": "#4"},
				"east": {"uv": [6.25, 6.75, 7, 7], "texture": "#4"},
				"south": {"uv": [0, 0, 0, 0], "texture": "#4"},
				"west": {"uv": [0, 0, 0, 0], "texture": "#4"},
				"up": {"uv": [0, 0, 0, 0], "texture": "#4"},
				"down": {"uv": [7.75, 9.75, 7.5, 9], "texture": "#4"}
			}
		},
		{
			"from": [8.25, 9.25, 2.25],
			"to": [9.25, 9.5, 3],
			"faces": {
				"north": {"uv": [6.75, 6.5, 7.75, 6.75], "texture": "#4"},
				"east": {"uv": [13, 6.5, 13.75, 6.75], "texture": "#4"},
				"south": {"uv": [8.25, 6.5, 9.25, 6.75], "texture": "#4"},
				"west": {"uv": [2.25, 6.5, 3, 6.75], "texture": "#4"},
				"up": {"uv": [8.25, 2.25, 9.25, 3], "texture": "#4"},
				"down": {"uv": [7.75, 3, 6.75, 2.25], "texture": "#4"}
			}
		},
		{
			"from": [8.25, 9.25, 3],
			"to": [9, 9.5, 3.25],
			"faces": {
				"north": {"uv": [0, 0, 0, 0], "texture": "#4"},
				"east": {"uv": [12.75, 6.5, 13, 6.75], "texture": "#4"},
				"south": {"uv": [8.25, 6.5, 9, 6.75], "texture": "#4"},
				"west": {"uv": [3, 6.5, 3.25, 6.75], "texture": "#4"},
				"up": {"uv": [8.25, 3, 9, 3.25], "texture": "#4"},
				"down": {"uv": [0, 0, 0, 0], "texture": "#4"}
			}
		},
		{
			"from": [8.25, 9.25, 3.25],
			"to": [8.5, 9.5, 9],
			"faces": {
				"north": {"uv": [0, 0, 0, 0], "texture": "#2"},
				"east": {"uv": [7, 6.5, 12.75, 6.75], "texture": "#2"},
				"south": {"uv": [0, 0, 0, 0], "texture": "#2"},
				"west": {"uv": [3.25, 6.5, 9, 6.75], "texture": "#2"},
				"up": {"uv": [8.25, 3.25, 8.5, 9], "texture": "#2"},
				"down": {"uv": [7.75, 9, 7.5, 3.25], "texture": "#2"}
			}
		},
		{
			"from": [8.5, 8.75, 1.75],
			"to": [8.75, 9, 2],
			"faces": {
				"north": {"uv": [7.25, 7, 7.5, 7.25], "texture": "#4"},
				"east": {"uv": [14, 7, 14.25, 7.25], "texture": "#4"},
				"south": {"uv": [0, 0, 0, 0], "texture": "#4"},
				"west": {"uv": [1.75, 7, 2, 7.25], "texture": "#4"},
				"up": {"uv": [8.5, 1.75, 8.75, 2], "texture": "#4"},
				"down": {"uv": [7.5, 2, 7.25, 1.75], "texture": "#4"}
			}
		},
		{
			"from": [8.75, 8.75, 1],
			"to": [9, 9, 1.75],
			"faces": {
				"north": {"uv": [7, 7, 7.25, 7.25], "texture": "#4"},
				"east": {"uv": [14.25, 7, 15, 7.25], "texture": "#4"},
				"south": {"uv": [8.75, 7, 9, 7.25], "texture": "#4"},
				"west": {"uv": [1, 7, 1.75, 7.25], "texture": "#4"},
				"up": {"uv": [8.75, 1, 9, 1.75], "texture": "#4"},
				"down": {"uv": [7.25, 1.75, 7, 1], "texture": "#4"}
			}
		},
		{
			"from": [8.75, 9, 8],
			"to": [9, 9.25, 8.25],
			"faces": {
				"north": {"uv": [7, 6.75, 7.25, 7], "texture": "#5"},
				"east": {"uv": [7.75, 6.75, 8, 7], "texture": "#5"},
				"south": {"uv": [8.75, 6.75, 9, 7], "texture": "#5"},
				"west": {"uv": [8, 6.75, 8.25, 7], "texture": "#5"},
				"up": {"uv": [8.75, 8, 9, 8.25], "texture": "#5"},
				"down": {"uv": [7.25, 8.25, 7, 8], "texture": "#5"}
			}
		},
		{
			"from": [9, 9, 7.75],
			"to": [9.25, 9.25, 8],
			"faces": {
				"north": {"uv": [6.75, 6.75, 7, 7], "texture": "#5"},
				"east": {"uv": [8, 6.75, 8.25, 7], "texture": "#5"},
				"south": {"uv": [9, 6.75, 9.25, 7], "texture": "#5"},
				"west": {"uv": [7.75, 6.75, 8, 7], "texture": "#5"},
				"up": {"uv": [9, 7.75, 9.25, 8], "texture": "#5"},
				"down": {"uv": [7, 8, 6.75, 7.75], "texture": "#5"}
			}
		},
		{
			"from": [9.25, 8.25, 3],
			"to": [9.5, 8.75, 3.25],
			"faces": {
				"north": {"uv": [6.5, 7.25, 6.75, 7.75], "texture": "#0"},
				"east": {"uv": [12.75, 7.25, 13, 7.75], "texture": "#0"},
				"south": {"uv": [9.25, 7.25, 9.5, 7.75], "texture": "#0"},
				"west": {"uv": [3, 7.25, 3.25, 7.75], "texture": "#0"},
				"up": {"uv": [9.25, 3, 9.5, 3.25], "texture": "#0"},
				"down": {"uv": [6.75, 3.25, 6.5, 3], "texture": "#0"}
			}
		},
		{
			"from": [9.25, 8.25, 3.5],
			"to": [9.5, 8.5, 4],
			"faces": {
				"north": {"uv": [0, 0, 0, 0], "texture": "#0"},
				"east": {"uv": [12, 7.5, 12.5, 7.75], "texture": "#0"},
				"south": {"uv": [0, 0, 0, 0], "texture": "#0"},
				"west": {"uv": [3.5, 7.5, 4, 7.75], "texture": "#0"},
				"up": {"uv": [0, 0, 0, 0], "texture": "#0"},
				"down": {"uv": [6.75, 4, 6.5, 3.5], "texture": "#0"}
			}
		},
		{
			"from": [9.25, 8.25, 4.25],
			"to": [9.5, 8.75, 4.5],
			"faces": {
				"north": {"uv": [6.5, 7.25, 6.75, 7.75], "texture": "#0"},
				"east": {"uv": [11.5, 7.25, 11.75, 7.75], "texture": "#0"},
				"south": {"uv": [9.25, 7.25, 9.5, 7.75], "texture": "#0"},
				"west": {"uv": [4.25, 7.25, 4.5, 7.75], "texture": "#0"},
				"up": {"uv": [9.25, 4.25, 9.5, 4.5], "texture": "#0"},
				"down": {"uv": [6.75, 4.5, 6.5, 4.25], "texture": "#0"}
			}
		},
		{
			"from": [9.25, 8.5, 3.25],
			"to": [9.5, 8.75, 3.5],
			"faces": {
				"north": {"uv": [0, 0, 0, 0], "texture": "#0"},
				"east": {"uv": [12.5, 7.25, 12.75, 7.5], "texture": "#0"},
				"south": {"uv": [0, 0, 0, 0], "texture": "#0"},
				"west": {"uv": [3.25, 7.25, 3.5, 7.5], "texture": "#0"},
				"up": {"uv": [9.25, 3.25, 9.5, 3.5], "texture": "#0"},
				"down": {"uv": [0, 0, 0, 0], "texture": "#0"}
			}
		},
		{
			"from": [9.25, 8.5, 4],
			"to": [9.5, 8.75, 4.25],
			"faces": {
				"north": {"uv": [0, 0, 0, 0], "texture": "#0"},
				"east": {"uv": [11.75, 7.25, 12, 7.5], "texture": "#0"},
				"south": {"uv": [0, 0, 0, 0], "texture": "#0"},
				"west": {"uv": [4, 7.25, 4.25, 7.5], "texture": "#0"},
				"up": {"uv": [9.25, 4, 9.5, 4.25], "texture": "#0"},
				"down": {"uv": [0, 0, 0, 0], "texture": "#0"}
			}
		},
		{
			"from": [9.25, 8.75, 2.5],
			"to": [10, 9, 2.75],
			"faces": {
				"north": {"uv": [6, 7, 6.75, 7.25], "texture": "#2"},
				"east": {"uv": [13.25, 7, 13.5, 7.25], "texture": "#2"},
				"south": {"uv": [9.25, 7, 10, 7.25], "texture": "#2"},
				"west": {"uv": [2.5, 7, 2.75, 7.25], "texture": "#2"},
				"up": {"uv": [9.25, 2.5, 10, 2.75], "texture": "#2"},
				"down": {"uv": [6.75, 2.75, 6, 2.5], "texture": "#2"}
			}
		},
		{
			"from": [9.25, 9, 7.5],
			"to": [9.5, 9.25, 7.75],
			"faces": {
				"north": {"uv": [6.5, 6.75, 6.75, 7], "texture": "#5"},
				"east": {"uv": [8.25, 6.75, 8.5, 7], "texture": "#5"},
				"south": {"uv": [9.25, 6.75, 9.5, 7], "texture": "#5"},
				"west": {"uv": [7.5, 6.75, 7.75, 7], "texture": "#5"},
				"up": {"uv": [9.25, 7.5, 9.5, 7.75], "texture": "#5"},
				"down": {"uv": [6.75, 7.75, 6.5, 7.5], "texture": "#5"}
			}
		},
		{
			"from": [9.25, 9.25, 2.5],
			"to": [10, 9.5, 2.75],
			"faces": {
				"north": {"uv": [6, 6.5, 6.75, 6.75], "texture": "#2"},
				"east": {"uv": [13.25, 6.5, 13.5, 6.75], "texture": "#2"},
				"south": {"uv": [9.25, 6.5, 10, 6.75], "texture": "#2"},
				"west": {"uv": [0, 0, 0, 0], "texture": "#2"},
				"up": {"uv": [9.25, 2.5, 10, 2.75], "texture": "#2"},
				"down": {"uv": [6.75, 2.75, 6, 2.5], "texture": "#2"}
			}
		},
		{
			"from": [9.5, 9, 7.25],
			"to": [9.75, 9.25, 7.5],
			"faces": {
				"north": {"uv": [6.25, 6.75, 6.5, 7], "texture": "#5"},
				"east": {"uv": [8.5, 6.75, 8.75, 7], "texture": "#5"},
				"south": {"uv": [9.5, 6.75, 9.75, 7], "texture": "#5"},
				"west": {"uv": [7.25, 6.75, 7.5, 7], "texture": "#5"},
				"up": {"uv": [9.5, 7.25, 9.75, 7.5], "texture": "#5"},
				"down": {"uv": [6.5, 7.5, 6.25, 7.25], "texture": "#5"}
			}
		},
		{
			"from": [9.75, 9, 7],
			"to": [10.25, 9.25, 7.25],
			"faces": {
				"north": {"uv": [5.75, 6.75, 6.25, 7], "texture": "#5"},
				"east": {"uv": [8.75, 6.75, 9, 7], "texture": "#5"},
				"south": {"uv": [9.75, 6.75, 10.25, 7], "texture": "#5"},
				"west": {"uv": [7, 6.75, 7.25, 7], "texture": "#5"},
				"up": {"uv": [9.75, 7, 10.25, 7.25], "texture": "#5"},
				"down": {"uv": [6.25, 7.25, 5.75, 7], "texture": "#5"}
			}
		},
		{
			"from": [10, 8.75, 2.75],
			"to": [10.5, 9, 3],
			"faces": {
				"north": {"uv": [5.5, 7, 6, 7.25], "texture": "#2"},
				"east": {"uv": [13, 7, 13.25, 7.25], "texture": "#2"},
				"south": {"uv": [10, 7, 10.5, 7.25], "texture": "#2"},
				"west": {"uv": [2.75, 7, 3, 7.25], "texture": "#2"},
				"up": {"uv": [10, 2.75, 10.5, 3], "texture": "#2"},
				"down": {"uv": [6, 3, 5.5, 2.75], "texture": "#2"}
			}
		},
		{
			"from": [10, 9, 5],
			"to": [11.25, 9.25, 5.25],
			"faces": {
				"north": {"uv": [4.75, 6.75, 6, 7], "texture": "#1"},
				"east": {"uv": [0, 0, 0, 0], "texture": "#1"},
				"south": {"uv": [10, 6.75, 11.25, 7], "texture": "#1"},
				"west": {"uv": [5, 6.75, 5.25, 7], "texture": "#1"},
				"up": {"uv": [10, 5, 11.25, 5.25], "texture": "#1"},
				"down": {"uv": [6, 5.25, 4.75, 5], "texture": "#1"}
			}
		},
		{
			"from": [10, 9.25, 2.75],
			"to": [10.5, 9.5, 3],
			"faces": {
				"north": {"uv": [5.5, 6.5, 6, 6.75], "texture": "#2"},
				"east": {"uv": [13, 6.5, 13.25, 6.75], "texture": "#2"},
				"south": {"uv": [10, 6.5, 10.5, 6.75], "texture": "#2"},
				"west": {"uv": [2.75, 6.5, 3, 6.75], "texture": "#2"},
				"up": {"uv": [10, 2.75, 10.5, 3], "texture": "#2"},
				"down": {"uv": [6, 3, 5.5, 2.75], "texture": "#2"}
			}
		},
		{
			"from": [10.25, 9, 6.75],
			"to": [10.5, 9.25, 7],
			"faces": {
				"north": {"uv": [5.5, 6.75, 5.75, 7], "texture": "#5"},
				"east": {"uv": [9, 6.75, 9.25, 7], "texture": "#5"},
				"south": {"uv": [10.25, 6.75, 10.5, 7], "texture": "#5"},
				"west": {"uv": [6.75, 6.75, 7, 7], "texture": "#5"},
				"up": {"uv": [10.25, 6.75, 10.5, 7], "texture": "#5"},
				"down": {"uv": [5.75, 7, 5.5, 6.75], "texture": "#5"}
			}
		},
		{
			"from": [10.5, 8.75, 3],
			"to": [10.75, 9, 3.25],
			"faces": {
				"north": {"uv": [5.25, 7, 5.5, 7.25], "texture": "#2"},
				"east": {"uv": [12.75, 7, 13, 7.25], "texture": "#2"},
				"south": {"uv": [10.5, 7, 10.75, 7.25], "texture": "#2"},
				"west": {"uv": [3, 7, 3.25, 7.25], "texture": "#2"},
				"up": {"uv": [10.5, 3, 10.75, 3.25], "texture": "#2"},
				"down": {"uv": [5.5, 3.25, 5.25, 3], "texture": "#2"}
			}
		},
		{
			"from": [10.5, 9, 6.5],
			"to": [10.75, 9.25, 6.75],
			"faces": {
				"north": {"uv": [5.25, 6.75, 5.5, 7], "texture": "#5"},
				"east": {"uv": [9.25, 6.75, 9.5, 7], "texture": "#5"},
				"south": {"uv": [10.5, 6.75, 10.75, 7], "texture": "#5"},
				"west": {"uv": [6.5, 6.75, 6.75, 7], "texture": "#5"},
				"up": {"uv": [10.5, 6.5, 10.75, 6.75], "texture": "#5"},
				"down": {"uv": [5.5, 6.75, 5.25, 6.5], "texture": "#5"}
			}
		},
		{
			"from": [10.5, 9.25, 3],
			"to": [10.75, 9.5, 3.25],
			"faces": {
				"north": {"uv": [5.25, 6.5, 5.5, 6.75], "texture": "#2"},
				"east": {"uv": [12.75, 6.5, 13, 6.75], "texture": "#2"},
				"south": {"uv": [10.5, 6.5, 10.75, 6.75], "texture": "#2"},
				"west": {"uv": [3, 6.5, 3.25, 6.75], "texture": "#2"},
				"up": {"uv": [10.5, 3, 10.75, 3.25], "texture": "#2"},
				"down": {"uv": [5.5, 3.25, 5.25, 3], "texture": "#2"}
			}
		},
		{
			"from": [10.75, 8.75, 3.25],
			"to": [11, 9, 3.75],
			"faces": {
				"north": {"uv": [5, 7, 5.25, 7.25], "texture": "#2"},
				"east": {"uv": [12.25, 7, 12.75, 7.25], "texture": "#2"},
				"south": {"uv": [10.75, 7, 11, 7.25], "texture": "#2"},
				"west": {"uv": [3.25, 7, 3.75, 7.25], "texture": "#2"},
				"up": {"uv": [10.75, 3.25, 11, 3.75], "texture": "#2"},
				"down": {"uv": [5.25, 3.75, 5, 3.25], "texture": "#2"}
			}
		},
		{
			"from": [10.75, 9, 6.25],
			"to": [11, 9.25, 6.5],
			"faces": {
				"north": {"uv": [5, 6.75, 5.25, 7], "texture": "#5"},
				"east": {"uv": [9.5, 6.75, 9.75, 7], "texture": "#5"},
				"south": {"uv": [10.75, 6.75, 11, 7], "texture": "#5"},
				"west": {"uv": [6.25, 6.75, 6.5, 7], "texture": "#5"},
				"up": {"uv": [10.75, 6.25, 11, 6.5], "texture": "#5"},
				"down": {"uv": [5.25, 6.5, 5, 6.25], "texture": "#5"}
			}
		},
		{
			"from": [10.75, 9.25, 3.25],
			"to": [11, 9.5, 3.75],
			"faces": {
				"north": {"uv": [5, 6.5, 5.25, 6.75], "texture": "#2"},
				"east": {"uv": [12.25, 6.5, 12.75, 6.75], "texture": "#2"},
				"south": {"uv": [10.75, 6.5, 11, 6.75], "texture": "#2"},
				"west": {"uv": [3.25, 6.5, 3.75, 6.75], "texture": "#2"},
				"up": {"uv": [10.75, 3.25, 11, 3.75], "texture": "#2"},
				"down": {"uv": [5.25, 3.75, 5, 3.25], "texture": "#2"}
			}
		},
		{
			"from": [11, 8.75, 3.75],
			"to": [11.25, 9, 4.25],
			"faces": {
				"north": {"uv": [4.75, 7, 5, 7.25], "texture": "#2"},
				"east": {"uv": [11.75, 7, 12.25, 7.25], "texture": "#2"},
				"south": {"uv": [11, 7, 11.25, 7.25], "texture": "#2"},
				"west": {"uv": [3.75, 7, 4.25, 7.25], "texture": "#2"},
				"up": {"uv": [11, 3.75, 11.25, 4.25], "texture": "#2"},
				"down": {"uv": [5, 4.25, 4.75, 3.75], "texture": "#2"}
			}
		},
		{
			"from": [11, 9, 6],
			"to": [11.25, 9.25, 6.25],
			"faces": {
				"north": {"uv": [4.75, 6.75, 5, 7], "texture": "#5"},
				"east": {"uv": [9.75, 6.75, 10, 7], "texture": "#5"},
				"south": {"uv": [11, 6.75, 11.25, 7], "texture": "#5"},
				"west": {"uv": [6, 6.75, 6.25, 7], "texture": "#5"},
				"up": {"uv": [11, 6, 11.25, 6.25], "texture": "#5"},
				"down": {"uv": [5, 6.25, 4.75, 6], "texture": "#5"}
			}
		},
		{
			"from": [11, 9.25, 3.75],
			"to": [11.25, 9.5, 4.25],
			"faces": {
				"north": {"uv": [4.75, 6.5, 5, 6.75], "texture": "#2"},
				"east": {"uv": [11.75, 6.5, 12.25, 6.75], "texture": "#2"},
				"south": {"uv": [11, 6.5, 11.25, 6.75], "texture": "#2"},
				"west": {"uv": [3.75, 6.5, 4.25, 6.75], "texture": "#2"},
				"up": {"uv": [11, 3.75, 11.25, 4.25], "texture": "#2"},
				"down": {"uv": [5, 4.25, 4.75, 3.75], "texture": "#2"}
			}
		},
		{
			"from": [11.25, 8, 3.25],
			"to": [11.75, 8.25, 3.5],
			"faces": {
				"north": {"uv": [4.25, 7.75, 4.75, 8], "texture": "#0"},
				"east": {"uv": [12.5, 7.75, 12.75, 8], "texture": "#0"},
				"south": {"uv": [11.25, 7.75, 11.75, 8], "texture": "#0"},
				"west": {"uv": [3.25, 7.75, 3.5, 8], "texture": "#0"},
				"up": {"uv": [0, 0, 0, 0], "texture": "#0"},
				"down": {"uv": [4.75, 3.5, 4.25, 3.25], "texture": "#0"}
			}
		},
		{
			"from": [11.25, 8, 4],
			"to": [11.75, 8.25, 4.25],
			"faces": {
				"north": {"uv": [4.25, 7.75, 4.75, 8], "texture": "#0"},
				"east": {"uv": [11.75, 7.75, 12, 8], "texture": "#0"},
				"south": {"uv": [11.25, 7.75, 11.75, 8], "texture": "#0"},
				"west": {"uv": [4, 7.75, 4.25, 8], "texture": "#0"},
				"up": {"uv": [0, 0, 0, 0], "texture": "#0"},
				"down": {"uv": [4.75, 4.25, 4.25, 4], "texture": "#0"}
			}
		},
		{
			"from": [11.25, 8.25, 3],
			"to": [11.75, 8.5, 3.25],
			"faces": {
				"north": {"uv": [4.25, 7.5, 4.75, 7.75], "texture": "#0"},
				"east": {"uv": [12.75, 7.5, 13, 7.75], "texture": "#0"},
				"south": {"uv": [0, 0, 0, 0], "texture": "#0"},
				"west": {"uv": [3, 7.5, 3.25, 7.75], "texture": "#0"},
				"up": {"uv": [11.25, 3, 11.75, 3.25], "texture": "#0"},
				"down": {"uv": [4.75, 3.25, 4.25, 3], "texture": "#0"}
			}
		},
		{
			"from": [11.25, 8.25, 3.5],
			"to": [11.75, 8.5, 4],
			"faces": {
				"north": {"uv": [0, 0, 0, 0], "texture": "#0"},
				"east": {"uv": [12, 7.5, 12.5, 7.75], "texture": "#0"},
				"south": {"uv": [0, 0, 0, 0], "texture": "#0"},
				"west": {"uv": [3.5, 7.5, 4, 7.75], "texture": "#0"},
				"up": {"uv": [11.25, 3.5, 11.75, 4], "texture": "#0"},
				"down": {"uv": [4.75, 4, 4.25, 3.5], "texture": "#0"}
			}
		},
		{
			"from": [11.25, 8.25, 4.25],
			"to": [11.75, 8.5, 4.5],
			"faces": {
				"north": {"uv": [0, 0, 0, 0], "texture": "#0"},
				"east": {"uv": [11.5, 7.5, 11.75, 7.75], "texture": "#0"},
				"south": {"uv": [11.25, 7.5, 11.75, 7.75], "texture": "#0"},
				"west": {"uv": [4.25, 7.5, 4.5, 7.75], "texture": "#0"},
				"up": {"uv": [11.25, 4.25, 11.75, 4.5], "texture": "#0"},
				"down": {"uv": [4.75, 4.5, 4.25, 4.25], "texture": "#0"}
			}
		},
		{
			"from": [11.25, 8.5, 3.25],
			"to": [11.75, 8.75, 3.5],
			"faces": {
				"north": {"uv": [4.25, 7.25, 4.75, 7.5], "texture": "#0"},
				"east": {"uv": [12.5, 7.25, 12.75, 7.5], "texture": "#0"},
				"south": {"uv": [11.25, 7.25, 11.75, 7.5], "texture": "#0"},
				"west": {"uv": [3.25, 7.25, 3.5, 7.5], "texture": "#0"},
				"up": {"uv": [11.25, 3.25, 11.75, 3.5], "texture": "#0"},
				"down": {"uv": [0, 0, 0, 0], "texture": "#0"}
			}
		},
		{
			"from": [11.25, 8.5, 4],
			"to": [11.75, 8.75, 4.25],
			"faces": {
				"north": {"uv": [4.25, 7.25, 4.75, 7.5], "texture": "#0"},
				"east": {"uv": [11.75, 7.25, 12, 7.5], "texture": "#0"},
				"south": {"uv": [11.25, 7.25, 11.75, 7.5], "texture": "#0"},
				"west": {"uv": [4, 7.25, 4.25, 7.5], "texture": "#0"},
				"up": {"uv": [11.25, 4, 11.75, 4.25], "texture": "#0"},
				"down": {"uv": [0, 0, 0, 0], "texture": "#0"}
			}
		},
		{
			"from": [11.25, 8.75, 4.25],
			"to": [11.5, 9, 4.75],
			"faces": {
				"north": {"uv": [4.5, 7, 4.75, 7.25], "texture": "#2"},
				"east": {"uv": [11.25, 7, 11.75, 7.25], "texture": "#2"},
				"south": {"uv": [11.25, 7, 11.5, 7.25], "texture": "#2"},
				"west": {"uv": [4.25, 7, 4.75, 7.25], "texture": "#2"},
				"up": {"uv": [11.25, 4.25, 11.5, 4.75], "texture": "#2"},
				"down": {"uv": [4.75, 4.75, 4.5, 4.25], "texture": "#2"}
			}
		},
		{
			"from": [11.25, 9, 5],
			"to": [12.5, 9.25, 5.25],
			"faces": {
				"north": {"uv": [3.5, 6.75, 4.75, 7], "texture": "#4"},
				"east": {"uv": [10.75, 6.75, 11, 7], "texture": "#4"},
				"south": {"uv": [11.25, 6.75, 12.5, 7], "texture": "#4"},
				"west": {"uv": [0, 0, 0, 0], "texture": "#4"},
				"up": {"uv": [11.25, 5, 12.5, 5.25], "texture": "#4"},
				"down": {"uv": [4.75, 5.25, 3.5, 5], "texture": "#4"}
			}
		},
		{
			"from": [11.25, 9, 5.75],
			"to": [11.5, 9.25, 6],
			"faces": {
				"north": {"uv": [4.5, 6.75, 4.75, 7], "texture": "#5"},
				"east": {"uv": [10, 6.75, 10.25, 7], "texture": "#5"},
				"south": {"uv": [11.25, 6.75, 11.5, 7], "texture": "#5"},
				"west": {"uv": [5.75, 6.75, 6, 7], "texture": "#5"},
				"up": {"uv": [11.25, 5.75, 11.5, 6], "texture": "#5"},
				"down": {"uv": [4.75, 6, 4.5, 5.75], "texture": "#5"}
			}
		},
		{
			"from": [11.25, 9.25, 4.25],
			"to": [11.5, 9.5, 4.75],
			"faces": {
				"north": {"uv": [4.5, 6.5, 4.75, 6.75], "texture": "#2"},
				"east": {"uv": [11.25, 6.5, 11.75, 6.75], "texture": "#2"},
				"south": {"uv": [11.25, 6.5, 11.5, 6.75], "texture": "#2"},
				"west": {"uv": [4.25, 6.5, 4.75, 6.75], "texture": "#2"},
				"up": {"uv": [11.25, 4.25, 11.5, 4.75], "texture": "#2"},
				"down": {"uv": [4.75, 4.75, 4.5, 4.25], "texture": "#2"}
			}
		},
		{
			"from": [11.5, 8.75, 4.75],
			"to": [11.75, 9, 5],
			"faces": {
				"north": {"uv": [4.25, 7, 4.5, 7.25], "texture": "#2"},
				"east": {"uv": [11, 7, 11.25, 7.25], "texture": "#2"},
				"south": {"uv": [11.5, 7, 11.75, 7.25], "texture": "#2"},
				"west": {"uv": [4.75, 7, 5, 7.25], "texture": "#2"},
				"up": {"uv": [0, 0, 0, 0], "texture": "#2"},
				"down": {"uv": [4.5, 5, 4.25, 4.75], "texture": "#2"}
			}
		},
		{
			"from": [11.5, 9, 4.75],
			"to": [12.25, 9.25, 5],
			"faces": {
				"north": {"uv": [3.75, 6.75, 4.5, 7], "texture": "#4"},
				"east": {"uv": [11, 6.75, 11.25, 7], "texture": "#4"},
				"south": {"uv": [0, 0, 0, 0], "texture": "#4"},
				"west": {"uv": [4.75, 6.75, 5, 7], "texture": "#4"},
				"up": {"uv": [11.5, 4.75, 12.25, 5], "texture": "#4"},
				"down": {"uv": [4.5, 5, 3.75, 4.75], "texture": "#4"}
			}
		},
		{
			"from": [11.5, 9, 5.25],
			"to": [12.25, 9.25, 5.5],
			"faces": {
				"north": {"uv": [0, 0, 0, 0], "texture": "#4"},
				"east": {"uv": [10.5, 6.75, 10.75, 7], "texture": "#4"},
				"south": {"uv": [11.5, 6.75, 12.25, 7], "texture": "#4"},
				"west": {"uv": [5.25, 6.75, 5.5, 7], "texture": "#4"},
				"up": {"uv": [11.5, 5.25, 12.25, 5.5], "texture": "#4"},
				"down": {"uv": [4.5, 5.5, 3.75, 5.25], "texture": "#4"}
			}
		},
		{
			"from": [11.5, 9, 5.5],
			"to": [11.75, 9.25, 5.75],
			"faces": {
				"north": {"uv": [0, 0, 0, 0], "texture": "#5"},
				"east": {"uv": [0, 0, 0, 0], "texture": "#5"},
				"south": {"uv": [11.5, 6.75, 11.75, 7], "texture": "#5"},
				"west": {"uv": [5.5, 6.75, 5.75, 7], "texture": "#5"},
				"up": {"uv": [11.5, 5.5, 11.75, 5.75], "texture": "#5"},
				"down": {"uv": [4.5, 5.75, 4.25, 5.5], "texture": "#5"}
			}
		},
		{
			"from": [11.5, 9.25, 4.75],
			"to": [11.75, 9.5, 5],
			"faces": {
				"north": {"uv": [4.25, 6.5, 4.5, 6.75], "texture": "#2"},
				"east": {"uv": [11, 6.5, 11.25, 6.75], "texture": "#2"},
				"south": {"uv": [11.5, 6.5, 11.75, 6.75], "texture": "#2"},
				"west": {"uv": [4.75, 6.5, 5, 6.75], "texture": "#2"},
				"up": {"uv": [11.5, 4.75, 11.75, 5], "texture": "#2"},
				"down": {"uv": [0, 0, 0, 0], "texture": "#2"}
			}
		},
		{
			"from": [11.75, 9, 4.5],
			"to": [12, 9.25, 4.75],
			"faces": {
				"north": {"uv": [4, 6.75, 4.25, 7], "texture": "#4"},
				"east": {"uv": [11.25, 6.75, 11.5, 7], "texture": "#4"},
				"south": {"uv": [0, 0, 0, 0], "texture": "#4"},
				"west": {"uv": [4.5, 6.75, 4.75, 7], "texture": "#4"},
				"up": {"uv": [11.75, 4.5, 12, 4.75], "texture": "#4"},
				"down": {"uv": [4.25, 4.75, 4, 4.5], "texture": "#4"}
			}
		},
		{
			"from": [11.75, 9, 5.5],
			"to": [12, 9.25, 5.75],
			"faces": {
				"north": {"uv": [0, 0, 0, 0], "texture": "#4"},
				"east": {"uv": [10.25, 6.75, 10.5, 7], "texture": "#4"},
				"south": {"uv": [11.75, 6.75, 12, 7], "texture": "#4"},
				"west": {"uv": [0, 0, 0, 0], "texture": "#4"},
				"up": {"uv": [11.75, 5.5, 12, 5.75], "texture": "#4"},
				"down": {"uv": [4.25, 5.75, 4, 5.5], "texture": "#4"}
			}
		},
		{
			"from": [7.82, 9, -0.1],
			"to": [8.16, 9.35, 0.2],
			"faces": {
				"north": {"uv": [0, 0, 0.35, 0.35], "texture": "#1"},
				"east": {"uv": [0, 0, 8, 0.35], "texture": "#1"},
				"south": {"uv": [0, 0, 0.35, 0.35], "texture": "#1"},
				"west": {"uv": [0, 0, 8, 0.35], "texture": "#1"},
				"up": {"uv": [0, 0, 0.35, 8], "texture": "#1"},
				"down": {"uv": [0, 0, 0.35, 8], "texture": "#1"}
			}
		},
		{
			"from": [7.82, 9, 0.5],
			"to": [8.17, 9.35, 8.5],
			"faces": {
				"north": {"uv": [0, 0, 0.35, 0.35], "texture": "#3"},
				"east": {"uv": [0, 0, 8, 0.35], "texture": "#3"},
				"south": {"uv": [0, 0, 0.35, 0.35], "texture": "#3"},
				"west": {"uv": [0, 0, 8, 0.35], "texture": "#3"},
				"up": {"uv": [0, 3, 0.35, 11], "texture": "#3"},
				"down": {"uv": [0, 0, 0.35, 8], "texture": "#3"}
			}
		},
		{
			"from": [7.73, 9, 0.2],
			"to": [8.28, 9.35, 0.5],
			"faces": {
				"north": {"uv": [0, 0, 0.35, 0.35], "texture": "#1"},
				"east": {"uv": [0, 0, 8, 0.35], "texture": "#1"},
				"south": {"uv": [0, 0, 0.35, 0.35], "texture": "#1"},
				"west": {"uv": [0, 0, 8, 0.35], "texture": "#1"},
				"up": {"uv": [0, 0, 0.35, 8], "texture": "#1"},
				"down": {"uv": [0, 0, 0.35, 8], "texture": "#1"}
			}
		}
	],
	"display": {
		"thirdperson_righthand": {
			"translation": [0, 0, -2],
			"scale": [2.14, 1.56, 1.74]
		},
		"thirdperson_lefthand": {
			"translation": [0, 0, -2],
			"scale": [2.14, 1.56, 1.74]
		},
		"firstperson_righthand": {
			"translation": [-0.75, 1.75, 0],
			"scale": [1.76, 2.12, 1.45]
		},
		"firstperson_lefthand": {
			"translation": [-0.75, 1.75, 0],
			"scale": [1.76, 2.12, 1.45]
		},
		"ground": {
			"translation": [-1.1, -15, 2],
			"scale": [4, 4, 4]
		},
		"gui": {
			"rotation": [90, 58, 0],
			"translation": [1.75, -2.25, 0],
			"scale": [1.83, 1, 1.45]
		},
		"head": {
			"rotation": [0, 90, 0],
			"translation": [2, 0, 0],
			"scale": [1.5, 1.5, 1.5]
		},
		"fixed": {
			"rotation": [90, 0, 180],
			"translation": [0, -2.25, 0],
			"scale": [1.87, 1.13, 1.47]
		}
	},
	"groups": [
		{
			"name": "golden_horse_armor",
			"origin": [8, 8, 8],
			"color": 0,
			"children": [
				{
					"name": "golden_horse_armor",
					"origin": [8, 8, 8],
					"color": 0,
					"children": [
						{
							"name": "golden_horse_armor",
							"origin": [8, 8, 8],
							"color": 0,
							"children": [
								0,
								1,
								2,
								3,
								4,
								5,
								6,
								7,
								8,
								9,
								10,
								11,
								12,
								13,
								14,
								15,
								16,
								17,
								18,
								19,
								20,
								21,
								22,
								23,
								24,
								25,
								26,
								27,
								28,
								29,
								30,
								31,
								32,
								33,
								34,
								35,
								36,
								37,
								38,
								39,
								40,
								41,
								42,
								43,
								44,
								45,
								46,
								47,
								48,
								49,
								50,
								51,
								52,
								53,
								54,
								55,
								56,
								57,
								58,
								59,
								60,
								61,
								62,
								63,
								64,
								65,
								66,
								67,
								68,
								69,
								70,
								71,
								72,
								73,
								74,
								75,
								76,
								77,
								78,
								79,
								80,
								81,
								82,
								83,
								84,
								85,
								86,
								87,
								88,
								89,
								90,
								91,
								92,
								93,
								94,
								95,
								96,
								97,
								98,
								99,
								100,
								101,
								102,
								103,
								104,
								105,
								106,
								107,
								108,
								109,
								110,
								111,
								112,
								113,
								114,
								115,
								116,
								117,
								118,
								119,
								120,
								121,
								122,
								123,
								124,
								125,
								126,
								127,
								128,
								129,
								130,
								131,
								132,
								133,
								134,
								135,
								136,
								137,
								138,
								139,
								140,
								141,
								142,
								143,
								144,
								145,
								146,
								147,
								148,
								149,
								150,
								151,
								152,
								153,
								154,
								155,
								156,
								157,
								158,
								159
							]
						}
					]
				}
			]
		}
	]
}