{
	"credit": "Made By Ubalube",
	"textures": {
		"texture1": "guns/gray5",
		"texture2": "guns/black",
		"texture3": "guns/gray6",
		"texture4": "guns/gray8",
		"texture5": "guns/scope3",
		"particle": "blocks/e_particle"
	},
	"elements": [
		{
			"name": "Box97",
			"from": [6.125, 9.25, 4.75],
			"to": [8.625, 10.25, 6.75],
			"faces": {
				"north": {"uv": [9, 2, 11.5, 3], "texture": "#texture4"},
				"east": {"uv": [7.25, 2, 8.75, 3], "texture": "#texture4"},
				"south": {"uv": [4.5, 2, 7, 3], "texture": "#texture4"},
				"west": {"uv": [7.25, 2, 8.75, 3], "texture": "#texture4"},
				"up": {"uv": [4.5, 7.25, 7, 8.75], "texture": "#texture4"},
				"down": {"uv": [4.5, 7.25, 7, 8.75], "texture": "#texture4"}
			}
		},
		{
			"name": "Box98",
			"from": [8.625, 9.75, 4.75],
			"to": [9.625, 10.75, 6.75],
			"faces": {
				"north": {"uv": [8, 1.5, 9, 2.5], "texture": "#texture4"},
				"east": {"uv": [7, 1.5, 9, 2.5], "texture": "#texture4"},
				"south": {"uv": [7, 1.5, 8, 2.5], "texture": "#texture4"},
				"west": {"uv": [7, 1.5, 9, 2.5], "texture": "#texture4"},
				"up": {"uv": [7, 7, 8, 9], "texture": "#texture4"},
				"down": {"uv": [7, 7, 8, 9], "texture": "#texture4"}
			}
		},
		{
			"name": "Box99",
			"from": [6.125, 10.25, 4.75],
			"to": [8.625, 10.75, 6.75],
			"faces": {
				"north": {"uv": [9, 1.5, 11.5, 2], "texture": "#texture4"},
				"east": {"uv": [7, 1.5, 9, 2], "texture": "#texture4"},
				"south": {"uv": [4.5, 1.5, 7, 2], "texture": "#texture4"},
				"west": {"uv": [7, 1.5, 9, 2], "texture": "#texture4"},
				"up": {"uv": [4.5, 7, 7, 9], "texture": "#texture4"},
				"down": {"uv": [4.5, 7, 7, 9], "texture": "#texture4"}
			}
		},
		{
			"name": "Box100",
			"from": [8.625, 10.5, 4.625],
			"to": [9.125, 11.5, 5.125],
			"faces": {
				"north": {"uv": [8.5, 0.75, 9, 1.75], "texture": "#texture4"},
				"east": {"uv": [8.625, 0.75, 9.125, 1.75], "texture": "#texture4"},
				"south": {"uv": [7, 0.75, 7.5, 1.75], "texture": "#texture4"},
				"west": {"uv": [6.875, 0.75, 7.375, 1.75], "texture": "#texture4"},
				"up": {"uv": [7, 6.875, 7.5, 7.375], "texture": "#texture4"},
				"down": {"uv": [7, 8.625, 7.5, 9.125], "texture": "#texture4"}
			}
		},
		{
			"name": "Box100",
			"from": [8.625, 10.5, 6.375],
			"to": [9.125, 11.5, 6.875],
			"faces": {
				"north": {"uv": [8.5, 0.75, 9, 1.75], "texture": "#texture4"},
				"east": {"uv": [6.875, 0.75, 7.375, 1.75], "texture": "#texture4"},
				"south": {"uv": [7, 0.75, 7.5, 1.75], "texture": "#texture4"},
				"west": {"uv": [8.625, 0.75, 9.125, 1.75], "texture": "#texture4"},
				"up": {"uv": [7, 8.625, 7.5, 9.125], "texture": "#texture4"},
				"down": {"uv": [7, 6.875, 7.5, 7.375], "texture": "#texture4"}
			}
		},
		{
			"name": "Box102",
			"from": [8.125, 10.5, 4.625],
			"to": [8.625, 12, 5.125],
			"faces": {
				"north": {"uv": [9, 0.25, 9.5, 1.75], "texture": "#texture4"},
				"east": {"uv": [8.625, 0.25, 9.125, 1.75], "texture": "#texture4"},
				"south": {"uv": [6.5, 0.25, 7, 1.75], "texture": "#texture4"},
				"west": {"uv": [6.875, 0.25, 7.375, 1.75], "texture": "#texture4"},
				"up": {"uv": [6.5, 6.875, 7, 7.375], "texture": "#texture4"},
				"down": {"uv": [6.5, 8.625, 7, 9.125], "texture": "#texture4"}
			}
		},
		{
			"name": "Box102",
			"from": [8.125, 10.5, 6.375],
			"to": [8.625, 12, 6.875],
			"faces": {
				"north": {"uv": [9, 0.25, 9.5, 1.75], "texture": "#texture4"},
				"east": {"uv": [6.875, 0.25, 7.375, 1.75], "texture": "#texture4"},
				"south": {"uv": [6.5, 0.25, 7, 1.75], "texture": "#texture4"},
				"west": {"uv": [8.625, 0.25, 9.125, 1.75], "texture": "#texture4"},
				"up": {"uv": [6.5, 8.625, 7, 9.125], "texture": "#texture4"},
				"down": {"uv": [6.5, 6.875, 7, 7.375], "texture": "#texture4"}
			}
		},
		{
			"name": "Box104",
			"from": [7.125, 12, 4.75],
			"to": [8.625, 12.5, 6.75],
			"faces": {
				"north": {"uv": [9, 0, 10.5, 0.25], "texture": "#texture4"},
				"east": {"uv": [7, 0, 9, 0.25], "texture": "#texture4"},
				"south": {"uv": [5.5, 0, 7, 0.25], "texture": "#texture4"},
				"west": {"uv": [7, 0, 9, 0.25], "texture": "#texture4"},
				"up": {"uv": [5.5, 7, 7, 9], "texture": "#texture4"},
				"down": {"uv": [5.5, 7, 7, 9], "texture": "#texture4"}
			}
		},
		{
			"name": "Box105",
			"from": [8.125, 10.5, 5],
			"to": [9.625, 11, 6.5],
			"faces": {
				"north": {"uv": [8, 1.25, 9.5, 1.75], "texture": "#texture4"},
				"east": {"uv": [7.25, 1.25, 8.75, 1.75], "texture": "#texture4"},
				"south": {"uv": [6.5, 1.25, 8, 1.75], "texture": "#texture4"},
				"west": {"uv": [7.25, 1.25, 8.75, 1.75], "texture": "#texture4"},
				"up": {"uv": [6.5, 7.25, 8, 8.75], "texture": "#texture4"},
				"down": {"uv": [6.5, 7.25, 8, 8.75], "texture": "#texture4"}
			}
		},
		{
			"name": "Box106",
			"from": [7.125, 10.5, 4.625],
			"to": [8.125, 12.5, 5.125],
			"faces": {
				"north": {"uv": [9.5, 0, 10.5, 1.75], "texture": "#texture4"},
				"east": {"uv": [8.625, 0, 9.125, 1.75], "texture": "#texture4"},
				"south": {"uv": [5.5, 0, 6.5, 1.75], "texture": "#texture4"},
				"west": {"uv": [6.875, 0, 7.375, 1.75], "texture": "#texture4"},
				"up": {"uv": [5.5, 6.875, 6.5, 7.375], "texture": "#texture4"},
				"down": {"uv": [5.5, 8.625, 6.5, 9.125], "texture": "#texture4"}
			}
		},
		{
			"name": "Box106",
			"from": [7.125, 10.5, 6.375],
			"to": [8.125, 12.5, 6.875],
			"faces": {
				"north": {"uv": [9.5, 0, 10.5, 1.75], "texture": "#texture4"},
				"east": {"uv": [6.875, 0, 7.375, 1.75], "texture": "#texture4"},
				"south": {"uv": [5.5, 0, 6.5, 1.75], "texture": "#texture4"},
				"west": {"uv": [8.625, 0, 9.125, 1.75], "texture": "#texture4"},
				"up": {"uv": [5.5, 8.625, 6.5, 9.125], "texture": "#texture4"},
				"down": {"uv": [5.5, 6.875, 6.5, 7.375], "texture": "#texture4"}
			}
		},
		{
			"name": "Box108",
			"from": [6.125, 10.5, 5],
			"to": [8.125, 11, 6.5],
			"faces": {
				"north": {"uv": [9.5, 1.25, 11.5, 1.75], "texture": "#texture4"},
				"east": {"uv": [7.25, 1.25, 8.75, 1.75], "texture": "#texture4"},
				"south": {"uv": [4.5, 1.25, 6.5, 1.75], "texture": "#texture4"},
				"west": {"uv": [7.25, 1.25, 8.75, 1.75], "texture": "#texture4"},
				"up": {"uv": [4.5, 7.25, 6.5, 8.75], "texture": "#texture4"},
				"down": {"uv": [4.5, 7.25, 6.5, 8.75], "texture": "#texture4"}
			}
		},
		{
			"name": "Box109",
			"from": [5.125, 9.75, 5.25],
			"to": [6.125, 10.75, 6.25],
			"faces": {
				"north": {"uv": [11.5, 1.5, 12.5, 2.5], "texture": "#texture4"},
				"east": {"uv": [7.5, 1.5, 8.5, 2.5], "texture": "#texture4"},
				"south": {"uv": [3.5, 1.5, 4.5, 2.5], "texture": "#texture4"},
				"west": {"uv": [7.5, 1.5, 8.5, 2.5], "texture": "#texture4"},
				"up": {"uv": [3.5, 7.5, 4.5, 8.5], "texture": "#texture4"},
				"down": {"uv": [3.5, 7.5, 4.5, 8.5], "texture": "#texture4"}
			}
		},
		{
			"name": "Box110",
			"from": [5.625, 9.75, 4.75],
			"to": [6.125, 10.75, 6.75],
			"faces": {
				"north": {"uv": [11.5, 1.5, 12, 2.5], "texture": "#texture4"},
				"east": {"uv": [7, 1.5, 9, 2.5], "texture": "#texture4"},
				"south": {"uv": [4, 1.5, 4.5, 2.5], "texture": "#texture4"},
				"west": {"uv": [7, 1.5, 9, 2.5], "texture": "#texture4"},
				"up": {"uv": [4, 7, 4.5, 9], "texture": "#texture4"},
				"down": {"uv": [4, 7, 4.5, 9], "texture": "#texture4"}
			}
		},
		{
			"name": "Box111",
			"from": [6.125, 9.75, 4.75],
			"to": [7.625, 10.25, 5.25],
			"faces": {
				"north": {"uv": [10, 2, 11.5, 2.5], "texture": "#texture4"},
				"east": {"uv": [8.5, 2, 9, 2.5], "texture": "#texture4"},
				"south": {"uv": [4.5, 2, 6, 2.5], "texture": "#texture4"},
				"west": {"uv": [7, 2, 7.5, 2.5], "texture": "#texture4"},
				"up": {"uv": [4.5, 7, 6, 7.5], "texture": "#texture4"},
				"down": {"uv": [4.5, 8.5, 6, 9], "texture": "#texture4"}
			}
		},
		{
			"name": "Box111",
			"from": [6.125, 9.75, 6.25],
			"to": [7.625, 10.25, 6.75],
			"faces": {
				"north": {"uv": [10, 2, 11.5, 2.5], "texture": "#texture4"},
				"east": {"uv": [7, 2, 7.5, 2.5], "texture": "#texture4"},
				"south": {"uv": [4.5, 2, 6, 2.5], "texture": "#texture4"},
				"west": {"uv": [8.5, 2, 9, 2.5], "texture": "#texture4"},
				"up": {"uv": [4.5, 8.5, 6, 9], "texture": "#texture4"},
				"down": {"uv": [4.5, 7, 6, 7.5], "texture": "#texture4"}
			}
		},
		{
			"name": "Box113",
			"from": [7.75, 11.25, 5.6375],
			"to": [7.8125, 11.3125, 5.825],
			"faces": {
				"north": {"uv": [1.5, 7.5, 2, 8], "texture": "#texture5"},
				"east": {"uv": [7, 7.5, 8.5, 8], "texture": "#texture5"},
				"south": {"uv": [14, 7.5, 14.5, 8], "texture": "#texture5"},
				"west": {"uv": [7.5, 7.5, 9, 8], "texture": "#texture5"},
				"up": {"uv": [7, 14, 8.5, 14.5], "rotation": 270, "texture": "#texture5"},
				"down": {"uv": [7, 1.5, 8.5, 2], "rotation": 90, "texture": "#texture5"}
			}
		},
		{
			"name": "Box114",
			"from": [7.75, 11.3125, 5.825],
			"to": [7.8125, 11.375, 5.8875],
			"faces": {
				"north": {"uv": [1.5, 7, 2, 7.5], "texture": "#texture5"},
				"east": {"uv": [6.5, 7, 7, 7.5], "texture": "#texture5"},
				"south": {"uv": [14, 7, 14.5, 7.5], "texture": "#texture5"},
				"west": {"uv": [9, 7, 9.5, 7.5], "texture": "#texture5"},
				"up": {"uv": [6.5, 14, 7, 14.5], "rotation": 270, "texture": "#texture5"},
				"down": {"uv": [6.5, 1.5, 7, 2], "rotation": 90, "texture": "#texture5"}
			}
		},
		{
			"name": "Box114",
			"from": [7.75, 11.3125, 5.575],
			"to": [7.8125, 11.375, 5.6375],
			"faces": {
				"north": {"uv": [1.5, 7, 2, 7.5], "texture": "#texture5"},
				"east": {"uv": [8.5, 7, 9, 7.5], "texture": "#texture5"},
				"south": {"uv": [14, 7, 14.5, 7.5], "texture": "#texture5"},
				"west": {"uv": [7, 7, 7.5, 7.5], "texture": "#texture5"},
				"up": {"uv": [8.5, 14, 9, 14.5], "rotation": 270, "texture": "#texture5"},
				"down": {"uv": [8.5, 1.5, 9, 2], "rotation": 90, "texture": "#texture5"}
			}
		},
		{
			"name": "Box116",
			"from": [7.75, 11.375, 5.8875],
			"to": [7.8125, 11.5625, 5.95],
			"faces": {
				"north": {"uv": [1.5, 5.5, 2, 7], "texture": "#texture5"},
				"east": {"uv": [6, 5.5, 6.5, 7], "texture": "#texture5"},
				"south": {"uv": [14, 5.5, 14.5, 7], "texture": "#texture5"},
				"west": {"uv": [9.5, 5.5, 10, 7], "texture": "#texture5"},
				"up": {"uv": [6, 14, 6.5, 14.5], "rotation": 270, "texture": "#texture5"},
				"down": {"uv": [6, 1.5, 6.5, 2], "rotation": 90, "texture": "#texture5"}
			}
		},
		{
			"name": "Box116",
			"from": [7.75, 11.375, 5.5125],
			"to": [7.8125, 11.5625, 5.575],
			"faces": {
				"north": {"uv": [1.5, 5.5, 2, 7], "texture": "#texture5"},
				"east": {"uv": [9, 5.5, 9.5, 7], "texture": "#texture5"},
				"south": {"uv": [14, 5.5, 14.5, 7], "texture": "#texture5"},
				"west": {"uv": [6.5, 5.5, 7, 7], "texture": "#texture5"},
				"up": {"uv": [9, 14, 9.5, 14.5], "rotation": 270, "texture": "#texture5"},
				"down": {"uv": [9, 1.5, 9.5, 2], "rotation": 90, "texture": "#texture5"}
			}
		},
		{
			"name": "Box113",
			"from": [7.75, 11.625, 5.6375],
			"to": [7.8125, 11.6875, 5.825],
			"faces": {
				"north": {"uv": [1.5, 4.5, 2, 5], "texture": "#texture5"},
				"east": {"uv": [7, 4.5, 8.5, 5], "texture": "#texture5"},
				"south": {"uv": [14, 4.5, 14.5, 5], "texture": "#texture5"},
				"west": {"uv": [7.5, 4.5, 9, 5], "texture": "#texture5"},
				"up": {"uv": [7, 14, 8.5, 14.5], "rotation": 270, "texture": "#texture5"},
				"down": {"uv": [7, 1.5, 8.5, 2], "rotation": 90, "texture": "#texture5"}
			}
		},
		{
			"name": "Box114",
			"from": [7.75, 11.5625, 5.825],
			"to": [7.8125, 11.625, 5.8875],
			"faces": {
				"north": {"uv": [1.5, 5, 2, 5.5], "texture": "#texture5"},
				"east": {"uv": [6.5, 5, 7, 5.5], "texture": "#texture5"},
				"south": {"uv": [14, 5, 14.5, 5.5], "texture": "#texture5"},
				"west": {"uv": [9, 5, 9.5, 5.5], "texture": "#texture5"},
				"up": {"uv": [6.5, 14, 7, 14.5], "rotation": 270, "texture": "#texture5"},
				"down": {"uv": [6.5, 1.5, 7, 2], "rotation": 90, "texture": "#texture5"}
			}
		},
		{
			"name": "Box114",
			"from": [7.75, 11.5625, 5.575],
			"to": [7.8125, 11.625, 5.6375],
			"faces": {
				"north": {"uv": [1.5, 5, 2, 5.5], "texture": "#texture5"},
				"east": {"uv": [8.5, 5, 9, 5.5], "texture": "#texture5"},
				"south": {"uv": [14, 5, 14.5, 5.5], "texture": "#texture5"},
				"west": {"uv": [7, 5, 7.5, 5.5], "texture": "#texture5"},
				"up": {"uv": [8.5, 14, 9, 14.5], "rotation": 270, "texture": "#texture5"},
				"down": {"uv": [8.5, 1.5, 9, 2], "rotation": 90, "texture": "#texture5"}
			}
		},
		{
			"name": "Box121",
			"from": [7.75, 11.4375, 5.7],
			"to": [7.8125, 11.5, 5.7625],
			"faces": {
				"north": {"uv": [1.5, 6, 2, 6.5], "texture": "#texture5"},
				"east": {"uv": [7.5, 6, 8, 6.5], "texture": "#texture5"},
				"south": {"uv": [14, 6, 14.5, 6.5], "texture": "#texture5"},
				"west": {"uv": [8, 6, 8.5, 6.5], "texture": "#texture5"},
				"up": {"uv": [7.5, 14, 8, 14.5], "rotation": 270, "texture": "#texture5"},
				"down": {"uv": [7.5, 1.5, 8, 2], "rotation": 90, "texture": "#texture5"}
			}
		},
		{
			"name": "Box124",
			"from": [7.75, 11.4375, 5.45],
			"to": [7.8125, 11.5, 5.5125],
			"faces": {
				"north": {"uv": [1.5, 6, 2, 6.5], "texture": "#texture5"},
				"east": {"uv": [9.5, 6, 10, 6.5], "texture": "#texture5"},
				"south": {"uv": [14, 6, 14.5, 6.5], "texture": "#texture5"},
				"west": {"uv": [6, 6, 6.5, 6.5], "texture": "#texture5"},
				"up": {"uv": [9.5, 14, 10, 14.5], "rotation": 270, "texture": "#texture5"},
				"down": {"uv": [9.5, 1.5, 10, 2], "rotation": 90, "texture": "#texture5"}
			}
		},
		{
			"name": "Box124",
			"from": [7.75, 11.4375, 5.95],
			"to": [7.8125, 11.5, 6.0125],
			"faces": {
				"north": {"uv": [1.5, 6, 2, 6.5], "texture": "#texture5"},
				"east": {"uv": [5.5, 6, 6, 6.5], "texture": "#texture5"},
				"south": {"uv": [14, 6, 14.5, 6.5], "texture": "#texture5"},
				"west": {"uv": [10, 6, 10.5, 6.5], "texture": "#texture5"},
				"up": {"uv": [5.5, 14, 6, 14.5], "rotation": 270, "texture": "#texture5"},
				"down": {"uv": [5.5, 1.5, 6, 2], "rotation": 90, "texture": "#texture5"}
			}
		},
		{
			"name": "Box124",
			"from": [7.75, 11.6875, 5.7],
			"to": [7.8125, 11.75, 5.7625],
			"faces": {
				"north": {"uv": [1.5, 4, 2, 4.5], "texture": "#texture5"},
				"east": {"uv": [7.5, 4, 8, 4.5], "texture": "#texture5"},
				"south": {"uv": [14, 4, 14.5, 4.5], "texture": "#texture5"},
				"west": {"uv": [8, 4, 8.5, 4.5], "texture": "#texture5"},
				"up": {"uv": [7.5, 14, 8, 14.5], "rotation": 270, "texture": "#texture5"},
				"down": {"uv": [7.5, 1.5, 8, 2], "rotation": 90, "texture": "#texture5"}
			}
		},
		{
			"name": "Box124",
			"from": [7.75, 11.1875, 5.7],
			"to": [7.8125, 11.25, 5.7625],
			"faces": {
				"north": {"uv": [1.5, 8, 2, 8.5], "texture": "#texture5"},
				"east": {"uv": [7.5, 8, 8, 8.5], "texture": "#texture5"},
				"south": {"uv": [14, 8, 14.5, 8.5], "texture": "#texture5"},
				"west": {"uv": [8, 8, 8.5, 8.5], "texture": "#texture5"},
				"up": {"uv": [7.5, 14, 8, 14.5], "rotation": 270, "texture": "#texture5"},
				"down": {"uv": [7.5, 1.5, 8, 2], "rotation": 90, "texture": "#texture5"}
			}
		},
		{
			"name": "Box1",
			"from": [-11.5, 6, 5],
			"to": [4, 6.5, 6.5],
			"faces": {
				"north": {"uv": [12, 9.5, 16, 10], "texture": "#texture1"},
				"east": {"uv": [9.5, 9.5, 11, 10], "texture": "#texture1"},
				"south": {"uv": [0, 9.5, 4, 10], "texture": "#texture1"},
				"west": {"uv": [5, 9.5, 6.5, 10], "texture": "#texture1"},
				"up": {"uv": [0, 5, 4, 6.5], "texture": "#texture1"},
				"down": {"uv": [0, 9.5, 4, 11], "texture": "#texture1"}
			}
		},
		{
			"name": "Box1",
			"from": [-11.5, 9, 5],
			"to": [4, 9.5, 6.5],
			"faces": {
				"north": {"uv": [12, 6.5, 16, 7], "texture": "#texture1"},
				"east": {"uv": [9.5, 6.5, 11, 7], "texture": "#texture1"},
				"south": {"uv": [0, 6.5, 4, 7], "texture": "#texture1"},
				"west": {"uv": [5, 6.5, 6.5, 7], "texture": "#texture1"},
				"up": {"uv": [0, 5, 4, 6.5], "texture": "#texture1"},
				"down": {"uv": [0, 9.5, 4, 11], "texture": "#texture1"}
			}
		},
		{
			"name": "Box3",
			"from": [-11.5, 6.5, 5],
			"to": [4, 7.5, 6],
			"rotation": {"angle": -22.5, "axis": "x", "origin": [-11.5, 6.5, 5]},
			"faces": {
				"north": {"uv": [12, 8.5, 16, 9.5], "texture": "#texture1"},
				"east": {"uv": [10, 8.5, 11, 9.5], "texture": "#texture1"},
				"south": {"uv": [0, 8.5, 4, 9.5], "texture": "#texture1"},
				"west": {"uv": [5, 8.5, 6, 9.5], "texture": "#texture1"},
				"up": {"uv": [0, 5, 4, 6], "texture": "#texture1"},
				"down": {"uv": [0, 10, 4, 11], "texture": "#texture1"}
			}
		},
		{
			"name": "Box3",
			"from": [-11.5, 6.5, 5.5],
			"to": [4, 7.5, 6.5],
			"rotation": {"angle": 22.5, "axis": "x", "origin": [4, 6.5, 6.5]},
			"faces": {
				"north": {"uv": [0, 8.5, 4, 9.5], "texture": "#texture3"},
				"east": {"uv": [5, 8.5, 6, 9.5], "texture": "#texture3"},
				"south": {"uv": [12, 8.5, 16, 9.5], "texture": "#texture3"},
				"west": {"uv": [10, 8.5, 11, 9.5], "texture": "#texture3"},
				"up": {"uv": [0, 5, 4, 6], "rotation": 180, "texture": "#texture3"},
				"down": {"uv": [0, 10, 4, 11], "rotation": 180, "texture": "#texture3"}
			}
		},
		{
			"name": "Box5",
			"from": [-11.5, 6.5, 5],
			"to": [4, 7.5, 6.5],
			"faces": {
				"north": {"uv": [12, 8.5, 16, 9.5], "texture": "#texture3"},
				"east": {"uv": [9.5, 8.5, 11, 9.5], "texture": "#texture3"},
				"south": {"uv": [0, 8.5, 4, 9.5], "texture": "#texture3"},
				"west": {"uv": [5, 8.5, 6.5, 9.5], "texture": "#texture3"},
				"up": {"uv": [0, 5, 4, 6.5], "texture": "#texture3"},
				"down": {"uv": [0, 9.5, 4, 11], "texture": "#texture3"}
			}
		},
		{
			"name": "Box13",
			"from": [-11.5, 7.375, 5.875],
			"to": [4, 8.875, 6.875],
			"rotation": {"angle": -22.5, "axis": "x", "origin": [4, 7.375, 6.875]},
			"faces": {
				"north": {"uv": [0, 7.5, 4, 8.5], "texture": "#texture3"},
				"east": {"uv": [6, 7.5, 7, 8.5], "texture": "#texture3"},
				"south": {"uv": [12, 7.5, 16, 8.5], "texture": "#texture3"},
				"west": {"uv": [9, 7.5, 10, 8.5], "texture": "#texture3"},
				"up": {"uv": [0, 6, 4, 7], "rotation": 180, "texture": "#texture3"},
				"down": {"uv": [0, 9, 4, 10], "rotation": 180, "texture": "#texture3"}
			}
		},
		{
			"name": "Box15",
			"from": [-11.5, 7.375, 4.625],
			"to": [4, 8.875, 5.625],
			"rotation": {"angle": 22.5, "axis": "x", "origin": [-11.5, 7.375, 4.625]},
			"faces": {
				"north": {"uv": [12, 7, 16, 8.5], "texture": "#texture1"},
				"east": {"uv": [10.5, 7, 11.5, 8.5], "texture": "#texture1"},
				"south": {"uv": [0, 7, 4, 8.5], "texture": "#texture1"},
				"west": {"uv": [4.5, 7, 5.5, 8.5], "texture": "#texture1"},
				"up": {"uv": [0, 4.5, 4, 5.5], "texture": "#texture1"},
				"down": {"uv": [0, 10.5, 4, 11.5], "texture": "#texture1"}
			}
		},
		{
			"name": "Box8",
			"from": [-11.5, 8, 5],
			"to": [4, 9, 6.5],
			"faces": {
				"north": {"uv": [12, 7, 16, 8], "texture": "#texture1"},
				"east": {"uv": [9.5, 7, 11, 8], "texture": "#texture1"},
				"south": {"uv": [0, 7, 4, 8], "texture": "#texture1"},
				"west": {"uv": [5, 7, 6.5, 8], "texture": "#texture1"},
				"up": {"uv": [0, 5, 4, 6.5], "texture": "#texture1"},
				"down": {"uv": [0, 9.5, 4, 11], "texture": "#texture1"}
			}
		},
		{
			"name": "Box9",
			"from": [-13.5, 7.125, 5.25],
			"to": [-11.5, 8.125, 6.25],
			"faces": {
				"north": {"uv": [11.5, 7.875, 13.5, 8.875], "texture": "#texture1"},
				"east": {"uv": [9.75, 7.875, 10.75, 8.875], "texture": "#texture1"},
				"south": {"uv": [2.5, 7.875, 4.5, 8.875], "texture": "#texture1"},
				"west": {"uv": [5.25, 7.875, 6.25, 8.875], "texture": "#texture1"},
				"up": {"uv": [2.5, 5.25, 4.5, 6.25], "texture": "#texture1"},
				"down": {"uv": [2.5, 9.75, 4.5, 10.75], "texture": "#texture1"}
			}
		},
		{
			"name": "Box10",
			"from": [-15.5, 6.875, 5],
			"to": [-13.5, 7.375, 5.5],
			"faces": {
				"north": {"uv": [13.5, 8.625, 15.5, 9.125], "texture": "#texture1"},
				"east": {"uv": [10.5, 8.625, 11, 9.125], "texture": "#texture1"},
				"south": {"uv": [0.5, 8.625, 2.5, 9.125], "texture": "#texture1"},
				"west": {"uv": [5, 8.625, 5.5, 9.125], "texture": "#texture1"},
				"up": {"uv": [0.5, 5, 2.5, 5.5], "texture": "#texture1"},
				"down": {"uv": [0.5, 10.5, 2.5, 11], "texture": "#texture1"}
			}
		},
		{
			"name": "Box11",
			"from": [-15.5, 7.375, 5],
			"to": [-15, 7.875, 5.5],
			"faces": {
				"north": {"uv": [15, 8.125, 15.5, 8.625], "texture": "#texture1"},
				"east": {"uv": [10.5, 8.125, 11, 8.625], "texture": "#texture1"},
				"south": {"uv": [0.5, 8.125, 1, 8.625], "texture": "#texture1"},
				"west": {"uv": [5, 8.125, 5.5, 8.625], "texture": "#texture1"},
				"up": {"uv": [0.5, 5, 1, 5.5], "texture": "#texture1"},
				"down": {"uv": [0.5, 10.5, 1, 11], "texture": "#texture1"}
			}
		},
		{
			"name": "Box11",
			"from": [-14, 7.375, 5],
			"to": [-13.5, 7.875, 5.5],
			"faces": {
				"north": {"uv": [13.5, 8.125, 14, 8.625], "texture": "#texture1"},
				"east": {"uv": [10.5, 8.125, 11, 8.625], "texture": "#texture1"},
				"south": {"uv": [2, 8.125, 2.5, 8.625], "texture": "#texture1"},
				"west": {"uv": [5, 8.125, 5.5, 8.625], "texture": "#texture1"},
				"up": {"uv": [2, 5, 2.5, 5.5], "texture": "#texture1"},
				"down": {"uv": [2, 10.5, 2.5, 11], "texture": "#texture1"}
			}
		},
		{
			"name": "Box10",
			"from": [-15.5, 6.875, 6],
			"to": [-13.5, 7.375, 6.5],
			"faces": {
				"north": {"uv": [13.5, 8.625, 15.5, 9.125], "texture": "#texture1"},
				"east": {"uv": [9.5, 8.625, 10, 9.125], "texture": "#texture1"},
				"south": {"uv": [0.5, 8.625, 2.5, 9.125], "texture": "#texture1"},
				"west": {"uv": [6, 8.625, 6.5, 9.125], "texture": "#texture1"},
				"up": {"uv": [0.5, 6, 2.5, 6.5], "texture": "#texture1"},
				"down": {"uv": [0.5, 9.5, 2.5, 10], "texture": "#texture1"}
			}
		},
		{
			"name": "Box11",
			"from": [-14, 7.375, 6],
			"to": [-13.5, 7.875, 6.5],
			"faces": {
				"north": {"uv": [13.5, 8.125, 14, 8.625], "texture": "#texture1"},
				"east": {"uv": [9.5, 8.125, 10, 8.625], "texture": "#texture1"},
				"south": {"uv": [2, 8.125, 2.5, 8.625], "texture": "#texture1"},
				"west": {"uv": [6, 8.125, 6.5, 8.625], "texture": "#texture1"},
				"up": {"uv": [2, 6, 2.5, 6.5], "texture": "#texture1"},
				"down": {"uv": [2, 9.5, 2.5, 10], "texture": "#texture1"}
			}
		},
		{
			"name": "Box11",
			"from": [-15.5, 7.375, 6],
			"to": [-15, 7.875, 6.5],
			"faces": {
				"north": {"uv": [15, 8.125, 15.5, 8.625], "texture": "#texture1"},
				"east": {"uv": [9.5, 8.125, 10, 8.625], "texture": "#texture1"},
				"south": {"uv": [0.5, 8.125, 1, 8.625], "texture": "#texture1"},
				"west": {"uv": [6, 8.125, 6.5, 8.625], "texture": "#texture1"},
				"up": {"uv": [0.5, 6, 1, 6.5], "texture": "#texture1"},
				"down": {"uv": [0.5, 9.5, 1, 10], "texture": "#texture1"}
			}
		},
		{
			"name": "Box16",
			"from": [-15.5, 7.875, 5],
			"to": [-13.5, 8.375, 5.5],
			"faces": {
				"north": {"uv": [13.5, 7.625, 15.5, 8.125], "texture": "#texture1"},
				"east": {"uv": [10.5, 7.625, 11, 8.125], "texture": "#texture1"},
				"south": {"uv": [0.5, 7.625, 2.5, 8.125], "texture": "#texture1"},
				"west": {"uv": [5, 7.625, 5.5, 8.125], "texture": "#texture1"},
				"up": {"uv": [0.5, 5, 2.5, 5.5], "texture": "#texture1"},
				"down": {"uv": [0.5, 10.5, 2.5, 11], "texture": "#texture1"}
			}
		},
		{
			"name": "Box16",
			"from": [-15.5, 7.875, 6],
			"to": [-13.5, 8.375, 6.5],
			"faces": {
				"north": {"uv": [13.5, 7.625, 15.5, 8.125], "texture": "#texture1"},
				"east": {"uv": [9.5, 7.625, 10, 8.125], "texture": "#texture1"},
				"south": {"uv": [0.5, 7.625, 2.5, 8.125], "texture": "#texture1"},
				"west": {"uv": [6, 7.625, 6.5, 8.125], "texture": "#texture1"},
				"up": {"uv": [0.5, 6, 2.5, 6.5], "texture": "#texture1"},
				"down": {"uv": [0.5, 9.5, 2.5, 10], "texture": "#texture1"}
			}
		},
		{
			"name": "Box11",
			"from": [-14, 7.375, 5.5],
			"to": [-13.5, 7.875, 6],
			"faces": {
				"north": {"uv": [13.5, 8.125, 14, 8.625], "texture": "#texture1"},
				"east": {"uv": [10, 8.125, 10.5, 8.625], "texture": "#texture1"},
				"south": {"uv": [2, 8.125, 2.5, 8.625], "texture": "#texture1"},
				"west": {"uv": [5.5, 8.125, 6, 8.625], "texture": "#texture1"},
				"up": {"uv": [2, 5.5, 2.5, 6], "texture": "#texture1"},
				"down": {"uv": [2, 10, 2.5, 10.5], "texture": "#texture1"}
			}
		},
		{
			"name": "Box11",
			"from": [-14, 7.875, 5.5],
			"to": [-13.5, 8.375, 6],
			"faces": {
				"north": {"uv": [13.5, 7.625, 14, 8.125], "texture": "#texture1"},
				"east": {"uv": [10, 7.625, 10.5, 8.125], "texture": "#texture1"},
				"south": {"uv": [2, 7.625, 2.5, 8.125], "texture": "#texture1"},
				"west": {"uv": [5.5, 7.625, 6, 8.125], "texture": "#texture1"},
				"up": {"uv": [2, 5.5, 2.5, 6], "texture": "#texture1"},
				"down": {"uv": [2, 10, 2.5, 10.5], "texture": "#texture1"}
			}
		},
		{
			"name": "Box11",
			"from": [-15.5, 7.875, 5.5],
			"to": [-15, 8.375, 6],
			"faces": {
				"north": {"uv": [15, 7.625, 15.5, 8.125], "texture": "#texture1"},
				"east": {"uv": [10, 7.625, 10.5, 8.125], "texture": "#texture1"},
				"south": {"uv": [0.5, 7.625, 1, 8.125], "texture": "#texture1"},
				"west": {"uv": [5.5, 7.625, 6, 8.125], "texture": "#texture1"},
				"up": {"uv": [0.5, 5.5, 1, 6], "texture": "#texture1"},
				"down": {"uv": [0.5, 10, 1, 10.5], "texture": "#texture1"}
			}
		},
		{
			"name": "Box11",
			"from": [-14, 6.875, 5.5],
			"to": [-13.5, 7.375, 6],
			"faces": {
				"north": {"uv": [13.5, 8.625, 14, 9.125], "texture": "#texture1"},
				"east": {"uv": [10, 8.625, 10.5, 9.125], "texture": "#texture1"},
				"south": {"uv": [2, 8.625, 2.5, 9.125], "texture": "#texture1"},
				"west": {"uv": [5.5, 8.625, 6, 9.125], "texture": "#texture1"},
				"up": {"uv": [2, 5.5, 2.5, 6], "texture": "#texture1"},
				"down": {"uv": [2, 10, 2.5, 10.5], "texture": "#texture1"}
			}
		},
		{
			"name": "Box11",
			"from": [-15.5, 6.875, 5.5],
			"to": [-15, 7.375, 6],
			"faces": {
				"north": {"uv": [15, 8.625, 15.5, 9.125], "texture": "#texture1"},
				"east": {"uv": [10, 8.625, 10.5, 9.125], "texture": "#texture1"},
				"south": {"uv": [0.5, 8.625, 1, 9.125], "texture": "#texture1"},
				"west": {"uv": [5.5, 8.625, 6, 9.125], "texture": "#texture1"},
				"up": {"uv": [0.5, 5.5, 1, 6], "texture": "#texture1"},
				"down": {"uv": [0.5, 10, 1, 10.5], "texture": "#texture1"}
			}
		},
		{
			"name": "Box23",
			"from": [-11, 5.75, 5.25],
			"to": [3.5, 6.25, 6.25],
			"faces": {
				"north": {"uv": [12.5, 9.75, 16, 10.25], "texture": "#texture1"},
				"east": {"uv": [9.75, 9.75, 10.75, 10.25], "texture": "#texture1"},
				"south": {"uv": [0, 9.75, 3.5, 10.25], "texture": "#texture1"},
				"west": {"uv": [5.25, 9.75, 6.25, 10.25], "texture": "#texture1"},
				"up": {"uv": [0, 5.25, 3.5, 6.25], "texture": "#texture1"},
				"down": {"uv": [0, 9.75, 3.5, 10.75], "texture": "#texture1"}
			}
		},
		{
			"name": "Box23",
			"from": [-11, 9.25, 5.25],
			"to": [3.5, 9.75, 6.25],
			"faces": {
				"north": {"uv": [12.5, 6.25, 16, 6.75], "texture": "#texture1"},
				"east": {"uv": [9.75, 6.25, 10.75, 6.75], "texture": "#texture1"},
				"south": {"uv": [0, 6.25, 3.5, 6.75], "texture": "#texture1"},
				"west": {"uv": [5.25, 6.25, 6.25, 6.75], "texture": "#texture1"},
				"up": {"uv": [0, 5.25, 3.5, 6.25], "texture": "#texture1"},
				"down": {"uv": [0, 9.75, 3.5, 10.75], "texture": "#texture1"}
			}
		},
		{
			"name": "Box25",
			"from": [-10.5, 8, 4.75],
			"to": [-9, 8.5, 6.75],
			"faces": {
				"north": {"uv": [9, 7.5, 10.5, 8], "texture": "#texture2"},
				"east": {"uv": [9.25, 7.5, 11.25, 8], "texture": "#texture2"},
				"south": {"uv": [5.5, 7.5, 7, 8], "texture": "#texture2"},
				"west": {"uv": [4.75, 7.5, 6.75, 8], "texture": "#texture2"},
				"up": {"uv": [5.5, 4.75, 7, 6.75], "texture": "#texture2"},
				"down": {"uv": [5.5, 9.25, 7, 11.25], "texture": "#texture2"}
			}
		},
		{
			"name": "Box25",
			"from": [-8, 8, 4.75],
			"to": [-6.5, 8.5, 6.75],
			"faces": {
				"north": {"uv": [6.5, 7.5, 8, 8], "texture": "#texture2"},
				"east": {"uv": [9.25, 7.5, 11.25, 8], "texture": "#texture2"},
				"south": {"uv": [8, 7.5, 9.5, 8], "texture": "#texture2"},
				"west": {"uv": [4.75, 7.5, 6.75, 8], "texture": "#texture2"},
				"up": {"uv": [8, 4.75, 9.5, 6.75], "texture": "#texture2"},
				"down": {"uv": [8, 9.25, 9.5, 11.25], "texture": "#texture2"}
			}
		},
		{
			"name": "Box25",
			"from": [-5.5, 8, 4.75],
			"to": [-4, 8.5, 6.75],
			"faces": {
				"north": {"uv": [4, 7.5, 5.5, 8], "texture": "#texture2"},
				"east": {"uv": [9.25, 7.5, 11.25, 8], "texture": "#texture2"},
				"south": {"uv": [10.5, 7.5, 12, 8], "texture": "#texture2"},
				"west": {"uv": [4.75, 7.5, 6.75, 8], "texture": "#texture2"},
				"up": {"uv": [10.5, 4.75, 12, 6.75], "texture": "#texture2"},
				"down": {"uv": [10.5, 9.25, 12, 11.25], "texture": "#texture2"}
			}
		},
		{
			"name": "Box25",
			"from": [-3, 8, 4.75],
			"to": [-1.5, 8.5, 6.75],
			"faces": {
				"north": {"uv": [1.5, 7.5, 3, 8], "texture": "#texture2"},
				"east": {"uv": [9.25, 7.5, 11.25, 8], "texture": "#texture2"},
				"south": {"uv": [13, 7.5, 14.5, 8], "texture": "#texture2"},
				"west": {"uv": [4.75, 7.5, 6.75, 8], "texture": "#texture2"},
				"up": {"uv": [13, 4.75, 14.5, 6.75], "texture": "#texture2"},
				"down": {"uv": [13, 9.25, 14.5, 11.25], "texture": "#texture2"}
			}
		},
		{
			"name": "Box25",
			"from": [-0.5, 8, 4.75],
			"to": [1, 8.5, 6.75],
			"faces": {
				"north": {"uv": [15, 7.5, 16, 8], "texture": "#texture2"},
				"east": {"uv": [9.25, 7.5, 11.25, 8], "texture": "#texture2"},
				"south": {"uv": [0, 7.5, 1, 8], "texture": "#texture2"},
				"west": {"uv": [4.75, 7.5, 6.75, 8], "texture": "#texture2"},
				"up": {"uv": [0, 4.75, 1, 6.75], "texture": "#texture2"},
				"down": {"uv": [0, 9.25, 1, 11.25], "texture": "#texture2"}
			}
		},
		{
			"name": "Box25",
			"from": [2, 8, 4.75],
			"to": [3.5, 8.5, 6.75],
			"faces": {
				"north": {"uv": [12.5, 7.5, 14, 8], "texture": "#texture2"},
				"east": {"uv": [9.25, 7.5, 11.25, 8], "texture": "#texture2"},
				"south": {"uv": [2, 7.5, 3.5, 8], "texture": "#texture2"},
				"west": {"uv": [4.75, 7.5, 6.75, 8], "texture": "#texture2"},
				"up": {"uv": [2, 4.75, 3.5, 6.75], "texture": "#texture2"},
				"down": {"uv": [2, 9.25, 3.5, 11.25], "texture": "#texture2"}
			}
		},
		{
			"name": "Box31",
			"from": [-10.5, 7, 4.5],
			"to": [4, 8, 5],
			"faces": {
				"north": {"uv": [12, 8, 16, 9], "texture": "#texture1"},
				"east": {"uv": [11, 8, 11.5, 9], "texture": "#texture1"},
				"south": {"uv": [0, 8, 4, 9], "texture": "#texture1"},
				"west": {"uv": [4.5, 8, 5, 9], "texture": "#texture1"},
				"up": {"uv": [0, 4.5, 4, 5], "texture": "#texture1"},
				"down": {"uv": [0, 11, 4, 11.5], "texture": "#texture1"}
			}
		},
		{
			"name": "Box31",
			"from": [-10.5, 7, 6.5],
			"to": [4, 8, 7],
			"faces": {
				"north": {"uv": [12, 8, 16, 9], "texture": "#texture1"},
				"east": {"uv": [9, 8, 9.5, 9], "texture": "#texture1"},
				"south": {"uv": [0, 8, 4, 9], "texture": "#texture1"},
				"west": {"uv": [6.5, 8, 7, 9], "texture": "#texture1"},
				"up": {"uv": [0, 6.5, 4, 7], "texture": "#texture1"},
				"down": {"uv": [0, 9, 4, 9.5], "texture": "#texture1"}
			}
		},
		{
			"name": "Box33",
			"from": [-10, 7.05, 6.75],
			"to": [-9.5, 7.95, 7.25],
			"faces": {
				"north": {"uv": [9.5, 8.05, 10, 8.95], "texture": "#texture1"},
				"east": {"uv": [8.75, 8.05, 9.25, 8.95], "texture": "#texture1"},
				"south": {"uv": [6, 8.05, 6.5, 8.95], "texture": "#texture1"},
				"west": {"uv": [6.75, 8.05, 7.25, 8.95], "texture": "#texture1"},
				"up": {"uv": [6, 6.75, 6.5, 7.25], "texture": "#texture1"},
				"down": {"uv": [6, 8.75, 6.5, 9.25], "texture": "#texture1"}
			}
		},
		{
			"name": "Box33",
			"from": [-8.5, 7.05, 6.75],
			"to": [-8, 7.95, 7.25],
			"faces": {
				"north": {"uv": [8, 8.05, 8.5, 8.95], "texture": "#texture1"},
				"east": {"uv": [8.75, 8.05, 9.25, 8.95], "texture": "#texture1"},
				"south": {"uv": [7.5, 8.05, 8, 8.95], "texture": "#texture1"},
				"west": {"uv": [6.75, 8.05, 7.25, 8.95], "texture": "#texture1"},
				"up": {"uv": [7.5, 6.75, 8, 7.25], "texture": "#texture1"},
				"down": {"uv": [7.5, 8.75, 8, 9.25], "texture": "#texture1"}
			}
		},
		{
			"name": "Box33",
			"from": [-7, 7.05, 6.75],
			"to": [-6.5, 7.95, 7.25],
			"faces": {
				"north": {"uv": [6.5, 8.05, 7, 8.95], "texture": "#texture1"},
				"east": {"uv": [8.75, 8.05, 9.25, 8.95], "texture": "#texture1"},
				"south": {"uv": [9, 8.05, 9.5, 8.95], "texture": "#texture1"},
				"west": {"uv": [6.75, 8.05, 7.25, 8.95], "texture": "#texture1"},
				"up": {"uv": [9, 6.75, 9.5, 7.25], "texture": "#texture1"},
				"down": {"uv": [9, 8.75, 9.5, 9.25], "texture": "#texture1"}
			}
		},
		{
			"name": "Box33",
			"from": [-5.5, 7.05, 6.75],
			"to": [-5, 7.95, 7.25],
			"faces": {
				"north": {"uv": [5, 8.05, 5.5, 8.95], "texture": "#texture1"},
				"east": {"uv": [8.75, 8.05, 9.25, 8.95], "texture": "#texture1"},
				"south": {"uv": [10.5, 8.05, 11, 8.95], "texture": "#texture1"},
				"west": {"uv": [6.75, 8.05, 7.25, 8.95], "texture": "#texture1"},
				"up": {"uv": [10.5, 6.75, 11, 7.25], "texture": "#texture1"},
				"down": {"uv": [10.5, 8.75, 11, 9.25], "texture": "#texture1"}
			}
		},
		{
			"name": "Box33",
			"from": [-4, 7.05, 6.75],
			"to": [-3.5, 7.95, 7.25],
			"faces": {
				"north": {"uv": [3.5, 8.05, 4, 8.95], "texture": "#texture1"},
				"east": {"uv": [8.75, 8.05, 9.25, 8.95], "texture": "#texture1"},
				"south": {"uv": [12, 8.05, 12.5, 8.95], "texture": "#texture1"},
				"west": {"uv": [6.75, 8.05, 7.25, 8.95], "texture": "#texture1"},
				"up": {"uv": [12, 6.75, 12.5, 7.25], "texture": "#texture1"},
				"down": {"uv": [12, 8.75, 12.5, 9.25], "texture": "#texture1"}
			}
		},
		{
			"name": "Box33",
			"from": [-2.5, 7.05, 6.75],
			"to": [-2, 7.95, 7.25],
			"faces": {
				"north": {"uv": [2, 8.05, 2.5, 8.95], "texture": "#texture1"},
				"east": {"uv": [8.75, 8.05, 9.25, 8.95], "texture": "#texture1"},
				"south": {"uv": [13.5, 8.05, 14, 8.95], "texture": "#texture1"},
				"west": {"uv": [6.75, 8.05, 7.25, 8.95], "texture": "#texture1"},
				"up": {"uv": [13.5, 6.75, 14, 7.25], "texture": "#texture1"},
				"down": {"uv": [13.5, 8.75, 14, 9.25], "texture": "#texture1"}
			}
		},
		{
			"name": "Box33",
			"from": [-1, 7.05, 6.75],
			"to": [-0.5, 7.95, 7.25],
			"faces": {
				"north": {"uv": [0.5, 8.05, 1, 8.95], "texture": "#texture1"},
				"east": {"uv": [8.75, 8.05, 9.25, 8.95], "texture": "#texture1"},
				"south": {"uv": [15, 8.05, 15.5, 8.95], "texture": "#texture1"},
				"west": {"uv": [6.75, 8.05, 7.25, 8.95], "texture": "#texture1"},
				"up": {"uv": [15, 6.75, 15.5, 7.25], "texture": "#texture1"},
				"down": {"uv": [15, 8.75, 15.5, 9.25], "texture": "#texture1"}
			}
		},
		{
			"name": "Box33",
			"from": [0.5, 7.05, 6.75],
			"to": [1, 7.95, 7.25],
			"faces": {
				"north": {"uv": [15, 8.05, 15.5, 8.95], "texture": "#texture1"},
				"east": {"uv": [8.75, 8.05, 9.25, 8.95], "texture": "#texture1"},
				"south": {"uv": [0.5, 8.05, 1, 8.95], "texture": "#texture1"},
				"west": {"uv": [6.75, 8.05, 7.25, 8.95], "texture": "#texture1"},
				"up": {"uv": [0.5, 6.75, 1, 7.25], "texture": "#texture1"},
				"down": {"uv": [0.5, 8.75, 1, 9.25], "texture": "#texture1"}
			}
		},
		{
			"name": "Box33",
			"from": [2, 7.05, 6.75],
			"to": [2.5, 7.95, 7.25],
			"faces": {
				"north": {"uv": [13.5, 8.05, 14, 8.95], "texture": "#texture1"},
				"east": {"uv": [8.75, 8.05, 9.25, 8.95], "texture": "#texture1"},
				"south": {"uv": [2, 8.05, 2.5, 8.95], "texture": "#texture1"},
				"west": {"uv": [6.75, 8.05, 7.25, 8.95], "texture": "#texture1"},
				"up": {"uv": [2, 6.75, 2.5, 7.25], "texture": "#texture1"},
				"down": {"uv": [2, 8.75, 2.5, 9.25], "texture": "#texture1"}
			}
		},
		{
			"name": "Box33",
			"from": [3.45, 7.05, 6.75],
			"to": [3.95, 7.95, 7.25],
			"faces": {
				"north": {"uv": [12.05, 8.05, 12.55, 8.95], "texture": "#texture1"},
				"east": {"uv": [8.75, 8.05, 9.25, 8.95], "texture": "#texture1"},
				"south": {"uv": [3.45, 8.05, 3.95, 8.95], "texture": "#texture1"},
				"west": {"uv": [6.75, 8.05, 7.25, 8.95], "texture": "#texture1"},
				"up": {"uv": [3.45, 6.75, 3.95, 7.25], "texture": "#texture1"},
				"down": {"uv": [3.45, 8.75, 3.95, 9.25], "texture": "#texture1"}
			}
		},
		{
			"name": "Box33",
			"from": [-10, 7.05, 4.25],
			"to": [-9.5, 7.95, 4.75],
			"faces": {
				"north": {"uv": [9.5, 8.05, 10, 8.95], "texture": "#texture1"},
				"east": {"uv": [11.25, 8.05, 11.75, 8.95], "texture": "#texture1"},
				"south": {"uv": [6, 8.05, 6.5, 8.95], "texture": "#texture1"},
				"west": {"uv": [4.25, 8.05, 4.75, 8.95], "texture": "#texture1"},
				"up": {"uv": [6, 4.25, 6.5, 4.75], "texture": "#texture1"},
				"down": {"uv": [6, 11.25, 6.5, 11.75], "texture": "#texture1"}
			}
		},
		{
			"name": "Box33",
			"from": [-8.5, 7.05, 4.25],
			"to": [-8, 7.95, 4.75],
			"faces": {
				"north": {"uv": [8, 8.05, 8.5, 8.95], "texture": "#texture1"},
				"east": {"uv": [11.25, 8.05, 11.75, 8.95], "texture": "#texture1"},
				"south": {"uv": [7.5, 8.05, 8, 8.95], "texture": "#texture1"},
				"west": {"uv": [4.25, 8.05, 4.75, 8.95], "texture": "#texture1"},
				"up": {"uv": [7.5, 4.25, 8, 4.75], "texture": "#texture1"},
				"down": {"uv": [7.5, 11.25, 8, 11.75], "texture": "#texture1"}
			}
		},
		{
			"name": "Box33",
			"from": [-7, 7.05, 4.25],
			"to": [-6.5, 7.95, 4.75],
			"faces": {
				"north": {"uv": [6.5, 8.05, 7, 8.95], "texture": "#texture1"},
				"east": {"uv": [11.25, 8.05, 11.75, 8.95], "texture": "#texture1"},
				"south": {"uv": [9, 8.05, 9.5, 8.95], "texture": "#texture1"},
				"west": {"uv": [4.25, 8.05, 4.75, 8.95], "texture": "#texture1"},
				"up": {"uv": [9, 4.25, 9.5, 4.75], "texture": "#texture1"},
				"down": {"uv": [9, 11.25, 9.5, 11.75], "texture": "#texture1"}
			}
		},
		{
			"name": "Box33",
			"from": [-5.5, 7.05, 4.25],
			"to": [-5, 7.95, 4.75],
			"faces": {
				"north": {"uv": [5, 8.05, 5.5, 8.95], "texture": "#texture1"},
				"east": {"uv": [11.25, 8.05, 11.75, 8.95], "texture": "#texture1"},
				"south": {"uv": [10.5, 8.05, 11, 8.95], "texture": "#texture1"},
				"west": {"uv": [4.25, 8.05, 4.75, 8.95], "texture": "#texture1"},
				"up": {"uv": [10.5, 4.25, 11, 4.75], "texture": "#texture1"},
				"down": {"uv": [10.5, 11.25, 11, 11.75], "texture": "#texture1"}
			}
		},
		{
			"name": "Box33",
			"from": [-4, 7.05, 4.25],
			"to": [-3.5, 7.95, 4.75],
			"faces": {
				"north": {"uv": [3.5, 8.05, 4, 8.95], "texture": "#texture1"},
				"east": {"uv": [11.25, 8.05, 11.75, 8.95], "texture": "#texture1"},
				"south": {"uv": [12, 8.05, 12.5, 8.95], "texture": "#texture1"},
				"west": {"uv": [4.25, 8.05, 4.75, 8.95], "texture": "#texture1"},
				"up": {"uv": [12, 4.25, 12.5, 4.75], "texture": "#texture1"},
				"down": {"uv": [12, 11.25, 12.5, 11.75], "texture": "#texture1"}
			}
		},
		{
			"name": "Box33",
			"from": [-2.5, 7.05, 4.25],
			"to": [-2, 7.95, 4.75],
			"faces": {
				"north": {"uv": [2, 8.05, 2.5, 8.95], "texture": "#texture1"},
				"east": {"uv": [11.25, 8.05, 11.75, 8.95], "texture": "#texture1"},
				"south": {"uv": [13.5, 8.05, 14, 8.95], "texture": "#texture1"},
				"west": {"uv": [4.25, 8.05, 4.75, 8.95], "texture": "#texture1"},
				"up": {"uv": [13.5, 4.25, 14, 4.75], "texture": "#texture1"},
				"down": {"uv": [13.5, 11.25, 14, 11.75], "texture": "#texture1"}
			}
		},
		{
			"name": "Box33",
			"from": [-1, 7.05, 4.25],
			"to": [-0.5, 7.95, 4.75],
			"faces": {
				"north": {"uv": [0.5, 8.05, 1, 8.95], "texture": "#texture1"},
				"east": {"uv": [11.25, 8.05, 11.75, 8.95], "texture": "#texture1"},
				"south": {"uv": [15, 8.05, 15.5, 8.95], "texture": "#texture1"},
				"west": {"uv": [4.25, 8.05, 4.75, 8.95], "texture": "#texture1"},
				"up": {"uv": [15, 4.25, 15.5, 4.75], "texture": "#texture1"},
				"down": {"uv": [15, 11.25, 15.5, 11.75], "texture": "#texture1"}
			}
		},
		{
			"name": "Box33",
			"from": [0.5, 7.05, 4.25],
			"to": [1, 7.95, 4.75],
			"faces": {
				"north": {"uv": [15, 8.05, 15.5, 8.95], "texture": "#texture1"},
				"east": {"uv": [11.25, 8.05, 11.75, 8.95], "texture": "#texture1"},
				"south": {"uv": [0.5, 8.05, 1, 8.95], "texture": "#texture1"},
				"west": {"uv": [4.25, 8.05, 4.75, 8.95], "texture": "#texture1"},
				"up": {"uv": [0.5, 4.25, 1, 4.75], "texture": "#texture1"},
				"down": {"uv": [0.5, 11.25, 1, 11.75], "texture": "#texture1"}
			}
		},
		{
			"name": "Box33",
			"from": [2, 7.05, 4.25],
			"to": [2.5, 7.95, 4.75],
			"faces": {
				"north": {"uv": [13.5, 8.05, 14, 8.95], "texture": "#texture1"},
				"east": {"uv": [11.25, 8.05, 11.75, 8.95], "texture": "#texture1"},
				"south": {"uv": [2, 8.05, 2.5, 8.95], "texture": "#texture1"},
				"west": {"uv": [4.25, 8.05, 4.75, 8.95], "texture": "#texture1"},
				"up": {"uv": [2, 4.25, 2.5, 4.75], "texture": "#texture1"},
				"down": {"uv": [2, 11.25, 2.5, 11.75], "texture": "#texture1"}
			}
		},
		{
			"name": "Box33",
			"from": [3.45, 7.05, 4.25],
			"to": [3.95, 7.95, 4.75],
			"faces": {
				"north": {"uv": [12.05, 8.05, 12.55, 8.95], "texture": "#texture1"},
				"east": {"uv": [11.25, 8.05, 11.75, 8.95], "texture": "#texture1"},
				"south": {"uv": [3.45, 8.05, 3.95, 8.95], "texture": "#texture1"},
				"west": {"uv": [4.25, 8.05, 4.75, 8.95], "texture": "#texture1"},
				"up": {"uv": [3.45, 4.25, 3.95, 4.75], "texture": "#texture1"},
				"down": {"uv": [3.45, 11.25, 3.95, 11.75], "texture": "#texture1"}
			}
		},
		{
			"name": "Box55",
			"from": [4, 6.5, 4.5],
			"to": [4.5, 9, 7],
			"faces": {
				"north": {"uv": [11.5, 7, 12, 9.5], "texture": "#texture1"},
				"east": {"uv": [9, 7, 11.5, 9.5], "texture": "#texture1"},
				"south": {"uv": [4, 7, 4.5, 9.5], "texture": "#texture1"},
				"west": {"uv": [4.5, 7, 7, 9.5], "texture": "#texture1"},
				"up": {"uv": [4, 4.5, 4.5, 7], "texture": "#texture1"},
				"down": {"uv": [4, 9, 4.5, 11.5], "texture": "#texture1"}
			}
		},
		{
			"name": "Box56",
			"from": [4.5, 6.5, 4.5],
			"to": [15, 9, 7],
			"faces": {
				"north": {"uv": [1, 7, 11.5, 9.5], "texture": "#texture1"},
				"east": {"uv": [9, 7, 11.5, 9.5], "texture": "#texture1"},
				"south": {"uv": [4.5, 7, 15, 9.5], "texture": "#texture1"},
				"west": {"uv": [4.5, 7, 7, 9.5], "texture": "#texture1"},
				"up": {"uv": [4.5, 4.5, 15, 7], "texture": "#texture1"},
				"down": {"uv": [4.5, 9, 15, 11.5], "texture": "#texture1"}
			}
		},
		{
			"name": "Box57",
			"from": [3.95, 9, 4.5],
			"to": [14.95, 9.5, 5.5],
			"rotation": {"angle": 22.5, "axis": "x", "origin": [3.95, 9, 4.5]},
			"faces": {
				"north": {"uv": [5, 6.5, 12, 7], "texture": "#texture1"},
				"east": {"uv": [10.5, 6.5, 11.5, 7], "texture": "#texture1"},
				"south": {"uv": [4, 6.5, 11, 7], "texture": "#texture1"},
				"west": {"uv": [4.5, 6.5, 5.5, 7], "texture": "#texture1"},
				"up": {"uv": [4, 4.5, 11, 5.5], "texture": "#texture1"},
				"down": {"uv": [4, 10.5, 11, 11.5], "texture": "#texture1"}
			}
		},
		{
			"name": "Box57",
			"from": [3.95, 9, 6],
			"to": [14.95, 9.5, 7],
			"rotation": {"angle": -22.5, "axis": "x", "origin": [14.95, 9, 7]},
			"faces": {
				"north": {"uv": [4, 6.5, 11, 7], "texture": "#texture1"},
				"east": {"uv": [4.5, 6.5, 5.5, 7], "texture": "#texture1"},
				"south": {"uv": [5, 6.5, 12, 7], "texture": "#texture1"},
				"west": {"uv": [10.5, 6.5, 11.5, 7], "texture": "#texture1"},
				"up": {"uv": [4, 4.5, 11, 5.5], "rotation": 180, "texture": "#texture1"},
				"down": {"uv": [4, 10.5, 11, 11.5], "rotation": 180, "texture": "#texture1"}
			}
		},
		{
			"name": "Box59",
			"from": [4, 9, 4.75],
			"to": [15, 9.5, 6.75],
			"faces": {
				"north": {"uv": [1, 6.5, 12, 7], "texture": "#texture1"},
				"east": {"uv": [9.25, 6.5, 11.25, 7], "texture": "#texture1"},
				"south": {"uv": [4, 6.5, 15, 7], "texture": "#texture1"},
				"west": {"uv": [4.75, 6.5, 6.75, 7], "texture": "#texture1"},
				"up": {"uv": [4, 4.75, 15, 6.75], "texture": "#texture1"},
				"down": {"uv": [4, 9.25, 15, 11.25], "texture": "#texture1"}
			}
		},
		{
			"name": "Box60",
			"from": [4.45, 9.25, 5],
			"to": [14.95, 9.75, 6.5],
			"faces": {
				"north": {"uv": [1.05, 6.25, 11.55, 6.75], "texture": "#texture1"},
				"east": {"uv": [9.5, 6.25, 11, 6.75], "texture": "#texture1"},
				"south": {"uv": [4.45, 6.25, 14.95, 6.75], "texture": "#texture1"},
				"west": {"uv": [5, 6.25, 6.5, 6.75], "texture": "#texture1"},
				"up": {"uv": [4.45, 5, 14.95, 6.5], "texture": "#texture1"},
				"down": {"uv": [4.45, 9.5, 14.95, 11], "texture": "#texture1"}
			}
		},
		{
			"name": "Box61",
			"from": [4.5, 5.5, 4.75],
			"to": [5.5, 6.5, 6.75],
			"faces": {
				"north": {"uv": [10.5, 9.5, 11.5, 10.5], "texture": "#texture1"},
				"east": {"uv": [9.25, 9.5, 11.25, 10.5], "texture": "#texture1"},
				"south": {"uv": [4.5, 9.5, 5.5, 10.5], "texture": "#texture1"},
				"west": {"uv": [4.75, 9.5, 6.75, 10.5], "texture": "#texture1"},
				"up": {"uv": [4.5, 4.75, 5.5, 6.75], "texture": "#texture1"},
				"down": {"uv": [4.5, 9.25, 5.5, 11.25], "texture": "#texture1"}
			}
		},
		{
			"name": "Box62",
			"from": [4.5, 5.5, 4.75],
			"to": [6.5, 6.5, 6.75],
			"rotation": {"angle": -22.5, "axis": "z", "origin": [4.5, 5.5, 4.75]},
			"faces": {
				"north": {"uv": [9.5, 9.5, 11.5, 10.5], "texture": "#texture1"},
				"east": {"uv": [1, 9.5, 2, 10.5], "texture": "#texture1"},
				"south": {"uv": [4.5, 9.5, 6.5, 10.5], "texture": "#texture1"},
				"west": {"uv": [14, 9.5, 15, 10.5], "texture": "#texture1"},
				"up": {"uv": [4.5, 14, 6.5, 15], "texture": "#texture1"},
				"down": {"uv": [4.5, 1, 6.5, 2], "texture": "#texture1"}
			}
		},
		{
			"name": "Box63",
			"from": [6.375, 4.625, 4.75],
			"to": [7.375, 5.625, 6.75],
			"faces": {
				"north": {"uv": [8.625, 10.375, 9.625, 11.375], "texture": "#texture1"},
				"east": {"uv": [9.25, 10.375, 11.25, 11.375], "texture": "#texture1"},
				"south": {"uv": [6.375, 10.375, 7.375, 11.375], "texture": "#texture1"},
				"west": {"uv": [4.75, 10.375, 6.75, 11.375], "texture": "#texture1"},
				"up": {"uv": [6.375, 4.75, 7.375, 6.75], "texture": "#texture1"},
				"down": {"uv": [6.375, 9.25, 7.375, 11.25], "texture": "#texture1"}
			}
		},
		{
			"name": "Box64",
			"from": [6.5, 3.625, 5],
			"to": [7.5, 4.625, 6.5],
			"rotation": {"angle": 22.5, "axis": "z", "origin": [6.5, 4.625, 5]},
			"faces": {
				"north": {"uv": [14, 12, 15, 13], "rotation": 180, "texture": "#texture1"},
				"east": {"uv": [7.5, 13, 6.5, 12], "texture": "#texture1"},
				"south": {"uv": [1, 12, 2, 13], "rotation": 180, "texture": "#texture1"},
				"west": {"uv": [9.5, 13, 8.5, 12], "texture": "#texture1"},
				"up": {"uv": [6.5, 1, 7.5, 2], "rotation": 90, "texture": "#texture1"},
				"down": {"uv": [6.5, 14, 7.5, 15], "rotation": 270, "texture": "#texture1"}
			}
		},
		{
			"name": "Box65",
			"from": [7, 3.5, 5],
			"to": [9, 4, 6.5],
			"faces": {
				"north": {"uv": [7, 12, 9, 12.5], "texture": "#texture1"},
				"east": {"uv": [9.5, 12, 11, 12.5], "texture": "#texture1"},
				"south": {"uv": [7, 12, 9, 12.5], "texture": "#texture1"},
				"west": {"uv": [5, 12, 6.5, 12.5], "texture": "#texture1"},
				"up": {"uv": [7, 5, 9, 6.5], "texture": "#texture1"},
				"down": {"uv": [7, 9.5, 9, 11], "texture": "#texture1"}
			}
		},
		{
			"name": "Box66",
			"from": [8, 4, 5],
			"to": [9, 6.5, 6.5],
			"faces": {
				"north": {"uv": [7, 9.5, 8, 12], "texture": "#texture1"},
				"east": {"uv": [9.5, 9.5, 11, 12], "texture": "#texture1"},
				"south": {"uv": [8, 9.5, 9, 12], "texture": "#texture1"},
				"west": {"uv": [5, 9.5, 6.5, 12], "texture": "#texture1"},
				"up": {"uv": [8, 5, 9, 6.5], "texture": "#texture1"},
				"down": {"uv": [8, 9.5, 9, 11], "texture": "#texture1"}
			}
		},
		{
			"name": "Box65",
			"from": [7, 4, 5.05],
			"to": [8, 6.5, 6.4],
			"faces": {
				"north": {"uv": [8, 9.5, 9, 12], "texture": "#texture1"},
				"east": {"uv": [9.6, 9.5, 10.95, 12], "texture": "#texture1"},
				"south": {"uv": [7, 9.5, 8, 12], "texture": "#texture1"},
				"west": {"uv": [5.05, 9.5, 6.4, 12], "texture": "#texture1"},
				"up": {"uv": [7, 5.05, 8, 6.4], "texture": "#texture1"},
				"down": {"uv": [7, 9.6, 8, 10.95], "texture": "#texture1"}
			}
		},
		{
			"name": "Box66",
			"from": [5.5, 5.5, 5],
			"to": [7, 6.5, 6.5],
			"faces": {
				"north": {"uv": [9, 9.5, 10.5, 10.5], "texture": "#texture1"},
				"east": {"uv": [9.5, 9.5, 11, 10.5], "texture": "#texture1"},
				"south": {"uv": [5.5, 9.5, 7, 10.5], "texture": "#texture1"},
				"west": {"uv": [5, 9.5, 6.5, 10.5], "texture": "#texture1"},
				"up": {"uv": [5.5, 5, 7, 6.5], "texture": "#texture1"},
				"down": {"uv": [5.5, 9.5, 7, 11], "texture": "#texture1"}
			}
		},
		{
			"name": "Box67",
			"from": [5, 0, 5.25],
			"to": [6, 6, 6.25],
			"faces": {
				"north": {"uv": [10, 10, 11, 16], "texture": "#texture3"},
				"east": {"uv": [9.75, 10, 10.75, 16], "texture": "#texture3"},
				"south": {"uv": [5, 10, 6, 16], "texture": "#texture3"},
				"west": {"uv": [5.25, 10, 6.25, 16], "texture": "#texture3"},
				"up": {"uv": [5, 5.25, 6, 6.25], "texture": "#texture3"},
				"down": {"uv": [5, 9.75, 6, 10.75], "texture": "#texture3"}
			}
		},
		{
			"name": "Box68",
			"from": [9, 5.5, 5],
			"to": [11, 6.5, 6.5],
			"faces": {
				"north": {"uv": [5, 9.5, 7, 10.5], "texture": "#texture1"},
				"east": {"uv": [9.5, 9.5, 11, 10.5], "texture": "#texture1"},
				"south": {"uv": [9, 9.5, 11, 10.5], "texture": "#texture1"},
				"west": {"uv": [5, 9.5, 6.5, 10.5], "texture": "#texture1"},
				"up": {"uv": [9, 5, 11, 6.5], "texture": "#texture1"},
				"down": {"uv": [9, 9.5, 11, 11], "texture": "#texture1"}
			}
		},
		{
			"name": "Box69",
			"from": [9, 4.5, 5.25],
			"to": [9.5, 5.5, 6.25],
			"faces": {
				"north": {"uv": [6.5, 10.5, 7, 11.5], "texture": "#texture1"},
				"east": {"uv": [9.75, 10.5, 10.75, 11.5], "texture": "#texture1"},
				"south": {"uv": [9, 10.5, 9.5, 11.5], "texture": "#texture1"},
				"west": {"uv": [5.25, 10.5, 6.25, 11.5], "texture": "#texture1"},
				"up": {"uv": [9, 5.25, 9.5, 6.25], "texture": "#texture1"},
				"down": {"uv": [9, 9.75, 9.5, 10.75], "texture": "#texture1"}
			}
		},
		{
			"name": "Box70",
			"from": [9, 4.5, 5.25],
			"to": [10, 5, 6.25],
			"rotation": {"angle": -45, "axis": "z", "origin": [9, 4.5, 5.25]},
			"faces": {
				"north": {"uv": [6, 11, 7, 11.5], "texture": "#texture1"},
				"east": {"uv": [1, 11, 2, 11.5], "texture": "#texture1"},
				"south": {"uv": [9, 11, 10, 11.5], "texture": "#texture1"},
				"west": {"uv": [14, 11, 15, 11.5], "texture": "#texture1"},
				"up": {"uv": [9, 14, 10, 15], "texture": "#texture1"},
				"down": {"uv": [9, 1, 10, 2], "texture": "#texture1"}
			}
		},
		{
			"name": "Box71",
			"from": [9.75, 3.875, 5],
			"to": [11.25, 4.375, 6],
			"faces": {
				"north": {"uv": [4.75, 11.625, 6.25, 12.125], "texture": "#texture1"},
				"east": {"uv": [10, 11.625, 11, 12.125], "texture": "#texture1"},
				"south": {"uv": [9.75, 11.625, 11.25, 12.125], "texture": "#texture1"},
				"west": {"uv": [5, 11.625, 6, 12.125], "texture": "#texture1"},
				"up": {"uv": [9.75, 5, 11.25, 6], "texture": "#texture1"},
				"down": {"uv": [9.75, 10, 11.25, 11], "texture": "#texture1"}
			}
		},
		{
			"name": "Box72",
			"from": [11, 4, 5],
			"to": [13, 5.5, 6.5],
			"faces": {
				"north": {"uv": [3, 10.5, 5, 12], "texture": "#texture1"},
				"east": {"uv": [9.5, 10.5, 11, 12], "texture": "#texture1"},
				"south": {"uv": [11, 10.5, 13, 12], "texture": "#texture1"},
				"west": {"uv": [5, 10.5, 6.5, 12], "texture": "#texture1"},
				"up": {"uv": [11, 5, 13, 6.5], "texture": "#texture1"},
				"down": {"uv": [11, 9.5, 13, 11], "texture": "#texture1"}
			}
		},
		{
			"name": "Box73",
			"from": [11, 1, 5],
			"to": [13, 4, 6.5],
			"rotation": {"angle": 22.5, "axis": "z", "origin": [11, 4, 6.5]},
			"faces": {
				"north": {"uv": [13, 15, 11, 12], "texture": "#texture1"},
				"east": {"uv": [1, 12, 2, 15], "rotation": 180, "texture": "#texture1"},
				"south": {"uv": [5, 15, 3, 12], "texture": "#texture1"},
				"west": {"uv": [14, 12, 15, 15], "rotation": 180, "texture": "#texture1"},
				"up": {"uv": [11, 1, 13, 2], "texture": "#texture1"},
				"down": {"uv": [11, 14, 13, 15], "texture": "#texture1"}
			}
		},
		{
			"name": "Box74",
			"from": [12, 1, 5],
			"to": [14, 2, 6.5],
			"faces": {
				"north": {"uv": [2, 14, 4, 15], "texture": "#texture1"},
				"east": {"uv": [9.5, 14, 11, 15], "texture": "#texture1"},
				"south": {"uv": [12, 14, 14, 15], "texture": "#texture1"},
				"west": {"uv": [5, 14, 6.5, 15], "texture": "#texture1"},
				"up": {"uv": [12, 5, 14, 6.5], "texture": "#texture1"},
				"down": {"uv": [12, 9.5, 14, 11], "texture": "#texture1"}
			}
		},
		{
			"name": "Box75",
			"from": [10.5, 4.5, 5.5],
			"to": [11, 5.5, 6],
			"faces": {
				"north": {"uv": [5, 10.5, 5.5, 11.5], "texture": "#texture4"},
				"east": {"uv": [10, 10.5, 10.5, 11.5], "texture": "#texture4"},
				"south": {"uv": [10.5, 10.5, 11, 11.5], "texture": "#texture4"},
				"west": {"uv": [5.5, 10.5, 6, 11.5], "texture": "#texture4"},
				"up": {"uv": [10.5, 5.5, 11, 6], "texture": "#texture4"},
				"down": {"uv": [10.5, 10, 11, 10.5], "texture": "#texture4"}
			}
		},
		{
			"name": "Box76",
			"from": [10.5, 4.5, 5.5],
			"to": [11, 5.5, 6],
			"rotation": {"angle": 22.5, "axis": "z", "origin": [10.5, 4.5, 5.5]},
			"faces": {
				"north": {"uv": [5, 10.5, 5.5, 11.5], "texture": "#texture4"},
				"east": {"uv": [1, 10.5, 2, 11.5], "texture": "#texture4"},
				"south": {"uv": [10.5, 10.5, 11, 11.5], "texture": "#texture4"},
				"west": {"uv": [14, 10.5, 15, 11.5], "texture": "#texture4"},
				"up": {"uv": [10.5, 14, 11, 15], "texture": "#texture4"},
				"down": {"uv": [10.5, 1, 11, 2], "texture": "#texture4"}
			}
		},
		{
			"name": "Box77",
			"from": [11, 5.5, 4.5],
			"to": [15, 6.5, 7],
			"faces": {
				"north": {"uv": [1, 9.5, 5, 10.5], "texture": "#texture1"},
				"east": {"uv": [9, 9.5, 11.5, 10.5], "texture": "#texture1"},
				"south": {"uv": [11, 9.5, 15, 10.5], "texture": "#texture1"},
				"west": {"uv": [4.5, 9.5, 7, 10.5], "texture": "#texture1"},
				"up": {"uv": [11, 4.5, 15, 7], "texture": "#texture1"},
				"down": {"uv": [11, 9, 15, 11.5], "texture": "#texture1"}
			}
		},
		{
			"name": "Box78",
			"from": [12, 4.5, 5],
			"to": [13, 6, 6.5],
			"rotation": {"angle": -22.5, "axis": "z", "origin": [13, 4.5, 5]},
			"faces": {
				"north": {"uv": [3, 11.5, 1.5, 10.5], "rotation": 270, "texture": "#texture1"},
				"east": {"uv": [13, 1, 14.5, 2], "rotation": 270, "texture": "#texture1"},
				"south": {"uv": [14.5, 11.5, 13, 10.5], "rotation": 90, "texture": "#texture1"},
				"west": {"uv": [14.5, 15, 13, 14], "rotation": 90, "texture": "#texture1"},
				"up": {"uv": [1, 10.5, 2, 11.5], "rotation": 270, "texture": "#texture1"},
				"down": {"uv": [15, 11.5, 14, 10.5], "rotation": 90, "texture": "#texture1"}
			}
		},
		{
			"name": "Box79",
			"from": [6, 0.5, 5.5],
			"to": [6.5, 6, 6],
			"faces": {
				"north": {"uv": [9.5, 10, 10, 15.5], "texture": "#texture2"},
				"east": {"uv": [10, 10, 10.5, 15.5], "texture": "#texture2"},
				"south": {"uv": [6, 10, 6.5, 15.5], "texture": "#texture2"},
				"west": {"uv": [5.5, 10, 6, 15.5], "texture": "#texture2"},
				"up": {"uv": [6, 5.5, 6.5, 6], "texture": "#texture2"},
				"down": {"uv": [6, 10, 6.5, 10.5], "texture": "#texture2"}
			}
		},
		{
			"name": "Box67",
			"from": [6.5, 0, 5.25],
			"to": [7, 6, 6.25],
			"faces": {
				"north": {"uv": [9, 10, 9.5, 16], "texture": "#texture3"},
				"east": {"uv": [9.75, 10, 10.75, 16], "texture": "#texture3"},
				"south": {"uv": [6.5, 10, 7, 16], "texture": "#texture3"},
				"west": {"uv": [5.25, 10, 6.25, 16], "texture": "#texture3"},
				"up": {"uv": [6.5, 5.25, 7, 6.25], "texture": "#texture3"},
				"down": {"uv": [6.5, 9.75, 7, 10.75], "texture": "#texture3"}
			}
		},
		{
			"name": "Box81",
			"from": [6, 0, 5.25],
			"to": [6.5, 0.5, 6.25],
			"faces": {
				"north": {"uv": [9.5, 15.5, 10, 16], "texture": "#texture3"},
				"east": {"uv": [9.75, 15.5, 10.75, 16], "texture": "#texture3"},
				"south": {"uv": [6, 15.5, 6.5, 16], "texture": "#texture3"},
				"west": {"uv": [5.25, 15.5, 6.25, 16], "texture": "#texture3"},
				"up": {"uv": [6, 5.25, 6.5, 6.25], "texture": "#texture3"},
				"down": {"uv": [6, 9.75, 6.5, 10.75], "texture": "#texture3"}
			}
		},
		{
			"name": "Box82",
			"from": [4.5, 0, 5.25],
			"to": [5, 0.5, 6.25],
			"rotation": {"angle": 45, "axis": "z", "origin": [5, 0.5, 5.25]},
			"faces": {
				"north": {"uv": [11.5, 16, 11, 15.5], "texture": "#texture3"},
				"east": {"uv": [14, 15.5, 15, 16], "rotation": 180, "texture": "#texture3"},
				"south": {"uv": [5, 16, 4.5, 15.5], "texture": "#texture3"},
				"west": {"uv": [1, 15.5, 2, 16], "rotation": 180, "texture": "#texture3"},
				"up": {"uv": [4.5, 1, 5, 2], "rotation": 180, "texture": "#texture3"},
				"down": {"uv": [4.5, 14, 5, 15], "rotation": 180, "texture": "#texture3"}
			}
		},
		{
			"name": "Box83",
			"from": [4.625, -0.375, 5.25],
			"to": [8.125, 0.125, 6.25],
			"faces": {
				"north": {"uv": [7.875, 15.875, 11.375, 16], "texture": "#texture3"},
				"east": {"uv": [9.75, 15.875, 10.75, 16], "texture": "#texture3"},
				"south": {"uv": [4.625, 15.875, 8.125, 16], "texture": "#texture3"},
				"west": {"uv": [5.25, 15.875, 6.25, 16], "texture": "#texture3"},
				"up": {"uv": [4.625, 5.25, 8.125, 6.25], "texture": "#texture3"},
				"down": {"uv": [4.625, 9.75, 8.125, 10.75], "texture": "#texture3"}
			}
		},
		{
			"name": "Box84",
			"from": [5, -0.625, 5.25],
			"to": [7.5, -0.125, 6.25],
			"faces": {
				"north": {"uv": [8.5, 0.125, 11, 0.625], "texture": "#texture3"},
				"east": {"uv": [9.75, 0.125, 10.75, 0.625], "texture": "#texture3"},
				"south": {"uv": [5, 0.125, 7.5, 0.625], "texture": "#texture3"},
				"west": {"uv": [5.25, 0.125, 6.25, 0.625], "texture": "#texture3"},
				"up": {"uv": [5, 5.25, 7.5, 6.25], "texture": "#texture3"},
				"down": {"uv": [5, 9.75, 7.5, 10.75], "texture": "#texture3"}
			}
		},
		{
			"name": "Box85",
			"from": [4.75, 1, 5.25],
			"to": [5.25, 5, 6.25],
			"faces": {
				"north": {"uv": [10.75, 11, 11.25, 15], "texture": "#texture3"},
				"east": {"uv": [9.75, 11, 10.75, 15], "texture": "#texture3"},
				"south": {"uv": [4.75, 11, 5.25, 15], "texture": "#texture3"},
				"west": {"uv": [5.25, 11, 6.25, 15], "texture": "#texture3"},
				"up": {"uv": [4.75, 5.25, 5.25, 6.25], "texture": "#texture3"},
				"down": {"uv": [4.75, 9.75, 5.25, 10.75], "texture": "#texture3"}
			}
		},
		{
			"name": "Box86",
			"from": [7, 0, 5.25],
			"to": [8, 3.5, 6.25],
			"faces": {
				"north": {"uv": [8, 12.5, 9, 16], "texture": "#texture3"},
				"east": {"uv": [9.75, 12.5, 10.75, 16], "texture": "#texture3"},
				"south": {"uv": [7, 12.5, 8, 16], "texture": "#texture3"},
				"west": {"uv": [5.25, 12.5, 6.25, 16], "texture": "#texture3"},
				"up": {"uv": [7, 5.25, 8, 6.25], "texture": "#texture3"},
				"down": {"uv": [7, 9.75, 8, 10.75], "texture": "#texture3"}
			}
		},
		{
			"name": "Box87",
			"from": [15, 7.75, 5],
			"to": [17, 8.75, 6],
			"rotation": {"angle": 45, "axis": "x", "origin": [15, 7.75, 5]},
			"faces": {
				"north": {"uv": [0, 7.5, 1, 8.5], "texture": "#texture2"},
				"east": {"uv": [10, 7.5, 11, 8.5], "texture": "#texture2"},
				"south": {"uv": [15, 7.5, 16, 8.5], "texture": "#texture2"},
				"west": {"uv": [5, 7.5, 6, 8.5], "texture": "#texture2"},
				"up": {"uv": [15, 5, 16, 6], "texture": "#texture2"},
				"down": {"uv": [15, 10, 16, 11], "texture": "#texture2"}
			}
		},
		{
			"name": "Box89",
			"from": [15, 6, 5],
			"to": [15.5, 7.5, 6.5],
			"faces": {
				"north": {"uv": [0.5, 8.5, 1, 10], "texture": "#texture2"},
				"east": {"uv": [9.5, 8.5, 11, 10], "texture": "#texture2"},
				"south": {"uv": [15, 8.5, 15.5, 10], "texture": "#texture2"},
				"west": {"uv": [5, 8.5, 6.5, 10], "texture": "#texture2"},
				"up": {"uv": [15, 5, 15.5, 6.5], "texture": "#texture2"},
				"down": {"uv": [15, 9.5, 15.5, 11], "texture": "#texture2"}
			}
		},
		{
			"name": "Box90",
			"from": [17, 6.875, 4.5],
			"to": [18, 8.875, 7],
			"faces": {
				"north": {"uv": [14, 7.125, 15, 9.125], "texture": "#texture3"},
				"east": {"uv": [9, 7.125, 11.5, 9.125], "texture": "#texture3"},
				"south": {"uv": [1, 7.125, 2, 9.125], "texture": "#texture3"},
				"west": {"uv": [4.5, 7.125, 7, 9.125], "texture": "#texture3"},
				"up": {"uv": [1, 4.5, 2, 7], "texture": "#texture3"},
				"down": {"uv": [1, 9, 2, 11.5], "texture": "#texture3"}
			}
		},
		{
			"name": "Box91",
			"from": [18, 7.875, 4.5],
			"to": [22, 8.875, 5.5],
			"rotation": {"angle": 22.5, "axis": "x", "origin": [18, 7.875, 4.5]},
			"faces": {
				"north": {"uv": [10, 7.5, 14, 8.5], "texture": "#texture2"},
				"east": {"uv": [10.5, 7.5, 11.5, 8.5], "texture": "#texture2"},
				"south": {"uv": [2, 7.5, 6, 8.5], "texture": "#texture2"},
				"west": {"uv": [4.5, 7.5, 5.5, 8.5], "texture": "#texture2"},
				"up": {"uv": [2, 4.5, 6, 5.5], "texture": "#texture2"},
				"down": {"uv": [2, 10.5, 6, 11.5], "texture": "#texture2"}
			}
		},
		{
			"name": "Box92",
			"from": [18, 7.875, 6],
			"to": [22, 8.875, 7],
			"rotation": {"angle": -22.5, "axis": "x", "origin": [22, 7.875, 7]},
			"faces": {
				"north": {"uv": [2, 8, 6, 9], "texture": "#texture2"},
				"east": {"uv": [14, 8, 15, 9], "texture": "#texture2"},
				"south": {"uv": [10, 8, 14, 9], "texture": "#texture2"},
				"west": {"uv": [1, 8, 2, 9], "texture": "#texture2"},
				"up": {"uv": [2, 14, 6, 15], "rotation": 180, "texture": "#texture2"},
				"down": {"uv": [2, 1, 6, 2], "rotation": 180, "texture": "#texture2"}
			}
		},
		{
			"name": "Box93",
			"from": [18, 6.875, 4.5],
			"to": [22, 7.875, 7],
			"faces": {
				"north": {"uv": [10, 8.125, 14, 9.125], "texture": "#texture3"},
				"east": {"uv": [9, 8.125, 11.5, 9.125], "texture": "#texture3"},
				"south": {"uv": [2, 8.125, 6, 9.125], "texture": "#texture3"},
				"west": {"uv": [4.5, 8.125, 7, 9.125], "texture": "#texture3"},
				"up": {"uv": [2, 4.5, 6, 7], "texture": "#texture3"},
				"down": {"uv": [2, 9, 6, 11.5], "texture": "#texture3"}
			}
		},
		{
			"name": "Box94",
			"from": [18, 7.875, 5],
			"to": [22, 8.875, 6.5],
			"faces": {
				"north": {"uv": [10, 7.125, 14, 8.125], "texture": "#texture2"},
				"east": {"uv": [9.5, 7.125, 11, 8.125], "texture": "#texture2"},
				"south": {"uv": [2, 7.125, 6, 8.125], "texture": "#texture2"},
				"west": {"uv": [5, 7.125, 6.5, 8.125], "texture": "#texture2"},
				"up": {"uv": [2, 5, 6, 6.5], "texture": "#texture2"},
				"down": {"uv": [2, 9.5, 6, 11], "texture": "#texture2"}
			}
		},
		{
			"name": "Box95",
			"from": [17, 8.875, 5],
			"to": [20, 9.375, 6.5],
			"faces": {
				"north": {"uv": [12, 6.625, 15, 7.125], "texture": "#texture3"},
				"east": {"uv": [9.5, 6.625, 11, 7.125], "texture": "#texture3"},
				"south": {"uv": [1, 6.625, 4, 7.125], "texture": "#texture3"},
				"west": {"uv": [5, 6.625, 6.5, 7.125], "texture": "#texture3"},
				"up": {"uv": [1, 5, 4, 6.5], "texture": "#texture3"},
				"down": {"uv": [1, 9.5, 4, 11], "texture": "#texture3"}
			}
		},
		{
			"name": "Box96",
			"from": [17.5, 9, 5.25],
			"to": [19.5, 9.5, 6.25],
			"faces": {
				"north": {"uv": [12.5, 6.5, 14.5, 7], "texture": "#texture3"},
				"east": {"uv": [9.75, 6.5, 10.75, 7], "texture": "#texture3"},
				"south": {"uv": [1.5, 6.5, 3.5, 7], "texture": "#texture3"},
				"west": {"uv": [5.25, 6.5, 6.25, 7], "texture": "#texture3"},
				"up": {"uv": [1.5, 5.25, 3.5, 6.25], "texture": "#texture3"},
				"down": {"uv": [1.5, 9.75, 3.5, 10.75], "texture": "#texture3"}
			}
		},
		{
			"name": "Box97",
			"from": [17, 7, 5],
			"to": [19, 8, 6.5],
			"rotation": {"angle": -45, "axis": "z", "origin": [17, 7, 5]},
			"faces": {
				"north": {"uv": [13, 8, 15, 9], "texture": "#texture3"},
				"east": {"uv": [1, 8, 2, 9], "texture": "#texture3"},
				"south": {"uv": [1, 8, 3, 9], "texture": "#texture3"},
				"west": {"uv": [14, 8, 15, 9], "texture": "#texture3"},
				"up": {"uv": [1, 14, 3, 15], "texture": "#texture3"},
				"down": {"uv": [1, 1, 3, 2], "texture": "#texture3"}
			}
		},
		{
			"name": "Box98",
			"from": [18.5, 5.5, 5],
			"to": [22, 7, 6.5],
			"faces": {
				"north": {"uv": [10, 9, 13.5, 10.5], "texture": "#texture3"},
				"east": {"uv": [9.5, 9, 11, 10.5], "texture": "#texture3"},
				"south": {"uv": [2.5, 9, 6, 10.5], "texture": "#texture3"},
				"west": {"uv": [5, 9, 6.5, 10.5], "texture": "#texture3"},
				"up": {"uv": [2.5, 5, 6, 6.5], "texture": "#texture3"},
				"down": {"uv": [2.5, 9.5, 6, 11], "texture": "#texture3"}
			}
		},
		{
			"name": "Box99",
			"from": [20, 3.375, 5.25],
			"to": [21, 5.875, 6.25],
			"rotation": {"angle": 22.5, "axis": "z", "origin": [20, 5.875, 5.25]},
			"faces": {
				"north": {"uv": [12, 10.5, 10, 9.5], "rotation": 90, "texture": "#texture3"},
				"east": {"uv": [4, 14, 6, 15], "rotation": 90, "texture": "#texture3"},
				"south": {"uv": [6, 10.5, 4, 9.5], "rotation": 270, "texture": "#texture3"},
				"west": {"uv": [6, 2, 4, 1], "rotation": 270, "texture": "#texture3"},
				"up": {"uv": [15, 10.5, 14, 9.5], "rotation": 270, "texture": "#texture3"},
				"down": {"uv": [1, 9.5, 2, 10.5], "rotation": 90, "texture": "#texture3"}
			}
		},
		{
			"name": "Box100",
			"from": [21, 3.5, 5.25],
			"to": [22, 5.5, 6.25],
			"faces": {
				"north": {"uv": [10, 10.5, 11, 12.5], "texture": "#texture3"},
				"east": {"uv": [9.75, 10.5, 10.75, 12.5], "texture": "#texture3"},
				"south": {"uv": [5, 10.5, 6, 12.5], "texture": "#texture3"},
				"west": {"uv": [5.25, 10.5, 6.25, 12.5], "texture": "#texture3"},
				"up": {"uv": [5, 5.25, 6, 6.25], "texture": "#texture3"},
				"down": {"uv": [5, 9.75, 6, 10.75], "texture": "#texture3"}
			}
		},
		{
			"name": "Box100",
			"from": [22, 3.5, 5],
			"to": [22.5, 9, 6.5],
			"faces": {
				"north": {"uv": [9.5, 7, 10, 12.5], "texture": "#texture3"},
				"east": {"uv": [9.5, 7, 11, 12.5], "texture": "#texture3"},
				"south": {"uv": [6, 7, 6.5, 12.5], "texture": "#texture3"},
				"west": {"uv": [5, 7, 6.5, 12.5], "texture": "#texture3"},
				"up": {"uv": [6, 5, 6.5, 6.5], "texture": "#texture3"},
				"down": {"uv": [6, 9.5, 6.5, 11], "texture": "#texture3"}
			}
		},
		{
			"name": "Box101",
			"from": [22, 9, 5],
			"to": [22.5, 9.5, 5.5],
			"rotation": {"angle": 22.5, "axis": "x", "origin": [22, 9, 5]},
			"faces": {
				"north": {"uv": [9.5, 6.5, 10, 7], "texture": "#texture3"},
				"east": {"uv": [10.5, 6.5, 11, 7], "texture": "#texture3"},
				"south": {"uv": [6, 6.5, 6.5, 7], "texture": "#texture3"},
				"west": {"uv": [5, 6.5, 5.5, 7], "texture": "#texture3"},
				"up": {"uv": [6, 5, 6.5, 5.5], "texture": "#texture3"},
				"down": {"uv": [6, 10.5, 6.5, 11], "texture": "#texture3"}
			}
		},
		{
			"name": "Box101",
			"from": [22, 9, 6],
			"to": [22.5, 9.5, 6.5],
			"rotation": {"angle": -22.5, "axis": "x", "origin": [22, 9, 6.5]},
			"faces": {
				"north": {"uv": [10.5, 6.5, 11, 7], "texture": "#texture3"},
				"east": {"uv": [6, 6.5, 6.5, 7], "texture": "#texture3"},
				"south": {"uv": [5, 6.5, 5.5, 7], "texture": "#texture3"},
				"west": {"uv": [9.5, 6.5, 10, 7], "texture": "#texture3"},
				"up": {"uv": [6, 5, 6.5, 5.5], "rotation": 270, "texture": "#texture3"},
				"down": {"uv": [6, 10.5, 6.5, 11], "rotation": 90, "texture": "#texture3"}
			}
		},
		{
			"name": "Box103",
			"from": [22, 9, 5.25],
			"to": [22.5, 9.5, 6.25],
			"faces": {
				"north": {"uv": [9.5, 6.5, 10, 7], "texture": "#texture3"},
				"east": {"uv": [9.75, 6.5, 10.75, 7], "texture": "#texture3"},
				"south": {"uv": [6, 6.5, 6.5, 7], "texture": "#texture3"},
				"west": {"uv": [5.25, 6.5, 6.25, 7], "texture": "#texture3"},
				"up": {"uv": [6, 5.25, 6.5, 6.25], "texture": "#texture3"},
				"down": {"uv": [6, 9.75, 6.5, 10.75], "texture": "#texture3"}
			}
		},
		{
			"name": "Box104",
			"from": [21.5, 8.5, 5.25],
			"to": [22, 9.5, 6.25],
			"rotation": {"angle": -22.5, "axis": "z", "origin": [21.5, 8.5, 5.25]},
			"faces": {
				"north": {"uv": [10, 6.5, 10.5, 7.5], "texture": "#texture3"},
				"east": {"uv": [1, 6.5, 2, 7.5], "texture": "#texture3"},
				"south": {"uv": [5.5, 6.5, 6, 7.5], "texture": "#texture3"},
				"west": {"uv": [14, 6.5, 15, 7.5], "texture": "#texture3"},
				"up": {"uv": [5.5, 14, 6, 15], "texture": "#texture3"},
				"down": {"uv": [5.5, 1, 6, 2], "texture": "#texture3"}
			}
		},
		{
			"name": "Box105",
			"from": [22.5, 4, 5.25],
			"to": [23, 9, 6.25],
			"faces": {
				"north": {"uv": [9, 7, 9.5, 12], "texture": "#texture3"},
				"east": {"uv": [9.75, 7, 10.75, 12], "texture": "#texture3"},
				"south": {"uv": [6.5, 7, 7, 12], "texture": "#texture3"},
				"west": {"uv": [5.25, 7, 6.25, 12], "texture": "#texture3"},
				"up": {"uv": [6.5, 5.25, 7, 6.25], "texture": "#texture3"},
				"down": {"uv": [6.5, 9.75, 7, 10.75], "texture": "#texture3"}
			}
		},
		{
			"name": "Box106",
			"from": [15, 7.25, 5.25],
			"to": [17, 8.25, 6.25],
			"faces": {
				"north": {"uv": [0, 7.75, 1, 8.75], "texture": "#texture2"},
				"east": {"uv": [9.75, 7.75, 10.75, 8.75], "texture": "#texture2"},
				"south": {"uv": [15, 7.75, 16, 8.75], "texture": "#texture2"},
				"west": {"uv": [5.25, 7.75, 6.25, 8.75], "texture": "#texture2"},
				"up": {"uv": [15, 5.25, 16, 6.25], "texture": "#texture2"},
				"down": {"uv": [15, 9.75, 16, 10.75], "texture": "#texture2"}
			}
		},
		{
			"name": "Box107",
			"from": [4.25, 7, 4.125],
			"to": [14.75, 9, 4.625],
			"faces": {
				"north": {"uv": [1.25, 7, 11.75, 9], "texture": "#texture1"},
				"east": {"uv": [11.375, 7, 11.875, 9], "texture": "#texture1"},
				"south": {"uv": [4.25, 7, 14.75, 9], "texture": "#texture1"},
				"west": {"uv": [4.125, 7, 4.625, 9], "texture": "#texture1"},
				"up": {"uv": [4.25, 4.125, 14.75, 4.625], "texture": "#texture1"},
				"down": {"uv": [4.25, 11.375, 14.75, 11.875], "texture": "#texture1"}
			}
		},
		{
			"name": "Box107",
			"from": [4.25, 7, 6.875],
			"to": [14.75, 9, 7.375],
			"faces": {
				"north": {"uv": [1.25, 7, 11.75, 9], "texture": "#texture1"},
				"east": {"uv": [8.625, 7, 9.125, 9], "texture": "#texture1"},
				"south": {"uv": [4.25, 7, 14.75, 9], "texture": "#texture1"},
				"west": {"uv": [6.875, 7, 7.375, 9], "texture": "#texture1"},
				"up": {"uv": [4.25, 6.875, 14.75, 7.375], "texture": "#texture1"},
				"down": {"uv": [4.25, 8.625, 14.75, 9.125], "texture": "#texture1"}
			}
		},
		{
			"name": "Box109",
			"from": [-9, 9.5, 5.3],
			"to": [-8.5, 10, 6.2],
			"faces": {
				"north": {"uv": [8.5, 6, 9, 6.5], "texture": "#texture1"},
				"east": {"uv": [9.8, 6, 10.7, 6.5], "texture": "#texture1"},
				"south": {"uv": [7, 6, 7.5, 6.5], "texture": "#texture1"},
				"west": {"uv": [5.3, 6, 6.2, 6.5], "texture": "#texture1"},
				"up": {"uv": [7, 5.3, 7.5, 6.2], "texture": "#texture1"},
				"down": {"uv": [7, 9.8, 7.5, 10.7], "texture": "#texture1"}
			}
		},
		{
			"name": "Box109",
			"from": [-7.5, 9.5, 5.3],
			"to": [-7, 10, 6.2],
			"faces": {
				"north": {"uv": [7, 6, 7.5, 6.5], "texture": "#texture1"},
				"east": {"uv": [9.8, 6, 10.7, 6.5], "texture": "#texture1"},
				"south": {"uv": [8.5, 6, 9, 6.5], "texture": "#texture1"},
				"west": {"uv": [5.3, 6, 6.2, 6.5], "texture": "#texture1"},
				"up": {"uv": [8.5, 5.3, 9, 6.2], "texture": "#texture1"},
				"down": {"uv": [8.5, 9.8, 9, 10.7], "texture": "#texture1"}
			}
		},
		{
			"name": "Box109",
			"from": [-6, 9.5, 5.3],
			"to": [-5.5, 10, 6.2],
			"faces": {
				"north": {"uv": [5.5, 6, 6, 6.5], "texture": "#texture1"},
				"east": {"uv": [9.8, 6, 10.7, 6.5], "texture": "#texture1"},
				"south": {"uv": [10, 6, 10.5, 6.5], "texture": "#texture1"},
				"west": {"uv": [5.3, 6, 6.2, 6.5], "texture": "#texture1"},
				"up": {"uv": [10, 5.3, 10.5, 6.2], "texture": "#texture1"},
				"down": {"uv": [10, 9.8, 10.5, 10.7], "texture": "#texture1"}
			}
		},
		{
			"name": "Box109",
			"from": [-4.5, 9.5, 5.3],
			"to": [-4, 10, 6.2],
			"faces": {
				"north": {"uv": [4, 6, 4.5, 6.5], "texture": "#texture1"},
				"east": {"uv": [9.8, 6, 10.7, 6.5], "texture": "#texture1"},
				"south": {"uv": [11.5, 6, 12, 6.5], "texture": "#texture1"},
				"west": {"uv": [5.3, 6, 6.2, 6.5], "texture": "#texture1"},
				"up": {"uv": [11.5, 5.3, 12, 6.2], "texture": "#texture1"},
				"down": {"uv": [11.5, 9.8, 12, 10.7], "texture": "#texture1"}
			}
		},
		{
			"name": "Box109",
			"from": [-3, 9.5, 5.3],
			"to": [-2.5, 10, 6.2],
			"faces": {
				"north": {"uv": [2.5, 6, 3, 6.5], "texture": "#texture1"},
				"east": {"uv": [9.8, 6, 10.7, 6.5], "texture": "#texture1"},
				"south": {"uv": [13, 6, 13.5, 6.5], "texture": "#texture1"},
				"west": {"uv": [5.3, 6, 6.2, 6.5], "texture": "#texture1"},
				"up": {"uv": [13, 5.3, 13.5, 6.2], "texture": "#texture1"},
				"down": {"uv": [13, 9.8, 13.5, 10.7], "texture": "#texture1"}
			}
		},
		{
			"name": "Box109",
			"from": [-1.5, 9.5, 5.3],
			"to": [-1, 10, 6.2],
			"faces": {
				"north": {"uv": [1, 6, 1.5, 6.5], "texture": "#texture1"},
				"east": {"uv": [9.8, 6, 10.7, 6.5], "texture": "#texture1"},
				"south": {"uv": [14.5, 6, 15, 6.5], "texture": "#texture1"},
				"west": {"uv": [5.3, 6, 6.2, 6.5], "texture": "#texture1"},
				"up": {"uv": [14.5, 5.3, 15, 6.2], "texture": "#texture1"},
				"down": {"uv": [14.5, 9.8, 15, 10.7], "texture": "#texture1"}
			}
		},
		{
			"name": "Box109",
			"from": [0, 9.5, 5.3],
			"to": [0.5, 10, 6.2],
			"faces": {
				"north": {"uv": [15.5, 6, 16, 6.5], "texture": "#texture1"},
				"east": {"uv": [9.8, 6, 10.7, 6.5], "texture": "#texture1"},
				"south": {"uv": [0, 6, 0.5, 6.5], "texture": "#texture1"},
				"west": {"uv": [5.3, 6, 6.2, 6.5], "texture": "#texture1"},
				"up": {"uv": [0, 5.3, 0.5, 6.2], "texture": "#texture1"},
				"down": {"uv": [0, 9.8, 0.5, 10.7], "texture": "#texture1"}
			}
		},
		{
			"name": "Box109",
			"from": [1.5, 9.5, 5.3],
			"to": [2, 10, 6.2],
			"faces": {
				"north": {"uv": [14, 6, 14.5, 6.5], "texture": "#texture1"},
				"east": {"uv": [9.8, 6, 10.7, 6.5], "texture": "#texture1"},
				"south": {"uv": [1.5, 6, 2, 6.5], "texture": "#texture1"},
				"west": {"uv": [5.3, 6, 6.2, 6.5], "texture": "#texture1"},
				"up": {"uv": [1.5, 5.3, 2, 6.2], "texture": "#texture1"},
				"down": {"uv": [1.5, 9.8, 2, 10.7], "texture": "#texture1"}
			}
		},
		{
			"name": "Box109",
			"from": [3, 9.5, 5.3],
			"to": [3.5, 10, 6.2],
			"faces": {
				"north": {"uv": [12.5, 6, 13, 6.5], "texture": "#texture1"},
				"east": {"uv": [9.8, 6, 10.7, 6.5], "texture": "#texture1"},
				"south": {"uv": [3, 6, 3.5, 6.5], "texture": "#texture1"},
				"west": {"uv": [5.3, 6, 6.2, 6.5], "texture": "#texture1"},
				"up": {"uv": [3, 5.3, 3.5, 6.2], "texture": "#texture1"},
				"down": {"uv": [3, 9.8, 3.5, 10.7], "texture": "#texture1"}
			}
		},
		{
			"name": "Box109",
			"from": [5, 9.5, 5.3],
			"to": [5.5, 10, 6.2],
			"faces": {
				"north": {"uv": [10.5, 6, 11, 6.5], "texture": "#texture1"},
				"east": {"uv": [9.8, 6, 10.7, 6.5], "texture": "#texture1"},
				"south": {"uv": [5, 6, 5.5, 6.5], "texture": "#texture1"},
				"west": {"uv": [5.3, 6, 6.2, 6.5], "texture": "#texture1"},
				"up": {"uv": [5, 5.3, 5.5, 6.2], "texture": "#texture1"},
				"down": {"uv": [5, 9.8, 5.5, 10.7], "texture": "#texture1"}
			}
		},
		{
			"name": "Box109",
			"from": [6.5, 9.5, 5.3],
			"to": [7, 10, 6.2],
			"faces": {
				"north": {"uv": [9, 6, 9.5, 6.5], "texture": "#texture1"},
				"east": {"uv": [9.8, 6, 10.7, 6.5], "texture": "#texture1"},
				"south": {"uv": [6.5, 6, 7, 6.5], "texture": "#texture1"},
				"west": {"uv": [5.3, 6, 6.2, 6.5], "texture": "#texture1"},
				"up": {"uv": [6.5, 5.3, 7, 6.2], "texture": "#texture1"},
				"down": {"uv": [6.5, 9.8, 7, 10.7], "texture": "#texture1"}
			}
		},
		{
			"name": "Box109",
			"from": [8, 9.5, 5.3],
			"to": [8.5, 10, 6.2],
			"faces": {
				"north": {"uv": [7.5, 6, 8, 6.5], "texture": "#texture1"},
				"east": {"uv": [9.8, 6, 10.7, 6.5], "texture": "#texture1"},
				"south": {"uv": [8, 6, 8.5, 6.5], "texture": "#texture1"},
				"west": {"uv": [5.3, 6, 6.2, 6.5], "texture": "#texture1"},
				"up": {"uv": [8, 5.3, 8.5, 6.2], "texture": "#texture1"},
				"down": {"uv": [8, 9.8, 8.5, 10.7], "texture": "#texture1"}
			}
		},
		{
			"name": "Box109",
			"from": [9.5, 9.5, 5.3],
			"to": [10, 10, 6.2],
			"faces": {
				"north": {"uv": [6, 6, 6.5, 6.5], "texture": "#texture1"},
				"east": {"uv": [9.8, 6, 10.7, 6.5], "texture": "#texture1"},
				"south": {"uv": [9.5, 6, 10, 6.5], "texture": "#texture1"},
				"west": {"uv": [5.3, 6, 6.2, 6.5], "texture": "#texture1"},
				"up": {"uv": [9.5, 5.3, 10, 6.2], "texture": "#texture1"},
				"down": {"uv": [9.5, 9.8, 10, 10.7], "texture": "#texture1"}
			}
		},
		{
			"name": "Box109",
			"from": [11, 9.5, 5.3],
			"to": [11.5, 10, 6.2],
			"faces": {
				"north": {"uv": [4.5, 6, 5, 6.5], "texture": "#texture1"},
				"east": {"uv": [9.8, 6, 10.7, 6.5], "texture": "#texture1"},
				"south": {"uv": [11, 6, 11.5, 6.5], "texture": "#texture1"},
				"west": {"uv": [5.3, 6, 6.2, 6.5], "texture": "#texture1"},
				"up": {"uv": [11, 5.3, 11.5, 6.2], "texture": "#texture1"},
				"down": {"uv": [11, 9.8, 11.5, 10.7], "texture": "#texture1"}
			}
		},
		{
			"name": "Box109",
			"from": [12.5, 9.5, 5.25],
			"to": [13, 10, 6.25],
			"faces": {
				"north": {"uv": [3, 6, 3.5, 6.5], "texture": "#texture1"},
				"east": {"uv": [9.75, 6, 10.75, 6.5], "texture": "#texture1"},
				"south": {"uv": [12.5, 6, 13, 6.5], "texture": "#texture1"},
				"west": {"uv": [5.25, 6, 6.25, 6.5], "texture": "#texture1"},
				"up": {"uv": [12.5, 5.25, 13, 6.25], "texture": "#texture1"},
				"down": {"uv": [12.5, 9.75, 13, 10.75], "texture": "#texture1"}
			}
		},
		{
			"name": "Box109",
			"from": [14, 9.5, 5.25],
			"to": [14.5, 10, 6.25],
			"faces": {
				"north": {"uv": [1.5, 6, 2, 6.5], "texture": "#texture1"},
				"east": {"uv": [9.75, 6, 10.75, 6.5], "texture": "#texture1"},
				"south": {"uv": [14, 6, 14.5, 6.5], "texture": "#texture1"},
				"west": {"uv": [5.25, 6, 6.25, 6.5], "texture": "#texture1"},
				"up": {"uv": [14, 5.25, 14.5, 6.25], "texture": "#texture1"},
				"down": {"uv": [14, 9.75, 14.5, 10.75], "texture": "#texture1"}
			}
		},
		{
			"name": "Box133",
			"from": [-9.5, 10.125, 4.625],
			"to": [-8.5, 11.625, 5.125],
			"faces": {
				"north": {"uv": [8.5, 4.375, 9.5, 5.875], "texture": "#texture3"},
				"east": {"uv": [10.875, 4.375, 11.375, 5.875], "texture": "#texture3"},
				"south": {"uv": [6.5, 4.375, 7.5, 5.875], "texture": "#texture3"},
				"west": {"uv": [4.625, 4.375, 5.125, 5.875], "texture": "#texture3"},
				"up": {"uv": [6.5, 4.625, 7.5, 5.125], "texture": "#texture3"},
				"down": {"uv": [6.5, 10.875, 7.5, 11.375], "texture": "#texture3"}
			}
		},
		{
			"name": "Box135",
			"from": [-10.5, 9.5, 5],
			"to": [-8.5, 10.5, 6.5],
			"faces": {
				"north": {"uv": [8.5, 5.5, 10.5, 6.5], "texture": "#texture3"},
				"east": {"uv": [9.5, 5.5, 11, 6.5], "texture": "#texture3"},
				"south": {"uv": [5.5, 5.5, 7.5, 6.5], "texture": "#texture3"},
				"west": {"uv": [5, 5.5, 6.5, 6.5], "texture": "#texture3"},
				"up": {"uv": [5.5, 5, 7.5, 6.5], "texture": "#texture3"},
				"down": {"uv": [5.5, 9.5, 7.5, 11], "texture": "#texture3"}
			}
		},
		{
			"name": "Box133",
			"from": [-9.5, 10.125, 6.375],
			"to": [-8.5, 11.625, 6.875],
			"faces": {
				"north": {"uv": [8.5, 4.375, 9.5, 5.875], "texture": "#texture3"},
				"east": {"uv": [9.125, 4.375, 9.625, 5.875], "texture": "#texture3"},
				"south": {"uv": [6.5, 4.375, 7.5, 5.875], "texture": "#texture3"},
				"west": {"uv": [6.375, 4.375, 6.875, 5.875], "texture": "#texture3"},
				"up": {"uv": [6.5, 6.375, 7.5, 6.875], "texture": "#texture3"},
				"down": {"uv": [6.5, 9.125, 7.5, 9.625], "texture": "#texture3"}
			}
		},
		{
			"name": "Box137",
			"from": [-10, 10.5, 4.625],
			"to": [-9.5, 11, 5.125],
			"faces": {
				"north": {"uv": [9.5, 5, 10, 5.5], "texture": "#texture3"},
				"east": {"uv": [10.875, 5, 11.375, 5.5], "texture": "#texture3"},
				"south": {"uv": [6, 5, 6.5, 5.5], "texture": "#texture3"},
				"west": {"uv": [4.625, 5, 5.125, 5.5], "texture": "#texture3"},
				"up": {"uv": [6, 4.625, 6.5, 5.125], "texture": "#texture3"},
				"down": {"uv": [6, 10.875, 6.5, 11.375], "texture": "#texture3"}
			}
		},
		{
			"name": "Box137",
			"from": [-10, 10.5, 6.375],
			"to": [-9.5, 11, 6.875],
			"faces": {
				"north": {"uv": [9.5, 5, 10, 5.5], "texture": "#texture3"},
				"east": {"uv": [9.125, 5, 9.625, 5.5], "texture": "#texture3"},
				"south": {"uv": [6, 5, 6.5, 5.5], "texture": "#texture3"},
				"west": {"uv": [6.375, 5, 6.875, 5.5], "texture": "#texture3"},
				"up": {"uv": [6, 6.375, 6.5, 6.875], "texture": "#texture3"},
				"down": {"uv": [6, 9.125, 6.5, 9.625], "texture": "#texture3"}
			}
		},
		{
			"name": "Box139",
			"from": [-9.5, 10.5, 5.5],
			"to": [-9, 11, 6],
			"faces": {
				"north": {"uv": [9, 5, 9.5, 5.5], "texture": "#texture1"},
				"east": {"uv": [10, 5, 10.5, 5.5], "texture": "#texture1"},
				"south": {"uv": [6.5, 5, 7, 5.5], "texture": "#texture1"},
				"west": {"uv": [5.5, 5, 6, 5.5], "texture": "#texture1"},
				"up": {"uv": [6.5, 5.5, 7, 6], "texture": "#texture1"},
				"down": {"uv": [6.5, 10, 7, 10.5], "texture": "#texture1"}
			}
		},
		{
			"name": "Box140",
			"from": [-9.5, 11, 5.5],
			"to": [-9, 11.5, 6],
			"rotation": {"angle": -45, "axis": "z", "origin": [-9.5, 11, 5.5]},
			"faces": {
				"north": {"uv": [9, 4.5, 9.5, 5], "texture": "#texture1"},
				"east": {"uv": [10, 4.5, 10.5, 5], "texture": "#texture1"},
				"south": {"uv": [6.5, 4.5, 7, 5], "texture": "#texture1"},
				"west": {"uv": [5.5, 4.5, 6, 5], "texture": "#texture1"},
				"up": {"uv": [6.5, 5.5, 7, 6], "texture": "#texture1"},
				"down": {"uv": [6.5, 10, 7, 10.5], "texture": "#texture1"}
			}
		},
		{
			"name": "Box141",
			"from": [-9.25, 10.375, 5.5],
			"to": [-8.75, 11.375, 6],
			"faces": {
				"north": {"uv": [8.75, 4.625, 9.25, 5.625], "texture": "#texture1"},
				"east": {"uv": [10, 4.625, 10.5, 5.625], "texture": "#texture1"},
				"south": {"uv": [6.75, 4.625, 7.25, 5.625], "texture": "#texture1"},
				"west": {"uv": [5.5, 4.625, 6, 5.625], "texture": "#texture1"},
				"up": {"uv": [6.75, 5.5, 7.25, 6], "texture": "#texture1"},
				"down": {"uv": [6.75, 10, 7.25, 10.5], "texture": "#texture1"}
			}
		},
		{
			"name": "Box142",
			"from": [-9.875, 10, 4.625],
			"to": [-9.375, 10.5, 5.125],
			"rotation": {"angle": 45, "axis": "z", "origin": [-9.875, 10.5, 4.625]},
			"faces": {
				"north": {"uv": [0, 15, 0.5, 15.5], "rotation": 270, "texture": "#texture3"},
				"east": {"uv": [15.5, 14, 16, 15], "rotation": 90, "texture": "#texture3"},
				"south": {"uv": [15.5, 15, 16, 15.5], "rotation": 90, "texture": "#texture3"},
				"west": {"uv": [16, 2, 15.5, 1], "rotation": 270, "texture": "#texture3"},
				"up": {"uv": [14, 15, 15, 15.5], "rotation": 90, "texture": "#texture3"},
				"down": {"uv": [2, 15.5, 1, 15], "rotation": 270, "texture": "#texture3"}
			}
		},
		{
			"name": "Box142",
			"from": [-9.875, 10, 6.375],
			"to": [-9.375, 10.5, 6.875],
			"rotation": {"angle": 45, "axis": "z", "origin": [-9.875, 10.5, 6.375]},
			"faces": {
				"north": {"uv": [0, 15, 0.5, 15.5], "rotation": 270, "texture": "#texture3"},
				"east": {"uv": [15.5, 14, 16, 15], "rotation": 90, "texture": "#texture3"},
				"south": {"uv": [15.5, 15, 16, 15.5], "rotation": 90, "texture": "#texture3"},
				"west": {"uv": [16, 2, 15.5, 1], "rotation": 270, "texture": "#texture3"},
				"up": {"uv": [14, 15, 15, 15.5], "rotation": 90, "texture": "#texture3"},
				"down": {"uv": [2, 15.5, 1, 15], "rotation": 270, "texture": "#texture3"}
			}
		},
		{
			"name": "Box154",
			"from": [-8.5, 10.5, 4.625],
			"to": [-8, 12, 5.125],
			"faces": {
				"north": {"uv": [8, 4, 8.5, 5.5], "texture": "#texture3"},
				"east": {"uv": [10.875, 4, 11.375, 5.5], "texture": "#texture3"},
				"south": {"uv": [7.5, 4, 8, 5.5], "texture": "#texture3"},
				"west": {"uv": [4.625, 4, 5.125, 5.5], "texture": "#texture3"},
				"up": {"uv": [7.5, 4.625, 8, 5.125], "texture": "#texture3"},
				"down": {"uv": [7.5, 10.875, 8, 11.375], "texture": "#texture3"}
			}
		},
		{
			"name": "Box154",
			"from": [-8.5, 10.5, 6.375],
			"to": [-8, 12, 6.875],
			"faces": {
				"north": {"uv": [8, 4, 8.5, 5.5], "texture": "#texture3"},
				"east": {"uv": [9.125, 4, 9.625, 5.5], "texture": "#texture3"},
				"south": {"uv": [7.5, 4, 8, 5.5], "texture": "#texture3"},
				"west": {"uv": [6.375, 4, 6.875, 5.5], "texture": "#texture3"},
				"up": {"uv": [7.5, 6.375, 8, 6.875], "texture": "#texture3"},
				"down": {"uv": [7.5, 9.125, 8, 9.625], "texture": "#texture3"}
			}
		},
		{
			"name": "Box157",
			"from": [-8.875, 10, 4.75],
			"to": [-8.375, 11, 5.25],
			"rotation": {"angle": -22.5, "axis": "z", "origin": [-8.375, 10, 4.75]},
			"faces": {
				"north": {"uv": [8.5, 6, 7.5, 5.5], "rotation": 270, "texture": "#texture3"},
				"east": {"uv": [7.5, 1, 8.5, 2], "rotation": 270, "texture": "#texture3"},
				"south": {"uv": [8.5, 6, 7.5, 5.5], "rotation": 90, "texture": "#texture3"},
				"west": {"uv": [8.5, 15, 7.5, 14], "rotation": 90, "texture": "#texture3"},
				"up": {"uv": [1, 5.5, 2, 6], "rotation": 270, "texture": "#texture3"},
				"down": {"uv": [15, 6, 14, 5.5], "rotation": 90, "texture": "#texture3"}
			}
		},
		{
			"name": "Box157",
			"from": [-9, 10, 6.25],
			"to": [-8.5, 11, 6.75],
			"rotation": {"angle": -22.5, "axis": "z", "origin": [-8.5, 10, 6.25]},
			"faces": {
				"north": {"uv": [8.5, 6, 7.5, 5.5], "rotation": 270, "texture": "#texture3"},
				"east": {"uv": [7.5, 1, 8.5, 2], "rotation": 270, "texture": "#texture3"},
				"south": {"uv": [8.5, 6, 7.5, 5.5], "rotation": 90, "texture": "#texture3"},
				"west": {"uv": [8.5, 15, 7.5, 14], "rotation": 90, "texture": "#texture3"},
				"up": {"uv": [1, 5.5, 2, 6], "rotation": 270, "texture": "#texture3"},
				"down": {"uv": [15, 6, 14, 5.5], "rotation": 90, "texture": "#texture3"}
			}
		},
		{
			"name": "Box159",
			"from": [-8.125, 9.125, 4.925],
			"to": [-7.625, 10.625, 5.425],
			"rotation": {"angle": 22.5, "axis": "z", "origin": [-8.125, 9.125, 4.925]},
			"faces": {
				"north": {"uv": [6.5, 4.5, 7, 6.5], "texture": "#texture3"},
				"east": {"uv": [1, 4.5, 2, 6.5], "texture": "#texture3"},
				"south": {"uv": [9, 4.5, 9.5, 6.5], "texture": "#texture3"},
				"west": {"uv": [14, 4.5, 15, 6.5], "texture": "#texture3"},
				"up": {"uv": [9, 14, 9.5, 15], "texture": "#texture3"},
				"down": {"uv": [9, 1, 9.5, 2], "texture": "#texture3"}
			}
		},
		{
			"name": "Box159",
			"from": [-8.125, 9, 6.075],
			"to": [-7.625, 10.5, 6.575],
			"rotation": {"angle": 22.5, "axis": "z", "origin": [-8.125, 9, 6.075]},
			"faces": {
				"north": {"uv": [6.5, 4.5, 7, 6.5], "texture": "#texture3"},
				"east": {"uv": [1, 4.5, 2, 6.5], "texture": "#texture3"},
				"south": {"uv": [9, 4.5, 9.5, 6.5], "texture": "#texture3"},
				"west": {"uv": [14, 4.5, 15, 6.5], "texture": "#texture3"},
				"up": {"uv": [9, 14, 9.5, 15], "texture": "#texture3"},
				"down": {"uv": [9, 1, 9.5, 2], "texture": "#texture3"}
			}
		},
		{
			"name": "Box165",
			"from": [-8.875, 10.8, 5.7],
			"to": [-8.625, 11.05, 5.95],
			"rotation": {"angle": 45, "axis": "x", "origin": [-8.875, 11.05, 5.95]},
			"faces": {
				"north": {"uv": [14.5, 3.5, 14, 3], "texture": "#texture5"},
				"east": {"uv": [1.5, 3, 2, 3.5], "rotation": 180, "texture": "#texture5"},
				"south": {"uv": [2, 3.5, 1.5, 3], "texture": "#texture5"},
				"west": {"uv": [14, 3, 14.5, 3.5], "rotation": 180, "texture": "#texture5"},
				"up": {"uv": [14, 1.5, 14.5, 2], "texture": "#texture5"},
				"down": {"uv": [14, 14, 14.5, 14.5], "texture": "#texture5"}
			}
		},
		{
			"name": "Box167",
			"from": [-5.5, 5.5, 4.75],
			"to": [-2, 6.5, 6.75],
			"faces": {
				"north": {"uv": [2, 9.5, 5.5, 10.5], "texture": "#texture1"},
				"east": {"uv": [9.25, 9.5, 11.25, 10.5], "texture": "#texture1"},
				"south": {"uv": [10.5, 9.5, 14, 10.5], "texture": "#texture1"},
				"west": {"uv": [4.75, 9.5, 6.75, 10.5], "texture": "#texture1"},
				"up": {"uv": [10.5, 4.75, 14, 6.75], "texture": "#texture1"},
				"down": {"uv": [10.5, 9.25, 14, 11.25], "texture": "#texture1"}
			}
		},
		{
			"name": "Box168",
			"from": [-4.5, 1.5, 5],
			"to": [-3, 5.5, 6.5],
			"faces": {
				"north": {"uv": [3, 10.5, 4.5, 14.5], "texture": "#texture1"},
				"east": {"uv": [9.5, 10.5, 11, 14.5], "texture": "#texture1"},
				"south": {"uv": [11.5, 10.5, 13, 14.5], "texture": "#texture1"},
				"west": {"uv": [5, 10.5, 6.5, 14.5], "texture": "#texture1"},
				"up": {"uv": [11.5, 5, 13, 6.5], "texture": "#texture1"},
				"down": {"uv": [11.5, 9.5, 13, 11], "texture": "#texture1"}
			}
		},
		{
			"name": "Box169",
			"from": [-4.75, 1.5, 4.75],
			"to": [-2.75, 2, 6.75],
			"faces": {
				"north": {"uv": [2.75, 14, 4.75, 14.5], "texture": "#texture1"},
				"east": {"uv": [9.25, 14, 11.25, 14.5], "texture": "#texture1"},
				"south": {"uv": [11.25, 14, 13.25, 14.5], "texture": "#texture1"},
				"west": {"uv": [4.75, 14, 6.75, 14.5], "texture": "#texture1"},
				"up": {"uv": [11.25, 4.75, 13.25, 6.75], "texture": "#texture1"},
				"down": {"uv": [11.25, 9.25, 13.25, 11.25], "texture": "#texture1"}
			}
		},
		{
			"name": "Box170",
			"from": [-5, 5.625, 4.5],
			"to": [-2.5, 6.625, 7],
			"faces": {
				"north": {"uv": [2.5, 9.375, 5, 10.375], "texture": "#texture1"},
				"east": {"uv": [9, 9.375, 11.5, 10.375], "texture": "#texture1"},
				"south": {"uv": [11, 9.375, 13.5, 10.375], "texture": "#texture1"},
				"west": {"uv": [4.5, 9.375, 7, 10.375], "texture": "#texture1"},
				"up": {"uv": [11, 4.5, 13.5, 7], "texture": "#texture1"},
				"down": {"uv": [11, 9, 13.5, 11.5], "texture": "#texture1"}
			}
		},
		{
			"name": "Box171",
			"from": [-4.25, 2.25, 4.75],
			"to": [-3.25, 5.75, 6.75],
			"faces": {
				"north": {"uv": [3.25, 10.25, 4.25, 13.75], "texture": "#texture1"},
				"east": {"uv": [9.25, 10.25, 11.25, 13.75], "texture": "#texture1"},
				"south": {"uv": [11.75, 10.25, 12.75, 13.75], "texture": "#texture1"},
				"west": {"uv": [4.75, 10.25, 6.75, 13.75], "texture": "#texture1"},
				"up": {"uv": [11.75, 4.75, 12.75, 6.75], "texture": "#texture1"},
				"down": {"uv": [11.75, 9.25, 12.75, 11.25], "texture": "#texture1"}
			}
		},
		{
			"name": "Box171",
			"from": [-4.75, 2.25, 5.25],
			"to": [-2.75, 5.75, 6.25],
			"faces": {
				"north": {"uv": [7, 10.5, 9, 14], "texture": "#texture1"},
				"east": {"uv": [3, 10.5, 4, 14], "texture": "#texture1"},
				"south": {"uv": [7, 10.5, 9, 14], "texture": "#texture1"},
				"west": {"uv": [12, 10.5, 13, 14], "texture": "#texture1"},
				"up": {"uv": [12, 7, 13, 9], "rotation": 90, "texture": "#texture1"},
				"down": {"uv": [12, 7, 13, 9], "rotation": 270, "texture": "#texture1"}
			}
		},
		{
			"name": "Box173",
			"from": [-4.5, 1.25, 5],
			"to": [-3, 1.75, 6.5],
			"faces": {
				"north": {"uv": [3, 14.25, 4.5, 14.75], "texture": "#texture1"},
				"east": {"uv": [9.5, 14.25, 11, 14.75], "texture": "#texture1"},
				"south": {"uv": [11.5, 14.25, 13, 14.75], "texture": "#texture1"},
				"west": {"uv": [5, 14.25, 6.5, 14.75], "texture": "#texture1"},
				"up": {"uv": [11.5, 5, 13, 6.5], "texture": "#texture1"},
				"down": {"uv": [11.5, 9.5, 13, 11], "texture": "#texture1"}
			}
		}
	],
	"display": {
		"thirdperson_righthand": {
			"rotation": [0, -90, 0],
			"translation": [-1.391, 1.3913, 0],
			"scale": [0.6, 0.6, 0.6]
		},
		"thirdperson_lefthand": {
			"rotation": [0, 90, 0],
			"translation": [1.39, 1.3913, 0],
			"scale": [0.6, 0.6, 0.6]
		},
		"firstperson_righthand": {
			"rotation": [0, -90, 0],
			"translation": [-3.478, 2.7826, -2.782]
		},
		"firstperson_lefthand": {
			"rotation": [0, 90, 0],
			"translation": [-3.478, 2.7826, -2.782]
		},
		"ground": {
			"rotation": [-90, 0, 0],
			"translation": [2.7826, 0, 0],
			"scale": [0.6, 0.6, 0.6]
		},
		"gui": {
			"rotation": [25, 36, -25],
			"translation": [2.0869, 0, 0],
			"scale": [0.5, 0.5, 0.5]
		},
		"head": {
			"translation": [2.75, 4, 2.25]
		},
		"fixed": {
			"rotation": [0, 180, 0],
			"translation": [-3.478, 0, -2.781]
		}
	}
}