{
	"credit": "Made with Blockbench",
	"textures": {
		"1": "item/cuteguygun"
	},
	"elements": [
		{
			"from": [7.48746, 5.58746, -1],
			"to": [8.48746, 6.58746, 2],
			"rotation": {"angle": 0, "axis": "y", "origin": [7.98746, 5.5, 7.25]},
			"faces": {
				"north": {"uv": [11.5, 3, 12, 2.5], "rotation": 90, "texture": "#1"},
				"east": {"uv": [5, 11, 4.5, 12.5], "rotation": 270, "texture": "#1"},
				"south": {"uv": [11.5, 5.5, 12, 5], "rotation": 270, "texture": "#1"},
				"west": {"uv": [10, 12.5, 9.5, 11], "rotation": 270, "texture": "#1"},
				"up": {"uv": [8.5, 6.5, 10, 6], "rotation": 270, "texture": "#1"},
				"down": {"uv": [0, 12, 1.5, 11.5], "rotation": 270, "texture": "#1"}
			}
		},
		{
			"from": [7.23746, 5.58746, 2],
			"to": [8.73746, 7.58746, 9],
			"rotation": {"angle": 0, "axis": "y", "origin": [7.98746, 5.5, 7.25]},
			"faces": {
				"north": {"uv": [4, 11, 5, 10], "rotation": 90, "texture": "#1"},
				"east": {"uv": [2.5, 8.5, 1.5, 12], "rotation": 270, "texture": "#1"},
				"south": {"uv": [10.5, 10.5, 11.5, 9.5], "rotation": 270, "texture": "#1"},
				"west": {"uv": [6, 12, 5, 8.5], "rotation": 270, "texture": "#1"},
				"up": {"uv": [8.5, 4, 12, 3], "rotation": 270, "texture": "#1"},
				"down": {"uv": [8.5, 5, 12, 4], "rotation": 270, "texture": "#1"}
			}
		},
		{
			"from": [7.98746, 6.58746, 0],
			"to": [7.98746, 7.58746, 1],
			"rotation": {"angle": 0, "axis": "y", "origin": [7.98746, 5.5, 7.25]},
			"faces": {
				"north": {"uv": [0, 0, 0.5, 0], "rotation": 90, "texture": "#1"},
				"east": {"uv": [12, 5.5, 11.5, 6], "rotation": 270, "texture": "#1"},
				"south": {"uv": [0, 0, 0.5, 0], "rotation": 270, "texture": "#1"},
				"west": {"uv": [6.5, 12, 6, 11.5], "rotation": 270, "texture": "#1"},
				"up": {"uv": [0, 0, 0.5, 0], "rotation": 270, "texture": "#1"},
				"down": {"uv": [0, 0, 0.5, 0], "rotation": 270, "texture": "#1"}
			}
		},
		{
			"from": [7.98746, 7.08746, 3],
			"to": [7.98746, 8.08746, 5],
			"rotation": {"angle": 0, "axis": "y", "origin": [7.98746, 6, 10.25]},
			"faces": {
				"north": {"uv": [0, 0, 0.5, 0], "rotation": 90, "texture": "#1"},
				"east": {"uv": [12, 5.5, 11.5, 6], "rotation": 270, "texture": "#1"},
				"south": {"uv": [0, 0, 0.5, 0], "rotation": 270, "texture": "#1"},
				"west": {"uv": [6.5, 12, 6, 11.5], "rotation": 270, "texture": "#1"},
				"up": {"uv": [0, 0, 0.5, 0], "rotation": 270, "texture": "#1"},
				"down": {"uv": [0, 0, 0.5, 0], "rotation": 270, "texture": "#1"}
			}
		},
		{
			"from": [9.075, 3.975, 10.8],
			"to": [9.075, 6.475, 12.8],
			"rotation": {"angle": -22.5, "axis": "x", "origin": [9.075, 5.225, 11.8]},
			"faces": {
				"north": {"uv": [0, 0, 2.5, 0], "rotation": 270, "texture": "#1"},
				"east": {"uv": [5, 8, 2.5, 6], "rotation": 270, "texture": "#1"},
				"south": {"uv": [0, 0, 2.5, 0], "rotation": 90, "texture": "#1"},
				"west": {"uv": [8.5, 2.5, 6, 4.5], "rotation": 270, "texture": "#1"},
				"up": {"uv": [0, 0, 2, 0], "rotation": 90, "texture": "#1"},
				"down": {"uv": [0, 0, 2, 0], "rotation": 90, "texture": "#1"}
			}
		},
		{
			"from": [9.025, 4.575, 14.9],
			"to": [9.025, 7.075, 16.9],
			"rotation": {"angle": 0, "axis": "y", "origin": [9.025, 5.825, 15.9]},
			"faces": {
				"north": {"uv": [0, 0, 2.5, 0], "rotation": 90, "texture": "#1"},
				"east": {"uv": [8.5, 4.5, 6, 6.5], "rotation": 270, "texture": "#1"},
				"south": {"uv": [0, 0, 2.5, 0], "rotation": 270, "texture": "#1"},
				"west": {"uv": [7.5, 8.5, 5, 6.5], "rotation": 270, "texture": "#1"},
				"up": {"uv": [0, 0, 2, 0], "rotation": 270, "texture": "#1"},
				"down": {"uv": [0, 0, 2, 0], "rotation": 270, "texture": "#1"}
			}
		},
		{
			"from": [8.825, 5.125, 2],
			"to": [8.825, 7.625, 4],
			"rotation": {"angle": 0, "axis": "y", "origin": [8.825, 6.375, 3]},
			"faces": {
				"north": {"uv": [0, 0, 2.5, 0], "rotation": 90, "texture": "#1"},
				"east": {"uv": [8.5, 4.5, 6, 6.5], "rotation": 270, "texture": "#1"},
				"south": {"uv": [0, 0, 2.5, 0], "rotation": 270, "texture": "#1"},
				"west": {"uv": [7.5, 8.5, 5, 6.5], "rotation": 270, "texture": "#1"},
				"up": {"uv": [0, 0, 2, 0], "rotation": 270, "texture": "#1"},
				"down": {"uv": [0, 0, 2, 0], "rotation": 270, "texture": "#1"}
			}
		},
		{
			"from": [7.175, 5.125, 6],
			"to": [7.175, 7.625, 8],
			"rotation": {"angle": 0, "axis": "y", "origin": [7.175, 6.375, 7]},
			"faces": {
				"north": {"uv": [0, 0, 2.5, 0], "rotation": 90, "texture": "#1"},
				"east": {"uv": [7.5, 6.5, 5, 8.5], "rotation": 270, "texture": "#1"},
				"south": {"uv": [0, 0, 2.5, 0], "rotation": 270, "texture": "#1"},
				"west": {"uv": [8.5, 6.5, 6, 4.5], "rotation": 270, "texture": "#1"},
				"up": {"uv": [0, 0, 2, 0], "rotation": 270, "texture": "#1"},
				"down": {"uv": [0, 0, 2, 0], "rotation": 270, "texture": "#1"}
			}
		},
		{
			"from": [6.975, 3.825, 11.2],
			"to": [6.975, 6.325, 13.2],
			"rotation": {"angle": 22.5, "axis": "x", "origin": [6.975, 5.075, 12.2]},
			"faces": {
				"north": {"uv": [0, 0, 2.5, 0], "rotation": 90, "texture": "#1"},
				"east": {"uv": [7.5, 6.5, 5, 8.5], "rotation": 270, "texture": "#1"},
				"south": {"uv": [0, 0, 2.5, 0], "rotation": 270, "texture": "#1"},
				"west": {"uv": [8.5, 6.5, 6, 4.5], "rotation": 270, "texture": "#1"},
				"up": {"uv": [0, 0, 2, 0], "rotation": 270, "texture": "#1"},
				"down": {"uv": [0, 0, 2, 0], "rotation": 270, "texture": "#1"}
			}
		},
		{
			"from": [8.825, 5.675, 6.95],
			"to": [8.825, 7.675, 9.45],
			"rotation": {"angle": 0, "axis": "y", "origin": [8.825, 7.05, 8.325]},
			"faces": {
				"north": {"uv": [0, 0, 2, 0], "rotation": 90, "texture": "#1"},
				"east": {"uv": [7.5, 8.5, 10, 6.5], "texture": "#1"},
				"south": {"uv": [0, 0, 2, 0], "rotation": 270, "texture": "#1"},
				"west": {"uv": [2.5, 8, 5, 10], "rotation": 180, "texture": "#1"},
				"up": {"uv": [0, 0, 2.5, 0], "rotation": 270, "texture": "#1"},
				"down": {"uv": [0, 0, 2.5, 0], "rotation": 270, "texture": "#1"}
			}
		},
		{
			"from": [8.775, 4.875, 4.65],
			"to": [8.775, 7.875, 7.65],
			"rotation": {"angle": 0, "axis": "y", "origin": [8.775, 6.375, 6.15]},
			"faces": {
				"north": {"uv": [0, 0, 3, 0], "rotation": 270, "texture": "#1"},
				"east": {"uv": [3, 3, 0, 0], "rotation": 270, "texture": "#1"},
				"south": {"uv": [0, 0, 3, 0], "rotation": 90, "texture": "#1"},
				"west": {"uv": [3, 3, 0, 6], "rotation": 270, "texture": "#1"},
				"up": {"uv": [0, 0, 3, 0], "rotation": 90, "texture": "#1"},
				"down": {"uv": [0, 0, 3, 0], "rotation": 90, "texture": "#1"}
			}
		},
		{
			"from": [6.975, 4.075, 13.35],
			"to": [6.975, 7.075, 16.35],
			"rotation": {"angle": 0, "axis": "y", "origin": [6.975, 5.575, 14.85]},
			"faces": {
				"north": {"uv": [0, 0, 3, 0], "rotation": 90, "texture": "#1"},
				"east": {"uv": [6, 3, 3, 6], "rotation": 270, "texture": "#1"},
				"south": {"uv": [0, 0, 3, 0], "rotation": 270, "texture": "#1"},
				"west": {"uv": [6, 3, 3, 0], "rotation": 270, "texture": "#1"},
				"up": {"uv": [0, 0, 3, 0], "rotation": 270, "texture": "#1"},
				"down": {"uv": [0, 0, 3, 0], "rotation": 270, "texture": "#1"}
			}
		},
		{
			"from": [9.075, 4.675, 12.4],
			"to": [9.075, 7.175, 14.9],
			"rotation": {"angle": 22.5, "axis": "x", "origin": [9.075, 5.925, 13.65]},
			"faces": {
				"north": {"uv": [0, 0, 2.5, 0], "rotation": 270, "texture": "#1"},
				"east": {"uv": [2.5, 8.5, 0, 6], "rotation": 270, "texture": "#1"},
				"south": {"uv": [0, 0, 2.5, 0], "rotation": 90, "texture": "#1"},
				"west": {"uv": [8.5, 0, 6, 2.5], "rotation": 270, "texture": "#1"},
				"up": {"uv": [0, 0, 2.5, 0], "rotation": 90, "texture": "#1"},
				"down": {"uv": [0, 0, 2.5, 0], "rotation": 90, "texture": "#1"}
			}
		},
		{
			"from": [7.98746, 3.58746, 8],
			"to": [7.98746, 5.58746, 10],
			"rotation": {"angle": 0, "axis": "y", "origin": [7.98746, 5.5, 7.25]},
			"faces": {
				"north": {"uv": [0, 0, 1, 0], "rotation": 90, "texture": "#1"},
				"east": {"uv": [4.5, 11, 3.5, 12], "rotation": 270, "texture": "#1"},
				"south": {"uv": [0, 0, 1, 0], "rotation": 270, "texture": "#1"},
				"west": {"uv": [12, 12, 11, 11], "rotation": 270, "texture": "#1"},
				"up": {"uv": [0, 0, 1, 0], "rotation": 270, "texture": "#1"},
				"down": {"uv": [0, 0, 1, 0], "rotation": 270, "texture": "#1"}
			}
		},
		{
			"from": [6.98746, 4.08746, 11],
			"to": [8.98746, 7.08746, 17],
			"rotation": {"angle": 0, "axis": "y", "origin": [7.98746, 6, 7.25]},
			"faces": {
				"north": {"uv": [10, 2, 11.5, 1], "rotation": 90, "texture": "#1"},
				"east": {"uv": [1.5, 8.5, 0, 11.5], "rotation": 270, "texture": "#1"},
				"south": {"uv": [10, 3, 11.5, 2], "rotation": 270, "texture": "#1"},
				"west": {"uv": [10, 3, 8.5, 0], "rotation": 270, "texture": "#1"},
				"up": {"uv": [8.5, 6, 11.5, 5], "rotation": 270, "texture": "#1"},
				"down": {"uv": [6, 9.5, 9, 8.5], "rotation": 270, "texture": "#1"}
			}
		},
		{
			"from": [6.98746, 4.58746, 9],
			"to": [8.98746, 7.83746, 11],
			"rotation": {"angle": 0, "axis": "y", "origin": [7.98746, 5.5, 7.25]},
			"faces": {
				"north": {"uv": [2.5, 11, 4, 10], "rotation": 90, "texture": "#1"},
				"east": {"uv": [11.5, 7, 10, 8], "rotation": 270, "texture": "#1"},
				"south": {"uv": [10, 7, 11.5, 6], "rotation": 270, "texture": "#1"},
				"west": {"uv": [7.5, 11.5, 6, 10.5], "rotation": 270, "texture": "#1"},
				"up": {"uv": [10, 11.5, 11, 10.5], "rotation": 270, "texture": "#1"},
				"down": {"uv": [2.5, 12, 3.5, 11], "rotation": 270, "texture": "#1"}
			}
		},
		{
			"from": [7.48746, 0.73828, 9.01914],
			"to": [8.48746, 4.73828, 10.51914],
			"rotation": {"angle": -22.5, "axis": "x", "origin": [7.98746, 5.5, 7.25]},
			"faces": {
				"north": {"uv": [7.5, 11.5, 9.5, 11], "rotation": 90, "texture": "#1"},
				"east": {"uv": [10.5, 9.5, 8.5, 10.5], "rotation": 270, "texture": "#1"},
				"south": {"uv": [11, 11, 13, 10.5], "rotation": 270, "texture": "#1"},
				"west": {"uv": [12, 1, 10, 0], "rotation": 270, "texture": "#1"},
				"up": {"uv": [11.5, 2, 12.5, 1.5], "rotation": 270, "texture": "#1"},
				"down": {"uv": [11.5, 2.5, 12.5, 2], "rotation": 270, "texture": "#1"}
			}
		},
		{
			"from": [7.48746, 0.83395, 4.71183],
			"to": [8.48746, 5.83395, 6.71183],
			"rotation": {"angle": 22.5, "axis": "x", "origin": [7.98746, 5.5, 7.25]},
			"faces": {
				"north": {"uv": [10, 8.5, 12.5, 8], "rotation": 90, "texture": "#1"},
				"east": {"uv": [11.5, 8.5, 9, 9.5], "rotation": 270, "texture": "#1"},
				"south": {"uv": [7.5, 11, 10, 10.5], "rotation": 270, "texture": "#1"},
				"west": {"uv": [8.5, 10.5, 6, 9.5], "rotation": 270, "texture": "#1"},
				"up": {"uv": [5, 6.5, 6, 6], "rotation": 270, "texture": "#1"},
				"down": {"uv": [11.5, 1.5, 12.5, 1], "rotation": 270, "texture": "#1"}
			}
		}
	],
	"display": {
		"thirdperson_righthand": {
			"translation": [0, 4.5, -0.25]
		},
		"thirdperson_lefthand": {
			"translation": [0, 4.5, -0.25]
		},
		"firstperson_righthand": {
			"rotation": [0, 1, 0],
			"translation": [-1.25, 5.75, 0]
		},
		"firstperson_lefthand": {
			"rotation": [0, 1, 0],
			"translation": [-1.25, 5.75, 0]
		},
		"gui": {
			"rotation": [-90, 50.5, 90],
			"translation": [-1, 2.25, 0],
			"scale": [0.73, 0.88, 0.87]
		},
		"head": {
			"rotation": [0, 90, 0],
			"translation": [0, 3.25, 0],
			"scale": [1.2, 1.2, 1.2]
		},
		"fixed": {
			"rotation": [0, 90, 0],
			"translation": [-0.25, 0.75, -1.75]
		}
	},
	"groups": [
		{
			"name": "group",
			"origin": [8, 8, 8],
			"color": 0,
			"children": [0, 1, 2, 3, 4, 5, 6, 7, 8, 9, 10, 11, 12, 13, 14, 15, 16, 17]
		}
	]
}