{
	"credit": "Made By Ubalube",
	"textures": {
		"texture": "guns/silver1",
		"texture1": "guns/blue1",
		"texture2": "guns/gray5",
		"texture3": "guns/alienscope",
		"particle": "blocks/e_particle"
	},
	"elements": [
		{
			"name": "Box1",
			"from": [-8, 9.5, 6],
			"to": [0.5, 10.5, 7],
			"rotation": {"angle": 22.5, "axis": "x", "origin": [-4, 11, 6]},
			"faces": {
				"north": {"uv": [7, 5.5, 15.5, 6.5], "texture": "#texture"},
				"east": {"uv": [1, 5.5, 2, 6.5], "texture": "#texture"},
				"south": {"uv": [0.5, 5.5, 9, 6.5], "texture": "#texture"},
				"west": {"uv": [14, 5.5, 15, 6.5], "texture": "#texture"},
				"up": {"uv": [0.5, 14, 9, 15], "texture": "#texture"},
				"down": {"uv": [0.5, 1, 9, 2], "texture": "#texture"}
			}
		},
		{
			"name": "Box2",
			"from": [-6, 10.5, 6],
			"to": [0.5, 11, 7],
			"rotation": {"angle": 22.5, "axis": "x", "origin": [-4, 11, 6]},
			"faces": {
				"north": {"uv": [7, 5, 13.5, 5.5], "texture": "#texture"},
				"east": {"uv": [1, 5, 2, 5.5], "texture": "#texture"},
				"south": {"uv": [2.5, 5, 9, 5.5], "texture": "#texture"},
				"west": {"uv": [14, 5, 15, 5.5], "texture": "#texture"},
				"up": {"uv": [2.5, 14, 9, 15], "texture": "#texture"},
				"down": {"uv": [2.5, 1, 9, 2], "texture": "#texture"}
			}
		},
		{
			"name": "Box3",
			"from": [-4, 11, 6],
			"to": [0.5, 11.5, 7],
			"rotation": {"angle": 22.5, "axis": "x", "origin": [-4, 11, 6]},
			"faces": {
				"north": {"uv": [7, 4.5, 11.5, 5], "texture": "#texture"},
				"east": {"uv": [13.5, 4.5, 14.5, 5], "texture": "#texture"},
				"south": {"uv": [4.5, 4.5, 9, 5], "texture": "#texture"},
				"west": {"uv": [1.5, 4.5, 2.5, 5], "texture": "#texture"},
				"up": {"uv": [4.5, 1.5, 9, 2.5], "texture": "#texture"},
				"down": {"uv": [4.5, 13.5, 9, 14.5], "texture": "#texture"}
			}
		},
		{
			"name": "Box3",
			"from": [-4, 10.625, 7.25],
			"to": [0.5, 11.125, 8.25],
			"rotation": {"angle": -22.5, "axis": "x", "origin": [-4, 10.625, 7.25]},
			"faces": {
				"north": {"uv": [7, 4.5, 11.5, 5], "texture": "#texture"},
				"east": {"uv": [13.5, 4.5, 14.5, 5], "texture": "#texture"},
				"south": {"uv": [4.5, 4.5, 9, 5], "texture": "#texture"},
				"west": {"uv": [1.5, 4.5, 2.5, 5], "texture": "#texture"},
				"up": {"uv": [4.5, 1.5, 9, 2.5], "texture": "#texture"},
				"down": {"uv": [4.5, 13.5, 9, 14.5], "texture": "#texture"}
			}
		},
		{
			"name": "Box2",
			"from": [-6, 10.125, 7.25],
			"to": [0.5, 10.625, 8.25],
			"rotation": {"angle": -22.5, "axis": "x", "origin": [-4, 10.625, 7.25]},
			"faces": {
				"north": {"uv": [7, 5, 13.5, 5.5], "texture": "#texture"},
				"east": {"uv": [1, 5, 2, 5.5], "texture": "#texture"},
				"south": {"uv": [2.5, 5, 9, 5.5], "texture": "#texture"},
				"west": {"uv": [14, 5, 15, 5.5], "texture": "#texture"},
				"up": {"uv": [2.5, 14, 9, 15], "texture": "#texture"},
				"down": {"uv": [2.5, 1, 9, 2], "texture": "#texture"}
			}
		},
		{
			"name": "Box1",
			"from": [-8, 9.125, 7.25],
			"to": [0.5, 10.125, 8.25],
			"rotation": {"angle": -22.5, "axis": "x", "origin": [-4, 10.625, 7.25]},
			"faces": {
				"north": {"uv": [7, 5.5, 15.5, 6.5], "texture": "#texture"},
				"east": {"uv": [1, 5.5, 2, 6.5], "texture": "#texture"},
				"south": {"uv": [0.5, 5.5, 9, 6.5], "texture": "#texture"},
				"west": {"uv": [14, 5.5, 15, 6.5], "texture": "#texture"},
				"up": {"uv": [0.5, 14, 9, 15], "texture": "#texture"},
				"down": {"uv": [0.5, 1, 9, 2], "texture": "#texture"}
			}
		},
		{
			"name": "Box7",
			"from": [-4, 11, 6],
			"to": [0.5, 11.5, 8],
			"faces": {
				"north": {"uv": [4, 4.5, 8.5, 5], "texture": "#texture"},
				"east": {"uv": [12.5, 4.5, 14.5, 5], "texture": "#texture"},
				"south": {"uv": [7.5, 4.5, 12, 5], "texture": "#texture"},
				"west": {"uv": [1.5, 4.5, 3.5, 5], "texture": "#texture"},
				"up": {"uv": [7.5, 1.5, 12, 3.5], "texture": "#texture"},
				"down": {"uv": [7.5, 12.5, 12, 14.5], "texture": "#texture"}
			}
		},
		{
			"name": "Box8",
			"from": [-3.75, 10, 5.5],
			"to": [0.25, 11, 6.5],
			"faces": {
				"north": {"uv": [4.5, 5, 8.5, 6], "texture": "#texture1"},
				"east": {"uv": [14, 5, 15, 6], "texture": "#texture1"},
				"south": {"uv": [7.5, 5, 11.5, 6], "texture": "#texture1"},
				"west": {"uv": [1, 5, 2, 6], "texture": "#texture1"},
				"up": {"uv": [7.5, 1, 11.5, 2], "texture": "#texture1"},
				"down": {"uv": [7.5, 14, 11.5, 15], "texture": "#texture1"}
			}
		},
		{
			"name": "Box8",
			"from": [-3.75, 10, 7.5],
			"to": [0.25, 11, 8.5],
			"faces": {
				"north": {"uv": [15.75, 5, 16, 6], "texture": "#texture1"},
				"east": {"uv": [7.5, 5, 8.5, 6], "texture": "#texture1"},
				"south": {"uv": [0, 5, 0.25, 6], "texture": "#texture1"},
				"west": {"uv": [7.5, 5, 8.5, 6], "texture": "#texture1"},
				"up": {"uv": [0, 7.5, 0.25, 8.5], "texture": "#texture1"},
				"down": {"uv": [0, 7.5, 0.25, 8.5], "texture": "#texture1"}
			}
		},
		{
			"name": "Box10",
			"from": [0.5, 10, 6.25],
			"to": [2.5, 11.5, 7.75],
			"faces": {
				"north": {"uv": [2, 4.5, 4, 6], "texture": "#texture"},
				"east": {"uv": [12.75, 4.5, 14.25, 6], "texture": "#texture"},
				"south": {"uv": [12, 4.5, 14, 6], "texture": "#texture"},
				"west": {"uv": [1.75, 4.5, 3.25, 6], "texture": "#texture"},
				"up": {"uv": [12, 1.75, 14, 3.25], "texture": "#texture"},
				"down": {"uv": [12, 12.75, 14, 14.25], "texture": "#texture"}
			}
		},
		{
			"name": "Box11",
			"from": [2.5, 8.5, 5.5],
			"to": [7.5, 11, 8.5],
			"faces": {
				"north": {"uv": [13, 5, 16, 7.5], "texture": "#texture"},
				"east": {"uv": [12, 5, 15, 7.5], "texture": "#texture"},
				"south": {"uv": [0, 5, 3, 7.5], "texture": "#texture"},
				"west": {"uv": [1, 5, 4, 7.5], "texture": "#texture"},
				"up": {"uv": [0, 1, 3, 4], "texture": "#texture"},
				"down": {"uv": [0, 12, 3, 15], "texture": "#texture"}
			}
		},
		{
			"name": "Box12",
			"from": [2.5, 11, 5.5],
			"to": [7.5, 12, 6.5],
			"rotation": {"angle": 45, "axis": "x", "origin": [2.5, 11, 5.5]},
			"faces": {
				"north": {"uv": [0, 4, 5, 5], "texture": "#texture"},
				"east": {"uv": [14, 4, 15, 5], "texture": "#texture"},
				"south": {"uv": [11, 4, 16, 5], "texture": "#texture"},
				"west": {"uv": [1, 4, 2, 5], "texture": "#texture"},
				"up": {"uv": [11, 1, 16, 2], "texture": "#texture"},
				"down": {"uv": [11, 14, 16, 15], "texture": "#texture"}
			}
		},
		{
			"name": "Box12",
			"from": [2.5, 11, 7.5],
			"to": [7.5, 12, 8.5],
			"rotation": {"angle": -45, "axis": "x", "origin": [7.5, 11, 8.5]},
			"faces": {
				"north": {"uv": [11, 4, 16, 5], "texture": "#texture"},
				"east": {"uv": [1, 4, 2, 5], "texture": "#texture"},
				"south": {"uv": [0, 4, 5, 5], "texture": "#texture"},
				"west": {"uv": [14, 4, 15, 5], "texture": "#texture"},
				"up": {"uv": [11, 1, 16, 2], "rotation": 180, "texture": "#texture"},
				"down": {"uv": [11, 14, 16, 15], "rotation": 180, "texture": "#texture"}
			}
		},
		{
			"name": "Box14",
			"from": [2.5, 11, 6],
			"to": [7.5, 12, 8],
			"faces": {
				"north": {"uv": [13, 4, 16, 5], "texture": "#texture"},
				"east": {"uv": [12.5, 4, 14.5, 5], "texture": "#texture"},
				"south": {"uv": [0, 4, 3, 5], "texture": "#texture"},
				"west": {"uv": [1.5, 4, 3.5, 5], "texture": "#texture"},
				"up": {"uv": [0, 1.5, 3, 3.5], "texture": "#texture"},
				"down": {"uv": [0, 12.5, 3, 14.5], "texture": "#texture"}
			}
		},
		{
			"name": "Box15",
			"from": [-3, 11.5, 6],
			"to": [0.5, 12, 7.5],
			"faces": {
				"north": {"uv": [4, 4, 7.5, 4.5], "texture": "#texture2"},
				"east": {"uv": [13, 4, 14.5, 4.5], "texture": "#texture2"},
				"south": {"uv": [8.5, 4, 12, 4.5], "texture": "#texture2"},
				"west": {"uv": [1.5, 4, 3, 4.5], "texture": "#texture2"},
				"up": {"uv": [8.5, 1.5, 12, 3], "texture": "#texture2"},
				"down": {"uv": [8.5, 13, 12, 14.5], "texture": "#texture2"}
			}
		},
		{
			"name": "Box16",
			"from": [-1, 12, 6.25],
			"to": [0.5, 14, 7.75],
			"rotation": {"angle": -22.5, "axis": "z", "origin": [-1, 12, 6.25]},
			"faces": {
				"north": {"uv": [7, 2, 8.5, 4], "texture": "#texture2"},
				"east": {"uv": [1, 2, 2, 4], "texture": "#texture2"},
				"south": {"uv": [7.5, 2, 9, 4], "texture": "#texture2"},
				"west": {"uv": [14, 2, 15, 4], "texture": "#texture2"},
				"up": {"uv": [7.5, 14, 9, 15], "texture": "#texture2"},
				"down": {"uv": [7.5, 1, 9, 2], "texture": "#texture2"}
			}
		},
		{
			"name": "Box17",
			"from": [-0.5, 13, 6.25],
			"to": [1, 14, 7.75],
			"faces": {
				"north": {"uv": [3.5, 2, 5, 3], "texture": "#texture2"},
				"east": {"uv": [12.75, 2, 14.25, 3], "texture": "#texture2"},
				"south": {"uv": [11, 2, 12.5, 3], "texture": "#texture2"},
				"west": {"uv": [1.75, 2, 3.25, 3], "texture": "#texture2"},
				"up": {"uv": [11, 1.75, 12.5, 3.25], "texture": "#texture2"},
				"down": {"uv": [11, 12.75, 12.5, 14.25], "texture": "#texture2"}
			}
		},
		{
			"name": "Box18",
			"from": [0.875, 12.5, 6.25],
			"to": [3.875, 14, 7.75],
			"rotation": {"angle": 22.5, "axis": "z", "origin": [0.875, 12.5, 6.25]},
			"faces": {
				"north": {"uv": [3.5, 2, 6.5, 3.5], "texture": "#texture2"},
				"east": {"uv": [1, 2, 2, 3.5], "texture": "#texture2"},
				"south": {"uv": [9.5, 2, 12.5, 3.5], "texture": "#texture2"},
				"west": {"uv": [14, 2, 15, 3.5], "texture": "#texture2"},
				"up": {"uv": [9.5, 14, 12.5, 15], "texture": "#texture2"},
				"down": {"uv": [9.5, 1, 12.5, 2], "texture": "#texture2"}
			}
		},
		{
			"name": "Box19",
			"from": [3, 13.5, 6.325],
			"to": [6.5, 15, 7.675],
			"faces": {
				"north": {"uv": [14, 1, 16, 2.5], "texture": "#texture2"},
				"east": {"uv": [12.825, 1, 14.175, 2.5], "texture": "#texture2"},
				"south": {"uv": [0, 1, 2, 2.5], "texture": "#texture2"},
				"west": {"uv": [1.825, 1, 3.175, 2.5], "texture": "#texture2"},
				"up": {"uv": [0, 1.825, 2, 3.175], "texture": "#texture2"},
				"down": {"uv": [0, 12.825, 2, 14.175], "texture": "#texture2"}
			}
		},
		{
			"name": "Box20",
			"from": [6.5, 14, 6.25],
			"to": [8.5, 15, 7.75],
			"faces": {
				"north": {"uv": [12, 1, 14, 2], "texture": "#texture2"},
				"east": {"uv": [12.75, 1, 14.25, 2], "texture": "#texture2"},
				"south": {"uv": [2, 1, 4, 2], "texture": "#texture2"},
				"west": {"uv": [1.75, 1, 3.25, 2], "texture": "#texture2"},
				"up": {"uv": [2, 1.75, 4, 3.25], "texture": "#texture2"},
				"down": {"uv": [2, 12.75, 4, 14.25], "texture": "#texture2"}
			}
		},
		{
			"name": "Box21",
			"from": [7.5, 8.5, 5.5],
			"to": [11.5, 11, 8.5],
			"faces": {
				"north": {"uv": [9, 5, 13, 7.5], "texture": "#texture"},
				"east": {"uv": [12, 5, 15, 7.5], "texture": "#texture"},
				"south": {"uv": [3, 5, 7, 7.5], "texture": "#texture"},
				"west": {"uv": [1, 5, 4, 7.5], "texture": "#texture"},
				"up": {"uv": [3, 1, 7, 4], "texture": "#texture"},
				"down": {"uv": [3, 12, 7, 15], "texture": "#texture"}
			}
		},
		{
			"name": "Box11",
			"from": [11.5, 8.5, 5.5],
			"to": [16.5, 11, 8.5],
			"faces": {
				"north": {"uv": [4, 5, 9, 7.5], "texture": "#texture"},
				"east": {"uv": [12, 5, 15, 7.5], "texture": "#texture"},
				"south": {"uv": [7, 5, 12, 7.5], "texture": "#texture"},
				"west": {"uv": [1, 5, 4, 7.5], "texture": "#texture"},
				"up": {"uv": [7, 1, 12, 4], "texture": "#texture"},
				"down": {"uv": [7, 12, 12, 15], "texture": "#texture"}
			}
		},
		{
			"name": "Box12",
			"from": [11.5, 11, 7.5],
			"to": [16.5, 12, 8.5],
			"rotation": {"angle": -45, "axis": "x", "origin": [16.5, 11, 8.5]},
			"faces": {
				"north": {"uv": [11, 4, 16, 5], "texture": "#texture"},
				"east": {"uv": [1, 4, 2, 5], "texture": "#texture"},
				"south": {"uv": [0, 4, 5, 5], "texture": "#texture"},
				"west": {"uv": [14, 4, 15, 5], "texture": "#texture"},
				"up": {"uv": [11, 1, 16, 2], "rotation": 180, "texture": "#texture"},
				"down": {"uv": [11, 14, 16, 15], "rotation": 180, "texture": "#texture"}
			}
		},
		{
			"name": "Box14",
			"from": [11.5, 11, 6],
			"to": [16.5, 12, 8],
			"faces": {
				"north": {"uv": [4, 4, 9, 5], "texture": "#texture"},
				"east": {"uv": [12.5, 4, 14.5, 5], "texture": "#texture"},
				"south": {"uv": [7, 4, 12, 5], "texture": "#texture"},
				"west": {"uv": [1.5, 4, 3.5, 5], "texture": "#texture"},
				"up": {"uv": [7, 1.5, 12, 3.5], "texture": "#texture"},
				"down": {"uv": [7, 12.5, 12, 14.5], "texture": "#texture"}
			}
		},
		{
			"name": "Box12",
			"from": [11.5, 11, 5.5],
			"to": [16.5, 12, 6.5],
			"rotation": {"angle": 45, "axis": "x", "origin": [11.5, 11, 5.5]},
			"faces": {
				"north": {"uv": [0, 4, 5, 5], "texture": "#texture"},
				"east": {"uv": [14, 4, 15, 5], "texture": "#texture"},
				"south": {"uv": [11, 4, 16, 5], "texture": "#texture"},
				"west": {"uv": [1, 4, 2, 5], "texture": "#texture"},
				"up": {"uv": [11, 1, 16, 2], "texture": "#texture"},
				"down": {"uv": [11, 14, 16, 15], "texture": "#texture"}
			}
		},
		{
			"name": "Box26",
			"from": [4, 15, 6],
			"to": [7.5, 16, 8],
			"faces": {
				"north": {"uv": [13, 0, 16, 1], "texture": "#texture2"},
				"east": {"uv": [12.5, 0, 14.5, 1], "texture": "#texture2"},
				"south": {"uv": [0, 0, 3, 1], "texture": "#texture2"},
				"west": {"uv": [1.5, 0, 3.5, 1], "texture": "#texture2"},
				"up": {"uv": [0, 1.5, 3, 3.5], "texture": "#texture2"},
				"down": {"uv": [0, 12.5, 3, 14.5], "texture": "#texture2"}
			}
		},
		{
			"name": "Box27",
			"from": [4, 16, 6],
			"to": [7.5, 17, 7],
			"rotation": {"angle": 22.5, "axis": "x", "origin": [4, 16, 6]},
			"faces": {
				"north": {"uv": [0, 15, 3.5, 16], "texture": "#texture2"},
				"east": {"uv": [13.5, 15, 14.5, 16], "texture": "#texture2"},
				"south": {"uv": [12.5, 15, 16, 16], "texture": "#texture2"},
				"west": {"uv": [1.5, 15, 2.5, 16], "texture": "#texture2"},
				"up": {"uv": [12.5, 1.5, 16, 2.5], "texture": "#texture2"},
				"down": {"uv": [12.5, 13.5, 16, 14.5], "texture": "#texture2"}
			}
		},
		{
			"name": "Box27",
			"from": [4, 16, 7],
			"to": [7.5, 17, 8],
			"rotation": {"angle": -22.5, "axis": "x", "origin": [7.5, 16, 8]},
			"faces": {
				"north": {"uv": [12.5, 15, 16, 16], "texture": "#texture2"},
				"east": {"uv": [1.5, 15, 2.5, 16], "texture": "#texture2"},
				"south": {"uv": [0, 15, 3.5, 16], "texture": "#texture2"},
				"west": {"uv": [13.5, 15, 14.5, 16], "texture": "#texture2"},
				"up": {"uv": [12.5, 1.5, 16, 2.5], "rotation": 180, "texture": "#texture2"},
				"down": {"uv": [12.5, 13.5, 16, 14.5], "rotation": 180, "texture": "#texture2"}
			}
		},
		{
			"name": "Box29",
			"from": [4, 16, 6.5],
			"to": [7.5, 17, 7.5],
			"faces": {
				"north": {"uv": [13, 15, 16, 16], "texture": "#texture2"},
				"east": {"uv": [13, 15, 14, 16], "texture": "#texture2"},
				"south": {"uv": [0, 15, 3, 16], "texture": "#texture2"},
				"west": {"uv": [2, 15, 3, 16], "texture": "#texture2"},
				"up": {"uv": [0, 2, 3, 3], "texture": "#texture2"},
				"down": {"uv": [0, 13, 3, 14], "texture": "#texture2"}
			}
		},
		{
			"name": "Box32",
			"from": [-0.5, 13.625, 6],
			"to": [0.5, 14.625, 6.5],
			"faces": {
				"north": {"uv": [4, 1.375, 5, 2.375], "texture": "#texture2"},
				"east": {"uv": [14, 1.375, 14.5, 2.375], "texture": "#texture2"},
				"south": {"uv": [11, 1.375, 12, 2.375], "texture": "#texture2"},
				"west": {"uv": [1.5, 1.375, 2, 2.375], "texture": "#texture2"},
				"up": {"uv": [11, 1.5, 12, 2], "texture": "#texture2"},
				"down": {"uv": [11, 14, 12, 14.5], "texture": "#texture2"}
			}
		},
		{
			"name": "Box32",
			"from": [-0.5, 13.625, 7.5],
			"to": [0.5, 14.625, 8],
			"faces": {
				"north": {"uv": [4, 1.375, 5, 2.375], "texture": "#texture2"},
				"east": {"uv": [12.5, 1.375, 13, 2.375], "texture": "#texture2"},
				"south": {"uv": [11, 1.375, 12, 2.375], "texture": "#texture2"},
				"west": {"uv": [3, 1.375, 3.5, 2.375], "texture": "#texture2"},
				"up": {"uv": [11, 3, 12, 3.5], "texture": "#texture2"},
				"down": {"uv": [11, 12.5, 12, 13], "texture": "#texture2"}
			}
		},
		{
			"name": "Box34",
			"from": [-0.5, 14.625, 6],
			"to": [0.5, 15.625, 6.5],
			"rotation": {"angle": 45, "axis": "x", "origin": [-0.5, 14.625, 6]},
			"faces": {
				"north": {"uv": [7, 0, 8, 1], "texture": "#texture2"},
				"east": {"uv": [14, 0, 14.5, 1], "texture": "#texture2"},
				"south": {"uv": [8, 0, 9, 1], "texture": "#texture2"},
				"west": {"uv": [1.5, 0, 2, 1], "texture": "#texture2"},
				"up": {"uv": [8, 1.5, 9, 2], "texture": "#texture2"},
				"down": {"uv": [8, 14, 9, 14.5], "texture": "#texture2"}
			}
		},
		{
			"name": "Box34",
			"from": [-0.5, 14.625, 7.5],
			"to": [0.5, 15.625, 8],
			"rotation": {"angle": -45, "axis": "x", "origin": [0.5, 14.625, 8]},
			"faces": {
				"north": {"uv": [8, 0, 9, 1], "texture": "#texture2"},
				"east": {"uv": [1.5, 0, 2, 1], "texture": "#texture2"},
				"south": {"uv": [7, 0, 8, 1], "texture": "#texture2"},
				"west": {"uv": [14, 0, 14.5, 1], "texture": "#texture2"},
				"up": {"uv": [8, 1.5, 9, 2], "rotation": 180, "texture": "#texture2"},
				"down": {"uv": [8, 14, 9, 14.5], "rotation": 180, "texture": "#texture2"}
			}
		},
		{
			"name": "Box36",
			"from": [-0.5, 14.875, 6.5],
			"to": [0.5, 15.375, 7.5],
			"faces": {
				"north": {"uv": [4, 0.625, 5, 1.125], "texture": "#texture2"},
				"east": {"uv": [13, 0.625, 14, 1.125], "texture": "#texture2"},
				"south": {"uv": [11, 0.625, 12, 1.125], "texture": "#texture2"},
				"west": {"uv": [2, 0.625, 3, 1.125], "texture": "#texture2"},
				"up": {"uv": [11, 2, 12, 3], "texture": "#texture2"},
				"down": {"uv": [11, 13, 12, 14], "texture": "#texture2"}
			}
		},
		{
			"name": "Box37",
			"from": [16.5, 8.5, 6.25],
			"to": [18, 9.5, 7.75],
			"rotation": {"angle": 45, "axis": "z", "origin": [16.5, 8.5, 6.25]},
			"faces": {
				"north": {"uv": [2.5, 6.5, 4, 7.5], "texture": "#texture"},
				"east": {"uv": [1, 6.5, 2, 7.5], "texture": "#texture"},
				"south": {"uv": [12, 6.5, 13.5, 7.5], "texture": "#texture"},
				"west": {"uv": [14, 6.5, 15, 7.5], "texture": "#texture"},
				"up": {"uv": [12, 14, 13.5, 15], "texture": "#texture"},
				"down": {"uv": [12, 1, 13.5, 2], "texture": "#texture"}
			}
		},
		{
			"name": "Box38",
			"from": [16.5, 9.5, 6],
			"to": [19.5, 11.5, 8],
			"faces": {
				"north": {"uv": [1, 4.5, 4, 6.5], "texture": "#texture"},
				"east": {"uv": [12.5, 4.5, 14.5, 6.5], "texture": "#texture"},
				"south": {"uv": [12, 4.5, 15, 6.5], "texture": "#texture"},
				"west": {"uv": [1.5, 4.5, 3.5, 6.5], "texture": "#texture"},
				"up": {"uv": [12, 1.5, 15, 3.5], "texture": "#texture"},
				"down": {"uv": [12, 12.5, 15, 14.5], "texture": "#texture"}
			}
		},
		{
			"name": "Box39",
			"from": [19.5, 9.5, 6.25],
			"to": [20.5, 10.5, 7.75],
			"rotation": {"angle": 45, "axis": "z", "origin": [19.5, 9.5, 6.25]},
			"faces": {
				"north": {"uv": [0, 5.5, 1, 6.5], "texture": "#texture"},
				"east": {"uv": [1, 5.5, 2, 6.5], "texture": "#texture"},
				"south": {"uv": [15, 5.5, 16, 6.5], "texture": "#texture"},
				"west": {"uv": [14, 5.5, 15, 6.5], "texture": "#texture"},
				"up": {"uv": [15, 14, 16, 15], "texture": "#texture"},
				"down": {"uv": [15, 1, 16, 2], "texture": "#texture"}
			}
		},
		{
			"name": "Box40",
			"from": [19.5, 10, 6],
			"to": [22.5, 11.5, 8],
			"faces": {
				"north": {"uv": [9.5, 4.5, 12.5, 6], "texture": "#texture"},
				"east": {"uv": [8, 4.5, 10, 6], "texture": "#texture"},
				"south": {"uv": [3.5, 4.5, 6.5, 6], "texture": "#texture"},
				"west": {"uv": [6, 4.5, 8, 6], "texture": "#texture"},
				"up": {"uv": [3.5, 6, 6.5, 8], "texture": "#texture"},
				"down": {"uv": [3.5, 8, 6.5, 10], "texture": "#texture"}
			}
		},
		{
			"name": "Box41",
			"from": [21, 8, 6],
			"to": [22.5, 11.5, 8],
			"rotation": {"angle": 22.5, "axis": "z", "origin": [22.5, 11.5, 8]},
			"faces": {
				"north": {"uv": [14, 15, 15, 16], "rotation": 90, "texture": "#texture"},
				"east": {"uv": [14, 1, 15, 2], "rotation": 90, "texture": "#texture"},
				"south": {"uv": [1, 15, 2, 16], "rotation": 270, "texture": "#texture"},
				"west": {"uv": [15, 15, 14, 14], "rotation": 270, "texture": "#texture"},
				"up": {"uv": [15, 16, 14, 15], "rotation": 90, "texture": "#texture"},
				"down": {"uv": [1, 15, 2, 16], "rotation": 270, "texture": "#texture"}
			}
		},
		{
			"name": "Box42",
			"from": [22.5, 7.5, 6],
			"to": [24, 8.5, 8],
			"faces": {
				"north": {"uv": [12.5, 7.5, 14, 8.5], "texture": "#texture"},
				"east": {"uv": [12.5, 7.5, 14.5, 8.5], "texture": "#texture"},
				"south": {"uv": [2, 7.5, 3.5, 8.5], "texture": "#texture"},
				"west": {"uv": [1.5, 7.5, 3.5, 8.5], "texture": "#texture"},
				"up": {"uv": [2, 1.5, 3.5, 3.5], "texture": "#texture"},
				"down": {"uv": [2, 12.5, 3.5, 14.5], "texture": "#texture"}
			}
		},
		{
			"name": "Box43",
			"from": [20.5, 6.5, 6],
			"to": [24, 7.5, 8],
			"faces": {
				"north": {"uv": [12.5, 8.5, 16, 9.5], "texture": "#texture"},
				"east": {"uv": [12.5, 8.5, 14.5, 9.5], "texture": "#texture"},
				"south": {"uv": [0, 8.5, 3.5, 9.5], "texture": "#texture"},
				"west": {"uv": [1.5, 8.5, 3.5, 9.5], "texture": "#texture"},
				"up": {"uv": [0, 1.5, 3.5, 3.5], "texture": "#texture"},
				"down": {"uv": [0, 12.5, 3.5, 14.5], "texture": "#texture"}
			}
		},
		{
			"name": "Box44",
			"from": [18.5, 6.5, 6],
			"to": [20.5, 7.5, 8],
			"rotation": {"angle": 45, "axis": "z", "origin": [20.5, 7.5, 6]},
			"faces": {
				"north": {"uv": [2, 16, 1, 15], "texture": "#texture"},
				"east": {"uv": [14, 15, 15, 16], "rotation": 180, "texture": "#texture"},
				"south": {"uv": [15, 16, 14, 15], "texture": "#texture"},
				"west": {"uv": [1, 15, 2, 16], "rotation": 180, "texture": "#texture"},
				"up": {"uv": [14, 1, 15, 2], "rotation": 180, "texture": "#texture"},
				"down": {"uv": [14, 14, 15, 15], "rotation": 180, "texture": "#texture"}
			}
		},
		{
			"name": "Box45",
			"from": [16.25, 5.5, 6.5],
			"to": [19.75, 6.5, 7.5],
			"faces": {
				"north": {"uv": [0.75, 9.5, 4.25, 10.5], "texture": "#texture"},
				"east": {"uv": [13, 9.5, 14, 10.5], "texture": "#texture"},
				"south": {"uv": [11.75, 9.5, 15.25, 10.5], "texture": "#texture"},
				"west": {"uv": [2, 9.5, 3, 10.5], "texture": "#texture"},
				"up": {"uv": [11.75, 2, 15.25, 3], "texture": "#texture"},
				"down": {"uv": [11.75, 13, 15.25, 14], "texture": "#texture"}
			}
		},
		{
			"name": "Box46",
			"from": [15, 5, 6.25],
			"to": [16.5, 6.5, 7.75],
			"faces": {
				"north": {"uv": [4, 9.5, 5.5, 11], "texture": "#texture1"},
				"east": {"uv": [12.75, 9.5, 14.25, 11], "texture": "#texture1"},
				"south": {"uv": [10.5, 9.5, 12, 11], "texture": "#texture1"},
				"west": {"uv": [1.75, 9.5, 3.25, 11], "texture": "#texture1"},
				"up": {"uv": [10.5, 1.75, 12, 3.25], "texture": "#texture1"},
				"down": {"uv": [10.5, 12.75, 12, 14.25], "texture": "#texture1"}
			}
		},
		{
			"name": "Box47",
			"from": [14.9561, 6.3939, 6.25],
			"to": [16.4561, 9.3939, 7.75],
			"rotation": {"angle": 22.5, "axis": "z", "origin": [16.5, 6.5, 7.75]},
			"faces": {
				"north": {"uv": [10.5, 7, 12, 9.5], "texture": "#texture1"},
				"east": {"uv": [14, 7, 15.5, 9.5], "texture": "#texture1"},
				"south": {"uv": [4, 7, 5.5, 9.5], "texture": "#texture1"},
				"west": {"uv": [0.5, 7, 2, 9.5], "texture": "#texture1"},
				"up": {"uv": [10.5, 14, 12, 15.5], "rotation": 180, "texture": "#texture1"},
				"down": {"uv": [10.5, 0.5, 12, 2], "rotation": 180, "texture": "#texture1"}
			}
		},
		{
			"name": "Box48",
			"from": [13.5, 7.5, 6],
			"to": [16, 8.5, 8],
			"faces": {
				"north": {"uv": [4.5, 7.5, 7, 8.5], "texture": "#texture1"},
				"east": {"uv": [12.5, 7.5, 14.5, 8.5], "texture": "#texture1"},
				"south": {"uv": [9, 7.5, 11.5, 8.5], "texture": "#texture1"},
				"west": {"uv": [1.5, 7.5, 3.5, 8.5], "texture": "#texture1"},
				"up": {"uv": [9, 1.5, 11.5, 3.5], "texture": "#texture1"},
				"down": {"uv": [9, 12.5, 11.5, 14.5], "texture": "#texture1"}
			}
		},
		{
			"name": "Box49",
			"from": [11, 5, 6.25],
			"to": [15, 6, 7.75],
			"rotation": {"angle": 22.5, "axis": "z", "origin": [15, 6, 6.25]},
			"faces": {
				"north": {"uv": [11, 13.5, 7, 12.5], "texture": "#texture1"},
				"east": {"uv": [14, 12.5, 15, 13.5], "rotation": 180, "texture": "#texture1"},
				"south": {"uv": [9, 13.5, 5, 12.5], "texture": "#texture1"},
				"west": {"uv": [1, 12.5, 2, 13.5], "rotation": 180, "texture": "#texture1"},
				"up": {"uv": [5, 1, 9, 2], "rotation": 180, "texture": "#texture1"},
				"down": {"uv": [5, 14, 9, 15], "rotation": 180, "texture": "#texture1"}
			}
		},
		{
			"name": "Box50",
			"from": [8.5, 3.5, 6.25],
			"to": [12, 4.5, 7.75],
			"faces": {
				"north": {"uv": [8.5, 11.5, 12, 12.5], "texture": "#texture1"},
				"east": {"uv": [12.75, 11.5, 14.25, 12.5], "texture": "#texture1"},
				"south": {"uv": [4, 11.5, 7.5, 12.5], "texture": "#texture1"},
				"west": {"uv": [1.75, 11.5, 3.25, 12.5], "texture": "#texture1"},
				"up": {"uv": [4, 1.75, 7.5, 3.25], "texture": "#texture1"},
				"down": {"uv": [4, 12.75, 7.5, 14.25], "texture": "#texture1"}
			}
		},
		{
			"name": "Box51",
			"from": [8.5, 3.5, 6.25],
			"to": [9.5, 8.5, 7.75],
			"rotation": {"angle": 22.5, "axis": "z", "origin": [8.5, 3.5, 6.25]},
			"faces": {
				"north": {"uv": [11, 7.5, 12, 12.5], "texture": "#texture1"},
				"east": {"uv": [1, 7.5, 2, 12.5], "texture": "#texture1"},
				"south": {"uv": [4, 7.5, 5, 12.5], "texture": "#texture1"},
				"west": {"uv": [14, 7.5, 15, 12.5], "texture": "#texture1"},
				"up": {"uv": [4, 14, 5, 15], "texture": "#texture1"},
				"down": {"uv": [4, 1, 5, 2], "texture": "#texture1"}
			}
		},
		{
			"name": "Box52",
			"from": [6.5, 8, 6.25],
			"to": [7.5, 9, 7.75],
			"faces": {
				"north": {"uv": [13, 7, 14, 8], "texture": "#texture1"},
				"east": {"uv": [12.75, 7, 14.25, 8], "texture": "#texture1"},
				"south": {"uv": [2, 7, 3, 8], "texture": "#texture1"},
				"west": {"uv": [1.75, 7, 3.25, 8], "texture": "#texture1"},
				"up": {"uv": [2, 1.75, 3, 3.25], "texture": "#texture1"},
				"down": {"uv": [2, 12.75, 3, 14.25], "texture": "#texture1"}
			}
		},
		{
			"name": "Box53",
			"from": [7.5, 6, 6.5],
			"to": [8.5, 7, 7.5],
			"faces": {
				"north": {"uv": [12, 9, 13, 10], "texture": "#texture1"},
				"east": {"uv": [13, 9, 14, 10], "texture": "#texture1"},
				"south": {"uv": [3, 9, 4, 10], "texture": "#texture1"},
				"west": {"uv": [2, 9, 3, 10], "texture": "#texture1"},
				"up": {"uv": [3, 2, 4, 3], "texture": "#texture1"},
				"down": {"uv": [3, 13, 4, 14], "texture": "#texture1"}
			}
		},
		{
			"name": "Box53",
			"from": [8.5, 6, 6.5],
			"to": [9.5, 7, 7.5],
			"rotation": {"angle": 22.5, "axis": "z", "origin": [8.5, 6, 6.5]},
			"faces": {
				"north": {"uv": [11, 9, 12, 10], "texture": "#texture1"},
				"east": {"uv": [1, 9, 2, 10], "texture": "#texture1"},
				"south": {"uv": [4, 9, 5, 10], "texture": "#texture1"},
				"west": {"uv": [14, 9, 15, 10], "texture": "#texture1"},
				"up": {"uv": [4, 14, 5, 15], "texture": "#texture1"},
				"down": {"uv": [4, 1, 5, 2], "texture": "#texture1"}
			}
		},
		{
			"name": "Box53",
			"from": [9.375, 6.375, 6.5],
			"to": [10.375, 7.375, 7.5],
			"rotation": {"angle": 45, "axis": "z", "origin": [9.375, 6.375, 6.5]},
			"faces": {
				"north": {"uv": [11, 9, 12, 10], "texture": "#texture1"},
				"east": {"uv": [1, 9, 2, 10], "texture": "#texture1"},
				"south": {"uv": [4, 9, 5, 10], "texture": "#texture1"},
				"west": {"uv": [14, 9, 15, 10], "texture": "#texture1"},
				"up": {"uv": [4, 14, 5, 15], "texture": "#texture1"},
				"down": {"uv": [4, 1, 5, 2], "texture": "#texture1"}
			}
		},
		{
			"name": "Box53",
			"from": [9, 7, 6.5],
			"to": [10, 8, 7.5],
			"rotation": {"angle": -22.5, "axis": "z", "origin": [10, 7, 6.5]},
			"faces": {
				"north": {"uv": [12, 10, 11, 9], "rotation": 270, "texture": "#texture1"},
				"east": {"uv": [4, 1, 5, 2], "rotation": 270, "texture": "#texture1"},
				"south": {"uv": [5, 10, 4, 9], "rotation": 90, "texture": "#texture1"},
				"west": {"uv": [5, 15, 4, 14], "rotation": 90, "texture": "#texture1"},
				"up": {"uv": [1, 9, 2, 10], "rotation": 270, "texture": "#texture1"},
				"down": {"uv": [15, 10, 14, 9], "rotation": 90, "texture": "#texture1"}
			}
		},
		{
			"name": "Box57",
			"from": [9.375, 7.875, 6.5],
			"to": [10.375, 8.875, 7.5],
			"faces": {
				"north": {"uv": [10.125, 7.125, 11.125, 8.125], "texture": "#texture1"},
				"east": {"uv": [13, 7.125, 14, 8.125], "texture": "#texture1"},
				"south": {"uv": [4.875, 7.125, 5.875, 8.125], "texture": "#texture1"},
				"west": {"uv": [2, 7.125, 3, 8.125], "texture": "#texture1"},
				"up": {"uv": [4.875, 2, 5.875, 3], "texture": "#texture1"},
				"down": {"uv": [4.875, 13, 5.875, 14], "texture": "#texture1"}
			}
		},
		{
			"name": "Box58",
			"from": [9.5, 6.5, 6.5],
			"to": [10.5, 7.5, 7.5],
			"faces": {
				"north": {"uv": [10, 8.5, 11, 9.5], "texture": "#texture1"},
				"east": {"uv": [13, 8.5, 14, 9.5], "texture": "#texture1"},
				"south": {"uv": [5, 8.5, 6, 9.5], "texture": "#texture1"},
				"west": {"uv": [2, 8.5, 3, 9.5], "texture": "#texture1"},
				"up": {"uv": [5, 2, 6, 3], "texture": "#texture1"},
				"down": {"uv": [5, 13, 6, 14], "texture": "#texture1"}
			}
		},
		{
			"name": "Box58",
			"from": [10.5, 6.5, 6.5],
			"to": [11.5, 7.5, 7.5],
			"rotation": {"angle": -22.5, "axis": "z", "origin": [10.5, 7.5, 7.5]},
			"faces": {
				"north": {"uv": [7, 9.5, 6, 8.5], "texture": "#texture1"},
				"east": {"uv": [1, 8.5, 2, 9.5], "rotation": 180, "texture": "#texture1"},
				"south": {"uv": [10, 9.5, 9, 8.5], "texture": "#texture1"},
				"west": {"uv": [14, 8.5, 15, 9.5], "rotation": 180, "texture": "#texture1"},
				"up": {"uv": [6, 1, 7, 2], "texture": "#texture1"},
				"down": {"uv": [6, 14, 7, 15], "texture": "#texture1"}
			}
		},
		{
			"name": "Box58",
			"from": [11.375, 6.125, 6.5],
			"to": [12.375, 7.125, 7.5],
			"rotation": {"angle": -45, "axis": "z", "origin": [11.375, 7.125, 7.5]},
			"faces": {
				"north": {"uv": [7, 9.5, 6, 8.5], "texture": "#texture1"},
				"east": {"uv": [1, 8.5, 2, 9.5], "rotation": 180, "texture": "#texture1"},
				"south": {"uv": [10, 9.5, 9, 8.5], "texture": "#texture1"},
				"west": {"uv": [14, 8.5, 15, 9.5], "rotation": 180, "texture": "#texture1"},
				"up": {"uv": [6, 1, 7, 2], "texture": "#texture1"},
				"down": {"uv": [6, 14, 7, 15], "texture": "#texture1"}
			}
		},
		{
			"name": "Box58",
			"from": [11, 5.5, 6.5],
			"to": [12, 6.5, 7.5],
			"rotation": {"angle": 22.5, "axis": "z", "origin": [12, 6.5, 7.5]},
			"faces": {
				"north": {"uv": [6, 8.5, 7, 9.5], "rotation": 90, "texture": "#texture1"},
				"east": {"uv": [6, 1, 7, 2], "rotation": 90, "texture": "#texture1"},
				"south": {"uv": [9, 8.5, 10, 9.5], "rotation": 270, "texture": "#texture1"},
				"west": {"uv": [7, 15, 6, 14], "rotation": 270, "texture": "#texture1"},
				"up": {"uv": [15, 9.5, 14, 8.5], "rotation": 90, "texture": "#texture1"},
				"down": {"uv": [1, 8.5, 2, 9.5], "rotation": 270, "texture": "#texture1"}
			}
		},
		{
			"name": "Box62",
			"from": [11.375, 4.125, 6.5],
			"to": [12.375, 5.625, 7.5],
			"faces": {
				"north": {"uv": [8.125, 10.375, 9.125, 11.875], "texture": "#texture1"},
				"east": {"uv": [13, 10.375, 14, 11.875], "texture": "#texture1"},
				"south": {"uv": [6.875, 10.375, 7.875, 11.875], "texture": "#texture1"},
				"west": {"uv": [2, 10.375, 3, 11.875], "texture": "#texture1"},
				"up": {"uv": [6.875, 2, 7.875, 3], "texture": "#texture1"},
				"down": {"uv": [6.875, 13, 7.875, 14], "texture": "#texture1"}
			}
		},
		{
			"name": "Box63",
			"from": [8.5, 4.5, 6.3],
			"to": [11.5, 6.5, 7.8],
			"faces": {
				"north": {"uv": [9, 9.5, 12, 11.5], "texture": "#texture1"},
				"east": {"uv": [12.7, 9.5, 14.2, 11.5], "texture": "#texture1"},
				"south": {"uv": [4, 9.5, 7, 11.5], "texture": "#texture1"},
				"west": {"uv": [1.8, 9.5, 3.3, 11.5], "texture": "#texture1"},
				"up": {"uv": [4, 1.8, 7, 3.3], "texture": "#texture1"},
				"down": {"uv": [4, 12.7, 7, 14.2], "texture": "#texture1"}
			}
		},
		{
			"name": "Box64",
			"from": [11.5, 6.5, 6.5],
			"to": [13, 7, 7.5],
			"faces": {
				"north": {"uv": [7.5, 9, 9, 9.5], "texture": "#texture1"},
				"east": {"uv": [13, 9, 14, 9.5], "texture": "#texture1"},
				"south": {"uv": [7, 9, 8.5, 9.5], "texture": "#texture1"},
				"west": {"uv": [2, 9, 3, 9.5], "texture": "#texture1"},
				"up": {"uv": [7, 2, 8.5, 3], "texture": "#texture1"},
				"down": {"uv": [7, 13, 8.5, 14], "texture": "#texture1"}
			}
		},
		{
			"name": "Box64",
			"from": [13, 6.5, 6.5],
			"to": [14.5, 7, 7.5],
			"rotation": {"angle": 45, "axis": "z", "origin": [13, 6.5, 6.5]},
			"faces": {
				"north": {"uv": [6, 9, 7.5, 9.5], "texture": "#texture1"},
				"east": {"uv": [1, 9, 2, 9.5], "texture": "#texture1"},
				"south": {"uv": [8.5, 9, 10, 9.5], "texture": "#texture1"},
				"west": {"uv": [14, 9, 15, 9.5], "texture": "#texture1"},
				"up": {"uv": [8.5, 14, 10, 15], "texture": "#texture1"},
				"down": {"uv": [8.5, 1, 10, 2], "texture": "#texture1"}
			}
		},
		{
			"name": "Box66",
			"from": [7.5, 7, 6.55],
			"to": [9.5, 8.5, 7.45],
			"faces": {
				"north": {"uv": [11, 7.5, 13, 9], "texture": "#texture1"},
				"east": {"uv": [13.05, 7.5, 13.95, 9], "texture": "#texture1"},
				"south": {"uv": [3, 7.5, 5, 9], "texture": "#texture1"},
				"west": {"uv": [2.05, 7.5, 2.95, 9], "texture": "#texture1"},
				"up": {"uv": [3, 2.05, 5, 2.95], "texture": "#texture1"},
				"down": {"uv": [3, 13.05, 5, 13.95], "texture": "#texture1"}
			}
		},
		{
			"name": "Box67",
			"from": [6.875, 0.25, 6.5],
			"to": [8.875, 4.25, 7.5],
			"rotation": {"angle": -45, "axis": "z", "origin": [6.875, 0.25, 6.5]},
			"faces": {
				"north": {"uv": [8, 14.5, 10, 16], "texture": "#texture2"},
				"east": {"uv": [1, 14.5, 2, 16], "texture": "#texture2"},
				"south": {"uv": [6, 14.5, 8, 16], "texture": "#texture2"},
				"west": {"uv": [14, 14.5, 15, 16], "texture": "#texture2"},
				"up": {"uv": [6, 14, 8, 15], "texture": "#texture2"},
				"down": {"uv": [6, 1, 8, 2], "texture": "#texture2"}
			}
		},
		{
			"name": "Box68",
			"from": [8.2535, 3.1802, 6.5],
			"to": [10.2535, 4.1802, 7.5],
			"rotation": {"angle": -22.5, "axis": "z", "origin": [6.875, 0.25, 6.5]},
			"faces": {
				"north": {"uv": [4.5, 13, 6.5, 14], "texture": "#texture2"},
				"east": {"uv": [14, 13, 15, 14], "texture": "#texture2"},
				"south": {"uv": [9.5, 13, 11.5, 14], "texture": "#texture2"},
				"west": {"uv": [1, 13, 2, 14], "texture": "#texture2"},
				"up": {"uv": [4.5, 14, 6.5, 15], "rotation": 180, "texture": "#texture2"},
				"down": {"uv": [4.5, 1, 6.5, 2], "rotation": 180, "texture": "#texture2"}
			}
		},
		{
			"name": "Box68",
			"from": [9.5596, 2.6365, 6.5],
			"to": [11.5596, 3.6365, 7.5],
			"faces": {
				"north": {"uv": [4.5, 13, 6.5, 14], "texture": "#texture2"},
				"east": {"uv": [14, 13, 15, 14], "texture": "#texture2"},
				"south": {"uv": [9.5, 13, 11.5, 14], "texture": "#texture2"},
				"west": {"uv": [1, 13, 2, 14], "texture": "#texture2"},
				"up": {"uv": [4.5, 14, 6.5, 15], "rotation": 180, "texture": "#texture2"},
				"down": {"uv": [4.5, 1, 6.5, 2], "rotation": 180, "texture": "#texture2"}
			}
		},
		{
			"name": "Box68",
			"from": [8.2278, 4.858, 6.5],
			"to": [10.2278, 5.858, 7.5],
			"rotation": {"angle": 22.5, "axis": "z", "origin": [13.875, 7.25, 6.5]},
			"faces": {
				"north": {"uv": [6.5, 14, 4.5, 13], "texture": "#texture2"},
				"east": {"uv": [1, 13, 2, 14], "rotation": 180, "texture": "#texture2"},
				"south": {"uv": [11.5, 14, 9.5, 13], "texture": "#texture2"},
				"west": {"uv": [14, 13, 15, 14], "rotation": 180, "texture": "#texture2"},
				"up": {"uv": [4.5, 1, 6.5, 2], "texture": "#texture2"},
				"down": {"uv": [4.5, 14, 6.5, 15], "texture": "#texture2"}
			}
		},
		{
			"name": "Box71",
			"from": [5.375, 4.25, 6.5],
			"to": [6.875, 6.25, 7.5],
			"rotation": {"angle": -45, "axis": "z", "origin": [6.875, 0.25, 6.5]},
			"faces": {
				"north": {"uv": [10, 12.5, 11.5, 14.5], "texture": "#texture2"},
				"east": {"uv": [1, 12.5, 2, 14.5], "texture": "#texture2"},
				"south": {"uv": [4.5, 12.5, 6, 14.5], "texture": "#texture2"},
				"west": {"uv": [14, 12.5, 15, 14.5], "texture": "#texture2"},
				"up": {"uv": [4.5, 14, 6, 15], "texture": "#texture2"},
				"down": {"uv": [4.5, 1, 6, 2], "texture": "#texture2"}
			}
		},
		{
			"name": "Box72",
			"from": [6.75, -1.375, 6.5],
			"to": [8.25, 0.125, 7.5],
			"faces": {
				"north": {"uv": [12.25, 15.875, 13.75, 16], "texture": "#texture2"},
				"east": {"uv": [13, 15.875, 14, 16], "texture": "#texture2"},
				"south": {"uv": [2.25, 15.875, 3.75, 16], "texture": "#texture2"},
				"west": {"uv": [2, 15.875, 3, 16], "texture": "#texture2"},
				"up": {"uv": [2.25, 2, 3.75, 3], "texture": "#texture2"},
				"down": {"uv": [2.25, 13, 3.75, 14], "texture": "#texture2"}
			}
		},
		{
			"name": "Box73",
			"from": [8, -1.5, 6.5],
			"to": [12, -0.5, 7.5],
			"faces": {
				"north": {"uv": [8.5, 0.5, 12.5, 1.5], "texture": "#texture2"},
				"east": {"uv": [13, 0.5, 14, 1.5], "texture": "#texture2"},
				"south": {"uv": [3.5, 0.5, 7.5, 1.5], "texture": "#texture2"},
				"west": {"uv": [2, 0.5, 3, 1.5], "texture": "#texture2"},
				"up": {"uv": [3.5, 2, 7.5, 3], "texture": "#texture2"},
				"down": {"uv": [3.5, 13, 7.5, 14], "texture": "#texture2"}
			}
		},
		{
			"name": "Box74",
			"from": [11, -1, 6.55],
			"to": [12, 3, 7.45],
			"rotation": {"angle": 22.5, "axis": "z", "origin": [12, -1, 7.45]},
			"faces": {
				"north": {"uv": [6.5, 13, 7.5, 16], "texture": "#texture2"},
				"east": {"uv": [14, 13, 15, 16], "texture": "#texture2"},
				"south": {"uv": [8.5, 13, 9.5, 16], "texture": "#texture2"},
				"west": {"uv": [1, 13, 2, 16], "texture": "#texture2"},
				"up": {"uv": [6.5, 14, 7.5, 15], "rotation": 180, "texture": "#texture2"},
				"down": {"uv": [6.5, 1, 7.5, 2], "rotation": 180, "texture": "#texture2"}
			}
		},
		{
			"name": "Box75",
			"from": [9, -1, 6.5],
			"to": [11, 1, 7.5],
			"faces": {
				"north": {"uv": [9.5, 15, 11.5, 16], "texture": "#texture2"},
				"east": {"uv": [13, 15, 14, 16], "texture": "#texture2"},
				"south": {"uv": [4.5, 15, 6.5, 16], "texture": "#texture2"},
				"west": {"uv": [2, 15, 3, 16], "texture": "#texture2"},
				"up": {"uv": [4.5, 2, 6.5, 3], "texture": "#texture2"},
				"down": {"uv": [4.5, 13, 6.5, 14], "texture": "#texture2"}
			}
		},
		{
			"name": "Box76",
			"from": [2.5, 7.5, 6.5],
			"to": [4, 8.5, 7.5],
			"faces": {
				"north": {"uv": [0.5, 7.5, 2, 8.5], "texture": "#texture"},
				"east": {"uv": [13, 7.5, 14, 8.5], "texture": "#texture"},
				"south": {"uv": [14, 7.5, 15.5, 8.5], "texture": "#texture"},
				"west": {"uv": [2, 7.5, 3, 8.5], "texture": "#texture"},
				"up": {"uv": [14, 2, 15.5, 3], "texture": "#texture"},
				"down": {"uv": [14, 13, 15.5, 14], "texture": "#texture"}
			}
		},
		{
			"name": "Box76",
			"from": [4, 7.5, 6.25],
			"to": [7, 8.5, 7.75],
			"rotation": {"angle": 22.5, "axis": "z", "origin": [4, 7.5, 6.25]},
			"faces": {
				"north": {"uv": [14, 7.5, 16, 8.5], "texture": "#texture"},
				"east": {"uv": [1, 7.5, 2, 8.5], "texture": "#texture"},
				"south": {"uv": [0, 7.5, 2, 8.5], "texture": "#texture"},
				"west": {"uv": [14, 7.5, 15, 8.5], "texture": "#texture"},
				"up": {"uv": [0, 14, 2, 15], "texture": "#texture"},
				"down": {"uv": [0, 1, 2, 2], "texture": "#texture"}
			}
		},
		{
			"name": "Box78",
			"from": [-6.5, 7.5, 6.5],
			"to": [2.5, 8.5, 7.5],
			"faces": {
				"north": {"uv": [2, 7.5, 11, 8.5], "texture": "#texture"},
				"east": {"uv": [13, 7.5, 14, 8.5], "texture": "#texture"},
				"south": {"uv": [5, 7.5, 14, 8.5], "texture": "#texture"},
				"west": {"uv": [2, 7.5, 3, 8.5], "texture": "#texture"},
				"up": {"uv": [5, 2, 14, 3], "texture": "#texture"},
				"down": {"uv": [5, 13, 14, 14], "texture": "#texture"}
			}
		},
		{
			"name": "Box81",
			"from": [-6, 8.75, 6.5],
			"to": [2.5, 9.75, 7.5],
			"faces": {
				"north": {"uv": [2, 6.25, 10.5, 7.25], "texture": "#texture2"},
				"east": {"uv": [13, 6.25, 14, 7.25], "texture": "#texture2"},
				"south": {"uv": [5.5, 6.25, 14, 7.25], "texture": "#texture2"},
				"west": {"uv": [2, 6.25, 3, 7.25], "texture": "#texture2"},
				"up": {"uv": [5.5, 2, 14, 3], "texture": "#texture2"},
				"down": {"uv": [5.5, 13, 14, 14], "texture": "#texture2"}
			}
		},
		{
			"name": "Box85",
			"from": [-1.625, 4.625, 6.5],
			"to": [1.375, 5.625, 7.5],
			"faces": {
				"north": {"uv": [3.125, 10.375, 6.125, 11.375], "texture": "#texture1"},
				"east": {"uv": [13, 10.375, 14, 11.375], "texture": "#texture1"},
				"south": {"uv": [9.875, 10.375, 12.875, 11.375], "texture": "#texture1"},
				"west": {"uv": [2, 10.375, 3, 11.375], "texture": "#texture1"},
				"up": {"uv": [9.875, 2, 12.875, 3], "texture": "#texture1"},
				"down": {"uv": [9.875, 13, 12.875, 14], "texture": "#texture1"}
			}
		},
		{
			"name": "Box86",
			"from": [-0.125, 4.625, 6.45],
			"to": [0.875, 8.125, 7.55],
			"rotation": {"angle": -22.5, "axis": "z", "origin": [0.875, 4.625, 6.45]},
			"faces": {
				"north": {"uv": [3.5, 11.5, 0, 10.5], "rotation": 270, "texture": "#texture1"},
				"east": {"uv": [12.5, 1, 16, 2], "rotation": 270, "texture": "#texture1"},
				"south": {"uv": [16, 11.5, 12.5, 10.5], "rotation": 90, "texture": "#texture1"},
				"west": {"uv": [16, 15, 12.5, 14], "rotation": 90, "texture": "#texture1"},
				"up": {"uv": [1, 10.5, 2, 11.5], "rotation": 270, "texture": "#texture1"},
				"down": {"uv": [15, 11.5, 14, 10.5], "rotation": 90, "texture": "#texture1"}
			}
		},
		{
			"name": "Box88",
			"from": [-4.5, 5, 6.55],
			"to": [-3.5, 8.5, 7.45],
			"rotation": {"angle": 22.5, "axis": "z", "origin": [-3.5, 8.5, 6.55]},
			"faces": {
				"north": {"uv": [14, 1, 15, 2], "rotation": 90, "texture": "#texture1"},
				"east": {"uv": [2, 16, 1, 15], "rotation": 90, "texture": "#texture1"},
				"south": {"uv": [15, 15, 14, 14], "rotation": 270, "texture": "#texture1"},
				"west": {"uv": [15, 16, 14, 15], "rotation": 270, "texture": "#texture1"},
				"up": {"uv": [15, 16, 14, 15], "texture": "#texture1"},
				"down": {"uv": [1, 15, 2, 16], "texture": "#texture1"}
			}
		},
		{
			"name": "Box89",
			"from": [-3, 5, 6.45],
			"to": [-1.5, 6, 7.55],
			"faces": {
				"north": {"uv": [6, 10, 7.5, 11], "texture": "#texture1"},
				"east": {"uv": [12.95, 10, 14.05, 11], "texture": "#texture1"},
				"south": {"uv": [8.5, 10, 10, 11], "texture": "#texture1"},
				"west": {"uv": [1.95, 10, 3.05, 11], "texture": "#texture1"},
				"up": {"uv": [8.5, 1.95, 10, 3.05], "texture": "#texture1"},
				"down": {"uv": [8.5, 12.95, 10, 14.05], "texture": "#texture1"}
			}
		},
		{
			"name": "Box84",
			"from": [-1.5, 5.5, 6.55],
			"to": [-0.5, 6, 7.45],
			"rotation": {"angle": -22.5, "axis": "z", "origin": [-1.5, 6, 7.45]},
			"faces": {
				"north": {"uv": [15, 16, 14, 15.5], "texture": "#texture1"},
				"east": {"uv": [1, 15.5, 2, 16], "rotation": 180, "texture": "#texture1"},
				"south": {"uv": [2, 16, 1, 15.5], "texture": "#texture1"},
				"west": {"uv": [14, 15.5, 15, 16], "rotation": 180, "texture": "#texture1"},
				"up": {"uv": [14, 1, 15, 2], "texture": "#texture1"},
				"down": {"uv": [14, 14, 15, 15], "texture": "#texture1"}
			}
		},
		{
			"name": "Box85",
			"from": [-2.625, 4.625, 6.5],
			"to": [-1.625, 5.125, 7.5],
			"rotation": {"angle": -22.5, "axis": "z", "origin": [-1.625, 4.625, 7.5]},
			"faces": {
				"north": {"uv": [12.5, 15, 13.5, 15.5], "texture": "#texture1"},
				"east": {"uv": [14, 15, 15, 15.5], "texture": "#texture1"},
				"south": {"uv": [2.5, 15, 3.5, 15.5], "texture": "#texture1"},
				"west": {"uv": [1, 15, 2, 15.5], "texture": "#texture1"},
				"up": {"uv": [12.5, 14, 13.5, 15], "rotation": 180, "texture": "#texture1"},
				"down": {"uv": [12.5, 1, 13.5, 2], "rotation": 180, "texture": "#texture1"}
			}
		},
		{
			"name": "Box86",
			"from": [3.5, 9.5, 8.5],
			"to": [4, 10, 9.5],
			"faces": {
				"north": {"uv": [0.5, 6, 1, 6.5], "texture": "#texture"},
				"east": {"uv": [11, 6, 12, 6.5], "texture": "#texture"},
				"south": {"uv": [15, 6, 15.5, 6.5], "texture": "#texture"},
				"west": {"uv": [4, 6, 5, 6.5], "texture": "#texture"},
				"up": {"uv": [15, 4, 15.5, 5], "texture": "#texture"},
				"down": {"uv": [15, 11, 15.5, 12], "texture": "#texture"}
			}
		},
		{
			"name": "Box87",
			"from": [3.25, 9.25, 9],
			"to": [4.25, 10.25, 10.5],
			"faces": {
				"north": {"uv": [0.25, 5.75, 1.25, 6.75], "texture": "#texture2"},
				"east": {"uv": [10, 5.75, 11.5, 6.75], "texture": "#texture2"},
				"south": {"uv": [14.75, 5.75, 15.75, 6.75], "texture": "#texture2"},
				"west": {"uv": [4.5, 5.75, 6, 6.75], "texture": "#texture2"},
				"up": {"uv": [14.75, 4.5, 15.75, 6], "texture": "#texture2"},
				"down": {"uv": [14.75, 10, 15.75, 11.5], "texture": "#texture2"}
			}
		},
		{
			"name": "Box88",
			"from": [3, 9.5, 8.5],
			"to": [6, 10, 8.501],
			"faces": {
				"north": {"uv": [14.5, 6, 16, 6.5], "texture": "#texture2"},
				"east": {"uv": [11.999, 6, 12, 6.5], "texture": "#texture2"},
				"south": {"uv": [0, 6, 1.5, 6.5], "texture": "#texture2"},
				"west": {"uv": [4, 6, 4.001, 6.5], "texture": "#texture2"},
				"up": {"uv": [0, 4, 1.5, 4.001], "texture": "#texture2"},
				"down": {"uv": [0, 11.999, 1.5, 12], "texture": "#texture2"}
			}
		},
		{
			"name": "Box89",
			"from": [3, 9, 9.5],
			"to": [4.5, 10.5, 10],
			"faces": {
				"north": {"uv": [0, 5.5, 1.5, 7], "texture": "#texture1"},
				"east": {"uv": [10.5, 5.5, 11, 7], "texture": "#texture1"},
				"south": {"uv": [14.5, 5.5, 16, 7], "texture": "#texture1"},
				"west": {"uv": [5, 5.5, 5.5, 7], "texture": "#texture1"},
				"up": {"uv": [14.5, 5, 16, 5.5], "texture": "#texture1"},
				"down": {"uv": [14.5, 10.5, 16, 11], "texture": "#texture1"}
			}
		},
		{
			"name": "Box90",
			"from": [7.5, 15.5, 6.5],
			"to": [7.501, 16.5, 7.5],
			"faces": {
				"north": {"uv": [12.999, 0, 13, 0.5], "texture": "#texture3"},
				"east": {"uv": [13, 0, 14, 0.5], "texture": "#texture3"},
				"south": {"uv": [3, 0, 3.001, 0.5], "texture": "#texture3"},
				"west": {"uv": [2, 0, 3, 0.5], "texture": "#texture3"},
				"up": {"uv": [3, 2, 3.001, 3], "texture": "#texture3"},
				"down": {"uv": [3, 13, 3.001, 14], "texture": "#texture3"}
			}
		},
		{
			"name": "Box90",
			"from": [3.999, 15.5, 6.5],
			"to": [4, 16.5, 7.5],
			"faces": {
				"north": {"uv": [15, 0, 15.001, 0.5], "texture": "#texture3"},
				"east": {"uv": [2, 0, 3, 0.5], "texture": "#texture3"},
				"south": {"uv": [0.999, 0, 1, 0.5], "texture": "#texture3"},
				"west": {"uv": [13, 0, 14, 0.5], "texture": "#texture3"},
				"up": {"uv": [15, 2, 15.001, 3], "rotation": 180, "texture": "#texture3"},
				"down": {"uv": [15, 13, 15.001, 14], "rotation": 180, "texture": "#texture3"}
			}
		},
		{
			"name": "Box92",
			"from": [12, 7.5, 6.75],
			"to": [12.5, 9, 7.25],
			"rotation": {"angle": 22.5, "axis": "z", "origin": [12, 7.5, 6.75]},
			"faces": {
				"north": {"uv": [8, 7, 8.5, 8.5], "texture": "#texture2"},
				"east": {"uv": [1, 7, 2, 8.5], "texture": "#texture2"},
				"south": {"uv": [7.5, 7, 8, 8.5], "texture": "#texture2"},
				"west": {"uv": [14, 7, 15, 8.5], "texture": "#texture2"},
				"up": {"uv": [7.5, 14, 8, 15], "texture": "#texture2"},
				"down": {"uv": [7.5, 1, 8, 2], "texture": "#texture2"}
			}
		},
		{
			"name": "Box93",
			"from": [8, 11, 6.25],
			"to": [11, 11.5, 7.75],
			"faces": {
				"north": {"uv": [9.5, 4.5, 12.5, 5], "texture": "#texture2"},
				"east": {"uv": [12.75, 4.5, 14.25, 5], "texture": "#texture2"},
				"south": {"uv": [3.5, 4.5, 6.5, 5], "texture": "#texture2"},
				"west": {"uv": [1.75, 4.5, 3.25, 5], "texture": "#texture2"},
				"up": {"uv": [3.5, 1.75, 6.5, 3.25], "texture": "#texture2"},
				"down": {"uv": [3.5, 12.75, 6.5, 14.25], "texture": "#texture2"}
			}
		},
		{
			"name": "Box94",
			"from": [7.5, 9, 8.375],
			"to": [8.25, 9.25, 8.625],
			"rotation": {"angle": 22.5, "axis": "z", "origin": [7.5, 9.25, 8.375]},
			"faces": {
				"north": {"uv": [10, 2, 9.5, 0.5], "rotation": 90, "texture": "#texture3"},
				"east": {"uv": [6, 14, 6.5, 15], "rotation": 90, "texture": "#texture3"},
				"south": {"uv": [6.5, 2, 6, 0.5], "rotation": 270, "texture": "#texture3"},
				"west": {"uv": [6.5, 2, 6, 1], "rotation": 270, "texture": "#texture3"},
				"up": {"uv": [15, 2, 14, 0.5], "rotation": 270, "texture": "#texture3"},
				"down": {"uv": [1, 0.5, 2, 2], "rotation": 90, "texture": "#texture3"}
			}
		},
		{
			"name": "Box94",
			"from": [7.5, 9, 8.375],
			"to": [8.25, 9.25, 8.625],
			"rotation": {"angle": -22.5, "axis": "z", "origin": [7.5, 9, 8.625]},
			"faces": {
				"north": {"uv": [6, 0.5, 6.5, 2], "rotation": 270, "texture": "#texture3"},
				"east": {"uv": [6, 14, 6.5, 15], "rotation": 270, "texture": "#texture3"},
				"south": {"uv": [9.5, 0.5, 10, 2], "rotation": 90, "texture": "#texture3"},
				"west": {"uv": [6.5, 2, 6, 1], "rotation": 90, "texture": "#texture3"},
				"up": {"uv": [1, 0.5, 2, 2], "rotation": 90, "texture": "#texture3"},
				"down": {"uv": [15, 2, 14, 0.5], "rotation": 270, "texture": "#texture3"}
			}
		},
		{
			"name": "Box94",
			"from": [8.5, 9, 8.375],
			"to": [9.25, 9.25, 8.625],
			"rotation": {"angle": -22.5, "axis": "z", "origin": [8.5, 9, 8.625]},
			"faces": {
				"north": {"uv": [6, 0.5, 6.5, 2], "rotation": 270, "texture": "#texture3"},
				"east": {"uv": [6, 14, 6.5, 15], "rotation": 270, "texture": "#texture3"},
				"south": {"uv": [9.5, 0.5, 10, 2], "rotation": 90, "texture": "#texture3"},
				"west": {"uv": [6.5, 2, 6, 1], "rotation": 90, "texture": "#texture3"},
				"up": {"uv": [1, 0.5, 2, 2], "rotation": 90, "texture": "#texture3"},
				"down": {"uv": [15, 2, 14, 0.5], "rotation": 270, "texture": "#texture3"}
			}
		},
		{
			"name": "Box94",
			"from": [8.5, 9, 8.375],
			"to": [9.25, 9.25, 8.625],
			"rotation": {"angle": 22.5, "axis": "z", "origin": [8.5, 9.25, 8.375]},
			"faces": {
				"north": {"uv": [10, 2, 9.5, 0.5], "rotation": 90, "texture": "#texture3"},
				"east": {"uv": [6, 14, 6.5, 15], "rotation": 90, "texture": "#texture3"},
				"south": {"uv": [6.5, 2, 6, 0.5], "rotation": 270, "texture": "#texture3"},
				"west": {"uv": [6.5, 2, 6, 1], "rotation": 270, "texture": "#texture3"},
				"up": {"uv": [15, 2, 14, 0.5], "rotation": 270, "texture": "#texture3"},
				"down": {"uv": [1, 0.5, 2, 2], "rotation": 90, "texture": "#texture3"}
			}
		},
		{
			"name": "Box94",
			"from": [9.5, 9, 8.375],
			"to": [10.25, 9.25, 8.625],
			"rotation": {"angle": -22.5, "axis": "z", "origin": [9.5, 9, 8.625]},
			"faces": {
				"north": {"uv": [6, 0.5, 6.5, 2], "rotation": 270, "texture": "#texture3"},
				"east": {"uv": [6, 14, 6.5, 15], "rotation": 270, "texture": "#texture3"},
				"south": {"uv": [9.5, 0.5, 10, 2], "rotation": 90, "texture": "#texture3"},
				"west": {"uv": [6.5, 2, 6, 1], "rotation": 90, "texture": "#texture3"},
				"up": {"uv": [1, 0.5, 2, 2], "rotation": 90, "texture": "#texture3"},
				"down": {"uv": [15, 2, 14, 0.5], "rotation": 270, "texture": "#texture3"}
			}
		},
		{
			"name": "Box94",
			"from": [9.5, 9, 8.375],
			"to": [10.25, 9.25, 8.625],
			"rotation": {"angle": 22.5, "axis": "z", "origin": [9.5, 9.25, 8.375]},
			"faces": {
				"north": {"uv": [10, 2, 9.5, 0.5], "rotation": 90, "texture": "#texture3"},
				"east": {"uv": [6, 14, 6.5, 15], "rotation": 90, "texture": "#texture3"},
				"south": {"uv": [6.5, 2, 6, 0.5], "rotation": 270, "texture": "#texture3"},
				"west": {"uv": [6.5, 2, 6, 1], "rotation": 270, "texture": "#texture3"},
				"up": {"uv": [15, 2, 14, 0.5], "rotation": 270, "texture": "#texture3"},
				"down": {"uv": [1, 0.5, 2, 2], "rotation": 90, "texture": "#texture3"}
			}
		},
		{
			"name": "Box94",
			"from": [9.5, 9, 5.375],
			"to": [10.25, 9.25, 5.625],
			"rotation": {"angle": -22.5, "axis": "z", "origin": [9.5, 9, 5.625]},
			"faces": {
				"north": {"uv": [6, 0.5, 6.5, 2], "rotation": 270, "texture": "#texture3"},
				"east": {"uv": [6, 14, 6.5, 15], "rotation": 270, "texture": "#texture3"},
				"south": {"uv": [9.5, 0.5, 10, 2], "rotation": 90, "texture": "#texture3"},
				"west": {"uv": [6.5, 2, 6, 1], "rotation": 90, "texture": "#texture3"},
				"up": {"uv": [1, 0.5, 2, 2], "rotation": 90, "texture": "#texture3"},
				"down": {"uv": [15, 2, 14, 0.5], "rotation": 270, "texture": "#texture3"}
			}
		},
		{
			"name": "Box94",
			"from": [9.5, 9, 5.375],
			"to": [10.25, 9.25, 5.625],
			"rotation": {"angle": 22.5, "axis": "z", "origin": [9.5, 9.25, 5.375]},
			"faces": {
				"north": {"uv": [10, 2, 9.5, 0.5], "rotation": 90, "texture": "#texture3"},
				"east": {"uv": [6, 14, 6.5, 15], "rotation": 90, "texture": "#texture3"},
				"south": {"uv": [6.5, 2, 6, 0.5], "rotation": 270, "texture": "#texture3"},
				"west": {"uv": [6.5, 2, 6, 1], "rotation": 270, "texture": "#texture3"},
				"up": {"uv": [15, 2, 14, 0.5], "rotation": 270, "texture": "#texture3"},
				"down": {"uv": [1, 0.5, 2, 2], "rotation": 90, "texture": "#texture3"}
			}
		},
		{
			"name": "Box94",
			"from": [8.5, 9, 5.375],
			"to": [9.25, 9.25, 5.625],
			"rotation": {"angle": -22.5, "axis": "z", "origin": [8.5, 9, 5.625]},
			"faces": {
				"north": {"uv": [6, 0.5, 6.5, 2], "rotation": 270, "texture": "#texture3"},
				"east": {"uv": [6, 14, 6.5, 15], "rotation": 270, "texture": "#texture3"},
				"south": {"uv": [9.5, 0.5, 10, 2], "rotation": 90, "texture": "#texture3"},
				"west": {"uv": [6.5, 2, 6, 1], "rotation": 90, "texture": "#texture3"},
				"up": {"uv": [1, 0.5, 2, 2], "rotation": 90, "texture": "#texture3"},
				"down": {"uv": [15, 2, 14, 0.5], "rotation": 270, "texture": "#texture3"}
			}
		},
		{
			"name": "Box94",
			"from": [8.5, 9, 5.375],
			"to": [9.25, 9.25, 5.625],
			"rotation": {"angle": 22.5, "axis": "z", "origin": [8.5, 9.25, 5.375]},
			"faces": {
				"north": {"uv": [10, 2, 9.5, 0.5], "rotation": 90, "texture": "#texture3"},
				"east": {"uv": [6, 14, 6.5, 15], "rotation": 90, "texture": "#texture3"},
				"south": {"uv": [6.5, 2, 6, 0.5], "rotation": 270, "texture": "#texture3"},
				"west": {"uv": [6.5, 2, 6, 1], "rotation": 270, "texture": "#texture3"},
				"up": {"uv": [15, 2, 14, 0.5], "rotation": 270, "texture": "#texture3"},
				"down": {"uv": [1, 0.5, 2, 2], "rotation": 90, "texture": "#texture3"}
			}
		},
		{
			"name": "Box94",
			"from": [7.5, 9, 5.375],
			"to": [8.25, 9.25, 5.625],
			"rotation": {"angle": 22.5, "axis": "z", "origin": [7.5, 9.25, 5.375]},
			"faces": {
				"north": {"uv": [10, 2, 9.5, 0.5], "rotation": 90, "texture": "#texture3"},
				"east": {"uv": [6, 14, 6.5, 15], "rotation": 90, "texture": "#texture3"},
				"south": {"uv": [6.5, 2, 6, 0.5], "rotation": 270, "texture": "#texture3"},
				"west": {"uv": [6.5, 2, 6, 1], "rotation": 270, "texture": "#texture3"},
				"up": {"uv": [15, 2, 14, 0.5], "rotation": 270, "texture": "#texture3"},
				"down": {"uv": [1, 0.5, 2, 2], "rotation": 90, "texture": "#texture3"}
			}
		},
		{
			"name": "Box94",
			"from": [7.5, 9, 5.375],
			"to": [8.25, 9.25, 5.625],
			"rotation": {"angle": -22.5, "axis": "z", "origin": [7.5, 9, 5.625]},
			"faces": {
				"north": {"uv": [6, 0.5, 6.5, 2], "rotation": 270, "texture": "#texture3"},
				"east": {"uv": [6, 14, 6.5, 15], "rotation": 270, "texture": "#texture3"},
				"south": {"uv": [9.5, 0.5, 10, 2], "rotation": 90, "texture": "#texture3"},
				"west": {"uv": [6.5, 2, 6, 1], "rotation": 90, "texture": "#texture3"},
				"up": {"uv": [1, 0.5, 2, 2], "rotation": 90, "texture": "#texture3"},
				"down": {"uv": [15, 2, 14, 0.5], "rotation": 270, "texture": "#texture3"}
			}
		},
		{
			"name": "Box106",
			"from": [3.75, 16.125, 7.25],
			"to": [4.25, 17.125, 7.75],
			"rotation": {"angle": -45, "axis": "x", "origin": [3.75, 16.125, 7.75]},
			"faces": {
				"north": {"uv": [1, 1.5, 2, 2.5], "texture": "#texture3"},
				"east": {"uv": [10, 1.5, 10.5, 2.5], "texture": "#texture3"},
				"south": {"uv": [14, 1.5, 15, 2.5], "texture": "#texture3"},
				"west": {"uv": [5.5, 1.5, 6, 2.5], "texture": "#texture3"},
				"up": {"uv": [10, 14, 10.5, 15], "rotation": 270, "texture": "#texture3"},
				"down": {"uv": [10, 1, 10.5, 2], "rotation": 90, "texture": "#texture3"}
			}
		},
		{
			"name": "Box106",
			"from": [3.75, 15.125, 7.25],
			"to": [4.25, 16.125, 7.75],
			"rotation": {"angle": 22.5, "axis": "x", "origin": [3.75, 16.125, 7.75]},
			"faces": {
				"north": {"uv": [1, 1.5, 2, 2.5], "rotation": 180, "texture": "#texture3"},
				"east": {"uv": [6, 2.5, 5.5, 1.5], "texture": "#texture3"},
				"south": {"uv": [14, 1.5, 15, 2.5], "rotation": 180, "texture": "#texture3"},
				"west": {"uv": [10.5, 2.5, 10, 1.5], "texture": "#texture3"},
				"up": {"uv": [10, 1, 10.5, 2], "rotation": 270, "texture": "#texture3"},
				"down": {"uv": [10, 14, 10.5, 15], "rotation": 90, "texture": "#texture3"}
			}
		},
		{
			"name": "Box111",
			"from": [3.75, 15.125, 6.75],
			"to": [4.25, 16.625, 7.25],
			"faces": {
				"north": {"uv": [1.5, 2, 2, 3.5], "texture": "#texture3"},
				"east": {"uv": [10.5, 2, 11, 3.5], "texture": "#texture3"},
				"south": {"uv": [14, 2, 14.5, 3.5], "texture": "#texture3"},
				"west": {"uv": [5, 2, 5.5, 3.5], "texture": "#texture3"},
				"up": {"uv": [10.5, 14, 11, 14.5], "rotation": 270, "texture": "#texture3"},
				"down": {"uv": [10.5, 1.5, 11, 2], "rotation": 90, "texture": "#texture3"}
			}
		},
		{
			"name": "Box106",
			"from": [3.75, 15.125, 6.25],
			"to": [4.25, 16.125, 6.75],
			"rotation": {"angle": -22.5, "axis": "x", "origin": [4.25, 16.125, 6.25]},
			"faces": {
				"north": {"uv": [14, 1.5, 15, 2.5], "rotation": 180, "texture": "#texture3"},
				"east": {"uv": [10.5, 2.5, 10, 1.5], "texture": "#texture3"},
				"south": {"uv": [1, 1.5, 2, 2.5], "rotation": 180, "texture": "#texture3"},
				"west": {"uv": [6, 2.5, 5.5, 1.5], "texture": "#texture3"},
				"up": {"uv": [10, 1, 10.5, 2], "rotation": 90, "texture": "#texture3"},
				"down": {"uv": [10, 14, 10.5, 15], "rotation": 270, "texture": "#texture3"}
			}
		},
		{
			"name": "Box106",
			"from": [3.75, 16.125, 6.25],
			"to": [4.25, 17.125, 6.75],
			"rotation": {"angle": 45, "axis": "x", "origin": [4.25, 16.125, 6.25]},
			"faces": {
				"north": {"uv": [14, 1.5, 15, 2.5], "texture": "#texture3"},
				"east": {"uv": [5.5, 1.5, 6, 2.5], "texture": "#texture3"},
				"south": {"uv": [1, 1.5, 2, 2.5], "texture": "#texture3"},
				"west": {"uv": [10, 1.5, 10.5, 2.5], "texture": "#texture3"},
				"up": {"uv": [10, 14, 10.5, 15], "rotation": 90, "texture": "#texture3"},
				"down": {"uv": [10, 1, 10.5, 2], "rotation": 270, "texture": "#texture3"}
			}
		},
		{
			"name": "Box106",
			"from": [7.25, 15.125, 6.25],
			"to": [7.75, 16.125, 6.75],
			"rotation": {"angle": -22.5, "axis": "x", "origin": [7.75, 16.125, 6.25]},
			"faces": {
				"north": {"uv": [14, 1.5, 15, 2.5], "rotation": 180, "texture": "#texture3"},
				"east": {"uv": [10.5, 2.5, 10, 1.5], "texture": "#texture3"},
				"south": {"uv": [1, 1.5, 2, 2.5], "rotation": 180, "texture": "#texture3"},
				"west": {"uv": [6, 2.5, 5.5, 1.5], "texture": "#texture3"},
				"up": {"uv": [10, 1, 10.5, 2], "rotation": 90, "texture": "#texture3"},
				"down": {"uv": [10, 14, 10.5, 15], "rotation": 270, "texture": "#texture3"}
			}
		},
		{
			"name": "Box111",
			"from": [7.25, 15.125, 6.75],
			"to": [7.75, 16.625, 7.25],
			"faces": {
				"north": {"uv": [1.5, 2, 2, 3.5], "texture": "#texture3"},
				"east": {"uv": [10.5, 2, 11, 3.5], "texture": "#texture3"},
				"south": {"uv": [14, 2, 14.5, 3.5], "texture": "#texture3"},
				"west": {"uv": [5, 2, 5.5, 3.5], "texture": "#texture3"},
				"up": {"uv": [10.5, 14, 11, 14.5], "rotation": 270, "texture": "#texture3"},
				"down": {"uv": [10.5, 1.5, 11, 2], "rotation": 90, "texture": "#texture3"}
			}
		},
		{
			"name": "Box106",
			"from": [7.25, 15.125, 7.25],
			"to": [7.75, 16.125, 7.75],
			"rotation": {"angle": 22.5, "axis": "x", "origin": [7.25, 16.125, 7.75]},
			"faces": {
				"north": {"uv": [1, 1.5, 2, 2.5], "rotation": 180, "texture": "#texture3"},
				"east": {"uv": [6, 2.5, 5.5, 1.5], "texture": "#texture3"},
				"south": {"uv": [14, 1.5, 15, 2.5], "rotation": 180, "texture": "#texture3"},
				"west": {"uv": [10.5, 2.5, 10, 1.5], "texture": "#texture3"},
				"up": {"uv": [10, 1, 10.5, 2], "rotation": 270, "texture": "#texture3"},
				"down": {"uv": [10, 14, 10.5, 15], "rotation": 90, "texture": "#texture3"}
			}
		},
		{
			"name": "Box106",
			"from": [7.25, 16.125, 7.25],
			"to": [7.75, 17.125, 7.75],
			"rotation": {"angle": -45, "axis": "x", "origin": [7.25, 16.125, 7.75]},
			"faces": {
				"north": {"uv": [1, 1.5, 2, 2.5], "texture": "#texture3"},
				"east": {"uv": [10, 1.5, 10.5, 2.5], "texture": "#texture3"},
				"south": {"uv": [14, 1.5, 15, 2.5], "texture": "#texture3"},
				"west": {"uv": [5.5, 1.5, 6, 2.5], "texture": "#texture3"},
				"up": {"uv": [10, 14, 10.5, 15], "rotation": 270, "texture": "#texture3"},
				"down": {"uv": [10, 1, 10.5, 2], "rotation": 90, "texture": "#texture3"}
			}
		},
		{
			"name": "Box106",
			"from": [7.25, 16.125, 6.25],
			"to": [7.75, 17.125, 6.75],
			"rotation": {"angle": 45, "axis": "x", "origin": [7.75, 16.125, 6.25]},
			"faces": {
				"north": {"uv": [14, 1.5, 15, 2.5], "texture": "#texture3"},
				"east": {"uv": [5.5, 1.5, 6, 2.5], "texture": "#texture3"},
				"south": {"uv": [1, 1.5, 2, 2.5], "texture": "#texture3"},
				"west": {"uv": [10, 1.5, 10.5, 2.5], "texture": "#texture3"},
				"up": {"uv": [10, 14, 10.5, 15], "rotation": 90, "texture": "#texture3"},
				"down": {"uv": [10, 1, 10.5, 2], "rotation": 270, "texture": "#texture3"}
			}
		}
	],
	"display": {
		"thirdperson_righthand": {
			"rotation": [0, -90, 0],
			"translation": [-0.695, 0, -2.086],
			"scale": [0.6, 0.6, 0.6]
		},
		"thirdperson_lefthand": {
			"rotation": [0, 90, 0],
			"translation": [-0.695, 0, -2.086],
			"scale": [0.6, 0.6, 0.6]
		},
		"firstperson_righthand": {
			"rotation": [0, -90, 0],
			"translation": [-2.086, 0, 2.7826]
		},
		"firstperson_lefthand": {
			"rotation": [0, 90, 0],
			"translation": [-2.086, 0, 2.7826]
		},
		"ground": {
			"rotation": [-90, 0, 0],
			"scale": [0.6, 0.6, 0.6]
		},
		"gui": {
			"rotation": [19, 44, 0],
			"scale": [0.6, 0.6, 0.6]
		},
		"head": {
			"translation": [0, 0, 1]
		}
	}
}