{
	"parent": "item/handheld",
	"textures": {
		"layer0": "items/diamond_axe"
	},
	"overrides": [
		{ "predicate": {"damaged": 0, "damage": 0}, "model": "item/diamond_axe"},
		{ "predicate": {"damaged": 0, "damage": 0.0006402048655569782}, "model": "lightsaber/blue1"},
		{ "predicate": {"damaged": 0, "damage": 0.0012804097311139564}, "model": "lightsaber/blue2"},
		{ "predicate": {"damaged": 0, "damage": 0.0019206145966709346}, "model": "lightsaber/blue3"},
		{ "predicate": {"damaged": 0, "damage": 0.002560819462227913}, "model": "lightsaber/blue4"},
		{ "predicate": {"damaged": 0, "damage": 0.003201024327784891}, "model": "lightsaber/blue5"},
		{ "predicate": {"damaged": 0, "damage": 0.0038412291933418692}, "model": "lightsaber/blue6"},
		{ "predicate": {"damaged": 0, "damage": 0.004481434058898847}, "model": "lightsaber/blue7"},
		{ "predicate": {"damaged": 0, "damage": 0.005121638924455826}, "model": "lightsaber/blue8"},
		{ "predicate": {"damaged": 0, "damage": 0.005761843790012804}, "model": "lightsaber/blue9"},
		{ "predicate": {"damaged": 0, "damage": 0.006402048655569782}, "model": "lightsaber/blue10"},
		{ "predicate": {"damaged": 0, "damage": 0.00704225352112676}, "model": "lightsaber/green1"},
		{ "predicate": {"damaged": 0, "damage": 0.0076824583866837385}, "model": "lightsaber/green2"},
		{ "predicate": {"damaged": 0, "damage": 0.008322663252240717}, "model": "lightsaber/green3"},
		{ "predicate": {"damaged": 0, "damage": 0.008962868117797694}, "model": "lightsaber/green4"},
		{ "predicate": {"damaged": 0, "damage": 0.009603072983354673}, "model": "lightsaber/green5"},
		{ "predicate": {"damaged": 0, "damage": 0.010243277848911651}, "model": "lightsaber/green6"},
		{ "predicate": {"damaged": 0, "damage": 0.01088348271446863}, "model": "lightsaber/green7"},
		{ "predicate": {"damaged": 0, "damage": 0.011523687580025609}, "model": "lightsaber/green8"},
		{ "predicate": {"damaged": 0, "damage": 0.012163892445582586}, "model": "lightsaber/green9"},
		{ "predicate": {"damaged": 0, "damage": 0.012804097311139564}, "model": "lightsaber/purple1"},
		{ "predicate": {"damaged": 0, "damage": 0.013444302176696543}, "model": "lightsaber/purple2"},
		{ "predicate": {"damaged": 0, "damage": 0.01408450704225352}, "model": "lightsaber/purple3"},
		{ "predicate": {"damaged": 0, "damage": 0.014724711907810498}, "model": "lightsaber/purple4"},
		{ "predicate": {"damaged": 0, "damage": 0.015364916773367477}, "model": "lightsaber/purple5"},
		{ "predicate": {"damaged": 0, "damage": 0.016005121638924456}, "model": "lightsaber/purple6"},
		{ "predicate": {"damaged": 0, "damage": 0.016645326504481434}, "model": "lightsaber/purple7"},
		{ "predicate": {"damaged": 0, "damage": 0.017285531370038413}, "model": "lightsaber/red1"},
		{ "predicate": {"damaged": 0, "damage": 0.017925736235595388}, "model": "lightsaber/red2"},
		{ "predicate": {"damaged": 0, "damage": 0.018565941101152367}, "model": "lightsaber/red3"},
		{ "predicate": {"damaged": 0, "damage": 0.019206145966709345}, "model": "lightsaber/red4"},
		{ "predicate": {"damaged": 0, "damage": 0.019846350832266324}, "model": "lightsaber/red5"},
		{ "predicate": {"damaged": 0, "damage": 0.020486555697823303}, "model": "lightsaber/red6"},
		{ "predicate": {"damaged": 0, "damage": 0.02112676056338028}, "model": "lightsaber/red7"},
		{ "predicate": {"damaged": 0, "damage": 0.02176696542893726}, "model": "lightsaber/red8"},
		{ "predicate": {"damaged": 0, "damage": 0.02240717029449424}, "model": "lightsaber/red9"},
		{ "predicate": {"damaged": 0, "damage": 0.023047375160051217}, "model": "lightsaber/red10"},
		{ "predicate": {"damaged": 0, "damage": 0.023687580025608192}, "model": "lightsaber/red11"},
		{ "predicate": {"damaged": 0, "damage": 0.02432778489116517}, "model": "lightsaber/red12"},
		{ "predicate": {"damaged": 0, "damage": 0.02496798975672215}, "model": "lightsaber/red13"},
		{ "predicate": {"damaged": 0, "damage": 0.02560819462227913}, "model": "lightsaber/red14"},
		{ "predicate": {"damaged": 0, "damage": 0.026248399487836107}, "model": "lightsaber/white1"},
		{ "predicate": {"damaged": 0, "damage": 0.026888604353393086}, "model": "lightsaber/white2"},
		{ "predicate": {"damaged": 0, "damage": 0.027528809218950064}, "model": "lightsaber/white3"},
		{ "predicate": {"damaged": 0, "damage": 0.02816901408450704}, "model": "lightsaber/white4"},
		{ "predicate": {"damaged": 0, "damage": 0.028809218950064018}, "model": "lightsaber/white5"},
		{ "predicate": {"damaged": 0, "damage": 0.029449423815620997}, "model": "lightsaber/yellow1"},
		{ "predicate": {"damaged": 0, "damage": 0.030089628681177975}, "model": "lightsaber/yellow2"},
		{ "predicate": {"damaged": 0, "damage": 0.030729833546734954}, "model": "lightsaber/yellow3"},
		{ "predicate": {"damaged": 0, "damage": 0.03137003841229193}, "model": "lightsaber/yellow4"},
		{ "predicate": {"damaged": 0, "damage": 0.03201024327784891}, "model": "lightsaber/yellow5"},
		{ "predicate": {"damaged": 0, "damage": 0.03265044814340589}, "model": "lightsaber/yellow6"},
		{ "predicate": {"damaged": 0, "damage": 0.03329065300896287}, "model": "lightsaber/yellow7"}
	]
}